posterior_mean	posterior_var	posterior_sd	posterior_quant	is_contained	PESL
1.56791540987568	0.0100082895695148	0.100041439261512	0.25220878863659	1	0.0146207924674074
