model	lik	mode	convergence
1A	-301.547830836947	0.885122388476867	0
1C	-314.612019581474	1.08093483236925	0
1G	-301.018090101717	0.433557997859949	0
1T	-301.018090101693	0.433558080248869	0
2A	-301.01809009893	0.433558030597555	0
2C	-301.015493596119	0.342491440925255	0
2G	-301.018090098927	0.43355804175851	0
2T	-314.511831860122	1.09391263614362	0
3A	-302.201771545998	0.957010418944625	0
3C	-301.01809007506	0.433558130559481	0
3G	-301.018090075105	0.433558199475259	0
3T	-314.509940834519	1.09185255934235	0
4A	-314.571901231613	1.08660733092366	0
4C	-301.018090078584	0.433558125312322	0
4G	-301.01809007854	0.433558241795681	0
4T	-301.324327490168	0.59392756949822	0
neutral	-301.303767543571	1	0
