model	lik	mode	convergence
1A	-357.903606462639	2.74454355672956	0
1C	-408.671102770596	0.433558172245587	0
1G	-421.12893945288	1.15695563526124	0
1T	-408.671102770609	0.433558289548447	0
2A	-408.720359697975	0.408651060922367	0
2C	-408.671102774049	0.433558368390671	0
2G	-408.671102774089	0.433558134600045	0
2T	-384.644785178834	1.98077783589026	0
3A	-408.725266454379	0.378870944866364	0
3C	-408.67110279559	0.433558073331509	0
3G	-384.398874319799	1.98612852873567	0
3T	-408.671102795562	0.433558114816946	0
4A	-408.671102774299	0.433558062887314	0
4C	-408.67110277424	0.433558072613812	0
4G	-384.644785178925	1.98077784502167	0
4T	-408.720359698175	0.408650966233548	0
5A	-408.720601945081	0.408411427677765	0
5C	-408.671102774178	0.433558126787498	0
5G	-408.671102774202	0.433558284844272	0
5T	-384.643005003962	1.9808154833672	0
neutral	-408.956778523856	1	0
