posterior_mean	posterior_var	posterior_sd	posterior_quant	is_contained	PESL
2.76439908198283	0.0546074246372338	0.233682315627935	0.843492153399321	1	0.110115217207756
