posterior_mean	posterior_var	posterior_sd	posterior_quant	is_contained	PESL
2.18432681870772	0.0384488088306027	0.196083678134114	0.174192163481051	1	0.0724251849255126
