posterior_mean	posterior_var	posterior_sd	posterior_quant	is_contained	PESL
2.60994924980687	0.0969724395489086	0.311403981266953	0.375357569903736	1	0.109061277081328
