lik	gamma	delta
-791.323147446653	0.00169513325888694	0.19131290221912
-799.603695735145	0.00169513325888694	6.61069613519961e-05
-799.390811491403	0.00169513325888694	0.00803321902464187
-799.606152125508	0.00169513325888694	6.61069613519961e-05
-798.38848992896	0.00169513325888694	0.0182338411237496
-799.60363611391	0.00169513325888694	6.61069613519961e-05
-799.60363611391	0.00169513325888694	6.61069613519961e-05
-799.603644542217	0.00169513325888694	6.61069613519961e-05
-799.603633061676	0.00169513325888694	6.61069613519961e-05
-798.406846630016	0.00169513325888694	0.0177265747672131
-799.603633061676	0.00169513325888694	6.61069613519961e-05
-799.603757412242	0.00169513325888694	6.61069613519961e-05
-799.603634842381	0.00169513325888694	6.61069613519961e-05
-792.641582886049	0.00169513325888694	0.119707481670167
-799.603634842381	0.00169513325888694	6.61069613519961e-05
-799.604404415698	0.00169513325888694	6.61069613519961e-05
-798.440186887452	0.00169513325888694	0.0174702978633574
-799.603632973518	0.00169513325888694	6.61069613519961e-05
-799.603632973518	0.00169513325888694	6.61069613519961e-05
-799.603632973518	0.00169513325888694	6.61069613519961e-05
-798.216258156477	0.00169513325888694	0.0193862595919432
-799.604365568487	0.00169513325888694	6.61069613519961e-05
-799.603636254774	0.00169513325888694	6.61069613519961e-05
-799.603636254774	0.00169513325888694	6.61069613519961e-05
-799.603632973518	0.00169513325888694	6.61069613519961e-05
-799.603632973518	0.00169513325888694	6.61069613519961e-05
-799.603632973518	0.00169513325888694	6.61069613519961e-05
-798.440186887452	0.00169513325888694	0.0174702978633574
-798.440186887452	0.00169513325888694	0.0174702978633574
-799.603632973518	0.00169513325888694	6.61069613519961e-05
-799.603632973518	0.00169513325888694	6.61069613519961e-05
-799.603632973518	0.00169513325888694	6.61069613519961e-05
-798.449944289666	0.00169513325888694	0.0175742134161801
-799.603635231017	0.00169513325888694	6.61069613519961e-05
-799.604100068327	0.00169513325888694	6.61069613519961e-05
-798.781739989548	0.00169513325888694	0.530283582239217
-799.604537439442	0.00169513325888694	6.61069613519961e-05
-799.60363335219	0.00169513325888694	6.61069613519961e-05
-798.162652319886	0.00169513325888694	0.0198089624494347
-799.60363335219	0.00169513325888694	6.61069613519961e-05
-799.603632548501	0.00169513325888694	0
