posterior_mean	posterior_var	posterior_sd	posterior_quant	is_contained	PESL
3.23134238655229	0.0348698845257307	0.18673479730819	0.105575775285792	1	0.0883891844336402
