posterior_mean	posterior_var	posterior_sd	posterior_quant	is_contained	PESL
1.48968302490833	0.00363757025664861	0.0603122728526177	0.573063683915153	1	0.00374401023170163
