posterior_mean	posterior_var	posterior_sd	posterior_quant	is_contained	PESL
1.38102152795871	0.00530163119133013	0.072812301098991	0.945945384967018	1	0.0194575080005959
