posterior_mean	posterior_var	posterior_sd	posterior_quant	is_contained	PESL
2.11616943203107	0.012869366882991	0.113443231984068	0.152576144341246	1	0.0263647038214066
