posterior_mean	posterior_var	posterior_sd	posterior_quant	is_contained	PESL
2.47354216458008	0.0453910849100547	0.213051836204372	0.560651678215439	1	0.0460911019651334
