posterior_mean	posterior_var	posterior_sd	posterior_quant	is_contained	PESL
3.10541991636603	0.0284782172833851	0.168754902990654	0.269702295121407	1	0.0395915760499921
