posterior_mean	posterior_var	posterior_sd	posterior_quant	is_contained	PESL
1.73445375223098	0.0287847686419139	0.169660745730749	0.0782647623143297	1	0.0837533305770225
