posterior_mean	posterior_var	posterior_sd	posterior_quant	is_contained	PESL
2.88999994931731	0.011191507232418	0.105789920277964	0.850610135063195	1	0.0232915183826089
