posterior_mean	posterior_var	posterior_sd	posterior_quant	is_contained	PESL
1.36966000845411	0.0178185725512667	0.133486226073205	0.836304497743416	1	0.0348070859470186
