lik	gamma	delta
-801.795268100952	0.00232803593456834	0.349220050172356
-834.055649967908	0.00232803593456834	0.0151141152918264
-834.591600511063	0.00232803593456834	0.00884117746268637
-833.562936685539	0.00232803593456834	0.0540367181237144
-834.598023052958	0.00232803593456834	6.61069613519961e-05
-834.597716884822	0.00232803593456834	6.61069613519961e-05
-834.598184104174	0.00232803593456834	6.61069613519961e-05
-821.184500504166	0.00232803593456834	0.0681054404592614
-822.024564225071	0.00232803593456834	0.0650621611281372
-834.597714433369	0.00232803593456834	6.61069613519961e-05
-834.597714433369	0.00232803593456834	6.61069613519961e-05
-834.597714433369	0.00232803593456834	6.61069613519961e-05
-834.597714433369	0.00232803593456834	6.61069613519961e-05
-822.024564225071	0.00232803593456834	0.0650621611282171
-834.597714433369	0.00232803593456834	6.61069613519961e-05
-834.597714433369	0.00232803593456834	6.61069613519961e-05
-834.597714456861	0.00232803593456834	6.61069613519961e-05
-834.597768849572	0.00232803593456834	6.61069613519961e-05
-834.597714456861	0.00232803593456834	6.61069613519961e-05
-821.969894448286	0.00232803593456834	0.0652519839535814
-822.024564225071	0.00232803593456834	0.0650621611281372
-834.597714433369	0.00232803593456834	6.61069613519961e-05
-834.597714433369	0.00232803593456834	6.61069613519961e-05
-834.597714433369	0.00232803593456834	6.61069613519961e-05
-834.597984106815	0.00232803593456834	6.61069613519961e-05
-833.738531346912	0.00232803593456834	0.0522561062085983
-822.256650908392	0.00232803593456834	0.0689477483100729
-834.597954956635	0.00232803593456834	6.61069613519961e-05
-822.024564225071	0.00232803593456834	0.0650621611281372
-834.597714433369	0.00232803593456834	6.61069613519961e-05
-834.597714433369	0.00232803593456834	6.61069613519961e-05
-834.597714433369	0.00232803593456834	6.61069613519961e-05
-834.511103150817	0.00232803593456834	0.0197314625817546
-834.595251681899	0.00232803593456834	0.00503005010680957
-834.597715212093	0.00232803593456834	6.61069613519961e-05
-821.421380721359	0.00232803593456834	0.0705742952540843
-834.598461197081	0.00232803593456834	6.61069613519961e-05
-834.597718819222	0.00232803593456834	6.61069613519961e-05
-821.105991452172	0.00232803593456834	0.068515386992778
-834.597775882865	0.00232803593456834	6.61069613519961e-05
-834.597713910776	0.00232803593456834	0
