posterior_mean	posterior_var	posterior_sd	posterior_quant	is_contained	PESL
1.49593717546534	0.00259158944782777	0.0509076560826343	0.536288446197853	1	0.00260809599102858
