model	lik	mode	convergence
1A	-300.786527705508	1.23847474845564	0
1C	-300.537965663117	0.433558053215212	0
1G	-315.648467909221	1.14521171464836	0
1T	-300.537965663098	0.433558179925852	0
2A	-300.537965686132	0.433558101999696	0
2C	-301.581498631267	1.17884501085129	0
2G	-300.537965686119	0.433558097412534	0
2T	-315.878479272627	1.11498004430506	0
3A	-300.53796566792	0.433558121203355	0
3C	-315.745965585075	1.13787340792083	0
3G	-300.537965668042	0.433558148817227	0
3T	-301.112243382045	1.25569107642771	0
4A	-300.537965658945	0.433558198996661	0
4C	-315.391404609453	1.16481348104316	0
4G	-300.589241152826	0.406529526237499	0
4T	-300.537965659284	0.433558188204355	0
5A	-315.387888671261	1.16508737124456	0
5C	-300.591422159911	0.403848628021047	0
5G	-300.537965661188	0.433558355222709	0
5T	-300.537965661159	0.433558044377046	0
neutral	-300.823645411027	1	0
