posterior_mean	posterior_var	posterior_sd	posterior_quant	is_contained	PESL
1.31946982515177	0.0797257217810495	0.282357436206397	0.753167235249147	1	0.112316865812691
