model	lik	mode	convergence
1A	-876.975472522929	2.50438674003803	0
1C	-952.781990750712	0.433558119517296	0
1G	-952.781990750718	0.433558087652346	0
1T	-967.669702798256	1.03296359715047	0
2A	-927.753959743989	1.62279736624457	0
2C	-952.835083734117	0.404343965351773	0
2G	-952.78199073672	0.433558218061992	0
2T	-952.781990736674	0.43355818146094	0
3A	-954.199135278723	1.03875366562448	0
3C	-925.58139776595	1.67235501895314	0
3G	-952.781990764862	0.433558112617667	0
3T	-952.781990764828	0.433558051834298	0
4A	-928.003543402215	1.62120606091361	0
4C	-952.96670310492	0.709623591953442	0
4G	-952.781990736433	0.433558135500974	0
4T	-952.781990736383	0.433558107436445	0
5A	-952.781990726107	0.433558117985019	0
5C	-952.781990725983	0.433558124008718	0
5G	-952.810596853507	0.422421181917732	0
5T	-927.835155123072	1.62191859670112	0
6A	-952.781990741627	0.433558177700498	0
6C	-928.50258563796	1.61697541712947	0
6G	-952.781990741685	0.433558150917269	0
6T	-952.521397068272	1.28848211101763	0
7A	-952.819859057098	0.417339050666793	0
7C	-927.813202611847	1.62215416668698	0
7G	-952.781990728803	0.433558209492706	0
7T	-952.781990728756	0.433558293341001	0
8A	-952.78199074037	0.433558108944701	0
8C	-952.781990740251	0.433558152888461	0
8G	-927.729741475502	1.62306333252762	0
8T	-952.83812220306	0.399294978779234	0
9A	-952.781990754616	0.433558124732133	0
9C	-952.836859826692	0.380048858978748	0
9G	-952.781990754596	0.433557962269519	0
9T	-927.630309345457	1.62417258795652	0
10A	-927.573656149517	1.62481625158738	0
10C	-952.781990760543	0.433558163482967	0
10G	-952.828595497824	0.370001474297624	0
10T	-952.781990760516	0.433558127061057	0
11A	-952.781990747429	0.433558103090197	0
11C	-953.084661741429	0.905739672699408	0
11G	-928.07332085361	1.62155047351539	0
11T	-952.781990747341	0.433557964427811	0
neutral	-953.067669640222	1	0
