model	lik	mode	convergence
1A	-329.66815552829	1.26851079395363	0
1C	-345.685852583201	1.06897259501213	0
1G	-329.034928109423	0.433558119910723	0
1T	-329.034928109395	0.433558193981292	0
2A	-329.034928131661	0.433558098474086	0
2C	-329.034928131565	0.433558213734614	0
2G	-345.335386763486	1.11645622369272	0
2T	-329.086352308084	0.375092126853201	0
3A	-329.03492812314	0.433558108386033	0
3C	-329.034928122964	0.433558171984457	0
3G	-327.687970050792	2.15221875960626	0
3T	-345.737760625108	1.06697916750638	0
4A	-329.034928107742	0.433558143894034	0
4C	-345.573877083229	1.08997515758925	0
4G	-329.034928107728	0.433557978241696	0
4T	-329.298955604774	1.2917909299819	0
5A	-329.726544052594	0.691473473627579	0
5C	-329.034928139124	0.433558104280221	0
5G	-329.034928139114	0.433558112016634	0
5T	-345.132537766963	1.13656513759826	0
6A	-329.082740061899	0.410011056238562	0
6C	-329.034928106689	0.433558137844327	0
6G	-329.034928106737	0.433558170667773	0
6T	-345.369740952792	1.11303549314469	0
neutral	-329.320608041622	1	0
