posterior_mean	posterior_var	posterior_sd	posterior_quant	is_contained	PESL
1.93148760940784	0.00375548907107934	0.0612820452586183	0.867698364342673	1	0.00844943673570618
