lik	gamma	delta
-837.647194367209	0.00191937872549973	6.61069613519961e-05
-837.035674277659	0.00191937872549973	0.012556697075403
-837.600538735164	0.00191937872549973	0.0304762101392151
-837.646220035458	0.00191937872549973	6.61069613519961e-05
-837.646217262082	0.00191937872549973	6.61069613519961e-05
-837.543428547399	0.00191937872549973	0.048741528087113
-837.224425371895	0.00191937872549973	0.0102939329094229
-837.646217262082	0.00191937872549973	6.61069613519961e-05
-837.646391952911	0.00191937872549973	6.61069613519961e-05
-837.131233356448	0.00191937872549973	0.0116418496716388
-837.646255139536	0.00191937872549973	6.61069613519961e-05
-837.639002099745	0.00191937872549973	0.0160295134662873
-837.646217138166	0.00191937872549973	6.61069613519961e-05
-837.646217138166	0.00191937872549973	6.61069613519961e-05
-837.646217138166	0.00191937872549973	6.61069613519961e-05
-837.181650767676	0.00191937872549973	0.0107429851580336
-837.061006381428	0.00191937872549973	0.0121732794384039
-837.64689403505	0.00191937872549973	6.61069613519961e-05
-837.646220080517	0.00191937872549973	6.61069613519961e-05
-837.646220080517	0.00191937872549973	6.61069613519961e-05
-837.057853636582	0.00191937872549973	0.0122393246116549
-837.646218137897	0.00191937872549973	6.61069613519961e-05
-837.646898408156	0.00191937872549973	6.61069613519961e-05
-837.646218137897	0.00191937872549973	6.61069613519961e-05
-837.178305244453	0.00191937872549973	0.0109210028501238
-837.644699178498	0.00191937872549973	0.00394076487996939
-837.646217431864	0.00191937872549973	6.61069613519961e-05
-837.646217431864	0.00191937872549973	6.61069613519961e-05
-837.646217138166	0.00191937872549973	6.61069613519961e-05
-837.181650767676	0.00191937872549973	0.0107429851580336
-837.646217138166	0.00191937872549973	6.61069613519961e-05
-837.646217138166	0.00191937872549973	6.61069613519961e-05
-837.646217142781	0.00191937872549973	6.61069613519961e-05
-837.646217142781	0.00191937872549973	6.61069613519961e-05
-837.646241386502	0.00191937872549973	6.61069613519961e-05
-837.177661618549	0.00191937872549973	0.0107921483093227
-837.646300634142	0.00191937872549973	6.61069613519961e-05
-837.146108389236	0.00191937872549973	0.0197479932353662
-837.503602795121	0.00191937872549973	0.00728654437767937
-837.646412646668	0.00191937872549973	6.61069613519961e-05
-837.646216724072	0.00191937872549973	0
