model	lik	mode	convergence
1A	-619.426517508549	3.02995777988097	0
1C	-773.436101949515	0.433558039423354	0
1G	-788.99509974245	1.01105969702938	0
1T	-773.436101949487	0.433558178359076	0
2A	-773.436101919661	0.433558284459143	0
2C	-670.183784606065	2.46209794390163	0
2G	-773.436101919897	0.433558034000799	0
2T	-764.700451028439	5.03641675568912	0
3A	-773.43610195832	0.433558095106665	0
3C	-661.173487603699	2.54621596988299	0
3G	-774.065747013027	1.15866652612559	0
3T	-773.436101958463	0.433558103917255	0
4A	-773.43610192236	0.433558102705935	0
4C	-773.436101922316	0.433557842350809	0
4G	-657.488986441442	2.59145872144286	0
4T	-774.493148015006	0.931385582423281	0
5A	-773.436101926296	0.433558182595461	0
5C	-662.304423572368	2.50913865750127	0
5G	-773.436101926489	0.433558321945129	0
5T	-773.484496879356	0.409475535917653	0
6A	-662.39620266398	2.50811996207505	0
6C	-773.436101921644	0.43355835091696	0
6G	-773.473467681525	0.41764212369837	0
6T	-773.436101921644	0.433558062388472	0
7A	-773.436101919953	0.433558065856349	0
7C	-773.463645361987	0.422939331646592	0
7G	-773.436101919997	0.433558311383237	0
7T	-662.452745230875	2.50750445003234	0
8A	-773.436101920487	0.433558093493393	0
8C	-773.436101920246	0.433557862273172	0
8G	-662.432557906758	2.5077231013525	0
8T	-773.467462663632	0.421023388909056	0
9A	-773.436101921065	0.433557986604115	0
9C	-773.436101921022	0.43355788465546	0
9G	-662.413922298364	2.50792604452088	0
9T	-773.47067322666	0.419297573839996	0
10A	-662.019244630234	2.5124365096641	0
10C	-773.436101942535	0.433558212703856	0
10G	-773.493686127309	0.387030960749976	0
10T	-773.436101942542	0.43355793873128	0
11A	-773.436101928288	0.433558078623504	0
11C	-773.436101928154	0.433558069516364	0
11G	-773.53797021242	0.760369230951258	0
11T	-662.818671210811	2.50710093502826	0
neutral	-773.721781643657	1	0
