posterior_mean	posterior_var	posterior_sd	posterior_quant	is_contained	PESL
1.96118125870538	0.31217645963154	0.558727536131467	0.210616911584298	1	0.524864613012721
