lik	gamma	delta
-1028.92720672865	0.00131185290032337	0.193481477070757
-1097.53267310621	0.00131185290032337	6.61069613519961e-05
-1097.53129234309	0.00131185290032337	6.61069613519961e-05
-1097.53129234309	0.00131185290032337	6.61069613519961e-05
-1097.53129234368	0.00131185290032337	6.61069613519961e-05
-1096.37109194946	0.00131185290032337	0.326022918681602
-1051.38716365494	0.00131185290032337	0.119950664456487
-1097.53129234368	0.00131185290032337	6.61069613519961e-05
-1097.11654481267	0.00131185290032337	0.242368118655952
-1097.53153251645	0.00131185290032337	6.61069613519961e-05
-1050.22719368103	0.00131185290032337	0.121972219522045
-1097.53138573471	0.00131185290032337	6.61069613519961e-05
-1097.53129234062	0.00131185290032337	6.61069613519961e-05
-1097.53129234062	0.00131185290032337	6.61069613519961e-05
-1097.53129234062	0.00131185290032337	6.61069613519961e-05
-1050.53962599086	0.00131185290032337	0.120870438704366
-1097.53129332278	0.00131185290032337	6.61069613519961e-05
-1095.40340867226	0.00131185290032337	0.241857061322756
-1042.54861445231	0.00131185290032337	0.150207474352589
-1097.53239738709	0.00131185290032337	6.61069613519961e-05
-1050.53962599086	0.00131185290032337	0.120870438704311
-1097.53129234062	0.00131185290032337	6.61069613519961e-05
-1097.53129234062	0.00131185290032337	6.61069613519961e-05
-1097.53129234062	0.00131185290032337	6.61069613519961e-05
-1050.43202813577	0.00131185290032337	0.121088820933797
-1097.53135007614	0.00131185290032337	6.61069613519961e-05
-1097.53129235532	0.00131185290032337	6.61069613519961e-05
-1097.53129235532	0.00131185290032337	6.61069613519961e-05
-1051.57562907398	0.00131185290032337	0.120912771638681
-1095.33679283666	0.00131185290032337	0.245015751688033
-1097.53129299833	0.00131185290032337	6.61069613519961e-05
-1097.53167135388	0.00131185290032337	6.61069613519961e-05
-1050.53962599086	0.00131185290032337	0.120870438704311
-1097.53129234062	0.00131185290032337	6.61069613519961e-05
-1097.53129234062	0.00131185290032337	6.61069613519961e-05
-1097.53129234062	0.00131185290032337	6.61069613519961e-05
-1097.53129235051	0.00131185290032337	6.61069613519961e-05
-1097.53133972416	0.00131185290032337	6.61069613519961e-05
-1097.53129235051	0.00131185290032337	6.61069613519961e-05
-1050.45154027375	0.00131185290032337	0.1210487610453
-1097.53129175414	0.00131185290032337	0
