posterior_mean	posterior_var	posterior_sd	posterior_quant	is_contained	PESL
1.908152599517	0.0200725838433317	0.141677746464756	0.74629436503475	1	0.0285085288188205
