posterior_mean	posterior_var	posterior_sd	posterior_quant	is_contained	PESL
2.12607574163564	0.0918817804835597	0.303120076015363	0.995372042001999	0	0.855625389841212
