model	lik	mode	convergence
1A	-368.140300070829	2.35737942763326	0
1C	-413.097457749265	0.43355811054545	0
1G	-429.318132659288	1.08370372927607	0
1T	-413.097457749238	0.433558187079072	0
2A	-408.778062680679	2.44229164748548	0
2C	-413.097457714747	0.433558354114422	0
2G	-413.097457714796	0.433557836708781	0
2T	-400.454642172582	1.94628332574139	0
3A	-413.097457720712	0.433558213202586	0
3C	-395.648948753134	1.98944441144681	0
3G	-412.982814077484	0.865426181843798	0
3T	-413.097457720844	0.433558378518644	0
4A	-389.742423885183	2.06100654707604	0
4C	-413.097457741441	0.433557997326061	0
4G	-413.097457741399	0.433558025257449	0
4T	-412.955607390154	0.373206729520306	0
5A	-413.097457713785	0.433558161062423	0
5C	-412.149247321055	1.98586571660981	0
5G	-413.097457713793	0.43355787617899	0
5T	-396.631865332533	1.97707381609004	0
neutral	-413.383137775817	1	0
