posterior_mean	posterior_var	posterior_sd	posterior_quant	is_contained	PESL
2.3717783156037	0.0339487821458578	0.184251952895642	0.761029607752695	1	0.0503895824952869
