posterior_mean	posterior_var	posterior_sd	posterior_quant	is_contained	PESL
2.70836816596038	0.0424918126470872	0.206135423076887	0.918038785833852	1	0.127540939272508
