model	lik	mode	convergence
1A	-541.518289530512	2.21312995646747	0
1C	-565.814588146129	0.433558204074805	0
1G	-579.949296411615	0.86236775101064	0
1T	-565.814588146094	0.433558023047535	0
2A	-566.050034116053	0.471467278676485	0
2C	-575.19086878598	1.28753203592043	0
2G	-565.814588157884	0.433558079415098	0
2T	-565.814588157855	0.433557872558866	0
3A	-565.814588142703	0.433558111606527	0
3C	-565.814588142618	0.433558082571417	0
3G	-575.412534242825	1.2824945182107	0
3T	-566.421948651646	0.803135540787443	0
4A	-565.814587971996	0.433557549241218	0
4C	-566.425114359995	0.880230244411836	0
4G	-565.814587971966	0.43355773322413	0
4T	-575.436275688269	1.28311449919141	0
5A	-575.068383724059	1.2906278958686	0
5C	-565.586908317625	0.289368108461533	0
5G	-565.814587972754	0.43355757123051	0
5T	-565.814587972755	0.433557667690508	0
6A	-565.814588129662	0.4335581468432	0
6C	-565.857086290102	0.414262646977015	0
6G	-575.434452389451	1.27960676729236	0
6T	-565.814588129532	0.433558148795651	0
7A	-565.853867822616	0.556864106835755	0
7C	-573.910411108088	1.32732089581053	0
7G	-565.814588145869	0.433558147610644	0
7T	-565.814588145855	0.43355817711706	0
8A	-565.835905202635	0.425768582772318	0
8C	-575.456883902886	1.2789559279424	0
8G	-565.814588124502	0.433558481358628	0
8T	-565.814588124565	0.433558002193726	0
neutral	-566.100267353697	1	0
