posterior_mean	posterior_var	posterior_sd	posterior_quant	is_contained	PESL
2.2345480928464	0.0475137883564738	0.217976577540968	0.885863649847592	1	0.117978503367882
