posterior_mean	posterior_var	posterior_sd	posterior_quant	is_contained	PESL
2.39611756225389	0.0802699173040163	0.283319461569473	0.655905663756636	1	0.091061478176079
