posterior_mean	posterior_var	posterior_sd	posterior_quant	is_contained	PESL
0.884772948464863	0.316830287335456	0.562876795875844	0.873514037115604	1	0.695334612276083
