posterior_mean	posterior_var	posterior_sd	posterior_quant	is_contained	PESL
3.01052491108335	0.0158689594762503	0.125972058315526	0.472225350016243	1	0.0159797332295654
