posterior_mean	posterior_var	posterior_sd	posterior_quant	is_contained	PESL
2.91719450174512	0.00675023609041593	0.0821598204137274	0.84323528964917	1	0.0136069866316776
