posterior_mean	posterior_var	posterior_sd	posterior_quant	is_contained	PESL
0.858831199602402	0.166288554395069	0.407784936449434	0.925685016178924	1	0.577385984998329
