posterior_mean	posterior_var	posterior_sd	posterior_quant	is_contained	PESL
1.85977055771063	0.00970465057459997	0.0985121849042035	0.920243799441401	1	0.0293689470594099
