posterior_mean	posterior_var	posterior_sd	posterior_quant	is_contained	PESL
1.77193765794846	0.0739009864088735	0.271847358657158	0.157447513863951	1	0.147851076219439
