posterior_mean	posterior_var	posterior_sd	posterior_quant	is_contained	PESL
3.00994819659167	0.052829910869485	0.229847581822139	0.492927719669854	1	0.0529288774848111
