model	lik	mode	convergence
1A	-1076.32822995832	1.83752348311292	0
1C	-1102.74402953093	0.433558051647517	0
1G	-1117.62145674884	1.00462354734725	0
1T	-1102.7440295309	0.433558122818046	0
2A	-1102.89047993736	0.475694754560961	0
2C	-1106.02388824877	1.28739920747302	0
2G	-1102.74402949883	0.433557421005287	0
2T	-1102.74402949864	0.433557929810934	0
3A	-1102.74402952579	0.433558100338242	0
3C	-1102.74402952561	0.433558156180545	0
3G	-1102.80064609839	0.383756588473527	0
3T	-1106.55653701081	1.27892927057333	0
4A	-1102.74402947895	0.433557812912042	0
4C	-1102.74402947883	0.433557955081014	0
4G	-1106.15155351543	1.28535407379066	0
4T	-1102.7442098761	0.395252300747039	0
5A	-1106.56503775884	1.27880209402747	0
5C	-1102.80169965833	0.38746242458844	0
5G	-1102.74402952309	0.433558017093893	0
5T	-1102.74402952305	0.433558042599448	0
6A	-1102.74402950239	0.433558200873369	0
6C	-1106.62911667456	1.27785218160608	0
6G	-1102.74402950239	0.433558066654214	0
6T	-1102.78085801595	0.417961834170314	0
7A	-1106.58866113444	1.27845007985985	0
7C	-1102.74402951491	0.433558124572636	0
7G	-1102.80064858909	0.398145570772187	0
7T	-1102.74402951488	0.433558094936258	0
8A	-1102.74402952974	0.433558136202689	0
8C	-1106.58526690437	1.27929515347622	0
8G	-1102.74402952983	0.433558122202737	0
8T	-1103.22341249486	0.703448072092842	0
9A	-1102.74402953005	0.433558147743157	0
9C	-1106.32147049866	1.29448492663346	0
9G	-1102.74402953015	0.433557875403916	0
9T	-1104.24093975936	1.05437302224445	0
10A	-1102.71332528798	0.332436234916601	0
10C	-1102.74402952669	0.43355796991774	0
10G	-1106.41964135407	1.28101202549605	0
10T	-1102.74402952666	0.433557947826835	0
11A	-1102.78939107157	0.368877222048937	0
11C	-1102.74402953492	0.433558114749238	0
11G	-1102.74402953493	0.433558130562637	0
11T	-1106.52078818073	1.27946695948698	0
12A	-1102.74402953724	0.433558044703233	0
12C	-1106.0245707805	1.28707420377982	0
12G	-1102.59340491691	0.372701312819782	0
12T	-1102.74402953748	0.433558071054098	0
neutral	-1103.02970804372	1	0
