posterior_mean	posterior_var	posterior_sd	posterior_quant	is_contained	PESL
1.95912831752711	0.166462725355716	0.407998437932936	0.568110260515287	1	0.16813321978388
