model	lik	mode	convergence
1A	-341.460249254997	2.56303898291966	0
1C	-391.48822683156	0.433558022888878	0
1G	-391.488226831738	0.433558668502083	0
1T	-407.808114329583	0.944545883042648	0
2A	-391.488226867535	0.433558103477193	0
2C	-391.488226867413	0.433558108652044	0
2G	-374.766657929516	1.89583081044919	0
2T	-391.534128335478	0.369358360251757	0
3A	-391.488226762745	0.433557725476042	0
3C	-391.488226762601	0.433557707263052	0
3G	-373.969925918524	1.91786869648168	0
3T	-391.671547928549	0.450238615970241	0
neutral	-391.773906739916	1	0
