model	lik	mode	convergence
1A	-1066.5270688169	1.46503578155762	0
1C	-1084.41223325504	0.433558106760296	0
1G	-1097.82372773285	1.01462998280006	0
1T	-1084.41223325501	0.433557989034896	0
2A	-1082.31163573965	1.34759570025114	0
2C	-1084.73100677965	0.541579681163926	0
2G	-1084.41223321665	0.433556977827454	0
2T	-1084.41223321624	0.433557883584954	0
3A	-1084.41223321668	0.433558071091956	0
3C	-1084.41223321666	0.433558710436043	0
3G	-1084.44609385818	1.33393938891508	0
3T	-1083.97903953982	1.42059614310144	0
4A	-1082.46954323226	1.34502781884158	0
4C	-1084.43306578005	0.425975427087509	0
4G	-1084.41223321706	0.433558088700708	0
4T	-1084.41223321685	0.433557761627116	0
5A	-1084.41223325521	0.433558063340726	0
5C	-1084.41223325511	0.433558162164121	0
5G	-1082.64450661942	1.34381685572737	0
5T	-1084.68487038467	0.901326264860712	0
6A	-1084.41223324824	0.433558148621553	0
6C	-1082.336179188	1.34681070698397	0
6G	-1084.46407496354	0.375609225525766	0
6T	-1084.41223324837	0.433557881610774	0
7A	-1084.64665057636	1.01119540347603	0
7C	-1082.66448288366	1.34432702304884	0
7G	-1084.41223313411	0.433557686454939	0
7T	-1084.41223313408	0.43355770594845	0
8A	-1084.41223322852	0.433558163242471	0
8C	-1084.46601326719	0.403389816022333	0
8G	-1082.4141275679	1.34576098047267	0
8T	-1084.41223322835	0.433558066660904	0
9A	-1084.4697601683	0.386767337798034	0
9C	-1084.41223324051	0.433558156455323	0
9G	-1082.36884041591	1.34636832695238	0
9T	-1084.41223324049	0.433558133529053	0
10A	-1084.41223323168	0.433558112363306	0
10C	-1084.41223323141	0.433558079542221	0
10G	-1084.46853733473	0.39890756735772	0
10T	-1082.40232960223	1.3459185098583	0
11A	-1084.41223323278	0.433558181412637	0
11C	-1082.39735726087	1.34598505092151	0
11G	-1084.46924641623	0.397052952575996	0
11T	-1084.41223323295	0.433558210826061	0
12A	-1084.41223323968	0.433558127338961	0
12C	-1084.41223323946	0.433557989294786	0
12G	-1084.47002858032	0.388206535710657	0
12T	-1082.37292258579	1.34631328712491	0
13A	-1084.4122332371	0.43355809992851	0
13C	-1084.47022351057	0.391739216357285	0
13G	-1084.41223323704	0.433558091011693	0
13T	-1082.38281058702	1.34618020897472	0
neutral	-1084.69790931176	1	0
