posterior_mean	posterior_var	posterior_sd	posterior_quant	is_contained	PESL
1.46970626475807	0.00684575500821028	0.0827390778786559	0.64892761300471	1	0.00776346540420991
