model	lik	mode	convergence
1A	-264.334165224592	3.27991365062463	0
1C	-354.274169692008	0.433558073341307	0
1G	-354.274169692052	0.433558349826033	0
1T	-369.959356692802	1.09855403805665	0
2A	-287.298153056905	2.95420332542124	0
2C	-354.430986172871	0.733572741939925	0
2G	-354.274169685492	0.433558321766371	0
2T	-354.274169685443	0.433557750662493	0
3A	-354.274169689733	0.433558166901056	0
3C	-286.918780349002	2.9535022844436	0
3G	-354.274169689712	0.433558347198188	0
3T	-354.319212578664	0.412348237067105	0
4A	-287.058967756759	2.95016346867475	0
4C	-354.27416968492	0.433557878889287	0
4G	-354.303481641358	0.422070697688647	0
4T	-354.274169684863	0.433557999980472	0
neutral	-354.559849626745	1	0
