model	lik	mode	convergence
1A	-318.133187155787	1.5085854895013	0
1C	-341.215055732833	1.05716627774439	0
1G	-318.457632326463	0.433558128659751	0
1T	-318.457632326449	0.43355810190356	0
2A	-318.457632293966	0.433557854970194	0
2C	-336.464773938835	1.06833712357257	0
2G	-318.457632294006	0.43355776517825	0
2T	-319.934963208316	1.11292093252576	0
3A	-318.45763234033	0.433558091655527	0
3C	-318.496520557553	0.363754899988579	0
3G	-341.034735050966	1.08429750495102	0
3T	-318.457632340238	0.433557882670826	0
4A	-318.457632342213	0.43355805657378	0
4C	-318.457632342001	0.433558137004217	0
4G	-317.862300071945	1.71799819545937	0
4T	-341.306885074867	1.03363821734633	0
neutral	-318.743312370562	1	0
