posterior_mean	posterior_var	posterior_sd	posterior_quant	is_contained	PESL
1.47472185143453	0.00274371725908019	0.0523805045706911	0.688530040573954	1	0.00338270205397108
