posterior_mean	posterior_var	posterior_sd	posterior_quant	is_contained	PESL
1.98409312459554	0.00813360937298858	0.0901865254513588	0.575768231277179	1	0.00838663805812209
