model	lik	mode	convergence
1A	-480.30537053775	3.03572987307011	0
1C	-513.785990706063	0.433558234527015	0
1G	-513.785990706136	0.433558190496456	0
1T	-528.527954430772	1.07950687824234	0
2A	-516.192281738114	1.4606470828739	0
2C	-513.833541020639	0.410245465191511	0
2G	-513.785990710368	0.433558463135405	0
2T	-513.785990710314	0.433558031487418	0
3A	-513.785990728632	0.43355807713703	0
3C	-513.785990728517	0.433557777350463	0
3G	-515.794252175235	1.48958893665547	0
3T	-514.925518365745	1.03860802477338	0
4A	-513.980005639732	0.691746292957541	0
4C	-513.785990726368	0.433558156079366	0
4G	-513.785990726383	0.433558153700585	0
4T	-516.350251355103	1.45847006534776	0
5A	-516.16084234126	1.46138725297504	0
5C	-513.841137918109	0.401213778163908	0
5G	-513.785990716473	0.433558171515375	0
5T	-513.785990716438	0.433558024363154	0
6A	-513.785990707169	0.433558083111702	0
6C	-513.785990707145	0.433558083151098	0
6G	-516.211284433807	1.46020264071298	0
6T	-513.826026699414	0.415940477422277	0
neutral	-514.071669904598	1	0
