model	lik	mode	convergence
1A	-209.107185995671	2.86215936129544	0
1C	-247.642455291435	0.874022904296902	0
1G	-233.805846697044	0.433558045955918	0
1T	-233.805846697019	0.433558220824435	0
2A	-233.805846659634	0.433558120927594	0
2C	-227.152548058733	2.85016489795549	0
2G	-233.805846659574	0.433558021351743	0
2T	-242.76626103402	1.4599233150077	0
3A	-233.854497379659	0.409235361634043	0
3C	-233.805846664949	0.433558069089102	0
3G	-237.849847282247	1.62801702576843	0
3T	-233.805846664966	0.433558140040811	0
neutral	-234.091525288279	1	0
