model	lik	mode	convergence
1A	-236.968895449705	1.94679589272693	0
1C	-242.008046758733	0.433558102176878	0
1G	-242.00804675873	0.433558198113761	0
1T	-256.531325091772	1.02499107654535	0
2A	-242.008046567962	0.433557550974965	0
2C	-254.965905590676	0.601327930807615	0
2G	-242.008046568028	0.433557545105167	0
2T	-241.710412230238	1.25223643384933	0
neutral	-242.293725639594	1	0
