posterior_mean	posterior_var	posterior_sd	posterior_quant	is_contained	PESL
2.00694549882558	0.118016411678503	0.343535168037427	0.917342561260191	1	0.36111915280683
