model	lik	mode	convergence
1A	-587.763208929812	2.02485187223536	0
1C	-592.698559884155	0.433558028483491	0
1G	-608.72087938908	0.966592739165504	0
1T	-592.698559884124	0.433558016361296	0
2A	-592.698559881342	0.43355807348998	0
2C	-592.698559881227	0.433557868032693	0
2G	-608.530198104371	1.05531397038937	0
2T	-592.753670815836	0.380510261901155	0
3A	-592.710011444393	0.348460718389382	0
3C	-608.512737078679	1.05689670669107	0
3G	-592.69855989189	0.433557954590743	0
3T	-592.698559891869	0.433558052067572	0
4A	-608.585827547012	0.96675885303272	0
4C	-593.294003160911	1.20832359788289	0
4G	-592.698559886749	0.433558071940743	0
4T	-592.698559886732	0.433557939585983	0
5A	-608.507785898336	1.05733839080881	0
5C	-592.690472782297	0.340343399393934	0
5G	-592.698559888103	0.433558113267921	0
5T	-592.698559888093	0.4335580412292	0
neutral	-592.984239513534	1	0
