posterior_mean	posterior_var	posterior_sd	posterior_quant	is_contained	PESL
3.11293651746325	0.00770576954388357	0.0877825127453274	0.0980018022445118	1	0.0204604265207664
