posterior_mean	posterior_var	posterior_sd	posterior_quant	is_contained	PESL
1.99676885866863	0.00280519601679678	0.0529641012082408	0.527832325765251	1	0.00281563629109708
