posterior_mean	posterior_var	posterior_sd	posterior_quant	is_contained	PESL
1.93321962553382	0.0198363374473707	0.140841533105014	0.689022245358073	1	0.024295955861219
