posterior_mean	posterior_var	posterior_sd	posterior_quant	is_contained	PESL
1.48505449445646	0.00139458823835143	0.0373441861385602	0.658089430758969	1	0.00161795637431263
