lik	gamma	delta
-1064.72991849903	0.00191937872549973	0.193483478878248
-1133.33572346477	0.00191937872549973	6.61069613519961e-05
-1133.33434394529	0.00191937872549973	6.61069613519961e-05
-1133.33434394529	0.00191937872549973	6.61069613519961e-05
-1133.33434394153	0.00191937872549973	6.61069613519961e-05
-1086.34006640333	0.00191937872549973	0.120877665463239
-1133.33434394153	0.00191937872549973	6.61069613519961e-05
-1133.33434394153	0.00191937872549973	6.61069613519961e-05
-1133.33451548262	0.00191937872549973	6.61069613519961e-05
-1085.67906601521	0.00191937872549973	0.122263842276875
-1133.3343443158	0.00191937872549973	6.61069613519961e-05
-1133.33451305882	0.00191937872549973	6.61069613519961e-05
-1133.33434400254	0.00191937872549973	6.61069613519961e-05
-1133.33434400254	0.00191937872549973	6.61069613519961e-05
-1133.33562709787	0.00191937872549973	6.61069613519961e-05
-1069.24317193015	0.00191937872549973	0.176707661239695
-1133.33434417984	0.00191937872549973	6.61069613519961e-05
-1133.33455035717	0.00191937872549973	6.61069613519961e-05
-1133.33434417984	0.00191937872549973	6.61069613519961e-05
-1085.62360050641	0.00191937872549973	0.122746402460121
-1133.33465942693	0.00191937872549973	6.61069613519961e-05
-1084.54253289234	0.00191937872549973	0.130203694910544
-1133.30622087429	0.00191937872549973	0.0228205179758792
-1132.88074087231	0.00191937872549973	0.0471316174291054
-1133.33434404962	0.00191937872549973	6.61069613519961e-05
-1133.33447344409	0.00191937872549973	6.61069613519961e-05
-1133.33434404962	0.00191937872549973	6.61069613519961e-05
-1086.09292528248	0.00191937872549973	0.121389468252375
-1109.29366230711	0.00191937872549973	0.0935064014254003
-1104.71749272765	0.00191937872549973	0.24098980328011
-1132.77785259058	0.00191937872549973	0.337819556476132
-1133.33434403298	0.00191937872549973	6.61069613519961e-05
-1133.33434394153	0.00191937872549973	6.61069613519961e-05
-1086.34006640333	0.00191937872549973	0.120877665463239
-1133.33434394153	0.00191937872549973	6.61069613519961e-05
-1133.33434394153	0.00191937872549973	6.61069613519961e-05
-1131.90819438776	0.00191937872549973	0.0959021702939168
-1087.43616170647	0.00191937872549973	0.122691181909715
-1133.33435834002	0.00191937872549973	6.61069613519961e-05
-1133.33445965434	0.00191937872549973	6.61069613519961e-05
-1133.33434301703	0.00191937872549973	0
