model	lik	mode	convergence
1A	-715.781318519364	2.26293457766031	0
1C	-813.892528810884	0.433558489055957	0
1G	-813.892528810919	0.43355793639904	0
1T	-818.417406745344	0.699990319432161	0
2A	-813.864626912765	0.827139993946172	0
2C	-813.892528799517	0.433558207341105	0
2G	-813.892528799537	0.433558243227687	0
2T	-736.568804109874	2.14539267773006	0
3A	-813.892528802807	0.433558162659541	0
3C	-812.931560017845	1.8320139507562	0
3G	-813.89252880278	0.433557847722206	0
3T	-738.412696057016	2.14522750319195	0
4A	-813.892528806898	0.433558093949028	0
4C	-813.892528806566	0.433558239542578	0
4G	-813.949312962758	0.397710091215416	0
4T	-735.825441200471	2.15065403494752	0
5A	-735.620059359334	2.15294681755826	0
5C	-813.892528821295	0.433558081917085	0
5G	-813.945767662254	0.377479220667133	0
5T	-813.892528821275	0.433558042812761	0
6A	-813.892528806438	0.43355820811469	0
6C	-735.827215314018	2.15063464095642	0
6G	-813.94924298529	0.397897882102341	0
6T	-813.8925288065	0.433558293282915	0
7A	-737.596248361149	2.14203817892626	0
7C	-813.321000272151	1.74539958495403	0
7G	-813.892528812689	0.433558112785672	0
7T	-813.892528812669	0.433558086977837	0
8A	-813.892528795176	0.433558095160705	0
8C	-813.682782144809	1.27250838815612	0
8G	-737.005555933092	2.14324427996332	0
8T	-813.892528795083	0.433558093149299	0
9A	-813.892528801623	0.433558143669861	0
9C	-813.94521996853	0.404869733597355	0
9G	-735.891302127896	2.14993930351248	0
9T	-813.892528801541	0.433558216135623	0
10A	-759.869803992433	2.07363420555624	0
10C	-791.512199642165	2.44988346558515	0
10G	-813.892528803253	0.433558174381741	0
10T	-813.892528803222	0.433558083252576	0
neutral	-814.178205643688	1	0
