posterior_mean	posterior_var	posterior_sd	posterior_quant	is_contained	PESL
1.50471775595139	0.00692485964103934	0.0832157415459319	0.484746906856099	1	0.0069471168622537
