model	lik	mode	convergence
1A	-332.807655478908	1.69645882319012	0
1C	-333.308645349814	0.433558233856751	0
1G	-349.889477749171	1.00066025930872	0
1T	-333.308645349786	0.433558208153291	0
2A	-333.113458427898	0.294721177296648	0
2C	-333.308645217777	0.433557636528473	0
2G	-349.733796920969	1.0545914482429	0
2T	-333.308645217737	0.433557656517817	0
3A	-333.308645354205	0.433558156423784	0
3C	-349.790249215384	1.0445238948459	0
3G	-333.36553848102	0.38452385993168	0
3T	-333.308645354268	0.433558127228848	0
4A	-333.308645364797	0.433558099128836	0
4C	-334.028401581495	0.80765284738726	0
4G	-349.781960363909	1.04267882958109	0
4T	-333.3086453647	0.43355802815673	0
neutral	-333.59432521338	1	0
