posterior_mean	posterior_var	posterior_sd	posterior_quant	is_contained	PESL
1.98877829162493	0.541316537189626	0.735742167603316	0.559682991091232	1	0.541442463928584
