posterior_mean	posterior_var	posterior_sd	posterior_quant	is_contained	PESL
1.94869808367495	0.00257934364583104	0.050787239005788	0.843769613733626	1	0.00521123026443081
