model	lik	mode	convergence
1A	-296.130475490566	3.13872474228709	0
1C	-374.474569204014	0.433557852041723	0
1G	-390.774786926619	0.948423004900865	0
1T	-374.474569204045	0.433558221783742	0
2A	-374.474569209044	0.433558126001464	0
2C	-374.519837100407	0.412169274748997	0
2G	-330.870331441764	2.44210223180948	0
2T	-374.474569208909	0.433558171572561	0
3A	-330.982989105145	2.43966173979261	0
3C	-374.502075555834	0.422957123230596	0
3G	-374.474569204037	0.433558064337139	0
3T	-374.474569203919	0.433558193999587	0
4A	-337.904055660525	2.39197383636432	0
4C	-369.1219184498	2.70416804332845	0
4G	-374.474569212824	0.433558279994587	0
4T	-374.474569212772	0.433558308738991	0
5A	-330.968982347493	2.43996112681487	0
5C	-374.474569204121	0.433557933221737	0
5G	-374.504879090826	0.421566103463236	0
5T	-374.474569204097	0.433557599379911	0
neutral	-374.760249139743	1	0
