posterior_mean	posterior_var	posterior_sd	posterior_quant	is_contained	PESL
3.15706544452025	0.0576783589299056	0.240163192287881	0.261199511810387	1	0.0823479127921969
