posterior_mean	posterior_var	posterior_sd	posterior_quant	is_contained	PESL
1.47658902064034	0.0425323942130463	0.206233833822306	0.56370310120374	1	0.0430804681676778
