posterior_mean	posterior_var	posterior_sd	posterior_quant	is_contained	PESL
2.98638036184757	0.0114738320793684	0.107115974902759	0.555243736643333	1	0.0116593266227718
