model	lik	mode	convergence
1A	-738.923974999254	2.67055926727867	0
1C	-854.938638184369	0.885801286447105	0
1G	-841.756376758878	0.433558163462781	0
1T	-841.756376758853	0.433557997979107	0
2A	-841.756376757285	0.433558082574092	0
2C	-841.756376757	0.433558034273237	0
2G	-842.624529140631	1.00412525169314	0
2T	-802.663700997182	1.76886672962531	0
3A	-841.756376739549	0.433558119296151	0
3C	-803.103316495095	1.75468388434452	0
3G	-841.81195888573	0.400414431910929	0
3T	-841.756376739575	0.433558148377426	0
4A	-841.756376759609	0.433558103109639	0
4C	-841.974932303768	0.951978656407673	0
4G	-803.546427513814	1.75296612817701	0
4T	-841.756376759515	0.433558262330023	0
5A	-841.756376726453	0.433558172287812	0
5C	-841.756376726342	0.43355818730529	0
5G	-841.780495769539	0.424536518366277	0
5T	-803.235923946208	1.75328530577623	0
6A	-841.756376765533	0.433558053359927	0
6C	-841.75637676526	0.433557931337384	0
6G	-842.529016580175	0.910080317507772	0
6T	-802.631084002445	1.76663071348931	0
7A	-804.775914936151	1.74286248902421	0
7C	-840.540067570843	2.18481220110333	0
7G	-841.756376745611	0.433558284855674	0
7T	-841.756376745584	0.433558254002215	0
8A	-842.750421406329	0.941082264718897	0
8C	-841.756376743266	0.433558166475641	0
8G	-802.048402210522	1.77654593506425	0
8T	-841.756376743237	0.43355821801605	0
neutral	-842.042053829896	1	0
