posterior_mean	posterior_var	posterior_sd	posterior_quant	is_contained	PESL
2.01196673579082	0.00281883867566218	0.0530927365621907	0.414090489986007	1	0.00296204144119851
