posterior_mean	posterior_var	posterior_sd	posterior_quant	is_contained	PESL
1.88997839685826	0.240325570075023	0.490230119510239	0.622650732348096	1	0.252430323232904
