posterior_mean	posterior_var	posterior_sd	posterior_quant	is_contained	PESL
3.10627311593537	0.00653102013835067	0.0808147272367522	0.0931453368244606	1	0.0178249953085616
