posterior_mean	posterior_var	posterior_sd	posterior_quant	is_contained	PESL
1.88978633005918	0.0753784199550222	0.274551306598643	0.671010334009809	1	0.0875254729968501
