model	lik	mode	convergence
1A	-463.062239461383	1.95335828771176	0
1C	-489.533646261453	0.433558181932988	0
1G	-505.29055923013	0.857179643150581	0
1T	-489.533646261422	0.433558114380361	0
2A	-489.533646260995	0.43355814035022	0
2C	-489.526088115001	1.10799607723983	0
2G	-489.533646260952	0.433558247216464	0
2T	-490.274221293346	1.5348171514246	0
3A	-487.235299073357	2.29241501785043	0
3C	-489.533646271808	0.433558071142748	0
3G	-492.120976011473	1.50659871612099	0
3T	-489.533646271765	0.433558050178021	0
4A	-489.533646271758	0.433558067217443	0
4C	-503.795648574323	0.880451828618219	0
4G	-489.533646271815	0.433558040385223	0
4T	-465.836604566025	1.86750796625185	0
5A	-489.533646261725	0.43355812904024	0
5C	-463.062239461745	1.95335828925484	0
5G	-505.29055923029	0.857179633435921	0
5T	-489.533646261624	0.433558243815569	0
neutral	-489.819326106262	1	0
