posterior_mean	posterior_var	posterior_sd	posterior_quant	is_contained	PESL
1.96602648043482	0.0247451510715897	0.157305915564513	0.59541777208471	1	0.0258993511032793
