posterior_mean	posterior_var	posterior_sd	posterior_quant	is_contained	PESL
3.3744732681327	0.0630243947171477	0.251046598696632	0.0635297901912236	1	0.203254623262547
