model	lik	mode	convergence
1A	-447.027299565722	2.01901647684883	0
1C	-475.515792034966	0.433558203470593	0
1G	-475.515792035003	0.433557827840989	0
1T	-490.958464949621	0.969840910830004	0
2A	-475.515792039028	0.433558107129296	0
2C	-475.56686186027	0.406760052231264	0
2G	-475.51579203901	0.433558140807646	0
2T	-470.904166560275	1.62990602376251	0
3A	-470.162259815545	1.64781323469809	0
3C	-475.712227588209	0.45109734462555	0
3G	-475.515792062144	0.433558165224635	0
3T	-475.515792062123	0.433558069732403	0
4A	-475.515792033048	0.433558090444055	0
4C	-475.554415980843	0.416875301963615	0
4G	-470.950698698401	1.62890322545893	0
4T	-475.515792032944	0.433558042955211	0
5A	-468.664366382594	1.68869813692335	0
5C	-475.515792068584	0.433558119332396	0
5G	-475.515792068545	0.433558125564439	0
5T	-476.008903805143	0.6211763626425	0
neutral	-475.801471688848	1	0
