posterior_mean	posterior_var	posterior_sd	posterior_quant	is_contained	PESL
2.07259349677617	0.164812897367807	0.405971547485543	0.85378783072457	1	0.347489216365844
