model	lik	mode	convergence
1A	-689.08470638597	1.34183440116725	0
1C	-688.714602328431	0.433557957443651	0
1G	-702.882807475427	1.08194168559082	0
1T	-688.714602328408	0.433558209195976	0
2A	-688.71460233459	0.433557978926244	0
2C	-688.714602334489	0.43355801638293	0
2G	-688.687195984912	0.333542663212861	0
2T	-702.484527607294	1.1057826104457	0
3A	-688.714602307173	0.433557998152255	0
3C	-688.714602307228	0.433558003963616	0
3G	-688.745228499769	0.421403993832907	0
3T	-702.565132154306	1.10122997486525	0
4A	-688.714602325945	0.433558150850781	0
4C	-702.989958897397	1.07400191402714	0
4G	-688.714602326016	0.433558289460608	0
4T	-688.158260197284	1.64400763717746	0
5A	-688.714602310232	0.433558089756421	0
5C	-688.955437619506	0.673053011350154	0
5G	-702.597309720909	1.09948688407499	0
5T	-688.7146023101	0.433558101982635	0
6A	-688.765927684121	0.374972241761864	0
6C	-688.714602337988	0.43355813055962	0
6G	-702.527287528195	1.10338006254508	0
6T	-688.714602337964	0.433558081159401	0
7A	-702.539678229979	1.10267871100276	0
7C	-688.772498379616	0.388992196700423	0
7G	-688.714602328353	0.433558101736859	0
7T	-688.714602328312	0.433558165490835	0
8A	-702.549566662025	1.10236738774812	0
8C	-689.1812349693	0.686669333469791	0
8G	-688.714602344828	0.433558066867639	0
8T	-688.714602344811	0.43355807193225	0
9A	-688.71460234352	0.4335580302847	0
9C	-702.496979560197	1.10508568892322	0
9G	-688.71730374844	0.344647336173504	0
9T	-688.714602343698	0.433558270001278	0
10A	-688.714602305183	0.433558135759512	0
10C	-688.714602305227	0.433557545931623	0
10G	-702.537234473558	1.10305244129848	0
10T	-689.207943476719	0.672707088877979	0
11A	-688.714602325495	0.433558091002495	0
11C	-688.714602325399	0.433558179442717	0
11G	-703.179085494057	1.05783623111504	0
11T	-685.888058117083	2.24170621812713	0
12A	-688.714602340524	0.433558044788016	0
12C	-702.491544692346	1.10539013558993	0
12G	-688.704785492677	0.339693107185977	0
12T	-688.714602340717	0.433558116137596	0
13A	-688.827685551751	1.03498894271218	0
13C	-702.6692661771	1.09532668781205	0
13G	-688.714602332028	0.433558124285652	0
13T	-688.714602331996	0.433558126801774	0
neutral	-689.000280839591	1	0
