posterior_mean	posterior_var	posterior_sd	posterior_quant	is_contained	PESL
1.46229386485276	0.16826749150768	0.410204207081888	0.575136839924659	1	0.169689244135431
