lik	gamma	delta
-1033.28415151256	0.00249658184053462	0.25528103021316
-1119.61913173746	0.00249658184053462	0.0135588237757211
-1119.89844392542	0.00249658184053462	0.0336736920343886
-1119.9461974911	0.00249658184053462	6.61069613519961e-05
-1119.60664491174	0.00249658184053462	0.11040746137611
-1119.94605888162	0.00249658184053462	6.61069613519961e-05
-1119.9463669109	0.00249658184053462	6.61069613519961e-05
-1061.28560832543	0.00249658184053462	0.14064253389173
-1119.94632225011	0.00249658184053462	6.61069613519961e-05
-1060.70765876158	0.00249658184053462	0.141213456468178
-1119.94605858977	0.00249658184053462	6.61069613519961e-05
-1119.94605858977	0.00249658184053462	6.61069613519961e-05
-1119.94611639038	0.00249658184053462	6.61069613519961e-05
-1119.94631638507	0.00249658184053462	6.61069613519961e-05
-1119.94605853345	0.00249658184053462	6.61069613519961e-05
-1061.00058091886	0.00249658184053462	0.140169938985264
-1119.94617285006	0.00249658184053462	6.61069613519961e-05
-1119.94605827355	0.00249658184053462	6.61069613519961e-05
-1119.94621904229	0.00249658184053462	6.61069613519961e-05
-1061.11052619569	0.00249658184053462	0.139914268540197
-1061.04332871383	0.00249658184053462	0.142089219885983
-1119.94605967647	0.00249658184053462	6.61069613519961e-05
-1119.72286066511	0.00249658184053462	0.0538846045833845
-1119.94619112662	0.00249658184053462	6.61069613519961e-05
-1050.69749364293	0.00249658184053462	0.243795587240762
-1119.94605835862	0.00249658184053462	6.61069613519961e-05
-1114.28354618633	0.00249658184053462	0.0538337709733065
-1119.94605835862	0.00249658184053462	6.61069613519961e-05
-1119.94605819653	0.00249658184053462	6.61069613519961e-05
-1119.94621234645	0.00249658184053462	6.61069613519961e-05
-1119.94613567876	0.00249658184053462	6.61069613519961e-05
-1061.21075586467	0.00249658184053462	0.139706489354541
-1119.94605794659	0.00249658184053462	6.61069613519961e-05
-1061.722353439	0.00249658184053462	0.138673431154324
-1119.94605794659	0.00249658184053462	6.61069613519961e-05
-1119.94605794659	0.00249658184053462	6.61069613519961e-05
-1059.80763926487	0.00249658184053462	0.144011176251219
-1119.68603455126	0.00249658184053462	0.176800276675823
-1119.94662047267	0.00249658184053462	6.61069613519961e-05
-1119.9460594292	0.00249658184053462	6.61069613519961e-05
-1119.94605755862	0.00249658184053462	0
