posterior_mean	posterior_var	posterior_sd	posterior_quant	is_contained	PESL
1.83494411094488	0.0835632444182791	0.289073077989423	0.117865932561599	1	0.195750801875215
