posterior_mean	posterior_var	posterior_sd	posterior_quant	is_contained	PESL
3.03316640491655	0.0128580353392102	0.113393277310475	0.389326239645661	1	0.0139580457543114
