posterior_mean	posterior_var	posterior_sd	posterior_quant	is_contained	PESL
1.97370305058973	0.00991759141701427	0.0995871046723132	0.610168562743184	1	0.0106092113394932
