model	lik	mode	convergence
1A	-675.246173745825	1.60071147530864	0
1C	-691.339120751956	0.992845763498242	0
1G	-675.638044976827	0.433558046817682	0
1T	-675.638044976807	0.433558015889504	0
2A	-675.696021266945	0.389980421011171	0
2C	-691.336577300407	1.00656894886579	0
2G	-675.638044959038	0.433558052480339	0
2T	-675.638044959015	0.433558087093454	0
3A	-675.638044976922	0.433558062540479	0
3C	-675.638044976779	0.433558141767771	0
3G	-675.666560668947	0.357160620998746	0
3T	-691.333006881347	1.00796096278023	0
4A	-691.328024771048	1.00806882151499	0
4C	-675.638044938095	0.433558166604732	0
4G	-675.638044938088	0.433558181102847	0
4T	-676.108466662693	0.613205736424339	0
5A	-675.638044961671	0.433558095150123	0
5C	-675.63804496146	0.43355818158139	0
5G	-675.795090255061	0.437585982860379	0
5T	-691.320837569562	1.01139961377343	0
6A	-691.331616553637	1.00845638267542	0
6C	-675.645287182026	0.346583313667084	0
6G	-675.638044975922	0.43355796180895	0
6T	-675.638044975908	0.433558089189265	0
7A	-675.6380448672	0.43355770973597	0
7C	-675.638044867104	0.433557826202319	0
7G	-691.280266176829	1.01083679694223	0
7T	-676.959389205906	0.896158861925558	0
8A	-675.638044958613	0.433558130006996	0
8C	-675.63804495852	0.433558028278303	0
8G	-691.339495347298	1.00030037860621	0
8T	-676.085698797398	0.980270447464044	0
9A	-675.638044960055	0.433558123411191	0
9C	-675.63804495996	0.433558068510878	0
9G	-691.287021030487	1.01074450489624	0
9T	-676.908479112807	0.885856798382622	0
10A	-675.638044954945	0.433558098223745	0
10C	-675.638044954744	0.43355821468153	0
10G	-675.695489427802	0.39555974705593	0
10T	-691.337089336097	1.00635180845884	0
neutral	-675.923724360171	1	0
