model	lik	mode	convergence
1A	-154.538263148963	2.94237608573484	0
1C	-202.44449137375	0.819204643162976	0
1G	-188.844245664278	0.433558151305268	0
1T	-188.844245664201	0.433557983957129	0
2A	-188.844245659631	0.433558297778409	0
2C	-188.857335458474	0.429067880004078	0
2G	-178.876868254397	2.19730494170502	0
2T	-188.844245659293	0.433559658595865	0
neutral	-189.129924449598	1	0
