posterior_mean	posterior_var	posterior_sd	posterior_quant	is_contained	PESL
2.97771255883117	0.10449472043256	0.323256431386229	0.541900213990641	1	0.104991450466413
