posterior_mean	posterior_var	posterior_sd	posterior_quant	is_contained	PESL
1.54213815765127	0.0273707824321288	0.165441175141283	0.412710289241911	1	0.0291464067623763
