model	lik	mode	convergence
1A	-210.603964903669	2.63082620420289	0
1C	-231.266286166484	0.433558091737256	0
1G	-231.266286166502	0.433558036609764	0
1T	-245.172387708599	0.928970506139132	0
2A	-231.266286316289	0.433558080984821	0
2C	-231.266286316094	0.433558011496169	0
2G	-231.432991769231	0.375701541397138	0
2T	-225.442917787391	1.62027873183727	0
neutral	-231.551964594426	1	0
