posterior_mean	posterior_var	posterior_sd	posterior_quant	is_contained	PESL
2.67384860853934	0.113740764094546	0.337254746585642	0.834502000931074	1	0.220115494246289
