model	lik	mode	convergence
1A	-653.089852480545	1.40534714905767	0
1C	-653.150588391333	0.43355806939401	0
1G	-668.045626917178	0.995115619603585	0
1T	-653.150588391303	0.433558014648953	0
2A	-653.150588397667	0.433558145684094	0
2C	-667.935866389997	1.03725935399023	0
2G	-653.204678077039	0.378754182654421	0
2T	-653.150588397794	0.433557829924205	0
3A	-667.883124075872	1.04327633455872	0
3C	-653.187720866662	0.401781134756863	0
3G	-653.150588276918	0.43355766737594	0
3T	-653.150588276908	0.433557669509099	0
4A	-653.339735213501	0.448904800388851	0
4C	-653.150588393493	0.433557959562722	0
4G	-667.904413259879	1.0408602175453	0
4T	-653.150588393456	0.433558072048093	0
5A	-653.150588407295	0.433558036204784	0
5C	-653.162355902366	0.3486050795323	0
5G	-653.150588407275	0.43355820419211	0
5T	-667.924223371352	1.03869596935998	0
6A	-667.558704974749	1.03881357332521	0
6C	-653.150588399409	0.433558136699263	0
6G	-653.150588399366	0.433558046085469	0
6T	-653.202919623888	0.376235429132312	0
7A	-667.919776065909	1.03922914474911	0
7C	-653.15058840173	0.433558049744464	0
7G	-653.150588401702	0.433558016627665	0
7T	-653.137256377802	0.338405774551763	0
8A	-653.150588388811	0.433558149173899	0
8C	-667.989256082317	1.02924963824042	0
8G	-653.150588388787	0.433558152868611	0
8T	-653.204416979829	1.0809076980267	0
9A	-653.150588387541	0.43355809103282	0
9C	-653.150588387428	0.43355821063089	0
9G	-667.940614371712	1.03665751001564	0
9T	-653.208504766573	0.392823950292647	0
neutral	-653.43626706211	1	0
