posterior_mean	posterior_var	posterior_sd	posterior_quant	is_contained	PESL
1.46904955874733	0.091127757137819	0.301873743703918	0.568357578129485	1	0.0920856869515211
