posterior_mean	posterior_var	posterior_sd	posterior_quant	is_contained	PESL
1.92217003294722	0.0133685984201869	0.115622655306765	0.753098970004752	1	0.0194261021916341
