posterior_mean	posterior_var	posterior_sd	posterior_quant	is_contained	PESL
1.59988076711302	0.0250383096510253	0.158234982387035	0.270419926676836	1	0.0350144772912572
