model	lik	mode	convergence
1A	-714.348431742697	2.41302834362206	0
1C	-817.445749809737	0.433557956241974	0
1G	-817.445749809719	0.433557983386084	0
1T	-833.238169318505	0.858884854072882	0
2A	-817.445749807299	0.433558146401856	0
2C	-753.448585096509	2.03590027085176	0
2G	-817.445749807345	0.433557973452245	0
2T	-817.502130455618	0.398729469957556	0
3A	-817.445749795393	0.433558167030094	0
3C	-817.483066192695	0.417671649859784	0
3G	-817.445749795395	0.4335579788245	0
3T	-753.597472124004	2.03433030633208	0
4A	-817.253093435606	1.2660099544158	0
4C	-817.44574979173	0.433558629317102	0
4G	-817.445749792314	0.43355921747359	0
4T	-754.540469885473	2.02886646043895	0
5A	-817.445749815703	0.433558158206619	0
5C	-749.180020641503	2.09819824081912	0
5G	-817.445749815768	0.433558296926418	0
5T	-818.437212252353	0.800468623465235	0
6A	-817.471104552766	0.355384706376224	0
6C	-817.44574983175	0.433558120512248	0
6G	-817.445749831732	0.433558008039292	0
6T	-753.025181848961	2.04063974718672	0
7A	-817.445749793551	0.433557937424434	0
7C	-817.445749793297	0.433558171160237	0
7G	-817.475364526109	0.421918782420469	0
7T	-753.628277608709	2.03401319531815	0
8A	-753.642581933856	2.03386696989077	0
8C	-817.445749792542	0.433558329888011	0
8G	-817.471189046845	0.423933174281413	0
8T	-817.445749792549	0.433558211015135	0
neutral	-817.731429670668	1	0
