posterior_mean	posterior_var	posterior_sd	posterior_quant	is_contained	PESL
2.41986883089838	0.0164478673105549	0.128249239025247	0.737513767764141	1	0.0228688715721518
