posterior_mean	posterior_var	posterior_sd	posterior_quant	is_contained	PESL
2.91929127135626	0.0323386550508369	0.179829516628492	0.679136001212712	1	0.0388525539365445
