posterior_mean	posterior_var	posterior_sd	posterior_quant	is_contained	PESL
2.5267866111635	0.0179819961026693	0.1340969653	0.427505312864507	1	0.0186995186402972
