posterior_mean	posterior_var	posterior_sd	posterior_quant	is_contained	PESL
2.60145434609798	0.050336397396794	0.224357744231827	0.957377455869668	1	0.209175035641017
