posterior_mean	posterior_var	posterior_sd	posterior_quant	is_contained	PESL
2.04614012037141	0.0458474773412944	0.214120240382114	0.42781192969897	1	0.0479763880491807
