posterior_mean	posterior_var	posterior_sd	posterior_quant	is_contained	PESL
2.02042618422814	0.00862433456723657	0.092867295466362	0.418652645308372	1	0.00904156356934178
