model	lik	mode	convergence
1A	-701.269070133753	1.19882464141409	0
1C	-700.399124645435	0.433558091803488	0
1G	-700.399124645427	0.433557997078745	0
1T	-716.984382575077	0.992249589725362	0
2A	-700.399124646084	0.433558052243686	0
2C	-700.399124645946	0.43355809199588	0
2G	-716.988690479556	1.01530585760109	0
2T	-700.42212303334	0.354117269487032	0
3A	-700.399124645905	0.433558054950352	0
3C	-700.414502229566	0.350292956818994	0
3G	-716.987934712506	1.01548769935924	0
3T	-700.399124645825	0.433557841963573	0
4A	-700.399124644868	0.433558075868252	0
4C	-700.399124644647	0.433558027756799	0
4G	-701.161849034048	1.17216022011606	0
4T	-717.001388562551	0.999606634364372	0
5A	-700.289957025941	0.311566667615662	0
5C	-700.399124583532	0.433557829734568	0
5G	-700.399124583511	0.433557779340206	0
5T	-716.978844595037	1.01754070646957	0
6A	-700.399124541525	0.433557749374602	0
6C	-717.003987196903	1.00806430650548	0
6G	-700.75969621208	0.94276945838145	0
6T	-700.399124541692	0.433557552127805	0
7A	-700.400688695193	0.344175624396826	0
7C	-700.399124643755	0.433558044912898	0
7G	-700.399124643744	0.433558132391597	0
7T	-716.986678979839	1.01578562864925	0
8A	-717.007910620038	1.00889099802259	0
8C	-700.446854034662	0.791404523588834	0
8G	-700.399124613707	0.433558136659634	0
8T	-700.399124613662	0.433558138234505	0
9A	-700.399124626497	0.433557972701778	0
9C	-716.983013819634	1.01662750553611	0
9G	-700.353462700905	0.327838075147261	0
9T	-700.399124626659	0.433557862344469	0
10A	-717.000972168954	1.0086066381751	0
10C	-700.399124642213	0.433558112995569	0
10G	-701.038611078902	0.938982835076417	0
10T	-700.399124642208	0.433558174260726	0
11A	-716.98122582852	1.01702452898707	0
11C	-700.327334047367	0.320582132264779	0
11G	-700.399124611393	0.433558012705416	0
11T	-700.399124611384	0.433557903394375	0
neutral	-700.684804417059	1	0
