posterior_mean	posterior_var	posterior_sd	posterior_quant	is_contained	PESL
2.96489994994913	0.0174465203823756	0.132085276932653	0.610088548933914	1	0.0186785338959612
