posterior_mean	posterior_var	posterior_sd	posterior_quant	is_contained	PESL
2.48960303871585	0.0039382754146729	0.0627556803379017	0.569007382720356	1	0.0040463722186149
