model	lik	mode	convergence
1A	-557.555177823026	1.32223527530341	0
1C	-560.828102558145	0.433558103411092	0
1G	-577.150555053596	0.919337819831354	0
1T	-560.828102558144	0.433558294075177	0
2A	-560.828102582991	0.433558077137171	0
2C	-560.828102582868	0.433557827945727	0
2G	-574.399251532083	1.20907914541955	0
2T	-560.869443933245	0.365575487808021	0
3A	-560.828102563679	0.433558186729651	0
3C	-574.415790500942	1.20946436662663	0
3G	-561.317677833216	0.666051653966769	0
3T	-560.828102563956	0.433557826293015	0
4A	-574.591843306369	1.20289228780781	0
4C	-560.828102579453	0.433558125753743	0
4G	-560.917043549086	0.731441547954855	0
4T	-560.828102579441	0.433558099544094	0
5A	-560.718305460664	0.874427517041778	0
5C	-560.828102546314	0.43355787295238	0
5G	-574.657977643735	1.20052856425258	0
5T	-560.828102546345	0.433558135290482	0
6A	-560.828102585437	0.43355805837784	0
6C	-560.8281025853	0.433558105979944	0
6G	-574.848858071034	1.19605556432416	0
6T	-561.168611088618	1.27776627701029	0
neutral	-561.113782458422	1	0
