posterior_mean	posterior_var	posterior_sd	posterior_quant	is_contained	PESL
3.02530470647276	0.012204836826965	0.110475503289032	0.413911023478534	1	0.0128451649966373
