lik	gamma	delta
-1474.05007471243	0.00160552509394261	0.332342262638541
-1636.29228704711	0.00160552509394261	6.61069613519961e-05
-1635.91134543321	0.00160552509394261	0.0118383885294752
-1635.24861124432	0.00160552509394261	0.043728914053273
-1536.32240394369	0.00160552509394261	0.151408226452432
-1636.29211645233	0.00160552509394261	6.61069613519961e-05
-1636.29211645233	0.00160552509394261	6.61069613519961e-05
-1636.29236209774	0.00160552509394261	6.61069613519961e-05
-1538.50120538079	0.00160552509394261	0.14937670329601
-1636.2921163421	0.00160552509394261	6.61069613519961e-05
-1636.2921163421	0.00160552509394261	6.61069613519961e-05
-1634.4987563385	0.00160552509394261	0.367237203603612
-1635.60190944481	0.00160552509394261	0.486687414392887
-1537.30952908963	0.00160552509394261	0.150631153432255
-1636.29211657522	0.00160552509394261	6.61069613519961e-05
-1636.27880047161	0.00160552509394261	0.023027002569499
-1636.29211635229	0.00160552509394261	6.61069613519961e-05
-1635.96643778882	0.00160552509394261	0.208531593083449
-1634.80594953973	0.00160552509394261	0.277623117917648
-1538.69018487711	0.00160552509394261	0.149459002979127
-1636.29211617368	0.00160552509394261	6.61069613519961e-05
-1636.29211617368	0.00160552509394261	6.61069613519961e-05
-1636.29211617368	0.00160552509394261	6.61069613519961e-05
-1537.14512236215	0.00160552509394261	0.150113029231732
-1636.29211617368	0.00160552509394261	6.61069613519961e-05
-1636.29211617368	0.00160552509394261	6.61069613519961e-05
-1636.29211617368	0.00160552509394261	6.61069613519961e-05
-1537.14512236215	0.00160552509394261	0.150113029231732
-1636.29212019986	0.00160552509394261	6.61069613519961e-05
-1631.09422890145	0.00160552509394261	0.658941369966429
-1636.29251091167	0.00160552509394261	6.61069613519961e-05
-1538.33689671068	0.00160552509394261	0.151564306070015
-1617.51162854275	0.00160552509394261	0.171389496673947
-1636.29215309363	0.00160552509394261	6.61069613519961e-05
-1553.7255990544	0.00160552509394261	0.153074081950627
-1636.06575928637	0.00160552509394261	0.0339228766113679
-1636.29211700072	0.00160552509394261	6.61069613519961e-05
-1536.11508895298	0.00160552509394261	0.151571743880458
-1636.29250771252	0.00160552509394261	6.61069613519961e-05
-1636.29211700072	0.00160552509394261	6.61069613519961e-05
-1636.29211577999	0.00160552509394261	0
