model	lik	mode	convergence
1A	-1453.15992643933	2.0274861312484	0
1C	-1617.90228187333	0.69307106593031	0
1G	-1606.35748861011	0.433558194862681	0
1T	-1606.35748861009	0.433558024436027	0
2A	-1606.35748861898	0.433558119366981	0
2C	-1606.35748861884	0.433558205676189	0
2G	-1477.547831478	1.94331681937835	0
2T	-1606.41067265007	0.377401140235725	0
3A	-1606.35748859043	0.43355835539779	0
3C	-1477.86279592894	1.94163370606996	0
3G	-1606.39282431678	0.418826419198427	0
3T	-1606.35748859064	0.433558061070738	0
4A	-1606.40699556976	0.408403766235231	0
4C	-1606.35748859642	0.433558396196804	0
4G	-1477.79143935271	1.94200366532507	0
4T	-1606.35748859639	0.433558052789874	0
5A	-1478.225710076	1.94070711847628	0
5C	-1606.35748858983	0.433558130695308	0
5G	-1606.46015979249	0.765866103342792	0
5T	-1606.3574885898	0.43355815176897	0
6A	-1478.81187711453	1.93866296822375	0
6C	-1606.05756746595	1.33105187019712	0
6G	-1606.3574885937	0.433558182469703	0
6T	-1606.35748859362	0.433558028627826	0
7A	-1477.51225121182	1.94351430153058	0
7C	-1606.35748862132	0.433558135568702	0
7G	-1606.40741747546	0.373362439228502	0
7T	-1606.35748862131	0.433558100795733	0
8A	-1606.35748861365	0.433558092148373	0
8C	-1606.35748861357	0.433558036264689	0
8G	-1478.48628391548	1.94394567651623	0
8T	-1606.68389096736	1.29337748222812	0
9A	-1477.59335309565	1.94306611335885	0
9C	-1606.41370032994	0.382759738968747	0
9G	-1606.35748861528	0.433558125512348	0
9T	-1606.35748861525	0.433557941866202	0
10A	-1606.39673581886	0.416485227615276	0
10C	-1477.84696220535	1.94171515992929	0
10G	-1606.35748859172	0.433558298286226	0
10T	-1606.35748859171	0.433557994329422	0
11A	-1606.35748861338	0.433558089536249	0
11C	-1606.35748861323	0.433558315540725	0
11G	-1477.61541404367	1.94294543610337	0
11T	-1606.41466398989	0.38541239214777	0
12A	-1477.70158906454	1.9424795006276	0
12C	-1606.35748860519	0.43355810364924	0
12G	-1606.35748860516	0.433558129034529	0
12T	-1606.41475320652	0.396235043456418	0
neutral	-1606.64316454106	1	0
