posterior_mean	posterior_var	posterior_sd	posterior_quant	is_contained	PESL
2.03009399723699	0.00528896952241748	0.0727253018035503	0.343142801360904	1	0.00619461819211958
