model	lik	mode	convergence
1A	-175.505003516738	2.96837588254209	0
1C	-219.600766374737	0.931452818063551	0
1G	-203.198209490761	0.43355831413079	0
1T	-203.1982094907	0.433558266068271	0
2A	-203.198209514572	0.433558147036295	0
2C	-203.198209514432	0.433558093003695	0
2G	-205.435129412432	1.80099075717543	0
2T	-203.253489359656	0.38082375256974	0
neutral	-203.483889428204	1	0
