model	lik	mode	convergence
1A	-653.720999838844	2.09275641112744	0
1C	-664.783933592224	0.433558166148803	0
1G	-682.589672367015	0.95830671232805	0
1T	-664.783933592231	0.43355789995566	0
2A	-681.050196657878	1.14126608324753	0
2C	-664.783933597399	0.433558105676093	0
2G	-664.783933597371	0.433558008797752	0
2T	-664.834104444906	0.407727331473275	0
3A	-664.833850480219	0.373349188136925	0
3C	-664.783933621672	0.433558083144669	0
3G	-681.010248707049	1.14305278098764	0
3T	-664.783933621629	0.433558115445915	0
4A	-664.783933599091	0.433558090525665	0
4C	-664.783933599013	0.433558284826518	0
4G	-665.102167280614	0.549137658087728	0
4T	-681.019029219977	1.14291496300611	0
5A	-665.069966079058	0.561276688856842	0
5C	-664.783933627902	0.433558045268238	0
5G	-664.783933627893	0.433558218676186	0
5T	-681.036466213801	1.14217810652809	0
6A	-664.783933594747	0.433558151486632	0
6C	-664.783933594421	0.433558038376704	0
6G	-664.829275002503	0.412110362879597	0
6T	-681.054785480611	1.14106075214727	0
7A	-664.78393360771	0.433558128494479	0
7C	-664.705164183803	1.16866383850918	0
7G	-664.783933607673	0.433558218488941	0
7T	-681.237009983096	1.13323217752994	0
8A	-664.783933609373	0.43355814103378	0
8C	-664.783933609251	0.433558255820201	0
8G	-681.104579793691	1.13908815345372	0
8T	-665.016831485783	0.667206079335206	0
9A	-664.783933606065	0.433558182346531	0
9C	-664.783933605957	0.43355791763506	0
9G	-681.036826391674	1.14186422550834	0
9T	-664.841382481843	0.395540841710783	0
neutral	-665.069613595619	1	0
