posterior_mean	posterior_var	posterior_sd	posterior_quant	is_contained	PESL
2.13034221480616	0.0792291422636846	0.281476717089859	0.901032830401977	1	0.215876020418197
