posterior_mean	posterior_var	posterior_sd	posterior_quant	is_contained	PESL
1.1992845339875	0.0105786900985591	0.10285275931427	0.996901326836401	0	0.101008481596917
