posterior_mean	posterior_var	posterior_sd	posterior_quant	is_contained	PESL
2.03771646094659	0.0782074041124526	0.279655867294882	0.46446871006726	1	0.0796299355387912
