posterior_mean	posterior_var	posterior_sd	posterior_quant	is_contained	PESL
1.58497871091641	0.127916821630557	0.35765461220367	0.874138806693502	1	0.30015949202301
