posterior_mean	posterior_var	posterior_sd	posterior_quant	is_contained	PESL
2.90760879071485	0.223236379549277	0.472478972600132	0.598123561331418	1	0.231772515102476
