posterior_mean	posterior_var	posterior_sd	posterior_quant	is_contained	PESL
1.45493370096694	0.0233640895542532	0.152853163376664	0.628186158019043	1	0.0253950608627938
