posterior_mean	posterior_var	posterior_sd	posterior_quant	is_contained	PESL
1.48644757220329	0.00151992271486491	0.0389861862056922	0.638821228967519	1	0.00170359101404695
