model	lik	mode	convergence
1A	-157.359736915704	3.2416945056899	0
1C	-210.092648103515	0.875090887557096	0
1G	-194.575636028188	0.433557999524028	0
1T	-194.575636028155	0.433558101975419	0
2A	-194.575635989179	0.433558136105725	0
2C	-194.341700307554	0.930617529930083	0
2G	-194.575635989146	0.433557177830717	0
2T	-187.884861272673	2.14180250001943	0
3A	-194.632744506051	0.385189641000085	0
3C	-194.575636014424	0.433558144203019	0
3G	-186.784839261192	2.17802070513066	0
3T	-194.575636014399	0.433558202565107	0
neutral	-194.861315826268	1	0
