posterior_mean	posterior_var	posterior_sd	posterior_quant	is_contained	PESL
2.05533853035531	0.0501489949220319	0.223939712695252	0.970836358018095	1	0.247872817508571
