model	lik	mode	convergence
1A	-262.595525991185	2.4317249964237	0
1C	-276.182925788682	0.433558157906928	0
1G	-276.182925788777	0.433558456609124	0
1T	-292.76569060053	0.993833104764117	0
2A	-281.936832487938	1.7955567973415	0
2C	-276.182925808939	0.433558168272457	0
2G	-276.1829258089	0.433558059621837	0
2T	-277.839422678724	0.973432882885523	0
3A	-276.182925802276	0.433558128957899	0
3C	-276.239779838848	0.397516656533122	0
3G	-287.164716389064	1.42735821812702	0
3T	-276.182925802191	0.433557921772975	0
4A	-276.18292580285	0.433557939215864	0
4C	-276.130169916458	0.325766390739045	0
4G	-276.182925802853	0.433557843775832	0
4T	-286.85465724698	1.44268875010855	0
5A	-287.096237961471	1.43066959478393	0
5C	-276.236953085374	0.378656040244975	0
5G	-276.182925816062	0.433558161624926	0
5T	-276.182925816061	0.433558092775428	0
neutral	-276.468605718791	1	0
