posterior_mean	posterior_var	posterior_sd	posterior_quant	is_contained	PESL
2.48290280410222	0.125556588422313	0.354339651213794	0.538360682026607	1	0.125848902529883
