posterior_mean	posterior_var	posterior_sd	posterior_quant	is_contained	PESL
2.58950832025276	0.0362529862498322	0.190402169761356	0.326002775090204	1	0.0442647256443002
