posterior_mean	posterior_var	posterior_sd	posterior_quant	is_contained	PESL
2.39210144648388	0.00912583247573331	0.0955292231504753	0.869958126620397	1	0.0207679303266381
