posterior_mean	posterior_var	posterior_sd	posterior_quant	is_contained	PESL
3.0237373707105	0.00615358878439399	0.0784448136232982	0.384096977358493	1	0.00671705155263737
