model	lik	mode	convergence
1A	-855.67704676609	2.05592634246336	0
1C	-917.744783232455	0.433558140448644	0
1G	-917.744783232454	0.433558023962629	0
1T	-932.149874830692	1.0084869398948	0
2A	-887.375951456107	1.6766889672361	0
2C	-917.744783236296	0.43355815641406	0
2G	-917.959482543985	0.681173988776756	0
2T	-917.744783236257	0.433558094236048	0
3A	-917.430314716904	1.52813873460854	0
3C	-888.142026553908	1.67263876623735	0
3G	-917.744783240476	0.433557904874726	0
3T	-917.744783240455	0.433557916803949	0
4A	-917.744783255418	0.433558068000714	0
4C	-917.77702232659	0.359340794288223	0
4G	-886.911735278043	1.68051638730343	0
4T	-917.744783255318	0.43355791194743	0
5A	-917.792266354925	0.410305272060152	0
5C	-917.744783223199	0.43355815632962	0
5G	-917.744783223235	0.433558231059386	0
5T	-887.209585824424	1.67720621136352	0
6A	-917.744783222329	0.433558203709695	0
6C	-887.215239031062	1.67714570068196	0
6G	-917.790938417359	0.411445920692226	0
6T	-917.744783222659	0.433558135656722	0
7A	-917.744783224661	0.433557906707337	0
7C	-917.744783224579	0.433557879714175	0
7G	-886.643117294244	1.68488289449622	0
7T	-917.989061048338	0.484265020086608	0
8A	-918.059970995036	0.899974646469165	0
8C	-917.744783232233	0.433558007976768	0
8G	-917.744783232239	0.433558005398649	0
8T	-887.498343378479	1.67656347483875	0
9A	-886.988539938922	1.67964171900914	0
9C	-917.744783250556	0.433558117393472	0
9G	-917.792461534979	0.371022420465081	0
9T	-917.744783250533	0.43355803109143	0
10A	-917.744783249988	0.43355808221817	0
10C	-917.744783249841	0.43355807625196	0
10G	-886.996607345162	1.67955062943982	0
10T	-917.793731190263	0.37230050628252	0
neutral	-918.03046171278	1	0
