posterior_mean	posterior_var	posterior_sd	posterior_quant	is_contained	PESL
2.06258955715502	0.0137127417326586	0.117101416441726	0.301186381217424	1	0.0176301943975296
