lik	gamma	delta
-1012.87321499859	0.00198316457054031	0.255281302697032
-1099.20744177713	0.00198316457054031	0.0135586979972713
-1099.48687024104	0.00198316457054031	0.0336279352146513
-1099.53452408308	0.00198316457054031	6.61069613519961e-05
-1040.19459170317	0.00198316457054031	0.141110597993834
-1099.53438636321	0.00198316457054031	6.61069613519961e-05
-1099.53438636321	0.00198316457054031	6.61069613519961e-05
-1099.53483922513	0.00198316457054031	6.61069613519961e-05
-1041.96093050185	0.00198316457054031	0.138764744730998
-1098.88228770354	0.00198316457054031	0.131689584950419
-1099.53438500001	0.00198316457054031	6.61069613519961e-05
-1099.53438500001	0.00198316457054031	6.61069613519961e-05
-1044.61155851171	0.00198316457054031	0.135364905766604
-1095.10534035178	0.00198316457054031	0.361898745213573
-1099.53438505412	0.00198316457054031	6.61069613519961e-05
-1099.53438505412	0.00198316457054031	6.61069613519961e-05
-1099.53440091948	0.00198316457054031	6.61069613519961e-05
-1099.53438499727	0.00198316457054031	6.61069613519961e-05
-1099.53438499727	0.00198316457054031	6.61069613519961e-05
-1041.27076321864	0.00198316457054031	0.138758234300871
-1099.53438515095	0.00198316457054031	6.61069613519961e-05
-1099.53453939294	0.00198316457054031	6.61069613519961e-05
-1040.96880243996	0.00198316457054031	0.139368153256225
-1099.53438515095	0.00198316457054031	6.61069613519961e-05
-1099.53454604794	0.00198316457054031	6.61069613519961e-05
-1095.70930872132	0.00198316457054031	0.361524145833642
-1099.53438517371	0.00198316457054031	6.61069613519961e-05
-1043.82023283093	0.00198316457054031	0.1365042780892
-1099.53438499225	0.00198316457054031	6.61069613519961e-05
-1099.53438499225	0.00198316457054031	6.61069613519961e-05
-1041.31175676855	0.00198316457054031	0.138670543115279
-1099.53438499225	0.00198316457054031	6.61069613519961e-05
-1041.31175676855	0.00198316457054031	0.138670543115251
-1099.53438499225	0.00198316457054031	6.61069613519961e-05
-1099.53438499225	0.00198316457054031	6.61069613519961e-05
-1099.53438499225	0.00198316457054031	6.61069613519961e-05
-1043.01046158223	0.00198316457054031	0.156949532381429
-1094.81600996716	0.00198316457054031	0.384945963993934
-1097.47528939055	0.00198316457054031	0.0538217393906945
-1099.5344414497	0.00198316457054031	6.61069613519961e-05
-1099.53438472636	0.00198316457054031	0
