model	lik	mode	convergence
1A	-380.367302622266	1.48105777220586	0
1C	-396.777240034942	0.916542073899121	0
1G	-381.324497302876	0.433558009245111	0
1T	-381.324497302852	0.43355790053831	0
2A	-381.324497289362	0.433558360416965	0
2C	-396.923799763928	1.06069959381704	0
2G	-381.359794398068	0.418848368845868	0
2T	-381.324497289493	0.433557766528507	0
3A	-381.470065266134	0.475266660253505	0
3C	-381.324497301435	0.433558189997818	0
3G	-381.324497301455	0.433558229800217	0
3T	-396.751109606221	1.08423192349427	0
4A	-381.326372361446	0.432961045736973	0
4C	-396.930414550625	1.0596436573494	0
4G	-381.324497284829	0.433620848660955	0
4T	-381.324497284342	0.433561637751811	0
5A	-381.324497303139	0.433557960403512	0
5C	-397.021934083558	1.03699436700344	0
5G	-381.324497303165	0.433557647230882	0
5T	-381.63476752906	1.28301322391893	0
6A	-381.324497315459	0.433558168119647	0
6C	-396.902803860388	1.06394469540391	0
6G	-381.379744123391	0.38076170384501	0
6T	-381.32449731568	0.433558138867876	0
7A	-381.324497309479	0.433558142283214	0
7C	-396.90793598211	1.06316543334238	0
7G	-381.324497309473	0.433558005178767	0
7T	-381.382422539172	0.389287605137636	0
8A	-381.381680552726	0.385439130545778	0
8C	-396.905652801313	1.06351316686214	0
8G	-381.324497312276	0.433558038400077	0
8T	-381.324497312248	0.43355825313196	0
neutral	-381.610176950872	1	0
