model	lik	mode	convergence
1A	-1052.13022419771	2.87769263095672	0
1C	-1366.75862353227	0.433558200987243	0
1G	-1380.57836302366	0.836976522861473	0
1T	-1366.75862353225	0.433558040435021	0
2A	-1366.799811905	0.415178810797254	0
2C	-1366.75862351195	0.433558152360716	0
2G	-1079.89280566156	2.76193277547822	0
2T	-1366.75862351194	0.43355786340211	0
3A	-1366.69510889555	0.852891012382539	0
3C	-1366.75862350834	0.433558163272306	0
3G	-1366.75862350845	0.43355829194712	0
3T	-1080.73608163888	2.7593766860192	0
4A	-1366.75862350949	0.433558283221769	0
4C	-1079.96199299457	2.76153675756589	0
4G	-1366.75862350969	0.43355797497343	0
4T	-1366.79079514146	0.420599263973118	0
5A	-1366.75862350771	0.433558126339775	0
5C	-1366.89678625851	0.745974259417442	0
5G	-1366.75862350776	0.433557603016056	0
5T	-1080.30164661484	2.76172676057516	0
6A	-1366.75862350995	0.433558193782899	0
6C	-1082.16368332493	2.7598214595412	0
6G	-1366.75862351007	0.43355829751007	0
6T	-1365.96256756904	1.88947280775651	0
7A	-1366.75862351128	0.433558246080795	0
7C	-1079.91575133232	2.76180065592109	0
7G	-1366.75862351141	0.433558145909415	0
7T	-1366.79711039905	0.416960660116872	0
8A	-1366.41392279718	1.54162353643019	0
8C	-1366.75862351201	0.433558161416904	0
8G	-1366.75862351209	0.433558038905848	0
8T	-1081.45534375648	2.75959331611939	0
9A	-1079.98885632266	2.76138494797582	0
9C	-1366.75862350871	0.433558233562473	0
9G	-1366.78652928189	0.422763836860894	0
9T	-1366.75862350871	0.433557972462281	0
10A	-1366.78374825628	0.424078316460902	0
10C	-1366.75862350792	0.433558131357203	0
10G	-1080.00490141694	2.76129481553659	0
10T	-1366.75862350794	0.433557838940588	0
11A	-1366.75862350802	0.433558161915474	0
11C	-1366.14513270101	1.7688649282522	0
11G	-1081.9028761247	2.76328749843187	0
11T	-1366.75862350772	0.433559067385149	0
12A	-1366.75862351023	0.433558140237533	0
12C	-1366.7934393002	0.419120073362549	0
12G	-1079.94371006988	2.76164071396589	0
12T	-1366.75862351014	0.43355813503853	0
13A	-1366.75862351274	0.433558126314152	0
13C	-1366.80074445712	0.414530720677327	0
13G	-1366.75862351277	0.433558240829732	0
13T	-1079.88431962798	2.7619818289064	0
14A	-1366.75862350518	0.433558374670873	0
14C	-1366.76160476601	0.432602007125831	0
14G	-1366.75862350676	0.433517821055699	0
14T	-1080.10496163233	2.76074233699957	0
neutral	-1367.04430247528	1	0
