posterior_mean	posterior_var	posterior_sd	posterior_quant	is_contained	PESL
2.8813874973721	0.0105946166719051	0.102930154337323	0.874676699903949	1	0.02466354244252
