posterior_mean	posterior_var	posterior_sd	posterior_quant	is_contained	PESL
1.52045456929047	0.0779583787834102	0.279210277001779	0.495635777412593	1	0.0783767681883331
