model	lik	mode	convergence
1A	-168.895436265846	2.67276868333171	0
1C	-193.899141089704	0.433558116162238	0
1G	-193.899141089695	0.433558125721741	0
1T	-197.71882798593	1.24683097912094	0
2A	-193.831280731459	1.38048198811233	0
2C	-193.899140999782	0.433557968772988	0
2G	-186.606712808486	2.11153127656377	0
2T	-193.899140999752	0.433557997670056	0
neutral	-194.184818919277	1	0
