posterior_mean	posterior_var	posterior_sd	posterior_quant	is_contained	PESL
1.49026626675902	0.0021526757103663	0.0463969364329834	0.586953831314051	1	0.00224742127317168
