posterior_mean	posterior_var	posterior_sd	posterior_quant	is_contained	PESL
1.79490370141634	0.167681925746481	0.40948983595015	0.246363885928493	1	0.254650118855529
