posterior_mean	posterior_var	posterior_sd	posterior_quant	is_contained	PESL
1.91921474082057	0.00984286620846487	0.0992112201742569	0.793980270270963	1	0.0163691243091559
