model	lik	mode	convergence
1A	-602.170639856287	1.83903116653273	0
1C	-605.707265463262	0.43355805801714	0
1G	-605.707265463247	0.433558112629361	0
1T	-620.956158439298	1.02871396446549	0
2A	-620.023913753787	1.1077222436411	0
2C	-605.739161983235	0.420744916966141	0
2G	-605.707265428704	0.433557909099035	0
2T	-605.707265428585	0.433558220198553	0
3A	-605.587220582541	0.378623942283973	0
3C	-605.707265460789	0.433558191434776	0
3G	-619.781442616243	1.12056045286733	0
3T	-605.707265460758	0.433558120275635	0
4A	-605.763200911567	0.382142452200946	0
4C	-619.991108351227	1.10950287894701	0
4G	-605.707265454271	0.433558186034432	0
4T	-605.707265454235	0.433558064139689	0
5A	-620.1049832891	1.10348724722665	0
5C	-605.707265450828	0.43355814189955	0
5G	-605.707265450805	0.433558036170621	0
5T	-605.993988382995	0.915992798673204	0
6A	-620.237068031644	1.09660138254751	0
6C	-605.707265431352	0.433558323872903	0
6G	-605.707265431309	0.433558040155827	0
6T	-606.490776982796	1.18192797521657	0
7A	-619.921933874531	1.11333089549969	0
7C	-605.707265445944	0.433558178140318	0
7G	-605.952513135453	0.472511935806255	0
7T	-605.707265445948	0.433558258961189	0
neutral	-605.992944638096	1	0
