posterior_mean	posterior_var	posterior_sd	posterior_quant	is_contained	PESL
1.90385200014741	0.120195867741927	0.346692756979327	0.947860075062555	1	0.475588305470274
