posterior_mean	posterior_var	posterior_sd	posterior_quant	is_contained	PESL
2.04258664913838	0.036204341484491	0.190274384730292	0.423047238292005	1	0.0380179641693335
