model	lik	mode	convergence
1A	-530.920053617749	2.41570378231553	0
1C	-570.4096806294	0.433558283487658	0
1G	-585.863135191765	0.910101007477503	0
1T	-570.409680629391	0.433557994324525	0
2A	-566.069533476945	1.62564715470902	0
2C	-570.463750568223	0.402962775343018	0
2G	-570.409680629756	0.4335581256055	0
2T	-570.409680629725	0.433558154336449	0
3A	-570.409680619526	0.433558009648008	0
3C	-570.409680619445	0.433558221845556	0
3G	-570.442195075693	0.420417672906037	0
3T	-566.149549762125	1.62391960977983	0
4A	-570.409680646924	0.433558118765089	0
4C	-570.464363713945	0.379726628471107	0
4G	-565.949011702896	1.62831619004995	0
4T	-570.409680646848	0.43355792002719	0
5A	-570.409680630824	0.43355815850721	0
5C	-570.295507235978	1.46411820339286	0
5G	-567.043553657989	1.61320211247951	0
5T	-570.409680630754	0.433558364934177	0
6A	-567.661392383599	1.59981719865215	0
6C	-568.750757637873	2.54169785310279	0
6G	-570.409680619236	0.433558516180237	0
6T	-570.409680619098	0.4335581599626	0
7A	-570.409680646782	0.433558134092049	0
7C	-565.949011703028	1.62831619199807	0
7G	-570.409680646868	0.433558178431228	0
7T	-570.464363713926	0.37972665684439	0
8A	-569.764417308762	1.80292301568482	0
8C	-570.409680620558	0.433558198483393	0
8G	-567.336066446608	1.60685194139515	0
8T	-570.409680620554	0.433558247539074	0
9A	-570.409680635239	0.433558173510986	0
9C	-566.46688439173	1.62143134227594	0
9G	-570.409680635307	0.433558251523257	0
9T	-570.660001523327	0.948785604647949	0
10A	-570.504541785667	1.41492577268559	0
10C	-570.409680627091	0.433558191515754	0
10G	-567.073350791634	1.61668595106186	0
10T	-570.409680627074	0.433558261490132	0
neutral	-570.69536030382	1	0
