posterior_mean	posterior_var	posterior_sd	posterior_quant	is_contained	PESL
2.91092939899951	0.0825700152891996	0.287349987452931	0.633053824402719	1	0.0905035872517826
