model	lik	mode	convergence
1A	-839.184677641765	2.41951033078014	0
1C	-937.796271287245	1.08228815158804	0
1G	-922.650382512355	0.433558094814139	0
1T	-922.650382512345	0.433558127931201	0
2A	-922.650382498188	0.433558181568297	0
2C	-880.196934983395	1.80930097636279	0
2G	-922.701755096812	0.406419474635065	0
2T	-922.650382498498	0.433558020403034	0
3A	-922.650382510462	0.43355813697458	0
3C	-923.074226028655	0.797508860589985	0
3G	-880.2361216858	1.81189577461152	0
3T	-922.650382510366	0.433558217943561	0
4A	-922.650382490214	0.433558276970814	0
4C	-922.680055763382	0.421889363096662	0
4G	-880.287249670321	1.80835905777467	0
4T	-922.650382490104	0.433557229573336	0
5A	-922.650382495681	0.433558131147504	0
5C	-922.650382495499	0.433557813256426	0
5G	-880.90918947488	1.80938753301738	0
5T	-922.971213266706	1.25898824507314	0
6A	-922.702241080564	0.405895282733834	0
6C	-880.193474873214	1.80933753049012	0
6G	-922.650382498955	0.433558286081521	0
6T	-922.650382498933	0.433558180756432	0
7A	-923.034286763799	0.550651102826955	0
7C	-878.993102871022	1.8245755559385	0
7G	-922.650382519606	0.433558112933107	0
7T	-922.650382519572	0.433558017585614	0
8A	-893.491529628974	1.72311327105781	0
8C	-905.601526923372	3.13997070871384	0
8G	-922.650382518789	0.433558033909496	0
8T	-922.650382518763	0.433558208065382	0
9A	-922.650382492656	0.433558092325524	0
9C	-881.587643576999	1.79953334818457	0
9G	-921.827328562953	1.88748217225848	0
9T	-922.650382492741	0.433558396890695	0
10A	-922.698677649054	0.409568444749688	0
10C	-922.650382496465	0.433558204216657	0
10G	-922.650382496514	0.433558132556629	0
10T	-880.216016112229	1.80909999646512	0
11A	-922.650382497318	0.43355817752017	0
11C	-880.207401672928	1.80919060335603	0
11G	-922.700152258368	0.408139514946128	0
11T	-922.650382497452	0.433558112966669	0
neutral	-922.936061999185	1	0
