model	lik	mode	convergence
1A	-589.836798092685	1.87161323056343	0
1C	-608.523572729323	0.43355824237418	0
1G	-624.400959144394	0.773262156508297	0
1T	-608.5235727293	0.433558119698956	0
2A	-608.52357272435	0.43355809843604	0
2C	-608.904677038055	0.833132320480538	0
2G	-622.758153386228	1.24110076906153	0
2T	-608.523572724233	0.4335578672256	0
3A	-622.656395587187	1.24304164486083	0
3C	-608.560745767697	0.417757230905791	0
3G	-608.523572698337	0.433558265793682	0
3T	-608.523572698258	0.433558378347583	0
4A	-622.650594025435	1.24322368623044	0
4C	-608.56586231027	0.414411094777133	0
4G	-608.523572699867	0.43355826656081	0
4T	-608.523572699844	0.433558213821248	0
5A	-622.806038005203	1.2395510955908	0
5C	-608.523572701739	0.433558098776352	0
5G	-608.851787097842	0.894609989994636	0
5T	-608.523572701702	0.433558026300752	0
6A	-607.67253291058	1.91292736517569	0
6C	-608.523572728132	0.43355812764955	0
6G	-608.523572728125	0.433558042660724	0
6T	-623.324077516144	1.22446552128025	0
7A	-622.606696230993	1.24460753940099	0
7C	-608.523572716014	0.433558134351508	0
7G	-608.581576721219	0.390874935258842	0
7T	-608.523572716015	0.433558171619281	0
8A	-608.523572556385	0.433557583825242	0
8C	-608.720256651624	0.49494792608283	0
8G	-622.524527089058	1.24819515074403	0
8T	-608.523572556296	0.433557563879032	0
9A	-608.523572687569	0.433557883337627	0
9C	-609.936117863215	0.858923170792574	0
9G	-608.52357268755	0.433558056274906	0
9T	-619.641620424461	1.36796439778482	0
10A	-608.523572726549	0.433558076576173	0
10C	-608.575930416613	0.376272507187959	0
10G	-622.576637791421	1.24556148460913	0
10T	-608.523572726449	0.433558067059938	0
neutral	-608.809252732269	1	0
