lik	gamma	delta
-1158.88141047717	0.00219597879401745	0.343388728838192
-1380.52432404959	0.00219597879401745	6.61069613519961e-05
-1379.79158080258	0.00219597879401745	0.0857448817315801
-1380.52185025925	0.00219597879401745	6.61069613519961e-05
-1182.55270956725	0.00219597879401745	0.291500147219853
-1380.52184689518	0.00219597879401745	6.61069613519961e-05
-1380.52194353344	0.00219597879401745	6.61069613519961e-05
-1380.52184689518	0.00219597879401745	6.61069613519961e-05
-1380.52184688975	0.00219597879401745	6.61069613519961e-05
-1380.52184688975	0.00219597879401745	6.61069613519961e-05
-1380.52193956675	0.00219597879401745	6.61069613519961e-05
-1182.57325184752	0.00219597879401745	0.291464626824193
-1358.49755737594	0.00219597879401745	0.315767196758219
-1204.51317896606	0.00219597879401745	0.288887663954164
-1380.52184690558	0.00219597879401745	6.61069613519961e-05
-1380.52193898432	0.00219597879401745	6.61069613519961e-05
-1380.52218575917	0.00219597879401745	6.61069613519961e-05
-1180.1374498322	0.00219597879401745	0.304297267584732
-1380.52184737705	0.00219597879401745	6.61069613519961e-05
-1378.82133841019	0.00219597879401745	0.999933893038648
-1376.30949499088	0.00219597879401745	0.515007801928587
-1380.52184687529	0.00219597879401745	6.61069613519961e-05
-1380.52186791143	0.00219597879401745	6.61069613519961e-05
-1186.68487002449	0.00219597879401745	0.289098911833058
-1380.52184701336	0.00219597879401745	6.61069613519961e-05
-1380.52184701336	0.00219597879401745	6.61069613519961e-05
-1380.52200615085	0.00219597879401745	6.61069613519961e-05
-1182.22438436899	0.00219597879401745	0.292079280729271
-1186.30105913747	0.00219597879401745	0.289813311490566
-1380.52184705459	0.00219597879401745	6.61069613519961e-05
-1376.12792531308	0.00219597879401745	0.577835902962741
-1380.5219376985	0.00219597879401745	6.61069613519961e-05
-1380.52185033964	0.00219597879401745	6.61069613519961e-05
-1380.52201457872	0.00219597879401745	6.61069613519961e-05
-1380.52423748012	0.00219597879401745	6.61069613519961e-05
-1160.28361731868	0.00219597879401745	0.334933977949399
-1186.20193814038	0.00219597879401745	0.289016968749533
-1376.87969056177	0.00219597879401745	0.564178481568931
-1380.52184683886	0.00219597879401745	6.61069613519961e-05
-1380.52184683886	0.00219597879401745	6.61069613519961e-05
-1380.52184610385	0.00219597879401745	0
