posterior_mean	posterior_var	posterior_sd	posterior_quant	is_contained	PESL
2.54776882911947	0.0750814001201881	0.274009854056726	0.444686391412832	1	0.0773632611556337
