model	lik	mode	convergence
1A	-486.216219340367	1.91699071687463	0
1C	-514.615513253927	0.433557602416235	0
1G	-516.415631426069	1.10572210035532	0
1T	-514.615513253898	0.433557591386617	0
2A	-514.615511432138	0.433558060261064	0
2C	-514.643756812639	0.422598340038204	0
2G	-514.615511432253	0.43355780839879	0
2T	-501.804427867964	1.77352182252849	0
3A	-501.779916768922	1.77402914090299	0
3C	-514.615511433982	0.433558139286137	0
3G	-514.652176044931	0.418058327524332	0
3T	-514.615511433984	0.433558043453435	0
4A	-514.783389536872	0.658164595970806	0
4C	-514.615511470615	0.433558000990014	0
4G	-501.835058263767	1.77641385582282	0
4T	-514.61551147058	0.433558037670363	0
5A	-514.615511470975	0.433558071109128	0
5C	-514.615511470847	0.433557896405287	0
5G	-514.795478976637	0.658673949876077	0
5T	-501.837237786574	1.77628340497215	0
6A	-514.615511433358	0.433558170559172	0
6C	-514.833941327198	0.691496393584841	0
6G	-501.936761096622	1.77356652050828	0
6T	-514.615511433087	0.43355819149678	0
7A	-514.615511447859	0.433558177048079	0
7C	-514.040394306656	1.75112376123104	0
7G	-514.615511447839	0.43355804740282	0
7T	-503.095125220073	1.75802834164437	0
8A	-514.615511442968	0.43355814789159	0
8C	-501.694838798188	1.77581690500952	0
8G	-514.615511443025	0.433558081560742	0
8T	-514.669364431782	0.403283794582489	0
9A	-514.615511443449	0.433558253085061	0
9C	-513.113786766943	1.62305353544769	0
9G	-501.646961263644	2.60199046708129	0
9T	-514.615511443749	0.43355806692654	0
10A	-501.717916521096	1.77532796433746	0
10C	-514.615511440362	0.433558179700486	0
10G	-514.61551144035	0.433558309072626	0
10T	-514.66624046849	0.407134252577735	0
neutral	-514.901190098301	1	0
