model	lik	mode	convergence
1A	-653.465403377546	1.86046086089401	0
1C	-664.763702759182	0.43355839067969	0
1G	-664.763702759355	0.433558537278928	0
1T	-679.750548247311	0.9209563555231	0
2A	-664.763702758921	0.433557890760026	0
2C	-677.964404435145	1.16564428318056	0
2G	-664.763702759221	0.433558115123907	0
2T	-664.780695381093	0.427563797578602	0
3A	-664.763702763761	0.433558124002907	0
3C	-664.763702763713	0.433558203085919	0
3G	-679.027194432037	0.861122553052473	0
3T	-655.349686754634	1.63639534810579	0
4A	-664.763702782085	0.43355812094082	0
4C	-677.915212161313	1.16760855483838	0
4G	-664.82148934893	0.388148663511528	0
4T	-664.763702782203	0.433558123443971	0
5A	-665.070194059713	0.585947612159138	0
5C	-664.763702781673	0.433558105171972	0
5G	-664.763702781661	0.433558187004812	0
5T	-677.94127528197	1.16692554798797	0
6A	-664.763702762106	0.433558111942234	0
6C	-678.075137926557	1.16219432534509	0
6G	-665.235827591548	0.966096914163055	0
6T	-664.763702762192	0.433558114145251	0
7A	-664.763702765365	0.433558133684148	0
7C	-666.409016515181	0.932902948915729	0
7G	-677.044315002282	1.21729499319621	0
7T	-664.763702765295	0.433558006613988	0
8A	-664.763702796303	0.433558121387515	0
8C	-664.763702796178	0.433558225256677	0
8G	-677.767720205851	1.17376119578213	0
8T	-664.962146626197	0.451917141772239	0
9A	-678.005161411407	1.16439229359224	0
9C	-664.763702796717	0.433558064479664	0
9G	-664.955788074945	0.666302777329073	0
9T	-664.763702796705	0.433558110935011	0
10A	-664.820988836716	0.385801289049748	0
10C	-664.763702783836	0.433558049112154	0
10G	-664.763702783837	0.433558024800895	0
10T	-677.911951464122	1.16773898170827	0
11A	-664.763702782272	0.433558123451547	0
11C	-664.821493643951	0.388176775775335	0
11G	-677.91525096611	1.16760700223489	0
11T	-664.763702782142	0.433558171988592	0
12A	-664.763702798892	0.433558052025549	0
12C	-664.791022366585	0.356477781386192	0
12G	-677.867613478329	1.16951524927333	0
12T	-664.763702798756	0.433558034541412	0
neutral	-665.049382090983	1	0
