posterior_mean	posterior_var	posterior_sd	posterior_quant	is_contained	PESL
1.94533407763363	0.0023917918903918	0.0489059494375868	0.867753519853014	1	0.00538015495855051
