posterior_mean	posterior_var	posterior_sd	posterior_quant	is_contained	PESL
3.05062786531302	0.00743547626802353	0.0862292077432208	0.280629712786131	1	0.00999865701423885
