posterior_mean	posterior_var	posterior_sd	posterior_quant	is_contained	PESL
3.12879877644169	0.0516727791552189	0.227316473567621	0.291097705657643	1	0.0682619039674836
