model	lik	mode	convergence
1A	-509.264519774383	2.98861721827403	0
1C	-673.738800273374	0.433558268138854	0
1G	-687.58198607681	0.912446073538615	0
1T	-673.738800273355	0.433558076021631	0
2A	-531.535347666963	2.83860633766671	0
2C	-673.788937423322	0.407762244755	0
2G	-673.738800257926	0.433558113458554	0
2T	-673.738800257875	0.433558216559041	0
3A	-673.738800249777	0.433558195196338	0
3C	-673.76353869754	0.424255292201012	0
3G	-673.738800249687	0.433558065458549	0
3T	-531.759638234516	2.83598450100936	0
4A	-672.740427893183	2.01605576601547	0
4C	-533.906342006957	2.82547359570971	0
4G	-673.738800257226	0.433558118422716	0
4T	-673.738800257187	0.433558045317457	0
5A	-670.442165689076	2.93606309441772	0
5C	-673.738800251329	0.433558166068472	0
5G	-536.611990997165	2.81699532586006	0
5T	-673.73880025135	0.433557757699932	0
6A	-673.738800249	0.43355806711946	0
6C	-673.738800249076	0.433557852113562	0
6G	-534.964368035752	2.81794742918738	0
6T	-671.623994174272	2.940439745007	0
7A	-533.555851275412	2.8514636532159	0
7C	-673.738800263308	0.433558185188352	0
7G	-673.738800263256	0.433558161658275	0
7T	-673.030154656342	1.76379153479569	0
8A	-673.738800252058	0.433558301706792	0
8C	-532.177944382933	2.83576241088366	0
8G	-673.82674592137	0.773127368670655	0
8T	-673.738800252217	0.433558118817195	0
9A	-673.789626355131	0.407028582981429	0
9C	-531.524648461171	2.83873486327501	0
9G	-673.738800258245	0.433558113335137	0
9T	-673.738800258232	0.433558114624555	0
neutral	-674.024479867995	1	0
