posterior_mean	posterior_var	posterior_sd	posterior_quant	is_contained	PESL
2.99635712074539	0.0231648221593165	0.152199941390647	0.516309786233249	1	0.0231780927285801
