posterior_mean	posterior_var	posterior_sd	posterior_quant	is_contained	PESL
1.45097011273216	0.00428129865729014	0.0654316334603542	0.775190890544914	1	0.00668522850279406
