posterior_mean	posterior_var	posterior_sd	posterior_quant	is_contained	PESL
2.04642918841104	0.0528706502543029	0.229936187352715	0.434231250216778	1	0.0550263197907849
