model	lik	mode	convergence
1A	-438.724285306115	1.8189114625723	0
1C	-440.726559630422	0.433558193318387	0
1G	-440.726559630434	0.433558193275433	0
1T	-454.368617251659	0.728531221125586	0
2A	-440.761251277564	0.419189864402424	0
2C	-440.726559611719	0.433557972198114	0
2G	-456.996303505661	0.829722861311077	0
2T	-440.726559611763	0.433557894853616	0
3A	-456.831633927712	0.820352392310593	0
3C	-440.726559618562	0.433558246682188	0
3G	-441.427228455611	0.876192216420515	0
3T	-440.726559618564	0.433557910407126	0
4A	-440.433113035958	0.520245763907689	0
4C	-440.726559612463	0.433558175634081	0
4G	-440.726559612538	0.433558093730627	0
4T	-457.632794384827	0.858580039025565	0
5A	-440.726559618668	0.433558173883121	0
5C	-440.777263502931	0.407161913533886	0
5G	-457.00972877746	0.83029500019682	0
5T	-440.72655961858	0.43355804595702	0
6A	-440.649855090772	0.3193162748542	0
6C	-440.726559611275	0.433557886511443	0
6G	-457.127255703215	0.835333309558094	0
6T	-440.726559611234	0.4335578351921	0
7A	-440.726551434912	0.433544411423057	0
7C	-457.408739416351	0.847061190856838	0
7G	-439.497072795978	0.261374274901233	0
7T	-440.726551435078	0.433544171590307	0
neutral	-441.012239628272	1	0
