posterior_mean	posterior_var	posterior_sd	posterior_quant	is_contained	PESL
1.92166697335698	0.191036336235072	0.437077036956956	0.900329603268794	1	0.525505425941198
