posterior_mean	posterior_var	posterior_sd	posterior_quant	is_contained	PESL
2.92593513096903	0.00564762024588427	0.0751506503357374	0.837909071033987	1	0.0111332250703967
