model	lik	mode	convergence
1A	-180.69500999098	2.74780497501469	0
1C	-210.845868572829	0.433558371168925	0
1G	-210.845868572882	0.433557957287611	0
1T	-225.497224898404	0.895983143252789	0
2A	-210.845868576179	0.433558119212296	0
2C	-203.197048080025	2.13912343325209	0
2G	-210.845868576315	0.433557892480714	0
2T	-210.889780912464	0.413222343886413	0
3A	-210.845868588793	0.433558216570228	0
3C	-203.027616141105	2.14638592203257	0
3G	-210.903505694612	0.394696668861374	0
3T	-210.845868588945	0.433558240292583	0
neutral	-211.131548118943	1	0
