posterior_mean	posterior_var	posterior_sd	posterior_quant	is_contained	PESL
2.86026403490573	0.0118079102808723	0.108664208831023	0.899407948695216	1	0.0313340502274909
