model	lik	mode	convergence
1A	-207.371648018065	3.11206808793121	0
1C	-230.93382150196	0.433558239239453	0
1G	-247.180684076175	1.03124034102326	0
1T	-230.933821501939	0.43355818613341	0
2A	-230.933821488456	0.433558244542552	0
2C	-236.68565231805	1.64510894799477	0
2G	-230.933821488747	0.433558409639882	0
2T	-230.955543656423	0.425594275030985	0
3A	-237.37134265879	1.62456127588297	0
3C	-230.933821491745	0.433558121043647	0
3G	-230.93382149171	0.433558229654878	0
3T	-230.677021355601	1.30527064628352	0
neutral	-231.21950138708	1	0
