model	lik	mode	convergence
1A	-563.851150010051	3.11139679742998	0
1C	-730.710161379559	0.433557915931679	0
1G	-745.620307050866	0.927557748334271	0
1T	-730.710161379693	0.433558824845172	0
2A	-607.794696483492	2.65835866595362	0
2C	-730.710161380684	0.433558282982363	0
2G	-730.710161380636	0.43355854642824	0
2T	-727.883955476374	2.6974969483213	0
3A	-601.343627430089	2.71702436680872	0
3C	-730.71016139017	0.433558062719844	0
3G	-730.710161390159	0.433558102865471	0
3T	-731.453132729475	0.962532580875925	0
4A	-730.710161384723	0.4335581684968	0
4C	-607.431741085122	2.65091627103695	0
4G	-730.7101613847	0.433558132056136	0
4T	-727.200275266644	3.97997108684288	0
5A	-603.007798898612	2.67978162003378	0
5C	-730.71016140045	0.433558185469712	0
5G	-730.710161400421	0.433558155857157	0
5T	-730.768165804671	0.391064006635436	0
6A	-730.710161381308	0.433558144111479	0
6C	-730.742517117204	0.420501909912178	0
6G	-603.403449515584	2.6751514250196	0
6T	-730.710161381139	0.433558050714666	0
7A	-602.960327861639	2.68442476886273	0
7C	-730.983818966267	0.622147806265999	0
7G	-730.710161408824	0.433557983226604	0
7T	-730.710161408804	0.433558120794171	0
8A	-603.414106989207	2.67503245844931	0
8C	-730.740803192693	0.42139589132964	0
8G	-730.710161381376	0.433558348577371	0
8T	-730.710161381285	0.433558100511998	0
9A	-730.923354983045	0.694143888007631	0
9C	-730.710161383666	0.433558237897909	0
9G	-730.710161383762	0.433558074989532	0
9T	-603.473131792725	2.67826464684008	0
10A	-614.087387062539	2.64318377103201	0
10C	-721.86203163045	2.99303486542032	0
10G	-730.710161388593	0.433558178583209	0
10T	-730.710161388551	0.433558220818226	0
neutral	-730.995840904403	1	0
