posterior_mean	posterior_var	posterior_sd	posterior_quant	is_contained	PESL
3.11985770377125	0.0263191251449997	0.162231702034466	0.232364407927738	1	0.0406849942983554
