posterior_mean	posterior_var	posterior_sd	posterior_quant	is_contained	PESL
1.78568555734032	0.0178719020687958	0.13368583346337	0.941528038967213	1	0.0638025824013148
