posterior_mean	posterior_var	posterior_sd	posterior_quant	is_contained	PESL
2.44402109222821	0.00429405502376453	0.0655290395455674	0.804207523120598	1	0.0074276931390267
