lik	gamma	delta
-1052.01811268571	0.00272730396415258	0.255280938894316
-1138.35343102791	0.00272730396415258	0.013558950771186
-1138.63269684121	0.00272730396415258	0.0336930715101768
-1138.6804923033	0.00272730396415258	6.61069613519961e-05
-1138.68035287405	0.00272730396415258	6.61069613519961e-05
-1083.16057150584	0.00272730396415258	0.136150863244503
-1138.68035287405	0.00272730396415258	6.61069613519961e-05
-1135.03072143037	0.00272730396415258	0.359407563012379
-1080.45609670156	0.00272730396415258	0.138674919361451
-1138.68035255585	0.00272730396415258	6.61069613519961e-05
-1138.68035255585	0.00272730396415258	6.61069613519961e-05
-1138.68035255585	0.00272730396415258	6.61069613519961e-05
-1080.11303337964	0.00272730396415258	0.139357293195398
-1138.68035267236	0.00272730396415258	6.61069613519961e-05
-1138.68051089665	0.00272730396415258	6.61069613519961e-05
-1138.68035267236	0.00272730396415258	6.61069613519961e-05
-1138.68062912593	0.00272730396415258	6.61069613519961e-05
-1079.14419045928	0.00272730396415258	0.1438723129837
-1137.79926011864	0.00272730396415258	0.135457278249739
-1138.68081900596	0.00272730396415258	6.61069613519961e-05
-1079.02218676394	0.00272730396415258	0.143508192566241
-1138.680353964	0.00272730396415258	6.61069613519961e-05
-1138.66436402117	0.00272730396415258	0.011711123528335
-1138.68040960483	0.00272730396415258	6.61069613519961e-05
-1138.68062072719	0.00272730396415258	6.61069613519961e-05
-1138.68035292594	0.00272730396415258	6.61069613519961e-05
-1138.68035292594	0.00272730396415258	6.61069613519961e-05
-1079.84958225837	0.00272730396415258	0.139925106559978
-1138.68035354158	0.00272730396415258	6.61069613519961e-05
-1138.68035354158	0.00272730396415258	6.61069613519961e-05
-1080.89627282711	0.00272730396415258	0.277970755010254
-1123.84017560022	0.00272730396415258	0.0796630693394349
-1138.68043273558	0.00272730396415258	6.61069613519961e-05
-1138.68035338939	0.00272730396415258	6.61069613519961e-05
-1079.42779700814	0.00272730396415258	0.144062635905611
-1138.42519721374	0.00272730396415258	0.0396675105479767
-1080.45609670156	0.00272730396415258	0.138674919361451
-1138.68035255585	0.00272730396415258	6.61069613519961e-05
-1138.68035255585	0.00272730396415258	6.61069613519961e-05
-1138.68035255585	0.00272730396415258	6.61069613519961e-05
-1138.68035210581	0.00272730396415258	0
