posterior_mean	posterior_var	posterior_sd	posterior_quant	is_contained	PESL
3.0777192453828	0.0797181627718762	0.282344050356788	0.402524127907906	1	0.0857584438747565
