posterior_mean	posterior_var	posterior_sd	posterior_quant	is_contained	PESL
1.42240719179842	0.0703157819914458	0.26517123145516	0.976999885436312	0	0.403929234077677
