model	lik	mode	convergence
1A	-155.381098115718	3.05126219115517	0
1C	-189.003835263748	0.433558114355971	0
1G	-189.003835263732	0.433558043001306	0
1T	-207.961299503739	1.229553790193	0
2A	-188.011668744056	2.33748489850247	0
2C	-182.719043823317	2.35931563979323	0
2G	-189.003835229481	0.433558067154827	0
2T	-189.00383522927	0.43355820482606	0
neutral	-189.289515292976	1	0
