posterior_mean	posterior_var	posterior_sd	posterior_quant	is_contained	PESL
3.09126083977692	0.122086870938758	0.349409317189394	0.410766234376391	1	0.130415411815547
