posterior_mean	posterior_var	posterior_sd	posterior_quant	is_contained	PESL
1.94064910189288	0.00368368480199731	0.0606933670346053	0.83608295475767	1	0.00720621390808438
