model	lik	mode	convergence
1A	-794.228835573515	1.99156062186285	0
1C	-863.423507608165	0.433558164885246	0
1G	-877.684924787063	1.02581868693796	0
1T	-863.423507608137	0.433558170278746	0
2A	-863.480651161133	0.396644004301115	0
2C	-863.423507608695	0.43355815508443	0
2G	-863.423507608699	0.433558155155113	0
2T	-812.23694855634	1.89195960347714	0
3A	-863.423507595636	0.433558260386021	0
3C	-812.949594969104	1.8863874431087	0
3G	-863.423507595854	0.433558092118906	0
3T	-863.301923195139	0.876663720570305	0
4A	-863.423507591097	0.433558600214032	0
4C	-813.070825914441	1.88515525230735	0
4G	-863.106415936062	0.96462286020437	0
4T	-863.423507591576	0.433558624264092	0
5A	-863.423507592199	0.433558028188791	0
5C	-863.423507591879	0.433557388418159	0
5G	-821.721280365525	1.84429006302308	0
5T	-854.593632114651	2.48394340766454	0
6A	-863.423507595531	0.433558090793021	0
6C	-863.423507595392	0.433557632700354	0
6G	-859.069263704231	3.28287049069114	0
6T	-816.377355735697	1.86463556125173	0
7A	-863.423507613525	0.433558093862195	0
7C	-863.423507613415	0.433558198055966	0
7G	-812.191732795862	1.89244639367708	0
7T	-863.481505865307	0.390531444548675	0
8A	-863.370494285313	0.83608954894398	0
8C	-863.42350760294	0.43355809787734	0
8G	-812.879268356981	1.88712865227438	0
8T	-863.423507602905	0.433558070156778	0
9A	-863.42350762471	0.433558075842229	0
9C	-863.423507624522	0.433558108681468	0
9G	-863.474498004284	0.374572010820688	0
9T	-812.065155293229	1.89383471585824	0
10A	-863.277317725494	0.886734182040387	0
10C	-863.42350759604	0.433558262336004	0
10G	-812.964932053603	1.88623570389181	0
10T	-863.423507596069	0.433558276589905	0
neutral	-863.709186720703	1	0
