posterior_mean	posterior_var	posterior_sd	posterior_quant	is_contained	PESL
1.9969240804106	0.0106540977711072	0.103218689059236	0.5187611025842	1	0.010663559052428
