model	lik	mode	convergence
1A	-660.238936757973	1.6149616726459	0
1C	-678.25585166196	1.02366206439132	0
1G	-662.024066379288	0.43355800917549	0
1T	-662.024066379278	0.433558017061974	0
2A	-662.024066357473	0.433558209168219	0
2C	-662.05480193072	0.421347601030596	0
2G	-677.621813265398	1.08879485197798	0
2T	-662.024066357387	0.433558313167801	0
3A	-677.596653322094	1.09037560630197	0
3C	-662.081244917703	0.385423135878911	0
3G	-662.024066380959	0.433558204596294	0
3T	-662.024066380933	0.433558172848945	0
4A	-662.024066360698	0.433558145215116	0
4C	-677.790567929919	1.07761159257144	0
4G	-661.680902466899	1.54014654300369	0
4T	-662.024066360789	0.433558226341978	0
5A	-662.024066379295	0.433557962347287	0
5C	-662.024066379221	0.433558037946878	0
5G	-678.255851661996	1.02366206381731	0
5T	-660.238936758039	1.61496167837026	0
6A	-662.455344756361	0.619502537220269	0
6C	-662.024066311175	0.433557756172172	0
6G	-662.024066311152	0.433557757665218	0
6T	-677.575474982224	1.09186430722919	0
7A	-677.611984100712	1.08941460027548	0
7C	-662.024066365484	0.43355815482575	0
7G	-662.024066365445	0.433558124493481	0
7T	-662.075392748424	0.406471838922955	0
8A	-662.02406638222	0.433558195416311	0
8C	-677.639595528347	1.08772665136238	0
8G	-662.282008489328	0.640697793621387	0
8T	-662.024066382286	0.433558114766959	0
9A	-677.594549686511	1.09050695510089	0
9C	-662.080254313444	0.382704834201034	0
9G	-662.024066382943	0.43355822444013	0
9T	-662.024066382902	0.433558098191059	0
10A	-662.024066358984	0.433558183096115	0
10C	-662.02406635896	0.433558096024364	0
10G	-677.619055242476	1.08896904379855	0
10T	-662.062376494893	0.417069171649892	0
11A	-677.630859123847	1.08834429908101	0
11C	-662.024066369357	0.433558193775715	0
11G	-662.024066369321	0.433558108615751	0
11T	-662.495605248231	0.738567494435571	0
neutral	-662.309746095267	1	0
