model	lik	mode	convergence
1A	-634.649933957781	1.48773058434049	0
1C	-634.807958357314	0.43355794382486	0
1G	-648.435536172979	1.07883859126349	0
1T	-634.807958357277	0.433558130966511	0
2A	-634.807958344848	0.433558197098782	0
2C	-648.238444375553	1.09164626323601	0
2G	-634.807958344924	0.433558121912155	0
2T	-634.857061329387	0.40880162646184	0
3A	-634.857303864656	0.372731525857586	0
3C	-634.807958370185	0.433558096242556	0
3G	-634.807958370167	0.433558072984838	0
3T	-648.210790938134	1.0933451918792	0
4A	-634.807958374947	0.433558060891372	0
4C	-634.807958374736	0.433558037817727	0
4G	-634.845651381846	0.362910348604279	0
4T	-648.202309065123	1.09386248795762	0
5A	-648.248123453504	1.09104687375641	0
5C	-634.807958337775	0.433558029188509	0
5G	-634.80795833784	0.433558048952684	0
5T	-634.834862169125	0.423247572782606	0
6A	-634.807958356307	0.433558113431576	0
6C	-635.101981245661	1.09828617100239	0
6G	-634.807958356303	0.433558168138116	0
6T	-648.353596999096	1.08443972353164	0
7A	-648.353596999058	1.08443972382403	0
7C	-634.807958356119	0.433558139520356	0
7G	-635.101981245418	1.09828613365924	0
7T	-634.807958356106	0.433558277197696	0
neutral	-635.093635658678	1	0
