lik	gamma	delta
-883.638187194121	0.00138665437293666	6.61069613519961e-05
-883.473758918313	0.00138665437293666	0.119229324909709
-882.615555210961	0.00138665437293666	0.0161335919712569
-883.638069322048	0.00138665437293666	6.61069613519961e-05
-883.638070430559	0.00138665437293666	6.61069613519961e-05
-883.638070430559	0.00138665437293666	6.61069613519961e-05
-882.619490766324	0.00138665437293666	0.0154498695985367
-883.638279378883	0.00138665437293666	6.61069613519961e-05
-883.638748398626	0.00138665437293666	6.61069613519961e-05
-883.638069489739	0.00138665437293666	6.61069613519961e-05
-882.51756279144	0.00138665437293666	0.0161855777570981
-883.63806948974	0.00138665437293666	6.61069613519961e-05
-883.638431061598	0.00138665437293666	6.61069613519961e-05
-883.638069370055	0.00138665437293666	6.61069613519961e-05
-882.594169370946	0.00138665437293666	0.0155795113570664
-883.638069370055	0.00138665437293666	6.61069613519961e-05
-883.638068759422	0.00138665437293666	6.61069613519961e-05
-883.638068759422	0.00138665437293666	6.61069613519961e-05
-882.679075981108	0.00138665437293666	0.014873396595867
-883.638068759422	0.00138665437293666	6.61069613519961e-05
-883.63836049497	0.00138665437293666	6.61069613519961e-05
-883.638070196523	0.00138665437293666	6.61069613519961e-05
-882.577250287621	0.00138665437293666	0.0159648415959819
-883.638070196523	0.00138665437293666	6.61069613519961e-05
-882.679075981108	0.00138665437293666	0.014873396595867
-883.638068759422	0.00138665437293666	6.61069613519961e-05
-883.638068759422	0.00138665437293666	6.61069613519961e-05
-883.638068759422	0.00138665437293666	6.61069613519961e-05
-883.638285341839	0.00138665437293666	6.61069613519961e-05
-882.563102660024	0.00138665437293666	0.0160151393328524
-883.638239175057	0.00138665437293666	6.61069613519961e-05
-883.638070018324	0.00138665437293666	6.61069613519961e-05
-883.638155242612	0.00138665437293666	6.61069613519961e-05
-882.659427255393	0.00138665437293666	0.015037870460201
-883.638068794237	0.00138665437293666	6.61069613519961e-05
-883.638068794237	0.00138665437293666	6.61069613519961e-05
-883.63806895972	0.00138665437293666	6.61069613519961e-05
-883.110240597145	0.00138665437293666	0.0370260971658966
-883.011901171821	0.00138665437293666	0.0125935603931243
-883.63806895972	0.00138665437293666	6.61069613519961e-05
-883.638068608278	0.00138665437293666	0
