posterior_mean	posterior_var	posterior_sd	posterior_quant	is_contained	PESL
2.18950680238581	0.0323347373456324	0.179818623467182	0.144945048385767	1	0.0682475654961491
