posterior_mean	posterior_var	posterior_sd	posterior_quant	is_contained	PESL
1.46668913668582	0.00223272386360014	0.047251707520471	0.761279054349743	1	0.003342337478377
