posterior_mean	posterior_var	posterior_sd	posterior_quant	is_contained	PESL
2.56434629618376	0.0181371416000975	0.134674205399911	0.321227846545027	1	0.0222775874326636
