model	lik	mode	convergence
1A	-1029.81644553564	1.5801635045088	0
1C	-1069.08152429387	0.94201979287999	0
1G	-1053.48883428701	0.433557733480579	0
1T	-1053.48883428699	0.43355777965399	0
2A	-1054.22731881913	1.33773401774758	0
2C	-1053.40987259375	0.318743844381549	0
2G	-1053.48883432346	0.433557848473072	0
2T	-1053.48883432346	0.433557869933622	0
3A	-1053.48883432345	0.433557977441787	0
3C	-1053.5109943024	0.425404383083975	0
3G	-1053.48883432348	0.433557960527064	0
3T	-1054.55056184136	1.33324848836117	0
4A	-1053.66109305946	0.702944497399225	0
4C	-1053.48883434837	0.433558163895459	0
4G	-1053.48883434837	0.433558113088076	0
4T	-1054.65687841631	1.33234611570576	0
5A	-1053.48883433928	0.433558121377254	0
5C	-1054.70287762056	1.33172063929107	0
5G	-1053.48883433933	0.433558117188676	0
5T	-1053.59836596542	0.749794619540944	0
6A	-1053.48883432328	0.433557355084948	0
6C	-1053.48883432265	0.433558366682381	0
6G	-1053.50243809078	0.428874125258564	0
6T	-1054.55825245577	1.33314612097784	0
7A	-1053.48883436232	0.433558044879904	0
7C	-1053.48883436207	0.433558030284193	0
7G	-1053.53335251708	0.407171133150746	0
7T	-1053.98140207952	1.3413107125133	0
8A	-1054.03260386792	1.02989284872945	0
8C	-1054.75201931732	1.33252928612657	0
8G	-1053.48883434931	0.433558080499723	0
8T	-1053.48883434929	0.433557995308974	0
9A	-1053.48883432882	0.433558121929548	0
9C	-1054.68736958946	1.3323995794113	0
9G	-1053.48883432898	0.433558192246331	0
9T	-1053.85427466188	0.86314582715668	0
10A	-1054.22786791702	1.3442750472185	0
10C	-1053.48883430764	0.433557835271492	0
10G	-1053.48883430761	0.433557805725082	0
10T	-1054.66957838511	0.994677678728188	0
11A	-1053.48883436133	0.433558053388303	0
11C	-1053.48883436121	0.433558158733735	0
11G	-1054.38457138463	1.33550994357419	0
11T	-1053.52641401376	0.362831571058095	0
neutral	-1053.77451392205	1	0
