posterior_mean	posterior_var	posterior_sd	posterior_quant	is_contained	PESL
1.58571224552936	0.00873817863343729	0.0934782254508358	0.180296377137551	1	0.0160847676672769
