posterior_mean	posterior_var	posterior_sd	posterior_quant	is_contained	PESL
1.52172536612449	0.00150304494620742	0.0387691236192853	0.289597066196892	1	0.00197503647944023
