posterior_mean	posterior_var	posterior_sd	posterior_quant	is_contained	PESL
1.52906268386761	0.00438917607643639	0.0662508571751067	0.334686899224828	1	0.00523381567002346
