model	lik	mode	convergence
1A	-289.062242120281	2.02254964021568	0
1C	-294.785659796836	0.433558119090831	0
1G	-294.78565979683	0.4335580651208	0
1T	-308.966653250202	0.902752252285143	0
2A	-294.785659788617	0.433558221387463	0
2C	-309.181411480221	1.05881713285561	0
2G	-291.586876891682	2.88961047800362	0
2T	-294.785659788633	0.433558002571591	0
3A	-294.785659808054	0.433558151264913	0
3C	-308.586102551294	1.13071253886947	0
3G	-294.840201027527	0.379486783086038	0
3T	-294.78565980824	0.433558001634393	0
neutral	-295.071338522495	1	0
