posterior_mean	posterior_var	posterior_sd	posterior_quant	is_contained	PESL
2.00131714645302	0.0314758634731231	0.177414383501234	0.50889433124606	1	0.0314775983479019
