posterior_mean	posterior_var	posterior_sd	posterior_quant	is_contained	PESL
2.62535149108444	0.00456443218641613	0.0675605816021157	0.0302473662691001	1	0.0202774285394923
