posterior_mean	posterior_var	posterior_sd	posterior_quant	is_contained	PESL
2.81134927698885	0.0203817197398405	0.1427645605178	0.90486411188647	1	0.0559708150219503
