model	lik	mode	convergence
1A	-294.972424202981	2.519081043896	0
1C	-351.907300412272	0.433558056369609	0
1G	-366.084388793836	1.08736454824166	0
1T	-351.90730041224	0.433558220673494	0
2A	-351.907300406742	0.433558154006297	0
2C	-351.96328056356	0.399615374707864	0
2G	-313.038388754316	2.31006868322085	0
2T	-351.907300406591	0.433558276278198	0
3A	-351.907300393537	0.433558238366108	0
3C	-313.522580354193	2.30535896998247	0
3G	-351.907300393779	0.433558116746289	0
3T	-352.0683859091	0.730890923866257	0
neutral	-352.192979726922	1	0
