model	lik	mode	convergence
1A	-225.921991578308	2.09737932831987	0
1C	-254.684795418685	0.796457066546166	0
1G	-240.40461884305	0.433558284696889	0
1T	-240.404618843029	0.433558096633666	0
2A	-240.404618841869	0.433557896819589	0
2C	-240.404618841761	0.433557974567214	0
2G	-248.30991895993	1.50490612152296	0
2T	-240.661933863687	0.521239248470241	0
3A	-251.867137969569	1.38172097669313	0
3C	-240.404618836115	0.433558086127459	0
3G	-237.872424708585	1.80383657644569	0
3T	-240.404618835897	0.433557600666474	0
neutral	-240.690298317462	1	0
