model	lik	mode	convergence
1A	-501.645073663287	1.51781153568284	0
1C	-506.527680686578	0.43355811024891	0
1G	-506.527680686577	0.433558094664243	0
1T	-520.496886778299	1.10447796657192	0
2A	-506.527680656178	0.433558142693426	0
2C	-506.527680656021	0.433557662381351	0
2G	-516.189416705455	1.26216067384473	0
2T	-506.56428067346	0.418096278836752	0
3A	-506.527680674406	0.433558143997606	0
3C	-516.134840130542	1.26380883109929	0
3G	-506.527680674467	0.433558061609073	0
3T	-506.585682832465	0.390713444332296	0
4A	-506.585670703222	0.390277722959559	0
4C	-516.13390602922	1.2638372375079	0
4G	-506.527680674677	0.433558061712416	0
4T	-506.527680674653	0.433558174595194	0
neutral	-506.813359259541	1	0
