posterior_mean	posterior_var	posterior_sd	posterior_quant	is_contained	PESL
1.53548959491226	0.0269342813407967	0.164116669905274	0.427812162064159	1	0.0281937926891141
