posterior_mean	posterior_var	posterior_sd	posterior_quant	is_contained	PESL
3.09932732488361	0.0253692277065456	0.159277203976419	0.269870623214228	1	0.0352351451750737
