posterior_mean	posterior_var	posterior_sd	posterior_quant	is_contained	PESL
2.83359607173405	0.0103512812845939	0.101741246722231	0.947005745957898	1	0.0380415486270083
