model	lik	mode	convergence
1A	-252.831692030452	1.80998915071571	0
1C	-281.699982796016	0.869411783044562	0
1G	-261.833779145219	0.433558170894969	0
1T	-261.8337791452	0.433558175990579	0
2A	-261.83377913726	0.433558101093828	0
2C	-261.849650587974	0.801916633120981	0
2G	-261.833779137263	0.433557886416745	0
2T	-277.014054193765	1.40774832350344	0
3A	-261.833779136199	0.433558091777845	0
3C	-261.88718669343	0.403916418979182	0
3G	-276.71620590213	1.41959539812469	0
3T	-261.833779136143	0.433558192170094	0
4A	-263.400141140928	0.554913459597257	0
4C	-261.833780195951	0.433557436962337	0
4G	-261.833780195921	0.433557469857542	0
4T	-257.828074662525	1.46372262699993	0
neutral	-262.119459189771	1	0
