posterior_mean	posterior_var	posterior_sd	posterior_quant	is_contained	PESL
3.03054426532429	0.00585057855515658	0.0764890747437605	0.347435031924778	1	0.00678353069938625
