posterior_mean	posterior_var	posterior_sd	posterior_quant	is_contained	PESL
3.15306310562558	0.0211679385610116	0.145492056693868	0.145914042907107	1	0.0445962528646668
