posterior_mean	posterior_var	posterior_sd	posterior_quant	is_contained	PESL
1.4873218256695	0.00337540507413891	0.0580982364116064	0.591199795601219	1	0.00353614117849499
