posterior_mean	posterior_var	posterior_sd	posterior_quant	is_contained	PESL
2.43550397064099	0.0084208525794018	0.0917652035327215	0.760921726398988	1	0.0125805903824927
