posterior_mean	posterior_var	posterior_sd	posterior_quant	is_contained	PESL
2.94474439237986	0.00597805128769259	0.0773178587888503	0.763921804195143	1	0.00903123346114698
