posterior_mean	posterior_var	posterior_sd	posterior_quant	is_contained	PESL
2.03340892985698	0.0058874020604623	0.0767294080549453	0.335339955595883	1	0.00700355865466342
