posterior_mean	posterior_var	posterior_sd	posterior_quant	is_contained	PESL
1.37494508314858	0.769904190422178	0.8774418444673	0.667687610990242	1	0.785542922652598
