lik	gamma	delta
-750.979192939633	0.00222248880302193	0.135462678675193
-762.90258222765	0.00222248880302193	6.61069613519961e-05
-761.91591335042	0.00222248880302193	0.0213330102931387
-762.902313038087	0.00222248880302193	6.61069613519961e-05
-755.665606071154	0.00222248880302193	0.0506078304438784
-762.902117643986	0.00222248880302193	6.61069613519961e-05
-762.902117643986	0.00222248880302193	6.61069613519961e-05
-762.902187049373	0.00222248880302193	6.61069613519961e-05
-762.902282950376	0.00222248880302193	6.61069613519961e-05
-762.902122205867	0.00222248880302193	6.61069613519961e-05
-755.450626335949	0.00222248880302193	0.0520699790392799
-762.902122205867	0.00222248880302193	6.61069613519961e-05
-762.902118487637	0.00222248880302193	6.61069613519961e-05
-762.06359528311	0.00222248880302193	0.0197772774946967
-752.011298124161	0.00222248880302193	0.121210644036218
-762.902118487637	0.00222248880302193	6.61069613519961e-05
-762.902117549615	0.00222248880302193	6.61069613519961e-05
-762.902117549615	0.00222248880302193	6.61069613519961e-05
-755.788358927551	0.00222248880302193	0.0498241114994541
-762.902117549615	0.00222248880302193	6.61069613519961e-05
-755.788358927552	0.00222248880302193	0.0498241114997961
-762.902117549615	0.00222248880302193	6.61069613519961e-05
-762.902117549615	0.00222248880302193	6.61069613519961e-05
-762.902117549615	0.00222248880302193	6.61069613519961e-05
-761.984981763873	0.00222248880302193	0.0711589772450898
-756.49664083787	0.00222248880302193	0.0490656817108444
-762.902280369286	0.00222248880302193	6.61069613519961e-05
-762.902118376736	0.00222248880302193	6.61069613519961e-05
-762.902117692335	0.00222248880302193	6.61069613519961e-05
-755.681817090329	0.00222248880302193	0.0503003907688976
-762.902255040575	0.00222248880302193	6.61069613519961e-05
-762.902117692335	0.00222248880302193	6.61069613519961e-05
-762.902576626326	0.00222248880302193	6.61069613519961e-05
-762.902119474862	0.00222248880302193	6.61069613519961e-05
-762.902338364054	0.00222248880302193	6.61069613519961e-05
-755.235660792134	0.00222248880302193	0.0523428621974788
-762.398580191854	0.00222248880302193	0.0370033500732024
-756.128081017603	0.00222248880302193	0.0526631639178343
-762.902121288819	0.00222248880302193	6.61069613519961e-05
-762.902121288819	0.00222248880302193	6.61069613519961e-05
-762.902116902772	0.00222248880302193	0
