model	lik	mode	convergence
1A	-628.871787758133	2.37671380989958	0
1C	-738.581405295277	1.88744071931832	0
1G	-731.013071802793	0.43355820854888	0
1T	-731.013071802767	0.433558274512559	0
2A	-636.613788815344	2.32982034670527	0
2C	-730.263842707092	1.80469281759648	0
2G	-731.013071816348	0.433558205335117	0
2T	-731.013071816311	0.433558013824857	0
3A	-731.013071811372	0.433558145887223	0
3C	-711.209553484739	2.2397346321966	0
3G	-657.240148302013	2.34959984309197	0
3T	-731.013071811232	0.433558167371806	0
4A	-724.096235848308	2.18290790603964	0
4C	-644.015529177964	2.33859700613524	0
4G	-731.013071799822	0.433558013373896	0
4T	-731.013071799801	0.433558175192341	0
5A	-731.013071805518	0.433558124216346	0
5C	-731.065539484817	0.40515288282736	0
5G	-731.013071805457	0.433557644454727	0
5T	-634.818040377393	2.33962486886261	0
6A	-731.013071795563	0.433558149568711	0
6C	-730.598239441252	1.41446265801306	0
6G	-731.013071795491	0.433557764427925	0
6T	-636.229800260689	2.33069336548804	0
neutral	-731.298750220127	1	0
