posterior_mean	posterior_var	posterior_sd	posterior_quant	is_contained	PESL
2.38327150616661	0.0155997244306374	0.124898856802764	0.825660202756569	1	0.0292252657032538
