posterior_mean	posterior_var	posterior_sd	posterior_quant	is_contained	PESL
2.0454930103859	0.0555486513914654	0.235687613996717	0.438142374861873	1	0.057618265385378
