posterior_mean	posterior_var	posterior_sd	posterior_quant	is_contained	PESL
2.57378327027786	0.0177594301370152	0.133264511919022	0.294011845504152	1	0.0232034011098887
