model	lik	mode	convergence
1A	-272.111263318409	1.85996975263736	0
1C	-293.476898255359	1.07707564574189	0
1G	-280.372166508714	0.433558238849541	0
1T	-280.372166508657	0.433558183605808	0
2A	-280.556501699548	1.33807694749784	0
2C	-280.372166495688	0.433558522173206	0
2G	-287.764214067557	1.46243817539353	0
2T	-280.372166495707	0.433558351802735	0
3A	-280.329320158753	1.48527147275749	0
3C	-280.372166507601	0.433558104406991	0
3G	-280.372166507643	0.433558276452742	0
3T	-288.243541576428	1.45296426621412	0
4A	-287.054532575923	1.48136325518581	0
4C	-280.372166500797	0.433558163669675	0
4G	-280.372166500784	0.433558176696386	0
4T	-280.421009541273	0.40905219308875	0
neutral	-280.657843382516	1	0
