posterior_mean	posterior_var	posterior_sd	posterior_quant	is_contained	PESL
1.89110689540266	0.0582737181597828	0.24139949908768	0.686328560092556	1	0.0701314263886304
