posterior_mean	posterior_var	posterior_sd	posterior_quant	is_contained	PESL
2.70636893175565	0.0465276292024543	0.215702640694207	0.169674210639155	1	0.0891157651963904
