posterior_mean	posterior_var	posterior_sd	posterior_quant	is_contained	PESL
2.4803985291784	0.00996820197408821	0.0998408832797878	0.582869205762342	1	0.0103524196325078
