lik	gamma	delta
-1096.56413587376	0.0025342440231537	0.193485840428935
-1165.17034500873	0.0025342440231537	6.61069613519961e-05
-1165.16896688271	0.0025342440231537	6.61069613519961e-05
-1165.16896688271	0.0025342440231537	6.61069613519961e-05
-1165.16896691697	0.0025342440231537	6.61069613519961e-05
-1165.16903513247	0.0025342440231537	6.61069613519961e-05
-1165.16896691697	0.0025342440231537	6.61069613519961e-05
-1118.04348644477	0.0025342440231537	0.121147626899482
-1165.16896809357	0.0025342440231537	6.61069613519961e-05
-1165.16934530897	0.0025342440231537	6.61069613519961e-05
-1117.38976585677	0.0025342440231537	0.122603444167058
-1165.16896809357	0.0025342440231537	6.61069613519961e-05
-1119.51460569946	0.0025342440231537	0.119799005587034
-1165.16896729304	0.0025342440231537	6.61069613519961e-05
-1165.06892181028	0.0025342440231537	0.0784790342340192
-1163.26322400977	0.0025342440231537	0.378436918769991
-1159.66812420823	0.0025342440231537	0.394277484041008
-1165.05579910408	0.0025342440231537	0.0300414233946731
-1124.78715953806	0.0025342440231537	0.119153724579931
-1161.31261444746	0.0025342440231537	0.152454081397984
-1165.16896838016	0.0025342440231537	6.61069613519961e-05
-1165.16935444015	0.0025342440231537	6.61069613519961e-05
-1117.61121284354	0.0025342440231537	0.122663607609495
-1164.8589488358	0.0025342440231537	0.194539076985682
-1164.35530467488	0.0025342440231537	0.160924724925548
-1165.16896717809	0.0025342440231537	6.61069613519961e-05
-1118.69002297236	0.0025342440231537	0.121060831085824
-1165.16909441268	0.0025342440231537	6.61069613519961e-05
-1119.11297190235	0.0025342440231537	0.129135387745807
-1161.74294891333	0.0025342440231537	0.14598908544366
-1165.16896927103	0.0025342440231537	6.61069613519961e-05
-1165.1409167882	0.0025342440231537	0.0101739300792316
-1162.97245102239	0.0025342440231537	0.766867062470001
-1117.01075081163	0.0025342440231537	0.127399828252575
-1165.16947240308	0.0025342440231537	6.61069613519961e-05
-1164.63820292622	0.0025342440231537	0.160486346359093
-1165.16896687754	0.0025342440231537	6.61069613519961e-05
-1118.17164685325	0.0025342440231537	0.12088623308803
-1165.16896687754	0.0025342440231537	6.61069613519961e-05
-1165.16896687754	0.0025342440231537	6.61069613519961e-05
-1165.16896556759	0.0025342440231537	0
