model	lik	mode	convergence
1A	-288.009396414689	2.24010717181158	0
1C	-311.182776320049	0.893328130709065	0
1G	-296.597116801209	0.433558204245852	0
1T	-296.597116801194	0.433558012152866	0
2A	-296.650662971149	0.377925584618181	0
2C	-310.286820501618	1.17840352653804	0
2G	-296.597116821735	0.43355805979855	0
2T	-296.597116821706	0.433558090393146	0
3A	-296.597116824512	0.433558121431999	0
3C	-296.6473930117	0.373749054358055	0
3G	-310.280042627001	1.17890906260969	0
3T	-296.597116824421	0.433558427226759	0
4A	-296.597116805904	0.433558154918418	0
4C	-296.652990495422	0.399836580080683	0
4G	-310.319843115558	1.17593558578126	0
4T	-296.597116805781	0.43355812460615	0
neutral	-296.882796037952	1	0
