posterior_mean	posterior_var	posterior_sd	posterior_quant	is_contained	PESL
2.30144032961678	0.138825615707511	0.372593096698679	0.214011634634938	1	0.229691888026961
