model	lik	mode	convergence
1A	-747.009675167116	0.337091673842725	0
1C	-747.026706189423	0.433558011890275	0
1G	-760.986555603228	0.968946966749631	0
1T	-747.02670618939	0.433558026547913	0
2A	-760.99507854026	0.974823639461553	0
2C	-747.026706195464	0.433558077184906	0
2G	-747.882713464595	0.741439467242822	0
2T	-747.026706195452	0.433558025628813	0
3A	-747.026706184248	0.433557959696126	0
3C	-747.026706184038	0.433558070272946	0
3G	-746.995640349796	0.332320725011236	0
3T	-760.987710383276	0.969165135305378	0
4A	-747.072288452712	0.411916809145275	0
4C	-747.026706162883	0.433558148618416	0
4G	-747.026706162941	0.433558252210985	0
4T	-760.969913690869	0.966049409085706	0
5A	-747.02670618133	0.433557941196228	0
5C	-747.02670618122	0.433557915038148	0
5G	-760.982910146135	0.969035291099754	0
5T	-747.434625449104	0.568349430917602	0
6A	-747.026706196699	0.433558083414243	0
6C	-747.026706196554	0.433557956696759	0
6G	-760.982218982457	0.968149902882398	0
6T	-747.051995356904	0.355308137805306	0
7A	-746.995347235375	0.332227282142451	0
7C	-747.026706183922	0.433558001853021	0
7G	-760.987733518927	0.969169534677496	0
7T	-747.026706183883	0.433557984253658	0
8A	-747.026706165949	0.433558178520993	0
8C	-760.965682242657	0.965677647186684	0
8G	-747.026706165996	0.433558075150122	0
8T	-747.340994767435	0.583352470511937	0
9A	-760.817233201565	0.954032946108963	0
9C	-747.026706194376	0.433558082050742	0
9G	-747.026706194342	0.433558137448665	0
9T	-748.747117434839	0.990970548087211	0
10A	-747.026706176811	0.433558126238184	0
10C	-747.026706176707	0.433558209428678	0
10G	-760.926168540997	0.960177393709261	0
10T	-747.181573699535	1.01442759648652	0
11A	-747.08077501541	0.378721236785542	0
11C	-760.976920665703	0.967218844642881	0
11G	-747.026706186703	0.433558020602452	0
11T	-747.026706186694	0.433558073563277	0
12A	-747.026706166182	0.433558109080118	0
12C	-747.340994767511	0.583352457436357	0
12G	-760.965682242717	0.965677649380499	0
12T	-747.02670616603	0.433558318911446	0
neutral	-747.312382761838	1	0
