posterior_mean	posterior_var	posterior_sd	posterior_quant	is_contained	PESL
1.60974676307245	0.0342453918936291	0.185055105019097	0.284964287333331	1	0.046289743898519
