model	lik	mode	convergence
1A	-575.998803774269	2.65406727902755	0
1C	-597.709159516476	0.433558161878282	0
1G	-597.709159516501	0.433558219359361	0
1T	-610.646003732914	1.07893529846272	0
2A	-597.729539306049	0.426168582261651	0
2C	-597.70915950307	0.433558192129023	0
2G	-597.709159503271	0.433559389756697	0
2T	-602.987963249187	1.3484100872228	0
3A	-597.709159484455	0.433557846455694	0
3C	-602.613114229212	1.35860729934039	0
3G	-597.709159484507	0.433557775691208	0
3T	-597.604431321807	0.312569987357913	0
4A	-597.766751573825	0.38706862174723	0
4C	-597.709159527193	0.433558187936672	0
4G	-597.709159527189	0.433557894934844	0
4T	-602.885363303517	1.35112219503941	0
5A	-597.70915948305	0.433557844440025	0
5C	-598.331304021688	0.669088341565756	0
5G	-602.356264095674	1.3694668861856	0
5T	-597.709159482967	0.433557998602771	0
6A	-597.709159467076	0.433557784372904	0
6C	-598.898486876196	0.849437983661759	0
6G	-597.709159467061	0.433557748584454	0
6T	-601.558927349331	1.40211107251991	0
7A	-602.921172574864	1.35116052658031	0
7C	-597.709159515367	0.433558162047658	0
7G	-597.709159515332	0.433558256950488	0
7T	-598.020965995676	0.586899083020105	0
8A	-597.709159502551	0.433558716726411	0
8C	-602.991896211859	1.34830746157133	0
8G	-597.725422133018	0.427846547755572	0
8T	-597.709159503003	0.433558283064949	0
9A	-602.834784330008	1.35248278793712	0
9C	-597.75626772784	0.370474070219861	0
9G	-597.709159538213	0.433558030667644	0
9T	-597.709159538188	0.433558125852111	0
10A	-602.644657441337	1.35772107847482	0
10C	-597.709159506047	0.433557892043709	0
10G	-597.709159506014	0.433557874952089	0
10T	-597.633644659707	0.319620191195599	0
neutral	-597.994834193981	1	0
