model	lik	mode	convergence
1A	-450.157879383336	2.85167265308705	0
1C	-497.284778143867	0.433558137167171	0
1G	-497.284778144131	0.433558582800824	0
1T	-511.625211062484	0.962515086396134	0
2A	-491.51773398606	1.6306633227228	0
2C	-497.541468513803	0.954058887821435	0
2G	-497.284778144573	0.433557747356516	0
2T	-497.284778144308	0.433558143609913	0
3A	-497.284778150539	0.433558061685725	0
3C	-497.284778150146	0.43355818059711	0
3G	-497.140525044652	0.883213491216545	0
3T	-491.624567191269	1.62633263403584	0
4A	-497.341411489384	0.383800851999043	0
4C	-491.005149814799	1.63743126907725	0
4G	-497.284778170695	0.433558021497261	0
4T	-497.284778170672	0.433558093849549	0
5A	-497.284778179822	0.433558093354542	0
5C	-491.155314699552	1.63649587622769	0
5G	-497.284778179862	0.433558140266726	0
5T	-497.54560110185	0.623464432642328	0
6A	-497.284778165388	0.433557940655735	0
6C	-497.284778165262	0.433557714692263	0
6G	-490.636221500005	1.64593708123593	0
6T	-497.240241913444	0.328152981167386	0
7A	-497.28477815199	0.433558079412564	0
7C	-497.28477815183	0.433558293103656	0
7G	-497.332945867901	0.409686319426368	0
7T	-491.137393379539	1.63448756750398	0
neutral	-497.570456663901	1	0
