posterior_mean	posterior_var	posterior_sd	posterior_quant	is_contained	PESL
2.87538214620419	0.0678069713031454	0.26039771754596	0.692176552952938	1	0.0833365807852212
