model	lik	mode	convergence
1A	-211.031172264652	1.74381112837106	0
1C	-221.893153203197	0.928346080889097	0
1G	-219.676578675768	0.433558180798821	0
1T	-219.676578675738	0.433558073150618	0
2A	-219.722909132792	0.411299144862655	0
2C	-225.542632418424	1.5570500678663	0
2G	-219.676578269626	0.433558102897721	0
2T	-219.676578269619	0.433558204659422	0
neutral	-219.962257092092	1	0
