model	lik	mode	convergence
1A	-474.376106183974	2.80932657036109	0
1C	-520.557751794092	1.34888463109996	0
1G	-508.773027547049	0.433558071044882	0
1T	-508.773027547033	0.433558203227525	0
2A	-508.773027568944	0.433558007344563	0
2C	-509.043760648296	0.502628987157011	0
2G	-496.271322661253	1.80743595645702	0
2T	-508.773027568852	0.433557781412116	0
3A	-508.824282301524	0.406552922472777	0
3C	-508.773027545077	0.433558171616126	0
3G	-508.773027545114	0.433558118425861	0
3T	-496.841147567069	1.79194227662101	0
4A	-508.773027560785	0.433558177715953	0
4C	-496.702837091032	1.79490895127973	0
4G	-508.830142399533	0.38521043141938	0
4T	-508.773027560889	0.433558071001407	0
5A	-508.792228116209	0.426659861901738	0
5C	-508.773027534911	0.433557752202065	0
5G	-508.773027535137	0.433558453513791	0
5T	-496.954876443582	1.78958083492754	0
6A	-508.773027555924	0.433558135107233	0
6C	-481.381921795335	1.83268588048911	0
6G	-508.773027555897	0.433558299604243	0
6T	-523.60960896881	0.772377292466096	0
7A	-508.815062689095	0.414591233177339	0
7C	-496.888328733317	1.79095353569515	0
7G	-508.773027540278	0.433558101109756	0
7T	-508.773027540271	0.433558261290432	0
8A	-508.773027550266	0.433558100563004	0
8C	-508.773027550131	0.433558108768008	0
8G	-496.797118897255	1.79287597648479	0
8T	-508.829090300131	0.39944459237195	0
9A	-498.924005155553	1.76586217156502	0
9C	-508.773027544896	0.433558300851762	0
9G	-507.48211184225	2.12139501923025	0
9T	-508.773027544873	0.433558099689029	0
neutral	-509.058707373903	1	0
