posterior_mean	posterior_var	posterior_sd	posterior_quant	is_contained	PESL
2.37316744026617	0.0319885401921588	0.178853404195052	0.7648404194031	1	0.048075038400808
