lik	gamma	delta
-885.273497963075	0.00277192236346777	0.00339617786509837
-885.283825896625	0.00277192236346777	6.61069613519961e-05
-884.51490616049	0.00277192236346777	0.0167232355948548
-885.283106727923	0.00277192236346777	6.61069613519961e-05
-885.283098904761	0.00277192236346777	6.61069613519961e-05
-885.283480899646	0.00277192236346777	6.61069613519961e-05
-885.283184383461	0.00277192236346777	6.61069613519961e-05
-884.706022872643	0.00277192236346777	0.0121805572311288
-885.284573524582	0.00277192236346777	6.61069613519961e-05
-885.114184075596	0.00277192236346777	0.00774869768917099
-884.3289438015	0.00277192236346777	0.032185295073308
-885.205476997745	0.00277192236346777	0.0423291065302498
-885.283096497711	0.00277192236346777	6.61069613519961e-05
-885.283096497711	0.00277192236346777	6.61069613519961e-05
-885.283030285579	0.00277192236346777	0.00150384504463938
-884.79659026421	0.00277192236346777	0.0110622966525914
-885.283788717982	0.00277192236346777	6.61069613519961e-05
-885.283198527217	0.00277192236346777	6.61069613519961e-05
-885.283099684927	0.00277192236346777	6.61069613519961e-05
-884.654875456204	0.00277192236346777	0.0126454856139923
-885.283097625373	0.00277192236346777	6.61069613519961e-05
-884.580766766224	0.00277192236346777	0.0135770423763908
-885.283097625373	0.00277192236346777	6.61069613519961e-05
-885.284189347449	0.00277192236346777	6.61069613519961e-05
-885.283095144147	0.00277192236346777	6.61069613519961e-05
-885.283095144147	0.00277192236346777	6.61069613519961e-05
-885.283095144147	0.00277192236346777	6.61069613519961e-05
-884.800592630047	0.00277192236346777	0.0109607945965348
-885.267946277158	0.00277192236346777	0.0165995282085683
-885.283603445547	0.00277192236346777	6.61069613519961e-05
-884.705868192599	0.00277192236346777	0.0123741901318064
-885.283096476286	0.00277192236346777	6.61069613519961e-05
-885.283097996479	0.00277192236346777	6.61069613519961e-05
-885.283486068926	0.00277192236346777	6.61069613519961e-05
-885.283226978325	0.00277192236346777	6.61069613519961e-05
-884.69277435619	0.00277192236346777	0.0123774354698479
-885.283095144147	0.00277192236346777	6.61069613519961e-05
-885.283095144147	0.00277192236346777	6.61069613519961e-05
-884.800592630046	0.00277192236346777	0.0109607945965348
-885.283095144147	0.00277192236346777	6.61069613519961e-05
-885.283094227621	0.00277192236346777	0
