lik	gamma	delta
-1008.54614500478	0.00109895534539263	0.193480853307693
-1077.15150704577	0.00109895534539263	6.61069613519961e-05
-1077.15012587789	0.00109895534539263	6.61069613519961e-05
-1077.15012587789	0.00109895534539263	6.61069613519961e-05
-1077.15012587586	0.00109895534539263	6.61069613519961e-05
-1030.15928274446	0.00109895534539263	0.120868195631967
-1077.15012587586	0.00109895534539263	6.61069613519961e-05
-1077.15012587586	0.00109895534539263	6.61069613519961e-05
-1077.15012587586	0.00109895534539263	6.61069613519961e-05
-1077.15012587586	0.00109895534539263	6.61069613519961e-05
-1030.15928274446	0.00109895534539263	0.120868195631967
-1077.15012587586	0.00109895534539263	6.61069613519961e-05
-1077.15020952672	0.00109895534539263	6.61069613519961e-05
-1077.15012590168	0.00109895534539263	6.61069613519961e-05
-1030.00202764045	0.00109895534539263	0.121189800559889
-1077.15012590168	0.00109895534539263	6.61069613519961e-05
-1066.22838065682	0.00109895534539263	0.149826096771532
-1077.15012605668	0.00109895534539263	6.61069613519961e-05
-1075.63230938778	0.00109895534539263	0.100245479753055
-1042.20818947646	0.00109895534539263	0.116575147614436
-1076.7975917909	0.00109895534539263	0.0441960478674143
-1029.7734277147	0.00109895534539263	0.124934217208782
-1077.15012602437	0.00109895534539263	6.61069613519961e-05
-1077.15012602437	0.00109895534539263	6.61069613519961e-05
-1075.24113085098	0.00109895534539263	0.378925689602038
-1077.15012597936	0.00109895534539263	6.61069613519961e-05
-1077.15023257131	0.00109895534539263	6.61069613519961e-05
-1031.25365677846	0.00109895534539263	0.119870400762137
-1027.06391113615	0.00109895534539263	0.130136107240561
-1077.1504477177	0.00109895534539263	6.61069613519961e-05
-1077.15012763903	0.00109895534539263	6.61069613519961e-05
-1077.15024761392	0.00109895534539263	6.61069613519961e-05
-1029.44322744638	0.00109895534539263	0.122735626714136
-1077.15012601249	0.00109895534539263	6.61069613519961e-05
-1077.15033234088	0.00109895534539263	6.61069613519961e-05
-1077.15012601249	0.00109895534539263	6.61069613519961e-05
-1077.15012588993	0.00109895534539263	6.61069613519961e-05
-1030.52778441449	0.00109895534539263	0.120524823214433
-1076.6896675879	0.00109895534539263	0.261292847799387
-1077.15012588993	0.00109895534539263	6.61069613519961e-05
-1077.15012539782	0.00109895534539263	0
