model	lik	mode	convergence
1A	-350.721074572316	2.62763015424434	0
1C	-411.041255656818	0.433558088290768	0
1G	-411.041255656901	0.433557857712596	0
1T	-425.033385076633	0.682898332070683	0
2A	-411.04125594907	0.433557888608515	0
2C	-411.057791929494	0.31609166643165	0
2G	-372.298622613275	2.09478990364243	0
2T	-411.041255949008	0.433557846176473	0
3A	-411.095742848959	0.402318162812763	0
3C	-411.041255663707	0.433558097771143	0
3G	-411.041255663719	0.433558011086428	0
3T	-385.291903132269	2.06276759448964	0
4A	-411.041255678499	0.433558171248441	0
4C	-385.11046951103	2.06671902190086	0
4G	-411.097282983377	0.3823428842183	0
4T	-411.041255678718	0.433558075435475	0
5A	-411.041255949023	0.433557868855724	0
5C	-411.041255948896	0.433557707702365	0
5G	-372.298622612806	2.09478985725731	0
5T	-411.057791929361	0.316091708262752	0
neutral	-411.32693541151	1	0
