lik	gamma	delta
-741.761018203236	0.0022329967107695	6.61069613519961e-05
-741.617180041915	0.0022329967107695	0.00739091872299325
-741.576246969056	0.0022329967107695	0.0240480384617662
-741.527833554409	0.0022329967107695	0.0218813238524928
-741.37590275636	0.0022329967107695	0.0105226507254998
-741.760625174485	0.0022329967107695	6.61069613519961e-05
-741.760803839516	0.0022329967107695	6.61069613519961e-05
-741.760625174485	0.0022329967107695	6.61069613519961e-05
-741.760624933467	0.0022329967107695	6.61069613519961e-05
-741.404036689306	0.0022329967107695	0.0101069456023396
-741.760624933467	0.0022329967107695	6.61069613519961e-05
-741.760624933467	0.0022329967107695	6.61069613519961e-05
-741.760625378734	0.0022329967107695	6.61069613519961e-05
-741.760826679156	0.0022329967107695	6.61069613519961e-05
-741.760762464478	0.0022329967107695	6.61069613519961e-05
-741.34980977887	0.0022329967107695	0.0108961859877058
-741.760624933467	0.0022329967107695	6.61069613519961e-05
-741.760624933467	0.0022329967107695	6.61069613519961e-05
-741.760624933467	0.0022329967107695	6.61069613519961e-05
-741.404036689307	0.0022329967107695	0.0101069456024243
-741.760625089633	0.0022329967107695	6.61069613519961e-05
-741.760625089633	0.0022329967107695	6.61069613519961e-05
-741.372374736528	0.0022329967107695	0.0105730004416301
-741.760826361284	0.0022329967107695	6.61069613519961e-05
-741.760749207058	0.0022329967107695	6.61069613519961e-05
-741.760625328668	0.0022329967107695	6.61069613519961e-05
-741.713158109418	0.0022329967107695	0.00786298757511363
-741.425985185821	0.0022329967107695	0.0111070946745324
-741.445873095331	0.0022329967107695	0.00959093679680748
-741.76062579847	0.0022329967107695	6.61069613519961e-05
-741.76062579847	0.0022329967107695	6.61069613519961e-05
-741.649972813688	0.0022329967107695	0.0475697756628664
-741.261516598703	0.0022329967107695	0.0372595897859911
-741.617754278709	0.0022329967107695	0.00674899191860364
-741.760625381447	0.0022329967107695	6.61069613519961e-05
-741.760625381447	0.0022329967107695	6.61069613519961e-05
-741.760625034114	0.0022329967107695	6.61069613519961e-05
-741.760625034114	0.0022329967107695	6.61069613519961e-05
-741.386048854448	0.0022329967107695	0.0103738944271792
-741.760740444758	0.0022329967107695	6.61069613519961e-05
-741.760624532667	0.0022329967107695	0
