posterior_mean	posterior_var	posterior_sd	posterior_quant	is_contained	PESL
3.04917531193328	0.00632399119545694	0.0795235260502006	0.269931178663247	1	0.0087422024991511
