model	lik	mode	convergence
1A	-330.507197477031	1.42892129009147	0
1C	-346.313653929311	0.885515690543964	0
1G	-331.465614985261	0.433558008672129	0
1T	-331.465614985231	0.433558025235696	0
2A	-346.377356371035	1.09696117718966	0
2C	-331.465614985815	0.433558207807743	0
2G	-331.465614985789	0.433558313127107	0
2T	-332.823149544304	0.901694534644237	0
3A	-331.489393633811	0.354531972676937	0
3C	-331.465614989456	0.433558069837278	0
3G	-346.592416990452	1.07354063916293	0
3T	-331.46561498942	0.433557932436396	0
4A	-331.46561498419	0.433558098398101	0
4C	-331.465614984087	0.433558186777322	0
4G	-346.737610635782	1.04784798404907	0
4T	-331.651450965229	1.2672609775547	0
5A	-346.680119262753	1.05895254964785	0
5C	-331.46561496133	0.43355814082064	0
5G	-331.953936788469	0.949262661438145	0
5T	-331.4656149613	0.43355832764214	0
neutral	-331.751294423381	1	0
