posterior_mean	posterior_var	posterior_sd	posterior_quant	is_contained	PESL
1.46387941495509	0.0503132634583901	0.224306182390031	0.583797813369729	1	0.0516179601223667
