posterior_mean	posterior_var	posterior_sd	posterior_quant	is_contained	PESL
2.11023886268214	0.0588248064500153	0.242538257703842	0.335857441648987	1	0.0709774132954652
