model	lik	mode	convergence
1A	-648.561885190105	1.81680644013278	0
1C	-671.646054936682	0.935982739177927	0
1G	-656.283994449591	0.433558113440483	0
1T	-656.283994449564	0.433558220064163	0
2A	-656.266244826791	0.386165740434121	0
2C	-670.776530248929	1.1179375201696	0
2G	-656.283993837317	0.433556780445888	0
2T	-656.283993837289	0.433556836988327	0
3A	-656.283994460804	0.433558086245753	0
3C	-656.750031616451	0.619020458483032	0
3G	-656.283994460787	0.433558189837627	0
3T	-670.883131131205	1.11237358157997	0
4A	-670.881564131366	1.11215391419992	0
4C	-656.283994460903	0.433558024296756	0
4G	-656.283994460859	0.433558040182438	0
4T	-656.293336263128	0.347509126253403	0
5A	-656.283994461003	0.433558055870562	0
5C	-670.881766390281	1.11214310928176	0
5G	-656.283994461091	0.433558037414904	0
5T	-656.293733953325	0.347686831201123	0
6A	-656.28399445454	0.433558080624057	0
6C	-656.283994454428	0.433558085129634	0
6G	-670.910277874766	1.11061564846822	0
6T	-656.335031048578	0.374626641175308	0
7A	-656.283994455747	0.433558122686001	0
7C	-670.907957537139	1.11074028569363	0
7G	-656.332909670909	0.372266467744558	0
7T	-656.283994455891	0.433558047193608	0
8A	-656.3169136269	0.42020142941457	0
8C	-670.950079959338	1.10846790964901	0
8G	-656.283994423994	0.433558260831034	0
8T	-656.283994423959	0.433557954473025	0
9A	-656.283994447779	0.433558170614296	0
9C	-670.919599880151	1.11011430525682	0
9G	-656.340842106422	0.384391780496254	0
9T	-656.283994447968	0.43355819478498	0
10A	-656.283994451881	0.433558132027161	0
10C	-656.283994451681	0.433557876150035	0
10G	-656.338184034548	0.378912399842651	0
10T	-670.914439718884	1.11039194425524	0
11A	-656.335031048519	0.374626651254595	0
11C	-656.283994454429	0.433558179440613	0
11G	-656.283994454432	0.433558144370759	0
11T	-670.910277874513	1.11061564972854	0
neutral	-656.569673894567	1	0
