model	lik	mode	convergence
1A	-196.735495827764	3.00489856337491	0
1C	-239.473553120977	1.32861688070273	0
1G	-224.47890054079	0.433558033337726	0
1T	-224.478900540758	0.433558017450147	0
2A	-217.173691703334	2.18356817327485	0
2C	-224.478900526941	0.433558147280249	0
2G	-224.478900526896	0.433558143218717	0
2T	-224.535201134107	0.398915700031518	0
3A	-224.478900513273	0.433558061768515	0
3C	-224.507834599018	0.422259018753031	0
3G	-224.478900513346	0.433557932941681	0
3T	-217.384230693961	2.1746341935654	0
4A	-224.478900493198	0.433557835133678	0
4C	-224.374349559317	0.312610340313396	0
4G	-214.343956545338	2.31279273264718	0
4T	-224.478900493104	0.433557862282688	0
neutral	-224.764580458121	1	0
