posterior_mean	posterior_var	posterior_sd	posterior_quant	is_contained	PESL
3.05143539859049	0.140096641552743	0.374294859105415	0.461486248967212	1	0.142742241780321
