posterior_mean	posterior_var	posterior_sd	posterior_quant	is_contained	PESL
2.05875171540512	0.439252454440622	0.662761234865635	0.511726931898151	1	0.44270421843742
