posterior_mean	posterior_var	posterior_sd	posterior_quant	is_contained	PESL
2.81525338682795	0.0304960257204019	0.174631113265655	0.854561107343385	1	0.0646273367988986
