posterior_mean	posterior_var	posterior_sd	posterior_quant	is_contained	PESL
1.48563705605134	0.00437535884924222	0.0661464953662869	0.591458008260122	1	0.004581653008106
