model	lik	mode	convergence
1A	-343.360321843496	2.5024610937036	0
1C	-398.952489034647	0.433558146356883	0
1G	-398.952489034696	0.433558110152093	0
1T	-411.329737249012	0.831985075303649	0
2A	-399.00876915455	0.398962689911594	0
2C	-365.808706089102	2.16437694286414	0
2G	-398.952489037954	0.433558062369443	0
2T	-398.952489037934	0.433558121027639	0
3A	-398.952489024485	0.433558109705437	0
3C	-399.262756200744	0.598079841788088	0
3G	-398.952489024392	0.433558218823403	0
3T	-365.66608772976	2.17179565297157	0
4A	-365.472485638919	2.17200641897608	0
4C	-398.952489059047	0.433558165400905	0
4G	-398.952489059007	0.433558181369552	0
4T	-398.996817795957	0.367984220933356	0
neutral	-399.238164392882	1	0
