posterior_mean	posterior_var	posterior_sd	posterior_quant	is_contained	PESL
2.11392158332763	0.00657832485084771	0.0811068730185532	0.0781236890047518	1	0.0195564519986864
