posterior_mean	posterior_var	posterior_sd	posterior_quant	is_contained	PESL
2.07305932045029	0.146624825984359	0.382916212746808	0.865898210390303	1	0.328903169838655
