posterior_mean	posterior_var	posterior_sd	posterior_quant	is_contained	PESL
1.5326482770351	0.00154752610809409	0.0393386083649904	0.204026745430299	1	0.00261343610145288
