posterior_mean	posterior_var	posterior_sd	posterior_quant	is_contained	PESL
2.79712364981938	0.0119893855173786	0.109496052519616	0.965830102784546	1	0.0531481989799902
