posterior_mean	posterior_var	posterior_sd	posterior_quant	is_contained	PESL
2.11317762769791	0.0794636402762382	0.281892958897944	0.358015571822512	1	0.0922728156875451
