posterior_mean	posterior_var	posterior_sd	posterior_quant	is_contained	PESL
1.22990682325824	0.252241926990999	0.50223692316575	0.92278158955839	1	0.845285427860648
