posterior_mean	posterior_var	posterior_sd	posterior_quant	is_contained	PESL
2.69936255911535	0.0241516500332033	0.155408011483331	0.970346451297146	1	0.114534520895613
