posterior_mean	posterior_var	posterior_sd	posterior_quant	is_contained	PESL
1.97823298290254	0.00375202187387198	0.0612537498760034	0.642214079327509	1	0.00422582490717841
