posterior_mean	posterior_var	posterior_sd	posterior_quant	is_contained	PESL
1.9539712238275	0.00302221355910658	0.0549746628830645	0.799587539270667	1	0.00514086179508718
