model	lik	mode	convergence
1A	-361.045892331968	2.99288516574711	0
1C	-425.714941464296	0.433558484767518	0
1G	-443.197952337145	1.0123684566416	0
1T	-425.714941464329	0.433558495428829	0
2A	-425.714941467551	0.433558158411434	0
2C	-403.252562349775	2.06587865427236	0
2G	-423.67858808748	2.32761045680644	0
2T	-425.714941467683	0.433558241204863	0
3A	-425.768477832303	0.40373718461175	0
3C	-425.714941474357	0.433558154476323	0
3G	-425.714941474401	0.433558309595845	0
3T	-399.957057836865	2.09877684535475	0
4A	-425.521179096499	1.24920101641885	0
4C	-425.714941476988	0.433558241741468	0
4G	-401.007707748786	2.08628175991555	0
4T	-425.714941476944	0.433558122987341	0
5A	-425.714941490202	0.43355808074084	0
5C	-425.714941490085	0.433557957586041	0
5G	-400.148252807072	2.09961908495702	0
5T	-425.927778080512	0.674502180247484	0
6A	-425.71494148152	0.43355794548067	0
6C	-426.313196258215	0.653873076993416	0
6G	-394.899583546181	2.19991187830797	0
6T	-425.714941481431	0.433558137260766	0
7A	-425.751987476896	0.362463549522242	0
7C	-425.71494150112	0.433558064766966	0
7G	-425.714941501117	0.433558144670506	0
7T	-399.541138556018	2.10804285698205	0
neutral	-426.000621480031	1	0
