posterior_mean	posterior_var	posterior_sd	posterior_quant	is_contained	PESL
2.61566984659387	0.0231700078887023	0.152216976348574	0.226055137335354	1	0.0365495212997675
