posterior_mean	posterior_var	posterior_sd	posterior_quant	is_contained	PESL
1.96048609208355	0.00285713494096515	0.0534521743333716	0.771381839548259	1	0.00441848385977167
