model	lik	mode	convergence
1A	-270.684758894109	2.93553224854408	0
1C	-290.471298548881	0.433558297314596	0
1G	-303.958862526234	0.778721828266558	0
1T	-290.471298548872	0.433557993267103	0
2A	-290.471298315391	0.433557453399753	0
2C	-290.471298315232	0.433557318692428	0
2G	-290.8659878876	0.607660363723779	0
2T	-303.056540806427	1.26322232326643	0
3A	-302.89490859495	1.27015484229556	0
3C	-290.471298402895	0.433557628226773	0
3G	-290.264965208534	0.292844455296955	0
3T	-290.471298402891	0.433557689887998	0
4A	-290.471298525694	0.433558627480533	0
4C	-303.428673632922	1.23846032310323	0
4G	-290.471298526205	0.433557907276058	0
4T	-290.391377524483	0.862027240426516	0
neutral	-290.756977887081	1	0
