posterior_mean	posterior_var	posterior_sd	posterior_quant	is_contained	PESL
2.99687711025445	0.180961577663592	0.425395789428612	0.522113489145472	1	0.180971330103955
