posterior_mean	posterior_var	posterior_sd	posterior_quant	is_contained	PESL
1.8436893262515	0.0606088051127082	0.246188556014913	0.0735986282712936	1	0.178731158091952
