model	lik	mode	convergence
1A	-288.805318355391	1.92182299341603	0
1C	-308.073479181151	1.14203444271765	0
1G	-293.964502018634	0.433558140536145	0
1T	-293.964502018643	0.433557922918246	0
2A	-293.964502055209	0.433558032319394	0
2C	-293.964502054981	0.433557914047383	0
2G	-294.133973219174	0.647761629697463	0
2T	-304.506996824536	1.35818695480797	0
3A	-304.828245129289	1.36049320595504	0
3C	-294.741039597351	1.18476724249724	0
3G	-293.964502026633	0.433558090760686	0
3T	-293.964502026561	0.433558087673114	0
4A	-293.964502017523	0.433558465200819	0
4C	-304.460955543913	1.35820066959089	0
4G	-293.991323900533	0.423284826554333	0
4T	-293.964502017544	0.433558179936393	0
5A	-293.964502026308	0.433558231896435	0
5C	-304.418557154282	1.36035236888751	0
5G	-293.964502026232	0.43355789913088	0
5T	-294.015263625564	0.407099160714857	0
neutral	-294.250181161256	1	0
