posterior_mean	posterior_var	posterior_sd	posterior_quant	is_contained	PESL
2.408956491336	0.030873823579217	0.175709486309695	0.704062255701126	1	0.0391627440404404
