model	lik	mode	convergence
1A	-356.157663875613	2.00311020447305	0
1C	-357.574042556942	0.433558051345409	0
1G	-357.574042557029	0.433558405214639	0
1T	-371.672921585811	1.07736737374199	0
2A	-357.574341320354	0.343656662823631	0
2C	-357.574042590711	0.433558066435236	0
2G	-357.574042590701	0.43355816611719	0
2T	-371.024950136818	1.14594555735036	0
3A	-357.416094184039	0.301485026308684	0
3C	-370.947940041579	1.15245645936975	0
3G	-357.574042484913	0.433557732011633	0
3T	-357.574042484894	0.433557706923979	0
4A	-371.084508421834	1.14082424868047	0
4C	-357.574042577859	0.433558033492468	0
4G	-357.574042577816	0.433558029700679	0
4T	-357.631484661001	0.386404215953795	0
5A	-358.382897965339	0.833215815370935	0
5C	-357.574042589862	0.433558116831551	0
5G	-371.047565400649	1.14553845705642	0
5T	-357.574042589834	0.433558311492618	0
6A	-357.574042590649	0.433558089051179	0
6C	-357.615553942217	0.365706445764518	0
6G	-357.574042590631	0.433557997602157	0
6T	-371.05760024594	1.14314860460421	0
7A	-371.217628080746	1.12916638909579	0
7C	-357.57404257208	0.433558148262819	0
7G	-357.573453330652	0.801130608155097	0
7T	-357.574042572068	0.433558127268977	0
8A	-357.574042585947	0.433558130897133	0
8C	-371.069303223604	1.14213994577688	0
8G	-357.624888274569	0.374402068481305	0
8T	-357.574042586085	0.433557975162239	0
neutral	-357.859721042635	1	0
