posterior_mean	posterior_var	posterior_sd	posterior_quant	is_contained	PESL
2.26150324761269	0.552750559439382	0.743471962779621	0.401285761415927	1	0.621134507923378
