posterior_mean	posterior_var	posterior_sd	posterior_quant	is_contained	PESL
2.98286605343485	0.00558414022175295	0.0747271050004813	0.59374952100649	1	0.00587771234666122
