model	lik	mode	convergence
1A	-288.383145063345	1.31121775248955	0
1C	-301.704514973503	0.926269041423056	0
1G	-288.494671946622	0.433558091263844	0
1T	-288.494671946605	0.433558143718539	0
2A	-288.494671939826	0.433558099278523	0
2C	-288.552387876205	0.387715192464289	0
2G	-288.494671939777	0.43355807124093	0
2T	-301.681282219621	1.1062209489449	0
3A	-288.494671938468	0.43355796828875	0
3C	-288.45253601429	0.328878736785016	0
3G	-301.615058072619	1.11305563080584	0
3T	-288.494671938371	0.433557946435506	0
neutral	-288.78034883891	1	0
