posterior_mean	posterior_var	posterior_sd	posterior_quant	is_contained	PESL
1.33740254933464	0.0345551077192942	0.185890042012191	0.812652536841373	1	0.0609930386819613
