posterior_mean	posterior_var	posterior_sd	posterior_quant	is_contained	PESL
1.46210458657196	0.0119670806990378	0.109394152947211	0.643728118530251	1	0.0134031430579194
