posterior_mean	posterior_var	posterior_sd	posterior_quant	is_contained	PESL
1.90780086652572	0.0101039430938118	0.100518371921813	0.82130945918972	1	0.0186046233072403
