posterior_mean	posterior_var	posterior_sd	posterior_quant	is_contained	PESL
1.51677395163855	0.407203880191579	0.638125285654454	0.799449254274849	1	0.640711294006569
