posterior_mean	posterior_var	posterior_sd	posterior_quant	is_contained	PESL
1.62384697796079	0.00254387048835507	0.0504367969676413	0.00602866674213253	0	0.0178819444382533
