model	lik	mode	convergence
1A	-721.972990673957	2.39650890919973	0
1C	-810.214722661018	0.433558191149113	0
1G	-823.599678570354	1.20450472326391	0
1T	-810.214722660986	0.433557978695662	0
2A	-810.214722675682	0.433558130351434	0
2C	-810.269064331338	0.379157539692143	0
2G	-750.671738650743	1.97658081934762	0
2T	-810.21472267561	0.433557867031517	0
3A	-810.214722650517	0.433558095690127	0
3C	-810.214722650431	0.433557940259404	0
3G	-750.957723097428	1.97351016212907	0
3T	-810.255995362151	0.415121164665292	0
4A	-810.214722648359	0.43355817609175	0
4C	-751.952326640125	1.96908458242293	0
4G	-810.214722648484	0.433558276039231	0
4T	-810.131216624677	1.36475214014599	0
5A	-750.040525024415	1.99241080211961	0
5C	-810.993361483425	0.912953656695184	0
5G	-810.214722677523	0.433558162519176	0
5T	-810.214722677499	0.433558204225168	0
6A	-752.237372021127	1.96660746488787	0
6C	-810.214722683702	0.433558140388076	0
6G	-809.527669810345	1.7078991955295	0
6T	-810.214722683689	0.433558051941435	0
7A	-810.214722658699	0.433558159471155	0
7C	-750.862308452235	1.97451171754613	0
7G	-810.214722658749	0.433558276995582	0
7T	-810.269320933745	0.402139732958549	0
8A	-810.214722679319	0.433558014702859	0
8C	-750.244890342355	1.98146993813621	0
8G	-810.200217048401	0.337984887370303	0
8T	-810.214722679483	0.433557839485352	0
neutral	-810.500401855547	1	0
