posterior_mean	posterior_var	posterior_sd	posterior_quant	is_contained	PESL
2.40429256670152	0.0186447207488836	0.136545672757812	0.761371914863415	1	0.0278046335374777
