lik	gamma	delta
-876.341852814243	0.00320317927423783	0.191292579784414
-884.618069809592	0.00320317927423783	6.61069613519961e-05
-884.405456287752	0.00320317927423783	0.00802808146974097
-884.620518283886	0.00320317927423783	6.61069613519961e-05
-884.618012336174	0.00320317927423783	6.61069613519961e-05
-877.856385966541	0.00320317927423783	0.117147602724319
-884.618278109502	0.00320317927423783	6.61069613519961e-05
-884.618387811649	0.00320317927423783	6.61069613519961e-05
-884.618007168869	0.00320317927423783	6.61069613519961e-05
-884.618007168869	0.00320317927423783	6.61069613519961e-05
-884.618007168869	0.00320317927423783	6.61069613519961e-05
-883.453815404375	0.00320317927423783	0.0174767275898513
-884.618016896107	0.00320317927423783	6.61069613519961e-05
-878.580341885112	0.00320317927423783	0.224955295348499
-884.393807094728	0.00320317927423783	0.00772814537841952
-884.618048365291	0.00320317927423783	6.61069613519961e-05
-884.618043233327	0.00320317927423783	6.61069613519961e-05
-884.618007441622	0.00320317927423783	6.61069613519961e-05
-883.424150196864	0.00320317927423783	0.0178521970603264
-884.618007441622	0.00320317927423783	6.61069613519961e-05
-884.460370032744	0.00320317927423783	0.0782970365320655
-884.618083670418	0.00320317927423783	6.61069613519961e-05
-884.618009882426	0.00320317927423783	6.61069613519961e-05
-883.499939562999	0.00320317927423783	0.0172649547605502
-883.817507510178	0.00320317927423783	0.0162048709237754
-884.618040224432	0.00320317927423783	6.61069613519961e-05
-884.196877105805	0.00320317927423783	0.023482556450385
-884.618077218987	0.00320317927423783	6.61069613519961e-05
-884.618242296963	0.00320317927423783	6.61069613519961e-05
-883.382220628772	0.00320317927423783	0.0183159763777252
-883.801562138574	0.00320317927423783	0.527583155794569
-884.618499198478	0.00320317927423783	6.61069613519961e-05
-884.619865404556	0.00320317927423783	6.61069613519961e-05
-882.710778688214	0.00320317927423783	0.0239224466155966
-884.618010881103	0.00320317927423783	6.61069613519961e-05
-884.618135039586	0.00320317927423783	6.61069613519961e-05
-877.191315654476	0.00320317927423783	0.1327371991684
-884.619107326822	0.00320317927423783	6.61069613519961e-05
-884.612995399301	0.00320317927423783	0.00121202751230689
-884.618009359154	0.00320317927423783	6.61069613519961e-05
-884.618005857643	0.00320317927423783	0
