posterior_mean	posterior_var	posterior_sd	posterior_quant	is_contained	PESL
2.51387275269081	0.097244196645141	0.311840017709628	0.934315751739424	1	0.333563897220897
