model	lik	mode	convergence
1A	-103.714127589258	3.75568111224121	0
1C	-158.643946269673	0.561076778616623	0
1G	-157.552309784571	0.433558110093562	0
1T	-157.55230978454	0.433558052924748	0
2A	-125.219866823035	3.19417077091089	0
2C	-157.552309182865	0.433558050336254	0
2G	-157.602440826536	0.407767990862288	0
2T	-157.552309182872	0.43355811431732	0
neutral	-157.837988634788	1	0
