posterior_mean	posterior_var	posterior_sd	posterior_quant	is_contained	PESL
3.79648913371974	0.153288888257302	0.391521248794113	0.0152482735270199	0	0.787683828390874
