posterior_mean	posterior_var	posterior_sd	posterior_quant	is_contained	PESL
1.6769629885914	0.313570915541901	0.559974031131714	0.746913775836088	1	0.417923826281775
