model	lik	mode	convergence
1A	-203.07300379788	2.15722949837396	0
1C	-217.256151190394	0.433558074983917	0
1G	-231.733645980907	1.02460876426811	0
1T	-217.25615119036	0.433558104963681	0
2A	-213.457960596537	2.45059984585662	0
2C	-225.679742841314	1.50277758310719	0
2G	-217.256151172145	0.433558216991444	0
2T	-217.256151172119	0.433558196176731	0
neutral	-217.541830364387	1	0
