posterior_mean	posterior_var	posterior_sd	posterior_quant	is_contained	PESL
2.19044886734895	0.0717841128877984	0.267925573411346	0.8739589515247	1	0.167606016613342
