posterior_mean	posterior_var	posterior_sd	posterior_quant	is_contained	PESL
1.51953246558777	0.00494998610408838	0.0703561376433384	0.396142158624331	1	0.00533150331602813
