model	lik	mode	convergence
1A	-370.405249956059	2.28089614814298	0
1C	-414.598750756101	0.433558156508417	0
1G	-414.598750756103	0.433557987968512	0
1T	-432.166144933399	1.05559072100517	0
2A	-414.646672676438	0.409911707837433	0
2C	-414.598750730002	0.433558151209507	0
2G	-393.145002023539	2.0221420808759	0
2T	-414.598750729984	0.433558300398527	0
3A	-393.082394545634	2.02346472404078	0
3C	-414.598750735451	0.433558259917709	0
3G	-414.598750735418	0.43355817077393	0
3T	-414.653424844882	0.4020165292708	0
4A	-414.624541938985	0.805580685443853	0
4C	-414.598750726735	0.433558168656564	0
4G	-414.598750726808	0.433558264369725	0
4T	-393.685765870933	2.01518924747738	0
5A	-414.59875072544	0.433558039249635	0
5C	-414.890668293938	0.624460952743023	0
5G	-414.598750725395	0.433558039226096	0
5T	-393.087563638887	2.02717833102354	0
neutral	-414.884430758988	1	0
