posterior_mean	posterior_var	posterior_sd	posterior_quant	is_contained	PESL
2.55455783323187	0.00939617537287598	0.0969338711332421	0.289717881524216	1	0.0123727325398675
