posterior_mean	posterior_var	posterior_sd	posterior_quant	is_contained	PESL
2.75911888476618	0.0444119780054962	0.210741495689616	0.106612075675058	1	0.111554574448008
