model	lik	mode	convergence
1A	-289.261736650337	3.29540213760878	0
1C	-322.864698584655	1.0358526501431	0
1G	-307.230019487683	0.433558163614094	0
1T	-307.230019487669	0.433558295292717	0
2A	-316.9959052776	1.4475387877456	0
2C	-307.230019495776	0.433558001198922	0
2G	-307.230019495731	0.433557990659583	0
2T	-307.821778900562	0.720974376904457	0
3A	-307.230019492225	0.433557897640705	0
3C	-306.633820091798	1.58178905439355	0
3G	-307.230019492198	0.433557826614084	0
3T	-318.964627726308	1.3767706112691	0
4A	-307.230019521151	0.433558106487046	0
4C	-307.230019520972	0.433558105827257	0
4G	-308.265433484838	0.800168747197622	0
4T	-315.382724789559	1.54907625760267	0
5A	-307.230019521295	0.433558067632707	0
5C	-307.511142542491	0.49991789277696	0
5G	-317.017826758922	1.44058620221128	0
5T	-307.230019521204	0.433557841683842	0
6A	-307.2300195158	0.433557980231504	0
6C	-297.67332272625	1.9367667655075	0
6G	-322.69695315578	0.963115108712751	0
6T	-307.230019515735	0.433558050011116	0
7A	-307.230019500262	0.433558099783092	0
7C	-306.149334846646	2.05651672464954	0
7G	-318.449448993504	1.37962885412333	0
7T	-307.230019500157	0.433558189925504	0
neutral	-307.515699194481	1	0
