posterior_mean	posterior_var	posterior_sd	posterior_quant	is_contained	PESL
2.0067087287107	0.0127316100115916	0.112834436284282	0.483754081518668	1	0.0127766170525055
