model	lik	mode	convergence
1A	-449.490704803477	2.01948535181497	0
1C	-477.016658047921	0.433558102954244	0
1G	-477.016658047909	0.433558309684519	0
1T	-491.751375090079	1.01212115024136	0
2A	-477.320035959992	0.606121789530895	0
2C	-477.016658039128	0.433558103899902	0
2G	-471.94630185852	1.62626658554317	0
2T	-477.016658039102	0.433557955896431	0
3A	-477.016658049527	0.433558134054555	0
3C	-474.194893482387	1.59404428219815	0
3G	-477.016658049547	0.43355800982646	0
3T	-475.523907267608	2.03387528743045	0
4A	-474.201172780601	1.58789088555759	0
4C	-474.157685063511	3.0845654036658	0
4G	-477.016658037709	0.433558096664511	0
4T	-477.016658037639	0.433558126785187	0
5A	-477.016658065981	0.433558080526085	0
5C	-477.355089194817	1.24100274608768	0
5G	-472.589992007127	1.62113465329606	0
5T	-477.016658065901	0.433557919950457	0
6A	-477.016658059053	0.43355814439104	0
6C	-471.843532885912	1.6264952909792	0
6G	-477.016658059165	0.433558122964282	0
6T	-477.072753880904	0.382495422583478	0
neutral	-477.30233724806	1	0
