posterior_mean	posterior_var	posterior_sd	posterior_quant	is_contained	PESL
1.25201011724495	0.0476684286933534	0.218331007173405	0.869869934788184	1	0.109167410642203
