model	lik	mode	convergence
1A	-1024.42558172796	3.03201240200867	0
1C	-1377.36234705638	0.786066050014967	0
1G	-1363.52583053421	0.433558084189056	0
1T	-1363.52583053419	0.433558193452923	0
2A	-1363.64204841734	0.758766297147863	0
2C	-1363.52583051293	0.43355836655769	0
2G	-1064.75282654979	2.82985871107536	0
2T	-1363.52583051303	0.433557931038595	0
3A	-1363.52583052355	0.43355819200061	0
3C	-1363.57845023477	0.404960775208751	0
3G	-1363.52583052347	0.433557900347544	0
3T	-1064.13424772043	2.83119675472399	0
4A	-1363.52583051602	0.433558282586579	0
4C	-1065.56772939048	2.82972618786373	0
4G	-1363.36913162634	1.4137298785142	0
4T	-1363.52583051609	0.433558192314757	0
5A	-1363.52583051411	0.433558098283042	0
5C	-1363.52583051412	0.433558098330873	0
5G	-1363.55653293564	0.421364645033796	0
5T	-1064.36172579194	2.8298567473593	0
6A	-1363.52583052528	0.433558184917952	0
6C	-1064.09452193535	2.83143767170615	0
6G	-1363.52583052533	0.433558217665771	0
6T	-1363.58033057462	0.40229759783251	0
7A	-1064.15820645443	2.83105237273732	0
7C	-1363.52583052223	0.433558194340215	0
7G	-1363.57708509716	0.406553057524712	0
7T	-1363.52583052222	0.433558080300931	0
8A	-1363.52583052924	0.433558101010065	0
8C	-1362.59211245723	1.95039891162816	0
8G	-1066.43233005844	2.82512761979607	0
8T	-1363.52583052911	0.433558310257661	0
9A	-1363.280410877	0.935840393562181	0
9C	-1363.52583051145	0.433558499238204	0
9G	-1065.39618497384	2.82632309842463	0
9T	-1363.52583051147	0.433558564645041	0
10A	-1363.52583052976	0.433558153908864	0
10C	-1065.38334168533	2.83090494145556	0
10G	-1363.43495500832	1.36076169285547	0
10T	-1363.52583052994	0.433558234957887	0
11A	-1363.5258305182	0.433558128756215	0
11C	-1362.66192182087	1.86095497661922	0
11G	-1066.59831134103	2.83273422622567	0
11T	-1363.52583051811	0.433558011463484	0
12A	-1066.48949583188	2.82908808049387	0
12C	-1363.52583052604	0.433558227404141	0
12G	-1363.52583052599	0.433558128011838	0
12T	-1362.74871190099	1.87638188906672	0
13A	-1063.23996028685	2.83899471137953	0
13C	-1363.52583055155	0.433558091483049	0
13G	-1363.52583055153	0.433557970911846	0
13T	-1363.82157794792	0.56432103624247	0
14A	-1065.40164441313	2.8415154553449	0
14C	-1363.24052504758	1.59200230041479	0
14G	-1363.52583051567	0.433558080151246	0
14T	-1363.52583051556	0.433557891389944	0
neutral	-1363.81150968851	1	0
