posterior_mean	posterior_var	posterior_sd	posterior_quant	is_contained	PESL
3.03592227982091	0.0118528497496904	0.10887079383237	0.374754567441992	1	0.0131432599372434
