model	lik	mode	convergence
1A	-461.355824799536	2.92800550823103	0
1C	-524.873615745256	0.946164769042984	0
1G	-509.352362722902	0.433558116638115	0
1T	-509.352362722848	0.433558078804635	0
2A	-508.806895790043	1.67878280901338	0
2C	-509.352362725676	0.433558238918502	0
2G	-509.352362725698	0.433558246887	0
2T	-506.96522115255	1.5860516912924	0
3A	-509.352362683219	0.433557803064956	0
3C	-509.352362683109	0.43355778613888	0
3G	-505.157132045381	1.62209525351675	0
3T	-509.495252044026	0.431959691812035	0
4A	-509.352362742652	0.433558089059552	0
4C	-509.40953666815	0.385407494551183	0
4G	-509.352362742647	0.433558068602061	0
4T	-505.844838173954	1.60424560397867	0
5A	-509.352362751523	0.433558105104032	0
5C	-509.92997428878	0.660609802608912	0
5G	-505.157991973772	1.62506418430111	0
5T	-509.352362751423	0.433558180742672	0
6A	-509.399777548844	0.787301050838323	0
6C	-509.35236272883	0.433558047629221	0
6G	-509.35236272888	0.433558270655277	0
6T	-506.310962680326	1.59620949171199	0
7A	-509.352362724341	0.433558158739082	0
7C	-509.39921683821	0.410854800771445	0
7G	-505.966797243625	1.60154638737191	0
7T	-509.35236272425	0.43355766148155	0
8A	-509.409391893186	0.39700467188647	0
8C	-505.902757900746	1.60295349525614	0
8G	-509.352362733732	0.433558114708319	0
8T	-509.352362733712	0.433558197740899	0
9A	-505.430844338635	1.61549122170149	0
9C	-509.35236275491	0.433558056102354	0
9G	-509.352362754873	0.433558182656929	0
9T	-509.602562092263	0.479867908516345	0
neutral	-509.638042324861	1	0
