posterior_mean	posterior_var	posterior_sd	posterior_quant	is_contained	PESL
2.95296556225697	0.0733680830532968	0.270865433478133	0.580603129520591	1	0.0755803213870927
