model	lik	mode	convergence
1A	-1191.28866894381	2.6183286782106	0
1C	-1439.57092066416	0.433558177658322	0
1G	-1439.57092066416	0.433558140119109	0
1T	-1453.57298476636	1.11913515868016	0
2A	-1439.57092067366	0.433558102983927	0
2C	-1439.61462828155	0.367463359230594	0
2G	-1230.94331026714	2.35051288468327	0
2T	-1439.57092067355	0.433557968537149	0
3A	-1439.61782206047	0.410814121342382	0
3C	-1231.46250558181	2.34753845139656	0
3G	-1439.57092064396	0.43355808042155	0
3T	-1439.57092064391	0.433558006504402	0
4A	-1439.57092065016	0.433558152120889	0
4C	-1439.57092065009	0.433557968802009	0
4G	-1232.15462259913	2.34545863590066	0
4T	-1439.52574174802	0.829718785827375	0
5A	-1439.62885021288	0.3893352293308	0
5C	-1231.22563298071	2.34886137701477	0
5G	-1439.5709206594	0.433558145236795	0
5T	-1439.57092065937	0.43355803887464	0
6A	-1231.41058229293	2.34782258069849	0
6C	-1439.57092064724	0.433558110133474	0
6G	-1439.62283694916	0.405826660898621	0
6T	-1439.57092064724	0.433558039757677	0
7A	-1439.77672203159	0.851292874935794	0
7C	-1439.57092062446	0.433557866340916	0
7G	-1439.57092062443	0.433557836741348	0
7T	-1231.26764902106	2.35268342229692	0
8A	-1439.58070471202	0.430280431406209	0
8C	-1439.57092063666	0.433557975375585	0
8G	-1439.57092063712	0.433558983633176	0
8T	-1231.64668271381	2.34656158077353	0
9A	-1439.6210659078	0.407753868023457	0
9C	-1439.57092064588	0.433558032590307	0
9G	-1231.43112216577	2.34770976362742	0
9T	-1439.57092064584	0.433558347986708	0
10A	-1232.34669561794	2.34441620872321	0
10C	-1439.57092063961	0.433558180096951	0
10G	-1439.57092063967	0.43355829205298	0
10T	-1439.389485322	0.904362427079434	0
11A	-1439.57092065081	0.433558214271111	0
11C	-1231.35736810805	2.34811736038868	0
11G	-1439.57092065082	0.433558225464052	0
11T	-1439.62626859593	0.400853606339159	0
12A	-1439.57092065509	0.433558138814233	0
12C	-1439.57092065502	0.433558138785635	0
12G	-1231.2917101691	2.34848576375311	0
12T	-1439.62849734287	0.394987476914677	0
neutral	-1439.85659947554	1	0
