posterior_mean	posterior_var	posterior_sd	posterior_quant	is_contained	PESL
2.62192674513816	0.00944609427566158	0.0971910195216697	0.1034560254339	1	0.0243122256255696
