posterior_mean	posterior_var	posterior_sd	posterior_quant	is_contained	PESL
2.68681108137419	0.0328282054375507	0.181185555267385	0.15071709572141	1	0.0677265855616378
