posterior_mean	posterior_var	posterior_sd	posterior_quant	is_contained	PESL
2.99054189238457	0.0275597672829452	0.166011346849982	0.530080698843442	1	0.027649223082623
