posterior_mean	posterior_var	posterior_sd	posterior_quant	is_contained	PESL
2.28831649738757	0.0339742011064011	0.184320918797626	0.873162405056497	1	0.0787841063866429
