posterior_mean	posterior_var	posterior_sd	posterior_quant	is_contained	PESL
3.24504152498772	0.0617273151978049	0.248449824306247	0.161923438374007	1	0.12177266416609
