posterior_mean	posterior_var	posterior_sd	posterior_quant	is_contained	PESL
2.47532291278355	0.00446267229440016	0.0668032356581637	0.646977011757609	1	0.00507163080734046
