posterior_mean	posterior_var	posterior_sd	posterior_quant	is_contained	PESL
2.14382432603499	0.0467738630423815	0.216272659026474	0.258956641164836	1	0.0674592998017779
