model	lik	mode	convergence
1A	-573.115376361542	2.87384260496492	0
1C	-734.191901289093	0.679744577946808	0
1G	-722.329901128823	0.433556717830011	0
1T	-722.329901128791	0.433556792883043	0
2A	-722.329901774697	0.433558134486006	0
2C	-722.090249855959	1.46575567869294	0
2G	-617.074769461124	2.43950026606377	0
2T	-722.329901774613	0.43355781139944	0
3A	-722.329901775029	0.433558145174173	0
3C	-722.382433397705	0.405072362312673	0
3G	-722.329901775049	0.4335581437302	0
3T	-615.643777353327	2.44499559372613	0
4A	-615.31849098366	2.44876636893733	0
4C	-722.329901793639	0.433558136079368	0
4G	-722.38437016722	0.379365582035234	0
4T	-722.329901793623	0.43355809519773	0
5A	-722.329901764241	0.433558071375708	0
5C	-701.318503164703	2.86626999809186	0
5G	-722.329901764469	0.433558293397806	0
5T	-638.316372913695	2.37203831821739	0
6A	-722.329901776582	0.433558170194125	0
6C	-720.658188869501	2.57605150363815	0
6G	-618.078258013289	2.42905624456779	0
6T	-722.329901776449	0.433558209032538	0
7A	-734.191901289021	0.679744580211051	0
7C	-722.329901128752	0.433556727298287	0
7G	-573.115376361382	2.87384260487513	0
7T	-722.329901128742	0.433556676992824	0
8A	-723.345691747324	0.765078994980798	0
8C	-722.329901852355	0.433558145124152	0
8G	-585.858590882318	2.73303014287992	0
8T	-722.329901852314	0.433558223288256	0
neutral	-722.615579531111	1	0
