posterior_mean	posterior_var	posterior_sd	posterior_quant	is_contained	PESL
2.8815446709662	0.0221581381359049	0.148856098752805	0.788804834691905	1	0.0361898031124495
