posterior_mean	posterior_var	posterior_sd	posterior_quant	is_contained	PESL
3.00849608770106	0.00587083670000191	0.0766213853959971	0.45918274755269	1	0.00594302020622112
