model	lik	mode	convergence
1A	-985.602345742533	2.19983220627163	0
1C	-1017.41108634303	0.433558118883991	0
1G	-1030.61830730447	1.12395641255079	0
1T	-1017.411086343	0.4335581046904	0
2A	-1017.41108632058	0.433557920379782	0
2C	-1017.34519479292	0.322139107133129	0
2G	-1015.20549624409	1.36131427009498	0
2T	-1017.41108632049	0.433557677321127	0
3A	-1017.41108634998	0.43355802389427	0
3C	-1017.4110863497	0.433557968745985	0
3G	-1017.41622934993	0.34567747321542	0
3T	-1015.29925496985	1.36001845872133	0
4A	-1017.41108633191	0.433558139475526	0
4C	-1015.44987104954	1.35799142685576	0
4G	-1017.41108633194	0.43355815891919	0
4T	-1017.4690729702	0.39182810495953	0
5A	-1017.41108632367	0.433558119884281	0
5C	-1017.20508451486	1.56486710368339	0
5G	-1016.43341353828	1.3488598453785	0
5T	-1017.41108632359	0.433558000602544	0
6A	-1017.41108628956	0.4335578544429	0
6C	-1017.41108628926	0.433558033654457	0
6G	-1017.30247404362	0.311691280949289	0
6T	-1015.15916782781	1.36196317745587	0
7A	-1017.41108634312	0.43355811889624	0
7C	-1017.411086343	0.433557998103394	0
7G	-1030.61830730448	1.12395641323318	0
7T	-985.602345742432	2.19983221798938	0
8A	-1018.3945793507	1.1932448920866	0
8C	-1017.41108634067	0.433558178572759	0
8G	-1016.03585441831	1.36632193644934	0
8T	-1017.41108634064	0.433558192639027	0
9A	-1017.41108631333	0.433558143263552	0
9C	-1017.35521220895	1.43157894995848	0
9G	-1017.41108631336	0.43355813289033	0
9T	-1016.13196730894	1.35124746213193	0
10A	-1017.44623519912	0.361191973635174	0
10C	-1017.41108635013	0.433558088151147	0
10G	-1017.41108635013	0.433558182159253	0
10T	-1015.35440411947	1.35926800436011	0
neutral	-1017.69676493386	1	0
