model	lik	mode	convergence
1A	-226.300439813845	2.28581063442043	0
1C	-246.286494158229	0.433558309055358	0
1G	-260.973539925385	0.799379539380872	0
1T	-246.2864941582	0.433558091169999	0
2A	-246.286494155401	0.433558171179095	0
2C	-248.808428229729	1.74137364556641	0
2G	-246.286494155458	0.433557995056266	0
2T	-246.344338480188	0.393454580356642	0
3A	-248.729927435558	1.74477510515373	0
3C	-246.286494164356	0.433558100772162	0
3G	-246.286494164322	0.43355821810004	0
3T	-246.342019961668	0.381257018800772	0
4A	-249.554190032557	1.71556697989819	0
4C	-246.286494136787	0.433558601357626	0
4G	-246.286494137128	0.433558256261504	0
4T	-245.944079379896	0.975408576133503	0
neutral	-246.572173793085	1	0
