posterior_mean	posterior_var	posterior_sd	posterior_quant	is_contained	PESL
1.99725146465438	0.00288462417368179	0.0537086973746505	0.523970359403092	1	0.00289217862022581
