model	lik	mode	convergence
1A	-241.695980686615	3.12361081450954	0
1C	-254.694052016859	0.433558144118067	0
1G	-254.694052016895	0.433558490610197	0
1T	-269.704436968866	1.01118069367123	0
2A	-254.694052027765	0.433558127186258	0
2C	-266.735250656724	1.2889659001167	0
2G	-254.694052027738	0.433557978770378	0
2T	-255.002001919504	0.587238316810921	0
neutral	-254.979731323852	1	0
