posterior_mean	posterior_var	posterior_sd	posterior_quant	is_contained	PESL
3.23494179332421	0.352261999931437	0.593516638293685	0.0992176153186568	1	0.892401439506623
