lik	gamma	delta
-2426.02002996079	0.00142547891915087	0.381369516739752
-2714.54970775254	0.00142547891915087	0.0263124456967989
-2714.85831221312	0.00142547891915087	6.61069613519961e-05
-2710.24357653685	0.00142547891915087	0.0295458135653313
-2545.82210651582	0.00142547891915087	0.155560191227924
-2703.81373115442	0.00142547891915087	0.428045368037689
-2714.85913867786	0.00142547891915087	6.61069613519961e-05
-2710.92830147089	0.00142547891915087	0.467805974225834
-2713.99675370272	0.00142547891915087	0.111313770282089
-2678.44225050891	0.00142547891915087	0.384865433518732
-2714.85808745283	0.00142547891915087	6.61069613519961e-05
-2566.55148935337	0.00142547891915087	0.146851687693713
-2431.23690305953	0.00142547891915087	0.391970731379638
-2714.47221868787	0.00142547891915087	0.218967847012931
-2707.69748948448	0.00142547891915087	0.0347953186522173
-2714.85811890088	0.00142547891915087	6.61069613519961e-05
-2714.80352387015	0.00142547891915087	0.0165058397037679
-2535.54466697517	0.00142547891915087	0.160493288941858
-2714.85806778509	0.00142547891915087	6.61069613519961e-05
-2714.85806778509	0.00142547891915087	6.61069613519961e-05
-2535.83045732115	0.00142547891915087	0.160007989624765
-2714.85806736935	0.00142547891915087	6.61069613519961e-05
-2714.85806736935	0.00142547891915087	6.61069613519961e-05
-2714.82411002101	0.00142547891915087	0.0137759994269069
-2714.85820284988	0.00142547891915087	6.61069613519961e-05
-2535.73486325483	0.00142547891915087	0.160518553841262
-2714.66794740898	0.00142547891915087	0.0305449843548489
-2714.85811087316	0.00142547891915087	6.61069613519961e-05
-2714.85806744886	0.00142547891915087	6.61069613519961e-05
-2538.09455773263	0.00142547891915087	0.157500730469733
-2713.85283300831	0.00142547891915087	0.283331119344954
-2714.85834293258	0.00142547891915087	6.61069613519961e-05
-2714.85820027732	0.00142547891915087	6.61069613519961e-05
-2714.85806727087	0.00142547891915087	6.61069613519961e-05
-2537.59758246305	0.00142547891915087	0.157432101507125
-2714.85806727087	0.00142547891915087	6.61069613519961e-05
-2537.77495940614	0.00142547891915087	0.157313693266205
-2714.85806724992	0.00142547891915087	6.61069613519961e-05
-2714.85807727339	0.00142547891915087	6.61069613519961e-05
-2714.85810767571	0.00142547891915087	6.61069613519961e-05
-2714.85806690026	0.00142547891915087	0
