posterior_mean	posterior_var	posterior_sd	posterior_quant	is_contained	PESL
3.15046114331693	0.026347461771334	0.162319012353248	0.177513575556888	1	0.0489860174195843
