model	lik	mode	convergence
1A	-402.478405730967	2.49225945947087	0
1C	-443.843800441999	0.433558171390564	0
1G	-456.529232194447	1.17394204237273	0
1T	-443.843800441959	0.433558028722515	0
2A	-443.843800415021	0.433558119207383	0
2C	-443.843800414683	0.433558245722865	0
2G	-443.897217951672	0.403902691236842	0
2T	-425.747129984489	1.86668328547114	0
3A	-443.843800416982	0.433557911691879	0
3C	-443.843800416815	0.433558058200539	0
3G	-444.064816641684	0.576214513464331	0
3T	-425.546365644338	1.87573596370206	0
4A	-443.843800407085	0.433558170251325	0
4C	-443.843800406689	0.433558262164222	0
4G	-443.663596471583	0.902416999643595	0
4T	-426.432317310543	1.85592681041791	0
5A	-426.797238884724	1.87143321921819	0
5C	-443.843800436414	0.433558123971147	0
5G	-443.843800436375	0.433558079635258	0
5T	-443.997219110801	1.40925597989049	0
neutral	-444.129477509429	1	0
