posterior_mean	posterior_var	posterior_sd	posterior_quant	is_contained	PESL
2.51078177831989	0.0461659711501425	0.214862679751842	0.49142407706911	1	0.0462822178938632
