model	lik	mode	convergence
1A	-260.460628644072	1.85032097368161	0
1C	-266.338807318704	0.433558055430935	0
1G	-280.836997129894	0.943692400235891	0
1T	-266.338807318672	0.433558010248361	0
2A	-266.338807289192	0.433558098070655	0
2C	-266.33880728908	0.433558091919498	0
2G	-266.037673166612	1.3257893978358	0
2T	-279.222861240153	1.21692024220561	0
neutral	-266.624486266666	1	0
