model	lik	mode	convergence
1A	-439.727268814876	1.96607428184967	0
1C	-464.172741810758	0.433558228276128	0
1G	-477.45832840947	1.1835060081211	0
1T	-464.172741810738	0.433557993155554	0
2A	-464.197254732829	0.424358072305116	0
2C	-456.45388997176	1.66748190471971	0
2G	-464.172741795117	0.433558244248517	0
2T	-464.172741795129	0.433557967272029	0
3A	-464.226322474917	0.403674623260668	0
3C	-464.172741806248	0.433558171598468	0
3G	-456.353617596761	1.66961859783023	0
3T	-464.172741806227	0.433558304768806	0
4A	-464.21556723909	0.366742475534682	0
4C	-464.172741831324	0.433558223651098	0
4G	-464.172741831312	0.433558026942263	0
4T	-456.139506493986	1.67436160562329	0
5A	-456.220785224005	1.67253442192715	0
5C	-464.227453609255	0.379775785757994	0
5G	-464.172741823916	0.433558220646583	0
5T	-464.172741823892	0.433558086955104	0
neutral	-464.458420333274	1	0
