posterior_mean	posterior_var	posterior_sd	posterior_quant	is_contained	PESL
1.98005932795459	0.0275514525424668	0.165986302273612	0.558745606117253	1	0.027949082944088
