posterior_mean	posterior_var	posterior_sd	posterior_quant	is_contained	PESL
2.97414426207734	0.0108563685503584	0.104193898815422	0.602226350475513	1	0.0115248877338855
