posterior_mean	posterior_var	posterior_sd	posterior_quant	is_contained	PESL
2.03660412523296	0.00531536791424824	0.0729065697605383	0.310952978371435	1	0.00665522989831744
