posterior_mean	posterior_var	posterior_sd	posterior_quant	is_contained	PESL
2.07200054627353	0.00331360860890337	0.0575639523391451	0.10450386241231	1	0.00849768727253723
