posterior_mean	posterior_var	posterior_sd	posterior_quant	is_contained	PESL
3.54904780595518	0.519574471597207	0.720815143845637	0.230909335136363	1	0.821027964821591
