posterior_mean	posterior_var	posterior_sd	posterior_quant	is_contained	PESL
1.98436114321917	0.0124918439246507	0.111766917845357	0.562915659708405	1	0.0127364177660692
