posterior_mean	posterior_var	posterior_sd	posterior_quant	is_contained	PESL
2.47704361281024	0.00401543730968587	0.0633674783282866	0.644191380509594	1	0.00454243302250258
