model	lik	mode	convergence
1A	-400.675052350288	1.48076229176607	0
1C	-415.74179167742	0.867020968900754	0
1G	-401.39446069456	0.433558210840662	0
1T	-401.394460694549	0.433558009844176	0
2A	-401.394460214415	0.433556965391538	0
2C	-416.373713829195	1.04025312574283	0
2G	-401.449340251716	0.56816473301202	0
2T	-401.394460214562	0.433556966813671	0
3A	-416.50186873562	0.976580058434035	0
3C	-401.394460697952	0.433558172119467	0
3G	-401.394460697911	0.433558255731978	0
3T	-401.82734760395	1.11804875811852	0
4A	-401.770965749246	1.2669179543702	0
4C	-401.394460711011	0.433558160519012	0
4G	-401.394460710999	0.433558105533854	0
4T	-415.255892771982	0.816437662142148	0
5A	-416.520320736969	0.999714948036591	0
5C	-401.39446073077	0.433558065032326	0
5G	-401.642206510385	0.475619847161612	0
5T	-401.394460730758	0.433558049605639	0
6A	-416.527594283333	0.997092149865311	0
6C	-401.394460731341	0.433558086980392	0
6G	-401.39446073131	0.433558097742954	0
6T	-401.426809838124	0.359408808327147	0
7A	-401.394460728725	0.433558107354857	0
7C	-401.43802379873	0.367343738753395	0
7G	-416.528189757967	0.996402010220736	0
7T	-401.394460728626	0.43355797861697	0
8A	-401.561748826393	0.477468926229603	0
8C	-401.394460715824	0.433557993418627	0
8G	-416.498962770216	1.01021549824409	0
8T	-401.394460715789	0.433557936332651	0
9A	-401.533075454785	0.708065246888034	0
9C	-401.394460725513	0.433558171337677	0
9G	-416.524966903009	0.987077751244057	0
9T	-401.394460725481	0.433558058318499	0
neutral	-401.680139948752	1	0
