posterior_mean	posterior_var	posterior_sd	posterior_quant	is_contained	PESL
1.53535649273998	0.0821476592250828	0.286614129493092	0.47581457047199	1	0.0833977408040156
