posterior_mean	posterior_var	posterior_sd	posterior_quant	is_contained	PESL
2.97051625819755	0.0057486345859234	0.0758197506321631	0.653980821017026	1	0.00661792561663348
