model	lik	mode	convergence
1A	-729.996050496069	2.90279401087642	0
1C	-860.461668020339	0.961676385974197	0
1G	-847.425548385969	0.433557958071804	0
1T	-847.425548385582	0.433559181018463	0
2A	-793.965123085206	1.8998196004033	0
2C	-847.425548419999	0.43355805638947	0
2G	-847.425548419968	0.433558058984155	0
2T	-847.473957326683	0.371747679671115	0
3A	-847.425548393321	0.433558136803833	0
3C	-794.254014716796	1.89668327517051	0
3G	-847.425548393388	0.433557881534789	0
3T	-847.473590406441	0.409801728341675	0
4A	-794.349122373919	1.89748366086418	0
4C	-847.425548406627	0.433558022258511	0
4G	-847.425548406616	0.433558165319738	0
4T	-847.671823314379	0.656758185853744	0
5A	-847.425548400649	0.433558070813964	0
5C	-847.425548400617	0.433558013327314	0
5G	-794.180856171804	1.89746169487276	0
5T	-847.481702310612	0.399245535742371	0
6A	-847.995490575114	0.850420729325565	0
6C	-847.425548419965	0.433558125742256	0
6G	-793.977464471109	1.90479974068285	0
6T	-847.425548419923	0.433558126280568	0
7A	-847.425548387307	0.433558100926451	0
7C	-847.425548387142	0.433557829540676	0
7G	-794.332579377878	1.89586425356662	0
7T	-847.454921928041	0.422040064953148	0
8A	-847.434692484575	0.430508576872137	0
8C	-847.425548384152	0.433559046272479	0
8G	-847.42554838488	0.433559801004047	0
8T	-794.383461074955	1.89534383484237	0
neutral	-847.711221899329	1	0
