posterior_mean	posterior_var	posterior_sd	posterior_quant	is_contained	PESL
2.91284405358159	0.029165019412308	0.170777690030952	0.700163715838111	1	0.0367611784120135
