model	lik	mode	convergence
1A	-485.282099196174	1.96168448253883	0
1C	-519.748152141645	1.02151751172609	0
1G	-503.823021315269	0.433558051945121	0
1T	-503.823021315248	0.433558155975268	0
2A	-509.358814359206	1.41464584248283	0
2C	-503.823021331587	0.433558091733556	0
2G	-504.536748562158	0.751930757105586	0
2T	-503.823021331573	0.433558149426052	0
3A	-503.823021186899	0.433557634385039	0
3C	-504.229990832531	0.651243512416842	0
3G	-503.823021186865	0.433557786918697	0
3T	-509.577478876625	1.40766936345476	0
4A	-504.401837352666	0.658889963385734	0
4C	-503.823021304105	0.433558164140953	0
4G	-509.283498705577	1.41510925847312	0
4T	-503.823021304117	0.433558531934345	0
5A	-504.03702453931	1.13687336990955	0
5C	-503.823021333737	0.433558145424282	0
5G	-510.163669588312	1.3936916458578	0
5T	-503.823021333711	0.433558020043552	0
neutral	-504.10870103169	1	0
