posterior_mean	posterior_var	posterior_sd	posterior_quant	is_contained	PESL
1.47910409842829	0.00814486632581241	0.0902489131558514	0.599024815930336	1	0.00858150502941401
