model	lik	mode	convergence
1A	-168.920924940942	2.86260360802891	0
1C	-204.116642341828	0.433558144242073	0
1G	-205.137165929746	0.961076999923616	0
1T	-204.116642341817	0.433558001227153	0
2A	-204.11664166937	0.4335580917023	0
2C	-204.116641669277	0.433558123426754	0
2G	-187.029135011235	2.63663448753986	0
2T	-202.359497326596	2.28967661134366	0
3A	-204.16308882242	0.411201378882941	0
3C	-204.11664165074	0.433558081267635	0
3G	-183.715011231661	2.67390417681163	0
3T	-204.116641650657	0.433558303394066	0
4A	-204.116641645123	0.433558103809272	0
4C	-203.606783117429	1.66007958619124	0
4G	-185.508021889345	2.6410446205468	0
4T	-204.116641645012	0.433557260377495	0
neutral	-204.402321281866	1	0
