posterior_mean	posterior_var	posterior_sd	posterior_quant	is_contained	PESL
2.54133950106436	0.00488517475088668	0.0698940251444047	0.279100909821999	1	0.00659412909915687
