posterior_mean	posterior_var	posterior_sd	posterior_quant	is_contained	PESL
2.46412412635608	0.00390971387600332	0.0625277048675491	0.718857015188037	1	0.00519679218575121
