model	lik	mode	convergence
1A	-190.951903673942	2.71446938654223	0
1C	-234.489852362629	0.901893040951352	0
1G	-220.448122470027	0.43355820778401	0
1T	-220.448122469964	0.433558019551918	0
2A	-220.44812247565	0.433558107818145	0
2C	-220.497130636	0.408893774832841	0
2G	-212.429986916561	2.12995663402645	0
2T	-220.448122475486	0.433557859554607	0
3A	-220.448122491452	0.433558118974055	0
3C	-220.505732326934	0.387154932804544	0
3G	-220.448122491434	0.433557976401851	0
3T	-212.224066924117	2.13888760699946	0
4A	-220.448122474467	0.433558189546886	0
4C	-215.813627169996	2.05063216938501	0
4G	-217.908301390131	2.69702306149108	0
4T	-220.448122474625	0.433557972762312	0
neutral	-220.733801575285	1	0
