posterior_mean	posterior_var	posterior_sd	posterior_quant	is_contained	PESL
2.60189988311145	0.0104249805333491	0.102102793954667	0.159085270104436	1	0.0208085669083365
