posterior_mean	posterior_var	posterior_sd	posterior_quant	is_contained	PESL
2.12090670500832	0.00680991105520535	0.0825221852304297	0.0693107444084292	1	0.0214283423711527
