model	lik	mode	convergence
1A	-769.489227290098	2.51899426022827	0
1C	-866.877246699572	0.433558122389308	0
1G	-866.87724669955	0.433558369443336	0
1T	-884.177847356255	1.01175374922608	0
2A	-817.315802720007	1.89941092915297	0
2C	-866.877246675228	0.433558242939216	0
2G	-866.877246675265	0.433557969741927	0
2T	-866.920377011585	0.413804936705616	0
3A	-866.877246707033	0.433558029272164	0
3C	-866.875214833556	0.342716313893144	0
3G	-816.722346277341	1.90598981840434	0
3T	-866.877246706951	0.433557758218544	0
4A	-866.877246671634	0.433558129647406	0
4C	-866.877246671463	0.433557775232813	0
4G	-866.907752160201	0.421465949403671	0
4T	-817.364611361724	1.89890407987819	0
5A	-866.877246692104	0.433558117387042	0
5C	-817.728342513019	1.89704531277613	0
5G	-866.910305594963	0.78013130967242	0
5T	-866.877246692279	0.433558343936656	0
6A	-866.877246679808	0.433558200681362	0
6C	-820.480938108908	1.87905880273028	0
6G	-863.80030836637	3.00903441059243	0
6T	-866.877246680101	0.433557713883747	0
7A	-866.877246678841	0.433558151780717	0
7C	-866.789072055635	0.854840288556934	0
7G	-817.877648271287	1.89545831144691	0
7T	-866.877246678766	0.43355798943827	0
8A	-866.948937680602	1.35153869719568	0
8C	-817.349125557119	1.9535047090286	0
8G	-866.877246707655	0.433558068175182	0
8T	-866.877246707626	0.433558081254436	0
9A	-851.254520468848	3.49122008878209	0
9C	-829.423203867439	1.82424987968749	0
9G	-866.877246709314	0.433558016544634	0
9T	-866.877246709288	0.433557981605666	0
10A	-866.877246677483	0.433558120513087	0
10C	-866.877246677097	0.433558188320272	0
10G	-866.924763537308	0.41027520353525	0
10T	-817.292504886513	1.89966371875284	0
neutral	-867.162926652336	1	0
