model	lik	mode	convergence
1A	-863.392936643573	1.949638249401	0
1C	-931.637091515068	0.940364619456867	0
1G	-916.480704411278	0.43355800870469	0
1T	-916.480704411255	0.433558010295777	0
2A	-916.480704408264	0.433558193803902	0
2C	-897.653947502331	1.56312230521912	0
2G	-916.480704408361	0.433558155590883	0
2T	-916.485339551942	0.815333781494181	0
3A	-916.48070443474	0.433558124851852	0
3C	-897.452477672918	1.56535796243936	0
3G	-916.663924067677	0.686305354425393	0
3T	-916.480704434899	0.43355808939879	0
4A	-916.480704424524	0.433558151411809	0
4C	-897.196601158674	1.56715227905098	0
4G	-916.53868502583	0.390066942053885	0
4T	-916.480704424721	0.43355795246666	0
5A	-916.480704429015	0.433558096508183	0
5C	-916.480704428829	0.433558078553214	0
5G	-916.590723235592	0.736970969278019	0
5T	-897.542479162794	1.56435041779784	0
6A	-896.524021712256	1.58057276630833	0
6C	-917.351771805348	0.844080227132331	0
6G	-916.480704414233	0.433557971851848	0
6T	-916.480704414223	0.433557943705255	0
7A	-916.480704432729	0.433558115535082	0
7C	-916.53495533318	0.379010722448035	0
7G	-916.480704432737	0.433558083142873	0
7T	-897.143429180784	1.56776147560157	0
8A	-916.741316913385	0.654277942140547	0
8C	-897.383843643753	1.56601747307391	0
8G	-916.480704410597	0.433558180240824	0
8T	-916.480704410568	0.433558111883804	0
9A	-916.480704418578	0.433558100036221	0
9C	-897.88325996321	1.5615763504841	0
9G	-916.386959740046	1.18264417590912	0
9T	-916.480704418906	0.433558081182322	0
neutral	-916.76638378937	1	0
