posterior_mean	posterior_var	posterior_sd	posterior_quant	is_contained	PESL
1.95603667544399	0.0124888527761824	0.111753535855392	0.658924780555151	1	0.0144216267048862
