posterior_mean	posterior_var	posterior_sd	posterior_quant	is_contained	PESL
2.32021074191371	0.0634673928979693	0.251927356390626	0.0970632630959213	1	0.166002312134759
