posterior_mean	posterior_var	posterior_sd	posterior_quant	is_contained	PESL
1.64433814959832	0.0305175238721084	0.174692655461266	0.207250573745001	1	0.0513510253015688
