lik	gamma	delta
-852.517754061167	0.00286126054335916	0.191298071794999
-860.795027780624	0.00286126054335916	6.61069613519961e-05
-860.582365118607	0.00286126054335916	0.00802900109660312
-860.797478098542	0.00286126054335916	6.61069613519961e-05
-860.794965215181	0.00286126054335916	6.61069613519961e-05
-860.794965215181	0.00286126054335916	6.61069613519961e-05
-860.795064468967	0.00286126054335916	6.61069613519961e-05
-859.604409311771	0.00286126054335916	0.0176757585978915
-860.7949698006	0.00286126054335916	6.61069613519961e-05
-860.7949698006	0.00286126054335916	6.61069613519961e-05
-859.581223835212	0.00286126054335916	0.0181384659985284
-860.795007020281	0.00286126054335916	6.61069613519961e-05
-859.367818693631	0.00286126054335916	0.0197236814525122
-860.795142395651	0.00286126054335916	6.61069613519961e-05
-860.795532334001	0.00286126054335916	6.61069613519961e-05
-860.795069904448	0.00286126054335916	6.61069613519961e-05
-860.795498903393	0.00286126054335916	6.61069613519961e-05
-858.627938108531	0.00286126054335916	0.0383544692095909
-860.735836683956	0.00286126054335916	0.00515576521482106
-860.794968879113	0.00286126054335916	6.61069613519961e-05
-860.79496359552	0.00286126054335916	4.11253359999805e-05
-859.578101940801	0.00286126054335916	0.0182797756495778
-860.794966805484	0.00286126054335916	6.61069613519961e-05
-860.794966805484	0.00286126054335916	6.61069613519961e-05
-860.794966764827	0.00286126054335916	6.61069613519961e-05
-859.515574658866	0.00286126054335916	0.0183917797306568
-860.795379528931	0.00286126054335916	6.61069613519961e-05
-860.794966764827	0.00286126054335916	6.61069613519961e-05
-860.794965475006	0.00286126054335916	6.61069613519961e-05
-859.5678696878	0.00286126054335916	0.018017774442971
-860.795174375957	0.00286126054335916	6.61069613519961e-05
-860.794966847741	0.00286126054335916	6.61069613519961e-05
-860.795010980254	0.00286126054335916	6.61069613519961e-05
-860.710776235539	0.00286126054335916	0.00907803572627524
-860.794973760573	0.00286126054335916	6.61069613519961e-05
-859.545214934607	0.00286126054335916	0.0218170632563776
-860.795141280325	0.00286126054335916	6.61069613519961e-05
-858.878460669809	0.00286126054335916	0.027903091484728
-860.795319487723	0.00286126054335916	6.61069613519961e-05
-860.79496609021	0.00286126054335916	6.61069613519961e-05
-860.794964052539	0.00286126054335916	0
