lik	gamma	delta
-1076.08665313636	0.00213362880334981	0.1934842633734
-1144.69259192045	0.00213362880334981	6.61069613519961e-05
-1144.69121287105	0.00213362880334981	6.61069613519961e-05
-1144.69121287105	0.00213362880334981	6.61069613519961e-05
-1144.69121349465	0.00213362880334981	6.61069613519961e-05
-1091.20997272373	0.00213362880334981	0.136710857351568
-1144.69132898409	0.00213362880334981	6.61069613519961e-05
-1144.69333542087	0.00213362880334981	6.61069613519961e-05
-1144.69121286681	0.00213362880334981	6.61069613519961e-05
-1144.69121286681	0.00213362880334981	6.61069613519961e-05
-1097.69592112538	0.00213362880334981	0.120880507223801
-1144.69121286681	0.00213362880334981	6.61069613519961e-05
-1144.69141940326	0.00213362880334981	6.61069613519961e-05
-1144.69122238214	0.00213362880334981	6.61069613519961e-05
-1142.69554672748	0.00213362880334981	0.404035711604276
-1098.28967495347	0.00213362880334981	0.121323154595532
-1094.42412090067	0.00213362880334981	0.130316064995448
-1144.69199849172	0.00213362880334981	6.61069613519961e-05
-1144.69121460591	0.00213362880334981	6.61069613519961e-05
-1144.61637214333	0.00213362880334981	0.0619715639911474
-1144.69121383687	0.00213362880334981	6.61069613519961e-05
-1144.6917190079	0.00213362880334981	6.61069613519961e-05
-1139.8478827639	0.00213362880334981	0.0482015064698414
-1086.67842773043	0.00213362880334981	0.221595743088693
-1144.2019005549	0.00213362880334981	0.275761470306818
-1144.69157833864	0.00213362880334981	6.61069613519961e-05
-1144.69121360315	0.00213362880334981	6.61069613519961e-05
-1097.03331603859	0.00213362880334981	0.123118294181552
-1144.69121313171	0.00213362880334981	6.61069613519961e-05
-1143.66286867466	0.00213362880334981	0.154908366443849
-1098.65122743174	0.00213362880334981	0.120568390286522
-1144.69121313171	0.00213362880334981	6.61069613519961e-05
-1144.69134238781	0.00213362880334981	6.61069613519961e-05
-1144.69128131356	0.00213362880334981	6.61069613519961e-05
-1097.32000324236	0.00213362880334981	0.121654983297283
-1144.69121302022	0.00213362880334981	6.61069613519961e-05
-1143.66490651361	0.00213362880334981	0.785890650322029
-1144.69121290772	0.00213362880334981	6.61069613519961e-05
-1144.69121290772	0.00213362880334981	6.61069613519961e-05
-1098.21597555957	0.00213362880334981	0.120235557683213
-1144.69121181297	0.00213362880334981	0
