model	lik	mode	convergence
1A	-150.866948806687	3.02562343413055	0
1C	-191.031085741408	0.433557989610848	0
1G	-203.244434491648	0.632060581614846	0
1T	-191.031085741379	0.433558121538726	0
2A	-191.042646789784	0.429635858894039	0
2C	-191.03108571978	0.433557641044791	0
2G	-168.244073421745	2.70907714801802	0
2T	-191.031085719944	0.433556463876607	0
3A	-191.057632474113	0.423415128936772	0
3C	-191.031085721587	0.433558642384957	0
3G	-168.171051924481	2.7123468028421	0
3T	-191.031085721635	0.433557850206827	0
neutral	-191.316763005533	1	0
