model	lik	mode	convergence
1A	-197.128974284978	3.65436812490243	0
1C	-230.691653781522	0.433558191897321	0
1G	-230.691653781523	0.433558072069979	0
1T	-245.926428657458	0.876836329911721	0
2A	-230.479883827694	0.29194242965187	0
2C	-234.119788325111	1.71397367979821	0
2G	-230.69165363253	0.433557612226786	0
2T	-230.691653632506	0.433557663891272	0
3A	-230.691653774004	0.433558137799816	0
3C	-235.015831418279	1.67252188004533	0
3G	-230.691653774041	0.433558292825078	0
3T	-230.743909499159	0.405415893914133	0
neutral	-230.977333465485	1	0
