posterior_mean	posterior_var	posterior_sd	posterior_quant	is_contained	PESL
3.71682635195893	0.228969235850685	0.478507299683804	0.0588666319858331	1	0.742809254713571
