posterior_mean	posterior_var	posterior_sd	posterior_quant	is_contained	PESL
1.57515601998504	0.00360501219485208	0.0600417537622951	0.103931220788715	1	0.00925343953478886
