posterior_mean	posterior_var	posterior_sd	posterior_quant	is_contained	PESL
3.00658118563835	0.0118781652909616	0.10898699597182	0.480728364581144	1	0.011921477295365
