model	lik	mode	convergence
1A	-797.945983581182	2.47503615819217	0
1C	-884.606724639831	0.433558063524094	0
1G	-884.606724639821	0.433558126488898	0
1T	-900.94884859512	0.93410713315601	0
2A	-885.098277356764	0.672220785851018	0
2C	-884.606724611914	0.433558099461539	0
2G	-854.129010702746	1.6995768336375	0
2T	-884.606724611886	0.433558131996229	0
3A	-884.573116872587	0.331515959441403	0
3C	-884.6067246274	0.433558036316478	0
3G	-884.60672462738	0.433558002529281	0
3T	-853.976756230551	1.69923345788894	0
4A	-884.606724611293	0.433558201557142	0
4C	-852.672660843062	1.72611234524772	0
4G	-885.760438334818	0.9189561454244	0
4T	-884.606724611579	0.433558125150272	0
5A	-884.512314659324	1.51489770689408	0
5C	-855.760044506456	1.68861827632369	0
5G	-884.606724611185	0.433558071371183	0
5T	-884.606724611159	0.433558103177573	0
6A	-884.606724630409	0.433558151510241	0
6C	-854.326356177675	1.69521026849668	0
6G	-884.606724630416	0.433558150305078	0
6T	-884.661585441656	0.380034297324831	0
7A	-884.606724618089	0.433558204400367	0
7C	-855.289719477274	1.69975001037348	0
7G	-884.606724618168	0.433557924154843	0
7T	-885.043717117965	1.31965892284058	0
8A	-884.606724637301	0.43355801983566	0
8C	-854.815479336758	1.69285266438164	0
8G	-884.78201930647	0.931332226826204	0
8T	-884.606724637382	0.433557997601371	0
9A	-884.634403646813	0.422873755272108	0
9C	-854.557814602301	1.69270681579295	0
9G	-884.606724602107	0.4335582853464	0
9T	-884.606724602061	0.433558420010761	0
neutral	-884.892404458433	1	0
