posterior_mean	posterior_var	posterior_sd	posterior_quant	is_contained	PESL
1.48793037523153	0.0181042935836607	0.13455219650255	0.547692632428406	1	0.0182499694262572
