model	lik	mode	convergence
1A	-945.492761784732	2.9363729200168	0
1C	-1274.26464025268	0.433558147051786	0
1G	-1286.40009324816	0.607505935467966	0
1T	-1274.26464025266	0.43355806714977	0
2A	-968.253471083788	2.86770560320452	0
2C	-1274.26464023311	0.433558251799953	0
2G	-1274.26464023311	0.433558365713876	0
2T	-1274.3686501373	1.06329009288294	0
3A	-1267.0687773637	3.09650932004802	0
3C	-1274.26464025233	0.433558126594494	0
3G	-1274.26464025235	0.433558324809932	0
3T	-976.673487941333	2.85447586662166	0
4A	-1274.30806856796	0.413584576280543	0
4C	-1274.26464023636	0.433558396642991	0
4G	-967.520720918004	2.8673522331808	0
4T	-1274.26464023635	0.433558030200899	0
5A	-1274.29372031034	0.422186397649798	0
5C	-1274.26464023224	0.433558280657228	0
5G	-1274.26464023238	0.433558042480828	0
5T	-967.637579341485	2.86666922447433	0
6A	-1274.26464023353	0.433558164074062	0
6C	-977.379755731226	2.85473602710086	0
6G	-1266.58263256587	3.00090022680905	0
6T	-1274.26464023402	0.433557970523109	0
7A	-1270.43196220579	2.6260494836	0
7C	-1274.26464023032	0.433558518864891	0
7G	-1274.26464023085	0.433556744896154	0
7T	-973.411272821645	2.86129579120679	0
8A	-970.118781558143	2.85973169980396	0
8C	-1272.8041988223	2.38434401577871	0
8G	-1274.2646402442	0.433558173362074	0
8T	-1274.26464024415	0.433558169010234	0
9A	-967.552252481508	2.86951885060014	0
9C	-1274.48521482547	0.681511333523218	0
9G	-1274.26464024649	0.433558282599833	0
9T	-1274.26464024645	0.433558156338277	0
10A	-967.360003641612	2.86832220377696	0
10C	-1274.31888029747	0.402704488337896	0
10G	-1274.26464024373	0.433558065447913	0
10T	-1274.26464024367	0.433558086749652	0
neutral	-1274.55031782766	1	0
