posterior_mean	posterior_var	posterior_sd	posterior_quant	is_contained	PESL
3.0049345977667	0.0235351243043958	0.153411617240663	0.493965386069416	1	0.0235594745595156
