posterior_mean	posterior_var	posterior_sd	posterior_quant	is_contained	PESL
1.3644466926697	0.0492170215392683	0.221849096322857	0.74095763322541	1	0.0675917206674419
