posterior_mean	posterior_var	posterior_sd	posterior_quant	is_contained	PESL
2.33940843676665	0.0718503738957132	0.268049200513102	0.733730734189864	1	0.0976400240774526
