posterior_mean	posterior_var	posterior_sd	posterior_quant	is_contained	PESL
2.19422985730777	0.043889456003133	0.20949810501084	0.177766000783283	1	0.0816146934728957
