posterior_mean	posterior_var	posterior_sd	posterior_quant	is_contained	PESL
2.95817231112412	0.00605221803515536	0.077796002693939	0.706746220022169	1	0.00780177359190309
