model	lik	mode	convergence
1A	-646.361950923294	1.95041896000596	0
1C	-652.924139100319	0.43355806781195	0
1G	-667.878421623353	1.05529034483837	0
1T	-652.924139100288	0.433557935754038	0
2A	-665.569110619614	1.17847971418044	0
2C	-652.924139071771	0.433558138855836	0
2G	-652.924139071721	0.433558235788587	0
2T	-652.976378091661	0.405436411958555	0
3A	-665.565097109037	1.17863292274544	0
3C	-652.924139073874	0.433558203462762	0
3G	-652.924139073836	0.433558395632603	0
3T	-652.978530723196	0.402469796844734	0
4A	-652.924139066573	0.433558083444148	0
4C	-665.5799286867	1.17806704717876	0
4G	-652.924139066516	0.433558200093471	0
4T	-652.967536457559	0.413607453415652	0
5A	-652.924139086298	0.433558177314346	0
5C	-665.541092202554	1.17955047304436	0
5G	-652.924139086364	0.433558204017267	0
5T	-652.981400357849	0.385711814926086	0
6A	-665.481433171759	1.18183962222706	0
6C	-652.937934345465	0.349544367745618	0
6G	-652.924139100807	0.433558052254005	0
6T	-652.924139100795	0.433558061766846	0
7A	-652.924139101254	0.433558046671876	0
7C	-652.942411791503	0.351700754843792	0
7G	-652.924139101226	0.433557916577026	0
7T	-665.48532953233	1.18168974381546	0
8A	-653.879386648427	1.19125440691592	0
8C	-652.924139060323	0.433559040712179	0
8G	-652.9241390608	0.43356046063849	0
8T	-666.044393411044	1.16753090221332	0
9A	-652.92413908351	0.433558136540204	0
9C	-662.882014331502	1.34598140565086	0
9G	-655.009234586343	0.973425018446671	0
9T	-652.924139083747	0.433558057066763	0
10A	-652.973336995801	0.408709566617419	0
10C	-652.924139069468	0.433558187476481	0
10G	-652.924139069507	0.433558002366559	0
10T	-665.573527730671	1.17831117034798	0
neutral	-653.209818207273	1	0
