posterior_mean	posterior_var	posterior_sd	posterior_quant	is_contained	PESL
1.99786764343852	0.0928378338103222	0.304693015690091	0.523503825616877	1	0.0928423807548277
