posterior_mean	posterior_var	posterior_sd	posterior_quant	is_contained	PESL
2.05806547584642	0.00280701169814698	0.0529812391148695	0.136136665565997	1	0.00617861118331961
