posterior_mean	posterior_var	posterior_sd	posterior_quant	is_contained	PESL
1.15012901983311	0.0115009258599827	0.107242369705181	0.998691135840214	0	0.133910628620988
