posterior_mean	posterior_var	posterior_sd	posterior_quant	is_contained	PESL
0.707833775127868	0.124598669991712	0.352985367956962	0.965830327620927	1	0.752125997819956
