posterior_mean	posterior_var	posterior_sd	posterior_quant	is_contained	PESL
2.42472407460088	0.0362190242327684	0.19031296391147	0.661945380593111	1	0.0418854891775007
