posterior_mean	posterior_var	posterior_sd	posterior_quant	is_contained	PESL
2.92439728805198	0.010935077030301	0.104570918664326	0.766919973166539	1	0.0166508470841728
