posterior_mean	posterior_var	posterior_sd	posterior_quant	is_contained	PESL
1.69677623206345	0.00768654981266914	0.0876729708215088	0.010161787196115	0	0.0464074351892641
