model	lik	mode	convergence
1A	-609.548126152779	1.03049994685157	0
1C	-608.326201072807	0.43355809472489	0
1G	-625.616939575607	0.949383262590812	0
1T	-608.32620107278	0.433558041937784	0
2A	-608.326201055888	0.433558084809676	0
2C	-609.806495521859	0.876036752544234	0
2G	-608.326201055907	0.433557943779855	0
2T	-625.72996776622	0.972044957305698	0
3A	-608.76982285813	0.746216980872229	0
3C	-625.712574183171	0.958240003862401	0
3G	-608.32620108106	0.433557917428078	0
3T	-608.326201081032	0.43355812661495	0
4A	-608.197676426244	0.307372533656152	0
4C	-608.326201002043	0.433557803071559	0
4G	-625.761665074215	0.964617933706672	0
4T	-608.326201002003	0.433557782846733	0
5A	-608.32620108038	0.433558110637476	0
5C	-625.744384799153	0.962264474528626	0
5G	-608.326201080366	0.433558117903957	0
5T	-608.606991428808	0.500860922731509	0
neutral	-608.611881005786	1	0
