model	lik	mode	convergence
1A	-221.389791600409	2.34270596646526	0
1C	-245.803111083192	0.433558515164311	0
1G	-258.49870695299	0.588783941808871	0
1T	-245.803111083172	0.433558092074692	0
2A	-245.803111108597	0.433558098019501	0
2C	-245.803111108476	0.433558113216129	0
2G	-240.266694980108	2.11087373699562	0
2T	-246.108568359845	0.551634402385418	0
3A	-245.859676720574	0.383624149681408	0
3C	-240.551096721703	2.09011328038023	0
3G	-245.803111099735	0.433558131113858	0
3T	-245.803111099696	0.43355812486876	0
4A	-245.803111106292	0.433558101049648	0
4C	-245.803111106128	0.433557955510802	0
4G	-245.853589742233	0.373978324330608	0
4T	-240.451290399064	2.09456786697485	0
5A	-245.803111074361	0.433558028892946	0
5C	-245.803111074377	0.433558657815604	0
5G	-240.892441312212	2.07555741412165	0
5T	-245.830832808287	0.422853134824713	0
6A	-245.803111073394	0.433559700010915	0
6C	-240.954116134131	2.07305915207991	0
6G	-245.80311107402	0.433557441162629	0
6T	-245.809971473783	0.431306451107078	0
neutral	-246.088790981372	1	0
