posterior_mean	posterior_var	posterior_sd	posterior_quant	is_contained	PESL
1.48057520391776	0.00645416485435715	0.0803378170873291	0.602121759412634	1	0.00683148755716983
