model	lik	mode	convergence
1A	-526.45475196868	3.090560358876	0
1C	-686.590733577868	0.433558124115202	0
1G	-686.590733577867	0.433558016248484	0
1T	-700.755951055541	1.02782774880895	0
2A	-566.561808904035	2.5895706772262	0
2C	-686.590733553134	0.433558352091157	0
2G	-686.59073355312	0.433558059986271	0
2T	-686.614005335677	0.424915756929185	0
3A	-566.351768738469	2.59191819309575	0
3C	-686.590733561749	0.433558168108642	0
3G	-686.641646981872	0.406932927829835	0
3T	-686.590733561752	0.433558203425602	0
4A	-686.590733561119	0.433558193181056	0
4C	-566.868530311277	2.59000126378948	0
4G	-686.590733561157	0.43355815558683	0
4T	-686.710602588902	0.750985379080222	0
5A	-686.562231931348	0.836140201963676	0
5C	-567.195259771365	2.58642721183807	0
5G	-686.59073355264	0.433558392726465	0
5T	-686.590733552644	0.433558122472959	0
6A	-567.40659812396	2.58419655598543	0
6C	-686.590733553726	0.433558227503626	0
6G	-686.590733553762	0.433558616200802	0
6T	-686.398882959557	0.910691018458526	0
7A	-686.610819480176	0.426290888134304	0
7C	-566.576695060913	2.58940927892708	0
7G	-686.590733552629	0.43355861052916	0
7T	-686.590733552592	0.433557591302498	0
neutral	-686.876412377079	1	0
