model	lik	mode	convergence
1A	-1542.19757863959	2.2977525377588	0
1C	-1720.84790235592	0.886333602198603	0
1G	-1705.89336467262	0.433558225501418	0
1T	-1705.89336467259	0.433558013074021	0
2A	-1705.89336465435	0.433558135241616	0
2C	-1705.94995453125	0.398219328915252	0
2G	-1705.89336465436	0.433557920040923	0
2T	-1627.20265411613	1.70220995775425	0
3A	-1705.89336463857	0.433558141103747	0
3C	-1705.67640423416	0.923159227769383	0
3G	-1705.89336463838	0.433557524264516	0
3T	-1627.83764137462	1.69952160863442	0
4A	-1627.30200640539	1.70167802504683	0
4C	-1705.93146999861	0.417194576519698	0
4G	-1705.89336464222	0.433558000219599	0
4T	-1705.89336464211	0.433558140186394	0
5A	-1705.89336467603	0.433558051464708	0
5C	-1626.84296784811	1.70424166090712	0
5G	-1705.89370020045	0.343671659569858	0
5T	-1705.89336467614	0.433557841954587	0
6A	-1705.89336467299	0.433558102272325	0
6C	-1707.09514857467	0.836303077719054	0
6G	-1622.9390056493	1.7345620811176	0
6T	-1705.89336467285	0.433558168160841	0
7A	-1705.94912153911	0.4000725629034	0
7C	-1705.89336465279	0.433558216777402	0
7G	-1705.89336465281	0.433558217923872	0
7T	-1627.2128958162	1.70215445597881	0
8A	-1705.89336465164	0.433558131690783	0
8C	-1705.89336465158	0.433558141909557	0
8G	-1630.14386308809	1.69243503669538	0
8T	-1703.36852399055	2.44620763107869	0
9A	-1627.86561618118	1.70000770283205	0
9C	-1705.89336465226	0.433558194487026	0
9G	-1705.89336465222	0.433558016919752	0
9T	-1705.937090907	1.09554372299527	0
10A	-1627.21289581629	1.70215445586065	0
10C	-1705.89336465282	0.433558129673802	0
10G	-1705.94912153914	0.400072582586108	0
10T	-1705.89336465281	0.433558132478515	0
11A	-1705.89336466801	0.433558130492009	0
11C	-1706.14663893744	0.93504119246982	0
11G	-1705.89336466798	0.43355811456052	0
11T	-1627.62021405788	1.70131754609487	0
12A	-1705.89336464314	0.433558168930949	0
12C	-1705.89336464295	0.433558012961468	0
12G	-1627.29238538659	1.70172888679347	0
12T	-1705.93444885789	0.415249900687829	0
13A	-1705.8933646454	0.433558197318867	0
13C	-1705.5338103337	1.36867164389161	0
13G	-1705.89336464538	0.433558107648748	0
13T	-1628.11743626061	1.69869441704564	0
14A	-1705.8933646412	0.433558232812225	0
14C	-1627.31141309265	1.70162843631992	0
14G	-1705.89336464114	0.433558030745465	0
14T	-1705.92824640879	0.419083061476659	0
neutral	-1706.17904441787	1	0
