posterior_mean	posterior_var	posterior_sd	posterior_quant	is_contained	PESL
2.30146199367523	0.00851745239372	0.0922900449329179	0.982377362368976	0	0.0479347923489008
