model	lik	mode	convergence
1A	-360.630035305431	3.40367581532966	0
1C	-431.438253885134	1.32996529342903	0
1G	-419.823917645151	0.433558025999783	0
1T	-419.823917645112	0.433558262672961	0
2A	-420.350154262083	1.05063105127731	0
2C	-419.823917630992	0.433558654299479	0
2G	-391.529656149196	2.10991221065595	0
2T	-419.823917631068	0.433557947785302	0
3A	-419.823917664246	0.43355810290919	0
3C	-419.873750605942	0.373257121617483	0
3G	-419.823917664231	0.433558124171143	0
3T	-391.135184739383	2.1010750651828	0
4A	-391.608361178996	2.1047130239742	0
4C	-419.823917665694	0.433558149673584	0
4G	-419.823917665658	0.433558147117173	0
4T	-420.241827965379	0.993607094328357	0
5A	-419.120373715789	1.84124489631621	0
5C	-393.252641596275	2.07472895641266	0
5G	-419.823917633998	0.43355815573794	0
5T	-419.823917633942	0.433558020231918	0
6A	-391.943761817029	2.10232261494321	0
6C	-420.144870084468	1.18045194728055	0
6G	-419.823917666436	0.43355818577681	0
6T	-419.823917666411	0.433558018441734	0
neutral	-420.109596801643	1	0
