posterior_mean	posterior_var	posterior_sd	posterior_quant	is_contained	PESL
3.43334170952601	0.10116084499048	0.318057927098949	0.0817440028278199	1	0.288945882205683
