posterior_mean	posterior_var	posterior_sd	posterior_quant	is_contained	PESL
2.00929873391711	0.00273869304184167	0.0523325237480639	0.432791847406602	1	0.00282515949437923
