posterior_mean	posterior_var	posterior_sd	posterior_quant	is_contained	PESL
1.81398453648005	0.0158804016324296	0.126017465584853	0.926658850460487	1	0.050482154300911
