posterior_mean	posterior_var	posterior_sd	posterior_quant	is_contained	PESL
2.95293880026447	0.00621636656247289	0.0788439380198179	0.726626042234753	1	0.00843112308306511
