model	lik	mode	convergence
1A	-576.973627522526	2.17098501826186	0
1C	-599.692224391133	1.16426015848104	0
1G	-586.635615780209	0.433558135210576	0
1T	-586.635615780185	0.433558061808885	0
2A	-586.69250396917	0.397420081923254	0
2C	-586.63561575906	0.43355808266547	0
2G	-594.636503000105	1.3130273439147	0
2T	-586.635615759042	0.433558257302185	0
3A	-586.64838062349	0.429189655830359	0
3C	-586.635615741899	0.433558968768895	0
3G	-586.635615742408	0.433559556466049	0
3T	-594.708210769909	1.31105351522435	0
4A	-594.801825121506	1.30935382385181	0
4C	-586.828461349364	0.704496623134899	0
4G	-586.635615753509	0.433557944134708	0
4T	-586.635615753481	0.433558391478225	0
5A	-586.635615724022	0.433557850992342	0
5C	-587.904083029182	1.08517290901956	0
5G	-594.568719207993	1.33510544760716	0
5T	-586.635615723932	0.433558081787254	0
6A	-586.635615764128	0.433558125318341	0
6C	-587.160226786486	1.04693750865632	0
6G	-594.914526927679	1.30880259732105	0
6T	-586.635615764016	0.433558014426738	0
7A	-586.635616220363	0.433558139875833	0
7C	-587.967543318917	0.403915705554451	0
7G	-582.418307909907	1.31597408450681	0
7T	-586.635616220477	0.433558216755762	0
8A	-586.635615699318	0.433557780299738	0
8C	-586.635615699203	0.433557757080467	0
8G	-594.343057477141	1.32141116872376	0
8T	-586.50264931896	0.306448329401771	0
neutral	-586.921294529114	1	0
