posterior_mean	posterior_var	posterior_sd	posterior_quant	is_contained	PESL
2.22033433801958	0.107494845085566	0.327864064950043	0.2592767002767	1	0.15604206559418
