posterior_mean	posterior_var	posterior_sd	posterior_quant	is_contained	PESL
2.57354906245908	0.0910347789094818	0.301719702554344	0.418194287852379	1	0.0964442435633658
