model	lik	mode	convergence
1A	-420.726751450852	2.07828245849927	0
1C	-443.550326944109	0.433558220791277	0
1G	-443.550326944105	0.433557969822954	0
1T	-459.841542167787	1.04814068570745	0
2A	-443.550326965231	0.433558082898169	0
2C	-445.961144102206	1.49660837456401	0
2G	-443.963933785808	0.568544648373617	0
2T	-443.550326965378	0.433558026964617	0
3A	-443.550326929011	0.433558341593117	0
3C	-446.559508364193	1.47979774383145	0
3G	-443.588008227371	0.417452296189574	0
3T	-443.550326929105	0.433558201898848	0
neutral	-443.836006789919	1	0
