posterior_mean	posterior_var	posterior_sd	posterior_quant	is_contained	PESL
2.0965904809982	0.0381540236444083	0.195330549695659	0.318825196402707	1	0.0474837446637897
