posterior_mean	posterior_var	posterior_sd	posterior_quant	is_contained	PESL
2.78196210461158	0.0427697037501873	0.20680837446822	0.85373223986365	1	0.0903102275756114
