posterior_mean	posterior_var	posterior_sd	posterior_quant	is_contained	PESL
1.97372748870072	0.0113478246234745	0.106526168726161	0.603936714686693	1	0.0120380694734503
