posterior_mean	posterior_var	posterior_sd	posterior_quant	is_contained	PESL
2.49390096864987	0.00784315088497116	0.0885615655065512	0.532142711214836	1	0.00788034906837729
