posterior_mean	posterior_var	posterior_sd	posterior_quant	is_contained	PESL
1.88935402382767	0.0147245317834981	0.121344681727293	0.820150229358614	1	0.0269670638266859
