posterior_mean	posterior_var	posterior_sd	posterior_quant	is_contained	PESL
2.86805101280515	0.00523671932876304	0.0723651803615733	0.964424441184227	1	0.0226472545481488
