posterior_mean	posterior_var	posterior_sd	posterior_quant	is_contained	PESL
2.84607959737601	0.0443730403915412	0.210649093023306	0.77112489108263	1	0.0680645307337276
