posterior_mean	posterior_var	posterior_sd	posterior_quant	is_contained	PESL
1.19164106066701	0.0234446039672586	0.15311630862602	0.971474542700761	1	0.118529839433541
