model	lik	mode	convergence
1A	-495.655466450915	2.16723867738243	0
1C	-545.727444361841	1.08969540619573	0
1G	-530.543069051899	0.433558210210156	0
1T	-530.543069051857	0.433558007956975	0
2A	-530.579773344406	0.418035284945866	0
2C	-530.543069052559	0.433558225702726	0
2G	-517.519587892652	1.80286418973473	0
2T	-530.54306905261	0.433557837884562	0
3A	-530.543069054316	0.433558116769645	0
3C	-530.543069054227	0.433558285552666	0
3G	-530.584482154035	0.415024501611029	0
3T	-517.502256651752	1.80322354621526	0
4A	-530.543069079157	0.433558105536423	0
4C	-530.705604727247	0.703118069323015	0
4G	-530.543069079142	0.433558057309157	0
4T	-517.70424694809	1.80228168027248	0
5A	-530.543069063319	0.433558137069552	0
5C	-517.416677591006	1.80502280144208	0
5G	-530.598365759876	0.400946839030504	0
5T	-530.543069063408	0.433558077100738	0
6A	-517.087909025635	1.81226606122585	0
6C	-530.543069089437	0.433558095662292	0
6G	-530.57032206284	0.356440117296781	0
6T	-530.543069089433	0.433557983637278	0
7A	-517.818281421249	1.7996560872258	0
7C	-530.543069049782	0.433557427627953	0
7G	-530.678589817338	0.748002075966393	0
7T	-530.543069049687	0.433558539790892	0
8A	-530.543069070227	0.433558143917296	0
8C	-530.543069070127	0.433558149094898	0
8G	-517.818827466313	1.79982277673297	0
8T	-530.643125199329	0.749931596575412	0
9A	-530.5430690649	0.43355813993176	0
9C	-530.599282845093	0.399112631617222	0
9G	-530.543069064927	0.433557997794748	0
9T	-517.404918935834	1.80527310996187	0
10A	-530.592709886994	0.408269618534527	0
10C	-530.543069058186	0.433557966761341	0
10G	-530.543069058201	0.433558132430098	0
10T	-517.462235820541	1.80405993613448	0
11A	-530.543069063152	0.433558123408849	0
11C	-529.880703925388	1.74492334911387	0
11G	-530.543069063165	0.433558024982877	0
11T	-519.369857925178	1.7878366192732	0
neutral	-530.828748719787	1	0
