posterior_mean	posterior_var	posterior_sd	posterior_quant	is_contained	PESL
1.87394904514963	0.00476225360035917	0.0690090834626803	0.964018416497127	1	0.0206510968190639
