posterior_mean	posterior_var	posterior_sd	posterior_quant	is_contained	PESL
2.42511020194318	0.0638891187757402	0.252762969550012	0.628617292186252	1	0.0694976006287693
