lik	gamma	delta
-1629.31358581229	0.00175219481591556	0.244432126315491
-1781.96844100997	0.00175219481591556	6.61069613519961e-05
-1781.76397160046	0.00175219481591556	0.0195295896155794
-1781.96718967243	0.00175219481591556	6.61069613519961e-05
-1676.69419700728	0.00175219481591556	0.149181419710269
-1781.5042283712	0.00175219481591556	0.264389492341681
-1781.09789179413	0.00175219481591556	0.649757973908457
-1781.96668851704	0.00175219481591556	6.61069613519961e-05
-1781.96732675351	0.00175219481591556	6.61069613519961e-05
-1781.96669225369	0.00175219481591556	6.61069613519961e-05
-1672.80434475285	0.00175219481591556	0.154330537829953
-1781.96669953987	0.00175219481591556	6.61069613519961e-05
-1701.18395548184	0.00175219481591556	0.134122754260739
-1749.45840098851	0.00175219481591556	0.338998524762703
-1781.96668843855	0.00175219481591556	6.61069613519961e-05
-1781.96668843855	0.00175219481591556	6.61069613519961e-05
-1781.96675219074	0.00175219481591556	6.61069613519961e-05
-1673.78451126045	0.00175219481591556	0.152472649329836
-1781.9670175695	0.00175219481591556	6.61069613519961e-05
-1781.96690915465	0.00175219481591556	6.61069613519961e-05
-1781.96690522665	0.00175219481591556	6.61069613519961e-05
-1674.79772951401	0.00175219481591556	0.152766768790814
-1781.96668915328	0.00175219481591556	6.61069613519961e-05
-1781.60017368141	0.00175219481591556	0.0550011488121772
-1781.96668842916	0.00175219481591556	6.61069613519961e-05
-1675.75609924175	0.00175219481591556	0.149697069908863
-1781.96668842916	0.00175219481591556	6.61069613519961e-05
-1781.96668842916	0.00175219481591556	6.61069613519961e-05
-1781.96668868512	0.00175219481591556	6.61069613519961e-05
-1675.04683161067	0.00175219481591556	0.150563787862544
-1781.96682913385	0.00175219481591556	6.61069613519961e-05
-1781.96684280591	0.00175219481591556	6.61069613519961e-05
-1781.81971749561	0.00175219481591556	0.0178549573425575
-1781.96668864592	0.00175219481591556	6.61069613519961e-05
-1670.47212236521	0.00175219481591556	0.161109491526698
-1781.9669058205	0.00175219481591556	6.61069613519961e-05
-1675.75609924175	0.00175219481591556	0.149697069908877
-1781.96668842916	0.00175219481591556	6.61069613519961e-05
-1781.96668842916	0.00175219481591556	6.61069613519961e-05
-1781.96668842916	0.00175219481591556	6.61069613519961e-05
-1781.96668803886	0.00175219481591556	0
