posterior_mean	posterior_var	posterior_sd	posterior_quant	is_contained	PESL
2.41578014733517	0.0161191558970961	0.12696123777396	0.7496167731008	1	0.0232121394799853
