model	lik	mode	convergence
1A	-278.344369032315	2.98874782800479	0
1C	-308.869666334119	0.808884951895344	0
1G	-294.593375406907	0.433558086893485	0
1T	-294.593375406907	0.43355797293484	0
2A	-309.024922332425	1.17071918717199	0
2C	-294.593375379021	0.433557884354052	0
2G	-294.485107668098	0.311768751057571	0
2T	-294.593375379016	0.433557874975821	0
3A	-294.829742325983	0.483345750243368	0
3C	-294.59337538593	0.433557847945334	0
3G	-309.078370525224	1.16709234558438	0
3T	-294.593375385897	0.43355788788531	0
4A	-309.108246251135	1.16460197094831	0
4C	-294.593375427147	0.433558144712909	0
4G	-294.593375427124	0.433558145284992	0
4T	-294.89479293635	0.518226296948462	0
neutral	-294.879055034665	1	0
