model	lik	mode	convergence
1A	-1043.08515202301	1.42204467437542	0
1C	-1062.16608307179	0.433558251624468	0
1G	-1062.16608307188	0.43355816012933	0
1T	-1073.7744869004	0.512111263943072	0
2A	-1062.21674124595	0.374184270402353	0
2C	-1062.16608310173	0.433558122213371	0
2G	-1062.16608310173	0.433558038215719	0
2T	-1058.8242426085	1.38542364813891	0
3A	-1059.7507846455	2.17728403712707	0
3C	-1062.16608307937	0.43355806065061	0
3G	-1061.07026077998	1.36356580757913	0
3T	-1062.16608307937	0.433558054745133	0
4A	-1058.98642103055	1.38455250649597	0
4C	-1062.60894619258	0.768333937495483	0
4G	-1062.16608309822	0.433558141587292	0
4T	-1062.1660830982	0.433558181545343	0
5A	-1062.21965432629	0.403687887704573	0
5C	-1062.16608308055	0.433558203459472	0
5G	-1062.16608308059	0.433558423810176	0
5T	-1058.91680759666	1.38423405779159	0
6A	-1058.91645200571	1.38423857184511	0
6C	-1062.16608308068	0.433558095979493	0
6G	-1062.21974143272	0.403564440066415	0
6T	-1062.16608308067	0.433558129554627	0
7A	-1062.16608307504	0.433558161725939	0
7C	-1062.08484849058	0.855693487716836	0
7G	-1059.23732051516	1.3808135855322	0
7T	-1062.16608307499	0.433557966894719	0
8A	-1062.16608370529	0.433558075496591	0
8C	-1061.80393070732	0.460486782597684	0
8G	-1062.1660837053	0.433557995574159	0
8T	-1044.2992949473	1.42041522730075	0
9A	-1062.04996479692	0.310027987328177	0
9C	-1062.16608304053	0.433557809234405	0
9G	-1058.55920099968	1.38896946001391	0
9T	-1062.16608304049	0.433557784320403	0
10A	-1052.58107252593	1.8944198276204	0
10C	-1062.16608309354	0.433558129012072	0
10G	-1066.8393105454	1.30838922188216	0
10T	-1062.16608309353	0.433558174910699	0
11A	-1062.16608308361	0.433558181668191	0
11C	-1062.16608308352	0.433558244806104	0
11G	-1061.73432921123	1.59302163060419	0
11T	-1059.61416559944	1.3772354143338	0
12A	-1058.67694435379	1.38737091715238	0
12C	-1062.16608310005	0.433558021039835	0
12G	-1062.14451534565	0.335486268275407	0
12T	-1062.16608310003	0.433558039402859	0
13A	-1062.1660830821	0.433558214886316	0
13C	-1059.23520264471	1.38084839375668	0
13G	-1062.06674038742	0.853040505294271	0
13T	-1062.16608308227	0.433558072959817	0
14A	-1062.16608309344	0.433557969469129	0
14C	-1058.90457079028	1.38515345673902	0
14G	-1062.16608309347	0.433558145673556	0
14T	-1062.40175186764	0.578856647070786	0
neutral	-1062.45176248825	1	0
