posterior_mean	posterior_var	posterior_sd	posterior_quant	is_contained	PESL
1.42569015840773	0.00518827249265923	0.0720296639771367	0.848736244422922	1	0.0107102250519159
