posterior_mean	posterior_var	posterior_sd	posterior_quant	is_contained	PESL
2.90713441103862	0.00554967040704232	0.074496110012821	0.892894449897369	1	0.0141736880202446
