posterior_mean	posterior_var	posterior_sd	posterior_quant	is_contained	PESL
2.45164920967017	0.00764444117672901	0.0874324949702856	0.712701453875358	1	0.00998224010222428
