posterior_mean	posterior_var	posterior_sd	posterior_quant	is_contained	PESL
2.04625976457374	0.0126801779231396	0.112606296107898	0.34622402831941	1	0.0148201437415382
