posterior_mean	posterior_var	posterior_sd	posterior_quant	is_contained	PESL
2.02035225390575	0.0083135225592885	0.0911785202736286	0.417269461515339	1	0.00872773679833329
