model	lik	mode	convergence
1A	-297.897935935498	2.20560193668546	0
1C	-304.316192488073	0.433558130116604	0
1G	-304.316192488084	0.433558128608386	0
1T	-319.57574441512	0.978627282778099	0
2A	-304.316192475316	0.433558189776525	0
2C	-304.316192475247	0.4335579881654	0
2G	-318.165141629359	1.18967427996461	0
2T	-304.335873909289	0.426460495257732	0
3A	-304.316192510258	0.433558026396147	0
3C	-318.163083472056	1.19127900902448	0
3G	-304.316192510263	0.433558086449356	0
3T	-304.746026438365	0.73752811923979	0
4A	-304.371719038055	0.400521655047789	0
4C	-304.316192488765	0.433557982607034	0
4G	-318.128005330249	1.19230731772719	0
4T	-304.316192488743	0.433558132587681	0
5A	-304.308260148362	0.340402041709177	0
5C	-304.316192510351	0.433558007736626	0
5G	-318.017613938276	1.20010939356447	0
5T	-304.316192510308	0.433558026366173	0
neutral	-304.601871944084	1	0
