model	lik	mode	convergence
1A	-674.920838220294	2.45169494106073	0
1C	-783.454206603755	0.433558117020649	0
1G	-785.694880572333	1.12008143879748	0
1T	-783.454206603746	0.433558040702773	0
2A	-696.380533817743	2.25167306502193	0
2C	-783.420885078081	0.331606081831437	0
2G	-783.454206195227	0.433558013051304	0
2T	-783.454206195221	0.433558052934426	0
3A	-783.454206180623	0.433558216930383	0
3C	-700.845538381791	2.21745467010268	0
3G	-779.779089389549	4.16507217391737	0
3T	-783.454206180751	0.433558007467699	0
4A	-783.454206175522	0.433558173624706	0
4C	-708.88755741783	2.22100539196335	0
4G	-783.454206175542	0.433558022121105	0
4T	-774.16252758383	2.28689826502299	0
5A	-783.497747851403	0.413500352250048	0
5C	-783.45420617406	0.433558330790216	0
5G	-697.406120619356	2.23973471765686	0
5T	-783.45420617404	0.43355802393724	0
6A	-698.337409212909	2.23539687115294	0
6C	-783.379371762118	1.18019960622847	0
6G	-783.454206176268	0.433558225872875	0
6T	-783.454206176215	0.4335581531909	0
7A	-783.509483557318	0.400981674648864	0
7C	-783.454206182319	0.433558228888012	0
7G	-697.286178517657	2.24103034574829	0
7T	-783.454206182306	0.433558297508758	0
8A	-783.454206200139	0.433558002122291	0
8C	-783.721096761284	0.499367305230149	0
8G	-696.274470764721	2.25520799618667	0
8T	-783.454206200036	0.433557789491821	0
9A	-697.017008855553	2.24405979086062	0
9C	-783.506683016585	0.376430075531189	0
9G	-783.454206200303	0.43355826693937	0
9T	-783.454206200275	0.433558146148238	0
neutral	-783.739885106222	1	0
