posterior_mean	posterior_var	posterior_sd	posterior_quant	is_contained	PESL
1.25100315954268	0.39721253668073	0.630247996173514	0.713598265258751	1	0.459211963254419
