model	lik	mode	convergence
1A	-465.445753027593	3.26695884793721	0
1C	-513.554116777854	0.433558337881569	0
1G	-528.354021108189	1.06224184054358	0
1T	-513.554116777859	0.433557900631777	0
2A	-513.604225405425	0.407791884846184	0
2C	-513.55411678473	0.433558319083817	0
2G	-508.244386351859	1.62836474545811	0
2T	-513.554116784677	0.43355815977323	0
3A	-466.333851519663	3.27491227605871	0
3C	-513.554116800922	0.433558187407342	0
3G	-528.257761436515	1.0768676730787	0
3T	-513.554116800901	0.433558210296931	0
4A	-508.318402005515	1.62677669026937	0
4C	-513.554116776314	0.433558203029586	0
4G	-513.578754940772	0.424301085490387	0
4T	-513.55411677623	0.433558079975479	0
5A	-513.554116810893	0.433558094584815	0
5C	-513.554116810705	0.433558030248462	0
5G	-513.860288401588	0.54807433151647	0
5T	-508.015063613707	1.63552811753127	0
6A	-508.015063613495	1.63552809064665	0
6C	-513.554116810758	0.433558137316712	0
6G	-513.554116810713	0.43355803666976	0
6T	-513.860288401634	0.548074341974256	0
7A	-513.554116800193	0.433558122587433	0
7C	-513.611683418536	0.386948295490837	0
7G	-508.13940938045	1.63067053645043	0
7T	-513.554116800077	0.433558179904717	0
8A	-513.611891435697	0.393927773536346	0
8C	-513.554116794682	0.43355822977546	0
8G	-513.554116794673	0.433558202364266	0
8T	-508.176062950286	1.6298586632102	0
9A	-513.554116810998	0.433558113511118	0
9C	-513.799297882082	1.34386415514218	0
9G	-509.323839913026	1.65941801068826	0
9T	-513.554116810912	0.433558029869645	0
neutral	-513.839795956116	1	0
