model	lik	mode	convergence
1A	-549.855570818565	1.94739863136565	0
1C	-585.11504119455	1.11321668251162	0
1G	-570.638804596043	0.433558139017122	0
1T	-570.638804596033	0.433558265863774	0
2A	-569.501821570912	1.5417249947596	0
2C	-570.638804624239	0.433558025683629	0
2G	-570.667233347507	0.357110499255838	0
2T	-570.638804624222	0.433557997914493	0
3A	-570.638804611214	0.433558119064491	0
3C	-566.352573322124	2.51236081073663	0
3G	-570.638804611168	0.433558120619105	0
3T	-573.34114058801	1.47779446823318	0
4A	-570.638804526984	0.433557741341542	0
4C	-570.829901616279	0.453880994221275	0
4G	-570.638804526943	0.433557767709562	0
4T	-569.182828651752	1.55136613939037	0
5A	-570.63880459597	0.433558106850231	0
5C	-570.638804595879	0.433557948950765	0
5G	-570.691988012669	0.40422266461642	0
5T	-569.724588822075	1.53656822433592	0
6A	-571.20511382105	0.705927444346847	0
6C	-569.259490138135	1.55345047753586	0
6G	-570.638804486574	0.433557649129995	0
6T	-570.63880448655	0.433557594140726	0
7A	-570.638804624544	0.433558085384501	0
7C	-571.193443395643	0.856982523424524	0
7G	-569.733842419541	1.54184652290168	0
7T	-570.638804624473	0.433558047843884	0
8A	-570.638804595544	0.433558251655498	0
8C	-569.727513257285	1.53650232442948	0
8G	-570.638804595479	0.433558412847869	0
8T	-570.691439633601	0.404941436605211	0
9A	-569.638522151819	1.54264777992385	0
9C	-570.638804599865	0.433557934691774	0
9G	-570.638804599831	0.433557955900591	0
9T	-571.061510265997	0.717749287264966	0
10A	-570.638804587302	0.433558217615875	0
10C	-570.673805026222	0.419016203026491	0
10G	-570.638804587294	0.433557628093509	0
10T	-569.782727702377	1.53526758894881	0
11A	-569.704641117755	1.53701909182537	0
11C	-570.694883005389	0.399410673882848	0
11G	-570.638804599465	0.43355821605147	0
11T	-570.638804599436	0.433558180531434	0
neutral	-570.924483849545	1	0
