posterior_mean	posterior_var	posterior_sd	posterior_quant	is_contained	PESL
1.96313061478217	0.0307468520341863	0.175347803049215	0.59438685258293	1	0.0321062036005281
