posterior_mean	posterior_var	posterior_sd	posterior_quant	is_contained	PESL
3.0301785742876	0.00600711763902567	0.0775055974689936	0.351180675273896	1	0.00691786398513592
