model	lik	mode	convergence
1A	-345.837256576945	0.701414509833058	0
1C	-360.03786136869	1.10773993785644	0
1G	-345.696346526794	0.433558065506446	0
1T	-345.696346526768	0.433558139744153	0
2A	-345.69634651755	0.433558101081345	0
2C	-345.696346517387	0.433558238727059	0
2G	-346.007947145502	0.54237011635692	0
2T	-359.945675221642	1.11714323679451	0
3A	-345.946125227243	0.474653788688946	0
3C	-345.696346502238	0.433558067780249	0
3G	-359.874654904029	1.12403153323219	0
3T	-345.696346502222	0.433558223041127	0
4A	-359.890153607517	1.12255162773236	0
4C	-345.696346503474	0.433558150065627	0
4G	-345.967487045194	0.487428614555126	0
4T	-345.696346503495	0.433558275763494	0
5A	-350.146627297445	1.06682299415422	0
5C	-347.077308123468	1.14077079477491	0
5G	-345.696346672087	0.433557924064353	0
5T	-345.696346672082	0.433557959473396	0
6A	-345.696346513139	0.433558132322546	0
6C	-345.696346513004	0.433558214477893	0
6G	-360.097667736919	1.10124727368293	0
6T	-345.851477142382	1.01228674467921	0
7A	-345.696346529039	0.433558069798367	0
7C	-359.933685894287	1.11823753005608	0
7G	-345.696346529065	0.433558145858714	0
7T	-345.735811777602	0.364172110080912	0
neutral	-345.98202558271	1	0
