posterior_mean	posterior_var	posterior_sd	posterior_quant	is_contained	PESL
1.60710248693775	1.81502947263448	1.34723029680692	0.830249587118589	1	2.61229544145947
