posterior_mean	posterior_var	posterior_sd	posterior_quant	is_contained	PESL
1.35861577609025	0.0143430862794805	0.119762624718568	0.879203408558974	1	0.0343325850500287
