model	lik	mode	convergence
1A	-275.407596659049	2.07694893829238	0
1C	-277.837729224468	0.433558193079428	0
1G	-277.837729224685	0.433557795354614	0
1T	-291.821429565934	1.00209161407774	0
2A	-277.837729251292	0.43355797874882	0
2C	-277.837729251181	0.433558119837023	0
2G	-291.347574419165	1.1022977039597	0
2T	-277.804861577925	0.331748975394765	0
neutral	-278.123406931363	1	0
