posterior_mean	posterior_var	posterior_sd	posterior_quant	is_contained	PESL
1.97359706506546	0.0052540603312734	0.0724848972633154	0.646125492628207	1	0.00595117530442776
