posterior_mean	posterior_var	posterior_sd	posterior_quant	is_contained	PESL
1.94721465412397	0.00417886731941227	0.0646441592057029	0.793986881111778	1	0.00696516005862891
