posterior_mean	posterior_var	posterior_sd	posterior_quant	is_contained	PESL
2.65859890333951	0.0395507405230685	0.198873679814772	0.215108062089176	1	0.0647043526579569
