posterior_mean	posterior_var	posterior_sd	posterior_quant	is_contained	PESL
3.14937822464114	0.00632483607064027	0.079528837981202	0.0286903101543882	1	0.0286386900675713
