posterior_mean	posterior_var	posterior_sd	posterior_quant	is_contained	PESL
3.00952219790741	0.0119843963987445	0.109473267964122	0.470133755283659	1	0.0120750686517005
