posterior_mean	posterior_var	posterior_sd	posterior_quant	is_contained	PESL
1.56006230978369	0.00776013098670253	0.0880916056540152	0.250834872168184	1	0.0113676120432941
