model	lik	mode	convergence
1A	-194.850209119014	2.39673618795692	0
1C	-214.229973961513	0.433558077022883	0
1G	-230.075222414054	1.04751192115958	0
1T	-214.229973961491	0.433558040081585	0
2A	-216.339684098432	1.78797631188328	0
2C	-214.229973955326	0.433558191039252	0
2G	-214.229973955248	0.43355817986056	0
2T	-214.260844838998	0.421277637424856	0
neutral	-214.5156538267	1	0
