posterior_mean	posterior_var	posterior_sd	posterior_quant	is_contained	PESL
2.4312547910634	0.0831508737458594	0.288358932141627	0.608723982347141	1	0.0878767774975989
