posterior_mean	posterior_var	posterior_sd	posterior_quant	is_contained	PESL
2.13375899430844	0.0650008248317954	0.254952593302746	0.310064623156091	1	0.0828922933901856
