posterior_mean	posterior_var	posterior_sd	posterior_quant	is_contained	PESL
2.41089198766719	0.0188696621061934	0.137366888682074	0.745317141869462	1	0.0268098999680793
