posterior_mean	posterior_var	posterior_sd	posterior_quant	is_contained	PESL
2.62407681404387	0.00890307413429521	0.0943561027930637	0.0927048230103533	1	0.0242981299175297
