model	lik	mode	convergence
1A	-280.9498404714	1.53269018105441	0
1C	-296.798609039064	1.0076895705923	0
1G	-281.722069499916	0.433558176979247	0
1T	-281.722069499893	0.433558062087909	0
2A	-281.722069499771	0.433558089449878	0
2C	-281.722069499565	0.433558375555685	0
2G	-281.767084153089	0.368614000971838	0
2T	-296.292512442862	1.11229410520733	0
neutral	-282.007748789121	1	0
