posterior_mean	posterior_var	posterior_sd	posterior_quant	is_contained	PESL
1.60318656397977	0.109595700009161	0.33105241278257	0.402267770515619	1	0.120243166995142
