posterior_mean	posterior_var	posterior_sd	posterior_quant	is_contained	PESL
2.44326901901542	0.0164932728908334	0.128426137880236	0.675764164902827	1	0.0197116770942928
