posterior_mean	posterior_var	posterior_sd	posterior_quant	is_contained	PESL
1.66712214437255	0.0279243918597993	0.167105930055756	0.158184305897843	1	0.0558542030024945
