model	lik	mode	convergence
1A	-351.625842008897	2.46561433610485	0
1C	-361.446181681403	0.433558181043784	0
1G	-374.82609630963	0.790563466619673	0
1T	-361.446181681385	0.433558321842279	0
2A	-361.446181695404	0.433558044865228	0
2C	-361.446181695301	0.433557952567002	0
2G	-376.536062389919	1.05529740277937	0
2T	-361.463604343853	0.351282057614669	0
3A	-361.446181528956	0.433557610942306	0
3C	-361.237776218932	0.292499645525112	0
3G	-376.489270296441	1.06265675119558	0
3T	-361.446181528883	0.433557576299734	0
4A	-361.446181631081	0.433557821101318	0
4C	-362.627618280391	0.818688279270596	0
4G	-361.446181631056	0.433557838191925	0
4T	-375.938226682794	1.12912097893721	0
5A	-361.446181664628	0.43355823154378	0
5C	-376.152669346228	1.10246740870498	0
5G	-362.789560881386	0.860550586562921	0
5T	-361.446181664639	0.433558096002134	0
6A	-361.446181695334	0.433558096258067	0
6C	-376.536062390236	1.05529740045545	0
6G	-361.463604343997	0.351282071719969	0
6T	-361.446181695434	0.433558017814515	0
neutral	-361.73186102849	1	0
