posterior_mean	posterior_var	posterior_sd	posterior_quant	is_contained	PESL
2.54014819173698	0.185164950731949	0.430307971959559	0.85681679549765	1	0.396628636294384
