posterior_mean	posterior_var	posterior_sd	posterior_quant	is_contained	PESL
1.83581591993304	0.0175209528623329	0.132366736238123	0.890472134710612	1	0.0444773650097007
