model	lik	mode	convergence
1A	-816.192011863187	2.43077284205888	0
1C	-901.074853538513	0.433557716536247	0
1G	-901.07485353873	0.433558257312195	0
1T	-915.553913689546	1.18865436642002	0
2A	-901.097388834986	0.425240497440426	0
2C	-901.07485353823	0.433558358032915	0
2G	-901.074853538343	0.433557737361579	0
2T	-850.239823994153	1.89983198678218	0
3A	-901.074853550862	0.433558148613426	0
3C	-850.09072682031	1.90139974526535	0
3G	-901.074853550936	0.433558090286813	0
3T	-901.129241574748	0.40247478089987	0
4A	-901.074853556271	0.433558142102255	0
4C	-850.03686785867	1.90197435002623	0
4G	-901.132423270816	0.395019620948898	0
4T	-901.074853556403	0.433557851915611	0
5A	-901.194355219302	0.757336206379945	0
5C	-901.074853537508	0.433557192104673	0
5G	-850.534660695668	1.89856421873769	0
5T	-901.074853537554	0.433558961076821	0
6A	-916.080425569776	1.17943701606722	0
6C	-901.074853542127	0.433558156170257	0
6G	-831.399549165077	2.03062480654409	0
6T	-901.074853542107	0.433558147706652	0
7A	-901.074853541146	0.43355810328361	0
7C	-901.074853541118	0.43355781217085	0
7G	-850.196776017578	1.90029092460426	0
7T	-901.111102689028	0.418301255892901	0
8A	-850.036867858405	1.90197435910383	0
8C	-901.07485355628	0.433558113003263	0
8G	-901.132423270612	0.395019667365912	0
8T	-901.074853556261	0.433558147244156	0
9A	-901.074853538789	0.433558100912638	0
9C	-901.074853538834	0.433558377213586	0
9G	-901.627335112883	0.888634973179423	0
9T	-850.035140383368	1.90697167941804	0
10A	-901.074854401873	0.433558026680623	0
10C	-834.778617076924	1.96123286846978	0
10G	-902.548490794537	1.13244600061846	0
10T	-901.074854401958	0.433558036186583	0
11A	-901.074853577721	0.433558108566011	0
11C	-849.731828331477	1.90535412725069	0
11G	-901.074853577798	0.433558026096918	0
11T	-901.105810229386	0.358599270978156	0
12A	-852.115381086853	1.88764614577605	0
12C	-901.074853543142	0.433558095834552	0
12G	-899.570774483154	2.41505213730291	0
12T	-901.074853543135	0.433558103330459	0
neutral	-901.360533311629	1	0
