model	lik	mode	convergence
1A	-628.733617931128	2.69513534174817	0
1C	-759.313176751957	0.433558152213413	0
1G	-772.228481070265	1.03858857893531	0
1T	-759.313176751929	0.433558091913468	0
2A	-759.313176778349	0.433558078873465	0
2C	-759.354752913858	0.365756535373343	0
2G	-759.313176778328	0.433558144557784	0
2T	-655.509429211419	2.41274107431484	0
3A	-656.143223113599	2.40540370130217	0
3C	-759.313176744625	0.433558276078512	0
3G	-759.35202345928	0.416736793406549	0
3T	-759.313176744569	0.433558138659358	0
4A	-759.313176741088	0.4335582898123	0
4C	-656.271398417676	2.40403867847428	0
4G	-759.313176741108	0.433557625221609	0
4T	-759.323918445536	0.429935056250207	0
5A	-656.219284906775	2.40458751532658	0
5C	-759.313176741828	0.433557974655912	0
5G	-759.313176741862	0.4335582601791	0
5T	-759.337585373974	0.424405360556379	0
6A	-759.313176743885	0.433558184078666	0
6C	-759.313176743544	0.433558474575779	0
6G	-759.136084959261	0.902256462345921	0
6T	-656.987172083457	2.39967615103976	0
7A	-656.838051792679	2.40126443537684	0
7C	-759.254858397477	0.844123695131837	0
7G	-759.313176747923	0.433558309497373	0
7T	-759.313176747865	0.43355827055942	0
8A	-759.313176741312	0.43355772694126	0
8C	-759.313176741164	0.433558043226371	0
8G	-759.325421623401	0.429383804306812	0
8T	-656.26629758892	2.40409201667229	0
neutral	-759.598852808632	1	0
