posterior_mean	posterior_var	posterior_sd	posterior_quant	is_contained	PESL
1.50804573452588	0.0102014793599981	0.10100237304142	0.477137151596916	1	0.0102662132040582
