model	lik	mode	convergence
1A	-469.979862885503	2.99938514789341	0
1C	-513.344686463221	0.433558148924423	0
1G	-528.327307230858	0.975833029511435	0
1T	-513.344686463184	0.433558080668255	0
2A	-512.967109510493	1.5221833853989	0
2C	-513.344686466822	0.433558062557499	0
2G	-513.344686466789	0.433558161352437	0
2T	-513.372210968872	0.356593782771739	0
3A	-513.344686445949	0.43355813191233	0
3C	-513.534753899996	0.69953547924869	0
3G	-513.389313231873	1.51422076046055	0
3T	-513.344686445852	0.433557964092661	0
4A	-513.344686446719	0.433558137247105	0
4C	-513.402564217657	0.393184247929617	0
4G	-513.344686446655	0.433558189404989	0
4T	-513.13912326673	1.51814428585802	0
5A	-513.344686466932	0.433558048962402	0
5C	-513.344686466733	0.433558234536321	0
5G	-514.052392323548	0.745391600950305	0
5T	-512.589974632249	1.53730082607267	0
6A	-513.344686451268	0.433558088988241	0
6C	-513.344686451078	0.433558030416606	0
6G	-513.402294568088	0.387146518523937	0
6T	-513.113260898446	1.51874162684809	0
7A	-513.822449829622	1.50775850531274	0
7C	-513.397549150222	1.26310969584127	0
7G	-513.344686447248	0.433558093527818	0
7T	-513.344686447219	0.433558006649476	0
8A	-513.284075520688	0.323569558389921	0
8C	-512.774217523682	1.52687704528787	0
8G	-513.344686439356	0.433557903451202	0
8T	-513.344686439325	0.433557893375086	0
9A	-515.207423480447	1.4836879419519	0
9C	-513.34468642765	0.433558360325089	0
9G	-511.43034715192	2.27245891397269	0
9T	-513.344686427615	0.433558658503573	0
neutral	-513.630365578645	1	0
