posterior_mean	posterior_var	posterior_sd	posterior_quant	is_contained	PESL
2.8133648214075	0.172717895347559	0.415593425534571	0.231462507232419	1	0.270915406618099
