posterior_mean	posterior_var	posterior_sd	posterior_quant	is_contained	PESL
2.61476109337919	0.0283681423462211	0.168428448743735	0.251424165834361	1	0.0415382508998272
