model	lik	mode	convergence
1A	-530.983246592437	1.41651525261127	0
1C	-553.627857903001	0.871335053642929	0
1G	-537.073716462307	0.433558126282353	0
1T	-537.073716462286	0.433557981134632	0
2A	-537.073716450058	0.433558156165932	0
2C	-537.131626026915	0.392892801388546	0
2G	-537.07371645007	0.433558548898716	0
2T	-550.178730786934	1.23980264584953	0
3A	-550.183624766547	1.23964621097076	0
3C	-537.073716447866	0.433558110549538	0
3G	-537.131188758013	0.395444731092677	0
3T	-537.07371644785	0.433558117042496	0
4A	-537.131388721261	0.394516248908927	0
4C	-537.073716448552	0.433558167145156	0
4G	-550.181857481879	1.2397026882132	0
4T	-537.073716448528	0.433557988533369	0
5A	-537.073716430688	0.433557839778085	0
5C	-537.073716430304	0.433558482135644	0
5G	-536.997526994331	0.859460999922667	0
5T	-550.412053652284	1.23298145713321	0
neutral	-537.359396402094	1	0
