posterior_mean	posterior_var	posterior_sd	posterior_quant	is_contained	PESL
1.47797556450079	0.00331712012215725	0.0575944452369953	0.653028539252001	1	0.00380219588120444
