posterior_mean	posterior_var	posterior_sd	posterior_quant	is_contained	PESL
2.18887843904909	0.0449861077786948	0.212099287548768	0.924252587180063	1	0.141782733467246
