posterior_mean	posterior_var	posterior_sd	posterior_quant	is_contained	PESL
2.84195860731161	0.00512170595885717	0.0715660950370856	0.985260404931857	0	0.0300987877609925
