posterior_mean	posterior_var	posterior_sd	posterior_quant	is_contained	PESL
3.14292799848074	0.0270250628582812	0.164393013410793	0.193393561257373	1	0.0474534756079895
