model	lik	mode	convergence
1A	-691.637350749067	2.58351955190327	0
1C	-717.678996492107	0.936355529874005	0
1G	-703.090163600254	0.433558057183756	0
1T	-703.090163600238	0.433558258373437	0
2A	-703.090163609573	0.433558055524981	0
2C	-717.470481418155	1.07672999761301	0
2G	-703.090163609616	0.433558104463902	0
2T	-704.031536808999	0.788796184285913	0
3A	-717.469779382479	1.0767787552634	0
3C	-703.090163575364	0.43355816056993	0
3G	-703.09016357531	0.433558262732415	0
3T	-703.963135601735	0.762383831021679	0
4A	-702.84741447569	1.45719819178983	0
4C	-703.090163553287	0.433557888970356	0
4G	-717.726280520825	1.05587369109472	0
4T	-703.090163553244	0.433557865962623	0
5A	-717.565135858067	1.06969970879418	0
5C	-703.121560182975	0.358824774059955	0
5G	-703.09016360939	0.433558038284834	0
5T	-703.090163609378	0.433558176646619	0
6A	-703.112551740635	0.42530537993467	0
6C	-703.090163569855	0.433558526982645	0
6G	-717.603245417935	1.06673418497121	0
6T	-703.090163569898	0.43355836633132	0
7A	-703.090163575457	0.433558187518871	0
7C	-703.133875878987	0.413372943607388	0
7G	-717.597366454751	1.06719886609456	0
7T	-703.090163575391	0.433558075499099	0
8A	-703.090163280419	0.433557320805705	0
8C	-702.77201109569	0.276333932542265	0
8G	-717.491186209097	1.07518869774898	0
8T	-703.090163280314	0.433557311083435	0
9A	-703.090163592755	0.433558095445736	0
9C	-703.09016359266	0.433558073589441	0
9G	-717.462685863814	1.07728114437292	0
9T	-703.76462419663	0.682602412447618	0
10A	-703.140575424091	0.373902307214894	0
10C	-717.575013191473	1.06894129853518	0
10G	-703.090163603029	0.433558107603537	0
10T	-703.090163603011	0.433558065606601	0
11A	-703.148164444778	0.39064033065198	0
11C	-703.09016359126	0.433558105110644	0
11G	-717.585059959885	1.06816278648882	0
11T	-703.090163591237	0.433558108926825	0
neutral	-703.375842305713	1	0
