posterior_mean	posterior_var	posterior_sd	posterior_quant	is_contained	PESL
2.65763198986307	0.192473073995624	0.438717533266706	0.37818100106211	1	0.217320918223872
