posterior_mean	posterior_var	posterior_sd	posterior_quant	is_contained	PESL
2.94676957818676	0.0125097184408323	0.11184685261925	0.686422781345671	1	0.0153431962472199
