posterior_mean	posterior_var	posterior_sd	posterior_quant	is_contained	PESL
3.07414485009655	0.00728354233103666	0.0853436718863013	0.193083307843797	1	0.0127810011268267
