lik	gamma	delta
-1376.36888963781	0.00150983215775237	0.219645861087713
-1517.06200120267	0.00150983215775237	6.61069613519961e-05
-1516.94079866174	0.00150983215775237	0.0150878305584537
-1517.04691024061	0.00150983215775237	0.024508147113457
-1516.85162280563	0.00150983215775237	0.143192486570263
-1517.06194560522	0.00150983215775237	6.61069613519961e-05
-1387.96402115975	0.00150983215775237	0.1928088150355
-1517.06200349326	0.00150983215775237	6.61069613519961e-05
-1410.15508145464	0.00150983215775237	0.1840500652063
-1517.0620448085	0.00150983215775237	6.61069613519961e-05
-1498.88167245615	0.00150983215775237	0.300350163194701
-1510.99913261406	0.00150983215775237	0.228911218838512
-1517.06194538567	0.00150983215775237	6.61069613519961e-05
-1388.05122591773	0.00150983215775237	0.192154980087216
-1517.06194538567	0.00150983215775237	6.61069613519961e-05
-1517.06194538567	0.00150983215775237	6.61069613519961e-05
-1517.06194543618	0.00150983215775237	6.61069613519961e-05
-1517.06204528596	0.00150983215775237	6.61069613519961e-05
-1387.74556889043	0.00150983215775237	0.192582770143149
-1517.06194543618	0.00150983215775237	6.61069613519961e-05
-1387.82726160314	0.00150983215775237	0.192464760925357
-1517.06194541365	0.00150983215775237	6.61069613519961e-05
-1517.06201964896	0.00150983215775237	6.61069613519961e-05
-1517.06194541365	0.00150983215775237	6.61069613519961e-05
-1388.05122591773	0.00150983215775237	0.192154980087399
-1517.06194538567	0.00150983215775237	6.61069613519961e-05
-1517.06194538567	0.00150983215775237	6.61069613519961e-05
-1517.06194538567	0.00150983215775237	6.61069613519961e-05
-1517.06194538567	0.00150983215775237	6.61069613519961e-05
-1517.06194538567	0.00150983215775237	6.61069613519961e-05
-1517.06194538567	0.00150983215775237	6.61069613519961e-05
-1388.05122591773	0.00150983215775237	0.192154980087287
-1517.06202946634	0.00150983215775237	6.61069613519961e-05
-1517.06194540646	0.00150983215775237	6.61069613519961e-05
-1517.06195494418	0.00150983215775237	6.61069613519961e-05
-1387.77169865875	0.00150983215775237	0.192537183400972
-1517.0619453875	0.00150983215775237	6.61069613519961e-05
-1394.79036616886	0.00150983215775237	0.188494605871762
-1517.0619453875	0.00150983215775237	6.61069613519961e-05
-1509.232866185	0.00150983215775237	0.371013953773864
-1517.06194465204	0.00150983215775237	0
