model	lik	mode	convergence
1A	-625.502025145063	2.81004850952894	0
1C	-756.878768456272	0.433558157807351	0
1G	-771.305184710105	1.07877032588993	0
1T	-756.87876845623	0.43355810888208	0
2A	-663.810656118952	2.31295113281828	0
2C	-756.926834377133	0.371403931794819	0
2G	-756.878768468541	0.433558202189617	0
2T	-756.87876846852	0.433558123537006	0
3A	-668.469160717686	2.28638717285474	0
3C	-756.878768435095	0.433558463873204	0
3G	-756.878768435091	0.433558874825919	0
3T	-753.799381817219	2.82363149238317	0
4A	-663.022977929826	2.32223058374337	0
4C	-756.823702494941	0.32511132282778	0
4G	-756.87876844951	0.433557981236611	0
4T	-756.878768449494	0.433558045595444	0
5A	-756.925383425882	0.411059269147693	0
5C	-664.26445391469	2.30781096123825	0
5G	-756.878768440797	0.433558267391393	0
5T	-756.878768440748	0.433558010569835	0
6A	-756.87876845396	0.433558128646724	0
6C	-756.878768453846	0.433558244263281	0
6G	-664.070018325453	2.30995934914788	0
6T	-756.936700101189	0.392659627239284	0
7A	-756.878768446747	0.433558143407189	0
7C	-757.739698739702	0.930219406349571	0
7G	-662.248123075239	2.3454643834859	0
7T	-756.878768446619	0.433558082311094	0
8A	-756.878768462208	0.43355811713848	0
8C	-758.109380430499	1.1505517342794	0
8G	-651.859270339821	2.57060954173319	0
8T	-756.87876846212	0.433557935651482	0
neutral	-757.164447525263	1	0
