posterior_mean	posterior_var	posterior_sd	posterior_quant	is_contained	PESL
2.81830271379882	0.0231759817500269	0.152236597932386	0.882325616504749	1	0.0561898855839897
