posterior_mean	posterior_var	posterior_sd	posterior_quant	is_contained	PESL
2.20338481807074	0.100831298885276	0.317539444613225	0.827151369684923	1	0.188811865036143
