posterior_mean	posterior_var	posterior_sd	posterior_quant	is_contained	PESL
2.97801440517783	0.0573036493964933	0.23938180673663	0.547173966925226	1	0.0577870157758613
