posterior_mean	posterior_var	posterior_sd	posterior_quant	is_contained	PESL
1.84627870111056	0.0166960798457617	0.129213311410867	0.881261804287805	1	0.0403263175780179
