posterior_mean	posterior_var	posterior_sd	posterior_quant	is_contained	PESL
2.60457720112887	0.00890489611438677	0.0943657571070501	0.133222206547025	1	0.0198412873382453
