lik	gamma	delta
-2135.05275638665	0.00191937872549973	0.340557490438939
-2539.17090940834	0.00191937872549973	6.61069613519961e-05
-2538.72162380476	0.00191937872549973	0.0205988379438804
-2539.17080014293	0.00191937872549973	6.61069613519961e-05
-2539.17055335877	0.00191937872549973	6.61069613519961e-05
-2437.06141023298	0.00191937872549973	0.222809270710703
-2270.32887526532	0.00191937872549973	0.335561610804833
-2538.59026603614	0.00191937872549973	0.331718747368043
-2539.17055343614	0.00191937872549973	6.61069613519961e-05
-2179.09308695528	0.00191937872549973	0.286712793517989
-2539.17055343614	0.00191937872549973	6.61069613519961e-05
-2533.40620988232	0.00191937872549973	0.637620091151029
-2539.17058348368	0.00191937872549973	6.61069613519961e-05
-2534.24770621892	0.00191937872549973	0.416119285426337
-2539.17055345752	0.00191937872549973	6.61069613519961e-05
-2178.75137938729	0.00191937872549973	0.28742857399593
-2179.94271039553	0.00191937872549973	0.287427976509595
-2533.27148925399	0.00191937872549973	0.689090257127246
-2537.32102549329	0.00191937872549973	0.361048954060915
-2539.17071760759	0.00191937872549973	6.61069613519961e-05
-2539.17055332873	0.00191937872549973	6.61069613519961e-05
-2174.30994006048	0.00191937872549973	0.288085767062763
-2539.17055332873	0.00191937872549973	6.61069613519961e-05
-2539.17055332873	0.00191937872549973	6.61069613519961e-05
-2172.56113323952	0.00191937872549973	0.290116883677356
-2539.17058329351	0.00191937872549973	6.61069613519961e-05
-2539.17055360093	0.00191937872549973	6.61069613519961e-05
-2539.17062261488	0.00191937872549973	6.61069613519961e-05
-2517.71078993653	0.00191937872549973	0.300558427924834
-2252.71608168705	0.00191937872549973	0.270939961667452
-2476.47661141453	0.00191937872549973	0.476069678362763
-2539.17055358545	0.00191937872549973	6.61069613519961e-05
-2167.01857543812	0.00191937872549973	0.29856219918008
-2539.17065582543	0.00191937872549973	6.61069613519961e-05
-2534.14055646639	0.00191937872549973	0.557580053274668
-2539.17143096946	0.00191937872549973	6.61069613519961e-05
-2539.17055332873	0.00191937872549973	6.61069613519961e-05
-2539.17055332873	0.00191937872549973	6.61069613519961e-05
-2174.30994006048	0.00191937872549973	0.288085767062763
-2539.17055332873	0.00191937872549973	6.61069613519961e-05
-2539.17055233545	0.00191937872549973	0
