model	lik	mode	convergence
1A	-471.258950369589	3.21563691683718	0
1C	-657.503024392479	0.929639741004395	0
1G	-656.313128887344	0.433558067718814	0
1T	-656.313128887332	0.433558105099469	0
2A	-653.77652569224	3.35370202982838	0
2C	-656.31312816395	0.433558272971008	0
2G	-491.88231666488	3.0980807935903	0
2T	-656.313128163984	0.433558562703075	0
3A	-656.313128164093	0.433558122139654	0
3C	-656.347469876226	0.419425290597162	0
3G	-656.313128164151	0.433557921746565	0
3T	-488.13859082276	3.12028198947366	0
4A	-656.313128168245	0.433558131308188	0
4C	-656.313128168152	0.433557941490924	0
4G	-498.952561226312	3.09474295295652	0
4T	-647.715576563523	3.22009251540556	0
5A	-487.814746681029	3.12439980534524	0
5C	-656.313128175845	0.433558232214816	0
5G	-656.313128175834	0.433558171431804	0
5T	-656.368859446859	0.400123476998096	0
6A	-488.114109307612	3.12058027617243	0
6C	-656.313128164832	0.433558165089032	0
6G	-656.313128164812	0.43355807259939	0
6T	-656.350187978747	0.41782464062087	0
7A	-489.106081539219	3.12502067763325	0
7C	-656.27484519613	1.33372254838489	0
7G	-656.313128165549	0.433558219910126	0
7T	-656.313128165491	0.433558130675442	0
neutral	-656.598807048972	1	0
