posterior_mean	posterior_var	posterior_sd	posterior_quant	is_contained	PESL
2.50997287099347	0.0080256616349417	0.0895860571458622	0.460347938164169	1	0.0081251197907931
