model	lik	mode	convergence
1A	-693.998630312418	1.77938535856852	0
1C	-716.939201190116	1.03058313626593	0
1G	-701.135821279362	0.433558168956793	0
1T	-701.135821279335	0.433558086060011	0
2A	-701.135821268187	0.433558118917977	0
2C	-701.189937700424	0.402892796846103	0
2G	-714.085979697306	1.19408254146627	0
2T	-701.135821268138	0.433558181970537	0
3A	-700.46714374725	0.370941108990735	0
3C	-701.13582126099	0.433558168855514	0
3G	-701.135821261023	0.433558365253777	0
3T	-713.249425508573	1.22382078890821	0
4A	-701.173226857628	0.417618249818287	0
4C	-701.135821258876	0.433558238601725	0
4G	-701.135821258957	0.433558189430815	0
4T	-714.107010105671	1.19332264001503	0
5A	-713.984023767483	1.19816352005044	0
5C	-701.135821279674	0.433558135130217	0
5G	-701.425967851971	0.503971964161957	0
5T	-701.135821279654	0.433558107263144	0
6A	-701.135821257771	0.433558179608435	0
6C	-714.111071568204	1.1931761412891	0
6G	-701.135821257852	0.433558388639832	0
6T	-701.167984982266	0.420603585988048	0
7A	-701.077845488441	0.324297228592819	0
7C	-713.940793297632	1.19938093325152	0
7G	-701.135821269675	0.43355794811383	0
7T	-701.135821269644	0.433558057927047	0
8A	-701.135821268923	0.433558099548596	0
8C	-714.08427567679	1.19414420288723	0
8G	-701.135821269016	0.43355803894799	0
8T	-701.190661417324	0.401740804707753	0
9A	-702.274103909714	0.95972577326166	0
9C	-714.005816418296	1.20212823493984	0
9G	-701.135821281535	0.433558191460732	0
9T	-701.135821281532	0.433558111426322	0
10A	-701.135821264456	0.433558138998039	0
10C	-701.185243325092	0.408489204839615	0
10G	-701.13582126442	0.433558135754487	0
10T	-714.094187178482	1.19378574280145	0
11A	-701.135821258271	0.433558132829594	0
11C	-701.85282528727	1.23454743836134	0
11G	-714.569883111957	1.18180671396558	0
11T	-701.135821258065	0.433558356716525	0
12A	-700.703832323319	0.321015258678822	0
12C	-701.135819152173	0.433554299336397	0
12G	-713.607912404478	1.21237875158026	0
12T	-701.135819152138	0.43355421338047	0
13A	-701.135821256082	0.433558109213194	0
13C	-701.151129855537	0.428220058174293	0
13G	-701.135821256077	0.433558347136554	0
13T	-714.116002391195	1.19276280124939	0
14A	-701.135821055512	0.433557472457408	0
14C	-700.873620900459	0.284095456901866	0
14G	-713.834925312181	1.20330159965723	0
14T	-701.135821055407	0.433557552645663	0
neutral	-701.421500879761	1	0
