model	lik	mode	convergence
1A	-315.000549126069	2.46685941503592	0
1C	-372.984784848675	0.43355814864367	0
1G	-372.984784848678	0.43355817527291	0
1T	-384.589192977595	0.596317429207528	0
2A	-315.000549126069	2.46685941503592	0
2C	-372.984784848675	0.43355814864367	0
2G	-372.984784848678	0.43355817527291	0
2T	-384.589192977595	0.596317429207528	0
3A	-333.850036058427	2.33203848409778	0
3C	-372.984784841764	0.43355818174455	0
3G	-372.984784841735	0.433558150035819	0
3T	-372.082676399048	1.84315705277775	0
4A	-331.907981482899	2.33323693717892	0
4C	-372.984784854613	0.433558137890931	0
4G	-373.028588151487	0.75906239420037	0
4T	-372.984784854598	0.433558126399164	0
neutral	-373.270460309107	1	0
