posterior_mean	posterior_var	posterior_sd	posterior_quant	is_contained	PESL
1.40098989133995	0.0307890853493447	0.175468188995455	0.723521177164133	1	0.0405920869662153
