posterior_mean	posterior_var	posterior_sd	posterior_quant	is_contained	PESL
1.58345343278463	0.0102487923632341	0.101236319388025	0.206717085336775	1	0.0172132678138986
