posterior_mean	posterior_var	posterior_sd	posterior_quant	is_contained	PESL
0.982020118703954	0.31098173301397	0.557657361660339	0.84621892167424	1	0.579284890420261
