posterior_mean	posterior_var	posterior_sd	posterior_quant	is_contained	PESL
2.74932140948205	0.15408902746196	0.392541752507882	0.27196167155735	1	0.216250192688076
