posterior_mean	posterior_var	posterior_sd	posterior_quant	is_contained	PESL
1.56758021506975	0.0605903612435375	0.246151094337477	0.410900562569108	1	0.065157446712335
