model	lik	mode	convergence
1A	-388.722461689326	2.8384559347977	0
1C	-436.552025187303	0.433558194624182	0
1G	-450.157236693491	0.92976596963333	0
1T	-436.552025187268	0.433558081934851	0
2A	-436.552025154082	0.433558063194004	0
2C	-435.730316129723	1.70026678188623	0
2G	-436.552025153904	0.433558722521871	0
2T	-431.294744046175	1.60768236770849	0
neutral	-436.837702384645	1	0
