model	lik	mode	convergence
1A	-245.015499669138	1.72768387032916	0
1C	-252.768206298169	0.433558141836128	0
1G	-252.768206298207	0.433558177296317	0
1T	-268.580460675894	1.07606108748204	0
2A	-261.246216528512	1.52749361382338	0
2C	-252.768206306771	0.433558126641834	0
2G	-252.825751669775	0.395130011887274	0
2T	-252.768206306765	0.433558072561856	0
3A	-252.695369285462	0.320310271969648	0
3C	-260.831698946938	1.54701313732883	0
3G	-252.768206293513	0.433557824634375	0
3T	-252.768206293494	0.433557879998625	0
4A	-252.553502604288	0.291460270530683	0
4C	-252.768206154087	0.433557582391988	0
4G	-260.601798755842	1.55837446331746	0
4T	-252.768206154052	0.43355752075822	0
neutral	-253.05388617813	1	0
