posterior_mean	posterior_var	posterior_sd	posterior_quant	is_contained	PESL
1.94635012792881	0.636461666009773	0.797785476183775	0.321231810716299	1	0.835690102556574
