lik	gamma	delta
-759.388766144978	0.0018786885927321	6.61069613519961e-05
-759.388605910004	0.0018786885927321	6.61069613519961e-05
-759.388778359918	0.0018786885927321	6.61069613519961e-05
-757.509305699683	0.0018786885927321	0.0237188150078832
-759.388604176844	0.0018786885927321	6.61069613519961e-05
-759.388604176844	0.0018786885927321	6.61069613519961e-05
-759.388604176844	0.0018786885927321	6.61069613519961e-05
-757.649763588506	0.0018786885927321	0.0225640949068089
-758.258872350407	0.0018786885927321	0.0195077427794223
-759.388627733437	0.0018786885927321	6.61069613519961e-05
-759.388605227358	0.0018786885927321	6.61069613519961e-05
-758.565738628933	0.0018786885927321	0.0439396708321604
-759.389897448905	0.0018786885927321	6.61069613519961e-05
-759.388607067721	0.0018786885927321	6.61069613519961e-05
-759.388607067721	0.0018786885927321	6.61069613519961e-05
-756.96101600268	0.0018786885927321	0.0285553497518569
-759.388604582617	0.0018786885927321	6.61069613519961e-05
-759.38893389665	0.0018786885927321	6.61069613519961e-05
-759.388604582617	0.0018786885927321	6.61069613519961e-05
-757.53352773149	0.0018786885927321	0.0234071383831056
-757.578867548529	0.0018786885927321	0.0230810043593661
-759.388806568234	0.0018786885927321	6.61069613519961e-05
-759.388604435446	0.0018786885927321	6.61069613519961e-05
-759.388604435446	0.0018786885927321	6.61069613519961e-05
-757.482844155434	0.0018786885927321	0.0237770825905114
-759.388605106882	0.0018786885927321	6.61069613519961e-05
-759.389069936446	0.0018786885927321	6.61069613519961e-05
-759.388605106882	0.0018786885927321	6.61069613519961e-05
-757.378050528415	0.0018786885927321	0.117090888514009
-759.388604758709	0.0018786885927321	6.61069613519961e-05
-758.399720886072	0.0018786885927321	0.0174130613771879
-759.388604758709	0.0018786885927321	6.61069613519961e-05
-759.388604176844	0.0018786885927321	6.61069613519961e-05
-759.388604176844	0.0018786885927321	6.61069613519961e-05
-757.649763588506	0.0018786885927321	0.0225640949068089
-759.388604176844	0.0018786885927321	6.61069613519961e-05
-757.607673788322	0.0018786885927321	0.0228704690761501
-759.388725585439	0.0018786885927321	6.61069613519961e-05
-759.388604271538	0.0018786885927321	6.61069613519961e-05
-759.388604271538	0.0018786885927321	6.61069613519961e-05
-759.388603862468	0.0018786885927321	0
