posterior_mean	posterior_var	posterior_sd	posterior_quant	is_contained	PESL
1.37785166995787	0.00377649502980582	0.0614531938128997	0.974202447536084	1	0.0186967095383209
