posterior_mean	posterior_var	posterior_sd	posterior_quant	is_contained	PESL
2.50414213714516	0.0180219111589827	0.134245711883034	0.494829634192554	1	0.0180390684591125
