posterior_mean	posterior_var	posterior_sd	posterior_quant	is_contained	PESL
2.02992199087118	0.00323392704733072	0.056867627410775	0.301732883868616	1	0.00412925258500684
