posterior_mean	posterior_var	posterior_sd	posterior_quant	is_contained	PESL
1.70240064931695	0.266910890561941	0.516634194147021	0.92600577575972	1	0.903075614771935
