model	lik	mode	convergence
1A	-331.632224516371	2.75464120222134	0
1C	-399.033393839384	0.433558117283336	0
1G	-399.033393839382	0.433558098293051	0
1T	-413.018505503353	1.18864714974331	0
2A	-399.033393822271	0.433558139286501	0
2C	-399.296458849664	0.642767167881277	0
2G	-399.033393822243	0.433557890550227	0
2T	-349.222294747673	2.54815218224712	0
3A	-399.322576332154	0.877785115713763	0
3C	-349.27752621719	2.55617547681683	0
3G	-399.033393841746	0.433558028137962	0
3T	-399.03339384172	0.433558005611931	0
4A	-349.549564523308	2.53377206748715	0
4C	-399.033393801396	0.433558139854703	0
4G	-399.043658724529	0.430107518593043	0
4T	-399.03339380119	0.43355674733208	0
5A	-399.310436210843	0.641323995047039	0
5C	-349.229703951122	2.54737703869997	0
5G	-399.033393804042	0.43355826625288	0
5T	-399.033393804035	0.433558371494356	0
6A	-399.075350370243	0.414646498944557	0
6C	-399.033393806413	0.433558235427269	0
6G	-399.033393806477	0.433558227606775	0
6T	-349.383190943224	2.53738825134809	0
7A	-350.604047023366	2.52580686261971	0
7C	-398.710406265622	1.31494524430529	0
7G	-399.033393823749	0.433558114861215	0
7T	-399.033393823723	0.433558031422208	0
neutral	-399.319073291654	1	0
