posterior_mean	posterior_var	posterior_sd	posterior_quant	is_contained	PESL
3.06106629662591	0.026948457538047	0.164159853612407	0.360711965307258	1	0.0306775501201052
