model	lik	mode	convergence
1A	-741.604910144151	2.02563705967497	0
1C	-831.427002744049	0.715660857218522	0
1G	-817.116311981947	0.433558075501671	0
1T	-817.116311981915	0.433558053304257	0
2A	-817.11631194455	0.433558011238014	0
2C	-817.116311943993	0.433557712301507	0
2G	-817.243416988643	1.31806483637115	0
2T	-761.331993580484	1.95379856673519	0
3A	-760.169688620649	1.95842555026667	0
3C	-817.11631197333	0.433558128009536	0
3G	-817.116311973288	0.43355817152143	0
3T	-817.168966111496	0.376667469581713	0
4A	-817.116311954489	0.433558095084309	0
4C	-817.116311954224	0.433557966036356	0
4G	-817.292313179365	0.714257522002171	0
4T	-760.719356396701	1.95456616907291	0
5A	-760.513581566551	1.95476197070319	0
5C	-817.116311943551	0.433558194169988	0
5G	-817.147157883588	0.421290662747861	0
5T	-817.116311943554	0.433558521882834	0
6A	-817.116311965332	0.433558116389076	0
6C	-817.116311965226	0.433558277226603	0
6G	-760.267702366463	1.95735048294502	0
6T	-817.174092830272	0.38811137300338	0
7A	-812.574266306271	2.37227136237887	0
7C	-766.185343966214	1.92939379235726	0
7G	-817.116311942465	0.433557918248073	0
7T	-817.116311942496	0.433558062937501	0
8A	-817.116311946326	0.433558167376893	0
8C	-760.476365651676	1.95514318155865	0
8G	-817.116311946264	0.433558002001793	0
8T	-817.156626972735	0.415759405138222	0
9A	-817.116311967541	0.433558133480725	0
9C	-812.531520701283	2.20096812270761	0
9G	-817.116311967529	0.433558001194887	0
9T	-766.534312452147	1.93324440393355	0
neutral	-817.401991619679	1	0
