posterior_mean	posterior_var	posterior_sd	posterior_quant	is_contained	PESL
2.03085934895782	0.0105784871075329	0.102851772505548	0.38796459484161	1	0.0115307865256382
