posterior_mean	posterior_var	posterior_sd	posterior_quant	is_contained	PESL
1.9438168109688	0.00522647477339275	0.0722943619751413	0.782939466521146	1	0.00838302550309575
