model	lik	mode	convergence
1A	-332.029391835328	1.17960080604305	0
1C	-331.096254365403	0.433558238533076	0
1G	-331.096254365461	0.433558100876735	0
1T	-345.968569007811	1.13010944905431	0
2A	-331.09625437132	0.433558074915544	0
2C	-331.522271160274	0.800716819630457	0
2G	-345.724479020422	1.1495831666504	0
2T	-331.096254371229	0.433558254584496	0
3A	-331.142641408219	0.411252018866047	0
3C	-331.096254365254	0.433558227859787	0
3G	-331.096254365295	0.433558385979158	0
3T	-345.665483023015	1.1537343764503	0
4A	-331.096254376302	0.433558166117197	0
4C	-345.76786384756	1.15008129584789	0
4G	-331.096254376353	0.433558111794098	0
4T	-332.239468762725	1.07712386400371	0
5A	-345.919157227465	1.13312314704366	0
5C	-331.096254398221	0.433558049576878	0
5G	-331.394714925826	1.25894106020147	0
5T	-331.096254398217	0.433558099523894	0
neutral	-331.381933957767	1	0
