model	lik	mode	convergence
1A	-457.535086954621	2.07282968171239	0
1C	-484.347197967154	0.433558031418571	0
1G	-501.110328070713	1.10707237327775	0
1T	-484.34719796711	0.433558261074953	0
2A	-466.386204656274	1.65201817477468	0
2C	-484.347198767217	0.433557980494962	0
2G	-484.347198767187	0.43355797661284	0
2T	-484.652379237746	0.326751447714159	0
3A	-484.347197965982	0.433558130334157	0
3C	-484.366133148317	1.28827459392143	0
3G	-484.34719796596	0.433557982876544	0
3T	-481.898907547265	1.62402545159845	0
4A	-484.347197949101	0.43355830103215	0
4C	-481.243177034532	1.63152257085988	0
4G	-484.368637275133	0.42571624212606	0
4T	-484.347197949396	0.433557956971431	0
5A	-481.173111281266	1.63301945841078	0
5C	-484.347197956867	0.433558214671141	0
5G	-484.347197956807	0.433558282070854	0
5T	-484.39497534624	0.410041891631683	0
6A	-484.347197967624	0.433558207575559	0
6C	-481.096049851455	1.63469859408824	0
6G	-484.404893065468	0.394393838979546	0
6T	-484.347197967859	0.433558059340082	0
7A	-484.347197983552	0.433558104621247	0
7C	-484.395943179885	0.372090738458035	0
7G	-480.972857445546	1.63748794090704	0
7T	-484.347197983463	0.433557928869424	0
neutral	-484.632877934418	1	0
