posterior_mean	posterior_var	posterior_sd	posterior_quant	is_contained	PESL
2.08835318169037	0.0322532305428395	0.179591844310479	0.319105094455679	1	0.0400595152996317
