posterior_mean	posterior_var	posterior_sd	posterior_quant	is_contained	PESL
1.56760708979896	0.0161022463923707	0.126894627121761	0.303808841823751	1	0.0206729649834453
