model	lik	mode	convergence
1A	-568.519246559656	1.47104697563492	0
1C	-586.088615220751	1.03843746373698	0
1G	-571.227729460182	0.433558027761662	0
1T	-571.227729460156	0.433557958937782	0
2A	-571.227729455819	0.433558103226164	0
2C	-571.273962137025	0.369658873632912	0
2G	-584.182627687027	1.16014991899867	0
2T	-571.227729455744	0.433558026505121	0
3A	-571.392631873667	0.673241297508478	0
3C	-584.298695128728	1.15569081126761	0
3G	-571.227729459717	0.433558056313026	0
3T	-571.227729459689	0.433558051390795	0
4A	-571.227729422133	0.433557842822894	0
4C	-571.22772942211	0.43355826974376	0
4G	-571.25929561258	0.420917060028709	0
4T	-584.247550529527	1.15746148704601	0
5A	-584.242356620267	1.15767629759421	0
5C	-571.227729424357	0.433558237542518	0
5G	-571.227729424368	0.433558382715758	0
5T	-571.267275648181	0.416255263222835	0
6A	-568.488225412927	2.81380251935028	0
6C	-571.22772943543	0.433558138191708	0
6G	-584.953981343713	1.12754054587604	0
6T	-571.227729435399	0.433557996462821	0
7A	-584.601829137742	1.14346797650157	0
7C	-571.227729452873	0.433558010987989	0
7G	-571.227729452838	0.433558070493236	0
7T	-570.518563097769	1.77812702424031	0
neutral	-571.513408408223	1	0
