posterior_mean	posterior_var	posterior_sd	posterior_quant	is_contained	PESL
1.49380236810179	0.0335742605718475	0.18323280430056	0.529965261539647	1	0.0336126712129935
