posterior_mean	posterior_var	posterior_sd	posterior_quant	is_contained	PESL
1.71068455818575	0.0630287796985968	0.25105533194616	0.20417020817684	1	0.107416762756593
