posterior_mean	posterior_var	posterior_sd	posterior_quant	is_contained	PESL
2.11828509753832	0.875816232120845	0.935850539413663	0.839910106802412	1	1.6532374012906
