posterior_mean	posterior_var	posterior_sd	posterior_quant	is_contained	PESL
1.95259035721184	0.00491135448950309	0.0700810565666864	0.752710686051618	1	0.00715902871871863
