model	lik	mode	convergence
1A	-170.776171663802	2.33090164047035	0
1C	-194.922332851094	0.433558200332916	0
1G	-207.450081673042	0.726291417485395	0
1T	-194.922332851047	0.433557938849584	0
2A	-194.922332845057	0.43355829571557	0
2C	-186.567481202489	2.10742959775704	0
2G	-194.943802851787	0.425702827630687	0
2T	-194.922332845295	0.433558295754836	0
neutral	-195.208010283457	1	0
