posterior_mean	posterior_var	posterior_sd	posterior_quant	is_contained	PESL
2.35637351877637	0.0596148839223265	0.244161593872432	0.993073562257523	0	0.473869931254663
