posterior_mean	posterior_var	posterior_sd	posterior_quant	is_contained	PESL
2.38678866164302	0.189805491851243	0.435666721073854	0.189633335424916	1	0.339410960626806
