posterior_mean	posterior_var	posterior_sd	posterior_quant	is_contained	PESL
2.84803453206892	0.117751770348561	0.343149778301781	0.682800016280871	1	0.140845273792065
