posterior_mean	posterior_var	posterior_sd	posterior_quant	is_contained	PESL
2.36435567956252	0.0438341657573536	0.209366104604718	0.747114086246079	1	0.0622335474243575
