posterior_mean	posterior_var	posterior_sd	posterior_quant	is_contained	PESL
2.99869144051538	0.0129424087025457	0.113764707631786	0.509637242690604	1	0.0129441210304704
