lik	gamma	delta
-1041.92057117008	0.00249569160259433	0.255281030602739
-1128.25555008977	0.00249569160259433	0.0135588233703185
-1128.53486246374	0.00249569160259433	0.0336736158171625
-1128.58261586425	0.00249569160259433	6.61069613519961e-05
-1128.58247654662	0.00249569160259433	6.61069613519961e-05
-1083.70123823278	0.00249569160259433	0.126599153657296
-1128.58247654662	0.00249569160259433	6.61069613519961e-05
-1112.75745839478	0.00249569160259433	0.259423093564734
-1128.58247632052	0.00249569160259433	6.61069613519961e-05
-1128.58247632052	0.00249569160259433	6.61069613519961e-05
-1070.35877385879	0.00249569160259433	0.138673425641545
-1128.58247632052	0.00249569160259433	6.61069613519961e-05
-1128.58247632755	0.00249569160259433	6.61069613519961e-05
-1128.58249109494	0.00249569160259433	6.61069613519961e-05
-1070.31833532174	0.00249569160259433	0.138762036354887
-1128.58247632755	0.00249569160259433	6.61069613519961e-05
-1076.07767502813	0.00249569160259433	0.135458582065098
-1128.58284308528	0.00249569160259433	6.61069613519961e-05
-1128.58256581839	0.00249569160259433	6.61069613519961e-05
-1118.71383625605	0.00249569160259433	0.369053168012346
-1070.72006226577	0.00249569160259433	0.138427447759412
-1128.58247634084	0.00249569160259433	6.61069613519961e-05
-1128.58247634084	0.00249569160259433	6.61069613519961e-05
-1128.17878347311	0.00249569160259433	0.226793608624881
-1128.58247632052	0.00249569160259433	6.61069613519961e-05
-1128.58247632052	0.00249569160259433	6.61069613519961e-05
-1070.35877385879	0.00249569160259433	0.138673425641545
-1128.58247632052	0.00249569160259433	6.61069613519961e-05
-1070.04339648836	0.00249569160259433	0.139308934112285
-1128.58247646671	0.00249569160259433	6.61069613519961e-05
-1128.58260791699	0.00249569160259433	6.61069613519961e-05
-1128.58248831037	0.00249569160259433	6.61069613519961e-05
-1128.58247678897	0.00249569160259433	6.61069613519961e-05
-1128.39012225867	0.00249569160259433	0.131554280568821
-1070.45251387978	0.00249569160259433	0.139475568103282
-1128.51903725006	0.00249569160259433	0.0565123602063104
-1071.63521350578	0.00249569160259433	0.263627072942282
-1128.58247647756	0.00249569160259433	6.61069613519961e-05
-1128.58247647756	0.00249569160259433	6.61069613519961e-05
-1114.23299986984	0.00249569160259433	0.079379367857328
-1128.58247593278	0.00249569160259433	0
