posterior_mean	posterior_var	posterior_sd	posterior_quant	is_contained	PESL
1.43010782574711	0.0263366459156385	0.162285692270263	0.677900379653429	1	0.0312215619374292
