posterior_mean	posterior_var	posterior_sd	posterior_quant	is_contained	PESL
1.97492920088352	0.0263424242886476	0.162303494382122	0.57195410591752	1	0.0269709692569382
