posterior_mean	posterior_var	posterior_sd	posterior_quant	is_contained	PESL
3.04438594780249	0.11789676500556	0.343360983522531	0.463401098159938	1	0.119866877367887
