posterior_mean	posterior_var	posterior_sd	posterior_quant	is_contained	PESL
2.26429902553357	0.300361703787166	0.548052646911924	0.902809493875187	1	0.841617627618018
