posterior_mean	posterior_var	posterior_sd	posterior_quant	is_contained	PESL
2.14917698877416	0.0153233966793817	0.123787708111031	0.996651662908364	0	0.138400181884891
