model	lik	mode	convergence
1A	-403.732301093522	2.85897756025824	0
1C	-461.949716589516	0.433558015173809	0
1G	-461.949716589497	0.433558060128163	0
1T	-478.048238272839	0.887394114847592	0
2A	-461.949716557593	0.4335581118074	0
2C	-461.996634360222	0.410799945652139	0
2G	-461.949716557642	0.433558226000807	0
2T	-446.890925899396	1.86091965032081	0
3A	-446.151559722524	1.8791071396898	0
3C	-461.949716571216	0.433558203014406	0
3G	-461.949716571186	0.433558036344475	0
3T	-462.228272588367	0.493450317528229	0
4A	-462.007559939726	0.388550482202426	0
4C	-446.737241386981	1.86418736598009	0
4G	-461.949716573379	0.433558028915681	0
4T	-461.949716573347	0.433558027661503	0
5A	-461.949716551898	0.433558235843342	0
5C	-478.381317141489	0.969720891066671	0
5G	-461.949716552097	0.433558122992834	0
5T	-404.810608666223	2.93027396086104	0
6A	-446.578192842421	1.86768698219833	0
6C	-461.949716586417	0.433558138987458	0
6G	-461.949716586372	0.433557963261367	0
6T	-461.994627821966	0.368483557287072	0
7A	-446.820751579334	1.86239663135777	0
7C	-461.949716564674	0.433558151421534	0
7G	-461.949716564631	0.433558060029687	0
7T	-462.005394021427	0.400229573312061	0
neutral	-462.235396449308	1	0
