posterior_mean	posterior_var	posterior_sd	posterior_quant	is_contained	PESL
1.94387303595806	0.00238223374560001	0.0488081319617952	0.87439484922904	1	0.00553246983814078
