posterior_mean	posterior_var	posterior_sd	posterior_quant	is_contained	PESL
2.41497282816109	1.0087379391703	1.00435946710842	0.38680119658642	1	1.18094038723967
