posterior_mean	posterior_var	posterior_sd	posterior_quant	is_contained	PESL
3.07450461632658	0.0142223327803395	0.119257422328086	0.268653232902506	1	0.0197732706343116
