posterior_mean	posterior_var	posterior_sd	posterior_quant	is_contained	PESL
2.1354574042445	0.0198889877412207	0.141028322478929	0.168663641829163	1	0.038237696105895
