posterior_mean	posterior_var	posterior_sd	posterior_quant	is_contained	PESL
1.52271061113518	0.0255963712064244	0.159988659618188	0.457266311316324	1	0.0261121430645509
