posterior_mean	posterior_var	posterior_sd	posterior_quant	is_contained	PESL
2.88884294770968	0.0116025640573688	0.107715198822491	0.848822576727146	1	0.0239584543312548
