posterior_mean	posterior_var	posterior_sd	posterior_quant	is_contained	PESL
1.49412061836314	0.0015516683530935	0.0393912217771104	0.562712409491274	1	0.00158623548152593
