model	lik	mode	convergence
1A	-529.384185030729	1.59187033377077	0
1C	-541.894243483032	0.433558043208723	0
1G	-556.525921293892	0.84943633371093	0
1T	-541.894243482988	0.43355802406371	0
2A	-541.894243478287	0.433558134019047	0
2C	-541.894243478133	0.433557996266268	0
2G	-542.03491049999	0.718335618927817	0
2T	-549.547117218434	1.34485374670314	0
3A	-549.760336119757	1.34018353783767	0
3C	-541.925251290704	1.11165928129791	0
3G	-541.894243455268	0.433558181538053	0
3T	-541.894243455225	0.433557852860298	0
4A	-541.941439465146	0.37055758749157	0
4C	-549.27125697702	1.35104291864627	0
4G	-541.89424348568	0.433558131974267	0
4T	-541.894243485644	0.433558134733648	0
5A	-541.894243453956	0.43355808049403	0
5C	-542.015964733811	0.754095708202756	0
5G	-541.894243454023	0.43355807600314	0
5T	-549.581996723472	1.34388728799895	0
6A	-541.89424345084	0.43355803939648	0
6C	-541.894243450829	0.433557538123744	0
6G	-541.916109432419	0.425531999095175	0
6T	-549.42200509554	1.34706057361601	0
neutral	-542.179922952956	1	0
