posterior_mean	posterior_var	posterior_sd	posterior_quant	is_contained	PESL
1.60221760466014	0.0164400281752178	0.128218673270385	0.21536095621826	1	0.026888466877681
