posterior_mean	posterior_var	posterior_sd	posterior_quant	is_contained	PESL
2.05338761513919	0.00356150644228581	0.0596783582405365	0.185995109819617	1	0.00641174389251829
