model	lik	mode	convergence
1A	-345.344398098033	2.80646022679091	0
1C	-408.4905095471	0.433558131035966	0
1G	-424.908293444878	0.911760348491917	0
1T	-408.490509547093	0.43355821741139	0
2A	-408.490509548707	0.433558127779031	0
2C	-408.373182684598	1.46489168492294	0
2G	-381.70546573811	2.11983912639309	0
2T	-408.490509548612	0.433558095498404	0
3A	-380.533988473824	2.12545133156921	0
3C	-408.490509537112	0.433558159536531	0
3G	-408.490509537092	0.433558069278944	0
3T	-408.531917680406	0.415028040790762	0
4A	-408.490509535408	0.433558295276191	0
4C	-380.560580720516	2.12489726238332	0
4G	-408.526774730159	0.418291846445105	0
4T	-408.490509535527	0.433558286030953	0
5A	-408.490509532738	0.433558192932448	0
5C	-408.490509533144	0.433558433305076	0
5G	-408.503068349728	0.429266612966678	0
5T	-380.645370238704	2.12315834458185	0
neutral	-408.776189480898	1	0
