model	lik	mode	convergence
1A	-293.098860820673	1.9294619226113	0
1C	-309.021095975787	1.17011274019455	0
1G	-294.665317589085	0.43355804379668	0
1T	-294.665317589064	0.433558134688712	0
2A	-307.94715886666	1.23884493866746	0
2C	-294.665317560769	0.433558119034606	0
2G	-294.883266781502	0.686370365863667	0
2T	-294.665317560757	0.433557867229393	0
3A	-294.665317580467	0.433558084674756	0
3C	-294.718650032953	0.37761360590804	0
3G	-294.66531758043	0.433558181275303	0
3T	-307.786043479907	1.2477415107518	0
4A	-294.665317558825	0.43355818536234	0
4C	-307.846008284818	1.2440436339247	0
4G	-294.716134198254	0.407039106924824	0
4T	-294.665317558909	0.433558156196914	0
neutral	-294.95099710896	1	0
