posterior_mean	posterior_var	posterior_sd	posterior_quant	is_contained	PESL
2.06741760562868	0.0122007428180307	0.110456972699919	0.274507166036703	1	0.0167458763666824
