posterior_mean	posterior_var	posterior_sd	posterior_quant	is_contained	PESL
2.06318454320643	0.00627953404787202	0.0792435110773874	0.213950098019056	1	0.0102718205478941
