posterior_mean	posterior_var	posterior_sd	posterior_quant	is_contained	PESL
2.65756961135234	0.0381007515376471	0.195194138071939	0.212107882697891	1	0.0629289339510652
