posterior_mean	posterior_var	posterior_sd	posterior_quant	is_contained	PESL
2.05170636431385	0.0276814424121603	0.166377409560794	0.99454812386858	0	0.228648626208889
