posterior_mean	posterior_var	posterior_sd	posterior_quant	is_contained	PESL
2.90408427561494	0.00548837483567225	0.0740835665695993	0.9013337500006	1	0.0146882010199299
