posterior_mean	posterior_var	posterior_sd	posterior_quant	is_contained	PESL
1.51272095803672	0.00639772417952466	0.0799857748573123	0.443611166147906	1	0.0065595469528946
