model	lik	mode	convergence
1A	-360.654188307093	1.9761378809481	0
1C	-408.641159851136	0.592273134433042	0
1G	-394.738403877032	0.433557802499833	0
1T	-394.738403877013	0.433557852006695	0
2A	-394.738403880989	0.433558079414654	0
2C	-394.738403880893	0.433557984919075	0
2G	-378.957385458164	1.85774053693847	0
2T	-394.791108969727	0.404851815696505	0
3A	-394.738403890835	0.433558149493641	0
3C	-394.79639579647	0.391701022038054	0
3G	-378.866310773099	1.8596812857226	0
3T	-394.738403890711	0.433558038259705	0
neutral	-395.024083527518	1	0
