posterior_mean	posterior_var	posterior_sd	posterior_quant	is_contained	PESL
1.98653924345632	0.0205093554240299	0.143210877464074	0.546949304184014	1	0.0206905473907583
