posterior_mean	posterior_var	posterior_sd	posterior_quant	is_contained	PESL
2.54213039505621	3.22581188106467	1.79605453176252	0.606043219343751	1	3.22758684834731
