posterior_mean	posterior_var	posterior_sd	posterior_quant	is_contained	PESL
3.11819595627126	0.0125834334410325	0.112175904012548	0.145654703658351	1	0.0265537175202501
