model	lik	mode	convergence
1A	-698.853390291851	2.99038629856874	0
1C	-839.350074934699	0.990044962926801	0
1G	-822.75618756157	0.433558167543079	0
1T	-822.756187561546	0.433558085576735	0
2A	-823.013175114334	0.483804492469109	0
2C	-822.756187569415	0.433558049918909	0
2G	-765.96730136783	1.96597758932902	0
2T	-822.756187569382	0.433558037349694	0
3A	-823.265910071674	1.28652795092404	0
3C	-822.756187546629	0.433558137773421	0
3G	-765.773836865699	2.0185541101143	0
3T	-822.756187546599	0.433558254280143	0
4A	-822.760952236442	0.432012391603778	0
4C	-822.756187529396	0.433559355661785	0
4G	-767.011324396242	1.95305703456952	0
4T	-822.756187529661	0.433560337790535	0
5A	-822.756187530341	0.433558063662155	0
5C	-822.711288458305	0.844863550346769	0
5G	-822.756187530254	0.433557214884029	0
5T	-767.462194988077	1.95036027715274	0
6A	-822.813969642893	0.393879881553316	0
6C	-822.756187549029	0.433558197688088	0
6G	-822.756187549025	0.433558057667242	0
6T	-766.743983199262	1.95586960957681	0
7A	-822.756187453704	0.433557718440741	0
7C	-839.242317767496	0.981620543722637	0
7G	-822.756187453767	0.433557628167084	0
7T	-713.165758478137	2.67582993539416	0
8A	-767.567898527515	1.94932525169955	0
8C	-822.55860670966	0.908519767866759	0
8G	-822.756187534729	0.433558062175803	0
8T	-822.756187534672	0.433558455439623	0
neutral	-823.041867403464	1	0
