posterior_mean	posterior_var	posterior_sd	posterior_quant	is_contained	PESL
3.00067281407536	0.0307896958596838	0.175469928647856	0.506272512471167	1	0.030790148538464
