posterior_mean	posterior_var	posterior_sd	posterior_quant	is_contained	PESL
1.56084412872026	0.00698962343578227	0.0836039678231977	0.235912159005068	1	0.0106916314351571
