posterior_mean	posterior_var	posterior_sd	posterior_quant	is_contained	PESL
2.06819710698973	0.591354613881223	0.768995847765918	0.882939149207072	1	1.45961124530874
