lik	gamma	delta
-1173.49188068369	0.00225829359099884	0.358983828619054
-1398.55638960268	0.00225829359099884	0.0163029724503403
-1398.75885393115	0.00225829359099884	6.61069613519961e-05
-1398.75885105623	0.00225829359099884	6.61069613519961e-05
-1398.7589852092	0.00225829359099884	6.61069613519961e-05
-1203.2146013526	0.00225829359099884	0.286240026198863
-1398.75885113181	0.00225829359099884	6.61069613519961e-05
-1396.63053526837	0.00225829359099884	0.720197328502029
-1398.75885104557	0.00225829359099884	6.61069613519961e-05
-1201.70122070107	0.00225829359099884	0.286916570618908
-1398.75885104557	0.00225829359099884	6.61069613519961e-05
-1398.75894584662	0.00225829359099884	6.61069613519961e-05
-1204.60371395426	0.00225829359099884	0.284884590455981
-1395.348045389	0.00225829359099884	0.96166995006809
-1398.75885112086	0.00225829359099884	6.61069613519961e-05
-1398.75885112086	0.00225829359099884	6.61069613519961e-05
-1398.75887972741	0.00225829359099884	6.61069613519961e-05
-1380.38218840291	0.00225829359099884	0.566881501884741
-1217.96804565451	0.00225829359099884	0.277435694951728
-1398.75885098649	0.00225829359099884	6.61069613519961e-05
-1204.64460611163	0.00225829359099884	0.284745981995388
-1398.75885102556	0.00225829359099884	6.61069613519961e-05
-1398.75885102556	0.00225829359099884	6.61069613519961e-05
-1395.64734344779	0.00225829359099884	0.707844667616791
-1398.75885107557	0.00225829359099884	6.61069613519961e-05
-1201.60646446763	0.00225829359099884	0.287077537067726
-1398.75885107557	0.00225829359099884	6.61069613519961e-05
-1398.75896480045	0.00225829359099884	6.61069613519961e-05
-1398.61808573722	0.00225829359099884	0.0973600662805379
-1205.59398616077	0.00225829359099884	0.28744903074022
-1396.00600255687	0.00225829359099884	0.59919176337389
-1397.25347058212	0.00225829359099884	0.215401168549711
-1398.75885097733	0.00225829359099884	6.61069613519961e-05
-1202.14125085865	0.00225829359099884	0.28621123161116
-1398.75885097733	0.00225829359099884	6.61069613519961e-05
-1398.75885097733	0.00225829359099884	6.61069613519961e-05
-1184.74390643938	0.00225829359099884	0.330874732059465
-1398.75888621038	0.00225829359099884	6.61069613519961e-05
-1398.51475473062	0.00225829359099884	0.0215347944176443
-1398.75885118537	0.00225829359099884	6.61069613519961e-05
-1398.75884999124	0.00225829359099884	0
