posterior_mean	posterior_var	posterior_sd	posterior_quant	is_contained	PESL
1.95040179513026	0.00264872736396268	0.051465788286615	0.832587360532519	1	0.00510870929027093
