lik	gamma	delta
-848.868838632006	0.00196006885826737	0.127536606914418
-849.439988150812	0.00196006885826737	6.61069613519961e-05
-849.440240837044	0.00196006885826737	6.61069613519961e-05
-849.072477274528	0.00196006885826737	0.00947404210617209
-849.439853583766	0.00196006885826737	6.61069613519961e-05
-849.439870298857	0.00196006885826737	6.61069613519961e-05
-849.041121923394	0.00196006885826737	0.00975364732627109
-849.4396938124	0.00196006885826737	6.61069613519961e-05
-849.43969468867	0.00196006885826737	6.61069613519961e-05
-849.43969468867	0.00196006885826737	6.61069613519961e-05
-849.440454788689	0.00196006885826737	6.61069613519961e-05
-848.963772366201	0.00196006885826737	0.0108475025296685
-849.035093766434	0.00196006885826737	0.00990973060262297
-849.403271066653	0.00196006885826737	0.0397310016650998
-849.440162675229	0.00196006885826737	6.61069613519961e-05
-849.439693878404	0.00196006885826737	6.61069613519961e-05
-849.089459985389	0.00196006885826737	0.00912410251674211
-849.43969343864	0.00196006885826737	6.61069613519961e-05
-849.43969343864	0.00196006885826737	6.61069613519961e-05
-849.43969343864	0.00196006885826737	6.61069613519961e-05
-849.414327653166	0.00196006885826737	0.00476350768518332
-849.023928383791	0.00196006885826737	0.0126234455863267
-849.439693945616	0.00196006885826737	6.61069613519961e-05
-849.439704916815	0.00196006885826737	6.61069613519961e-05
-849.235379535705	0.00196006885826737	0.00743285702535
-849.439693729478	0.00196006885826737	6.61069613519961e-05
-849.220390374127	0.00196006885826737	0.0202834390204937
-849.439693729478	0.00196006885826737	6.61069613519961e-05
-849.439779962991	0.00196006885826737	6.61069613519961e-05
-848.909955171667	0.00196006885826737	0.0113560733790412
-849.440340213523	0.00196006885826737	6.61069613519961e-05
-849.440110060628	0.00196006885826737	6.61069613519961e-05
-849.074689525649	0.00196006885826737	0.00935108644939706
-849.407454477839	0.00196006885826737	0.038528954274583
-849.43969408139	0.00196006885826737	6.61069613519961e-05
-849.439899538898	0.00196006885826737	6.61069613519961e-05
-849.439694834642	0.00196006885826737	6.61069613519961e-05
-849.440149865973	0.00196006885826737	6.61069613519961e-05
-849.431620536336	0.00196006885826737	0.00926867772390001
-849.030599255684	0.00196006885826737	0.0100149256868339
-849.439693010073	0.00196006885826737	0
