posterior_mean	posterior_var	posterior_sd	posterior_quant	is_contained	PESL
1.87587553351937	0.146350013797348	0.382557203300825	0.650920361627991	1	0.161756896976456
