posterior_mean	posterior_var	posterior_sd	posterior_quant	is_contained	PESL
1.95515504396695	0.00314029733999497	0.0560383559715573	0.789230756889726	1	0.00515136742157523
