posterior_mean	posterior_var	posterior_sd	posterior_quant	is_contained	PESL
1.52852319372929	0.13363429468727	0.36556024768466	0.501976206066611	1	0.134447867267782
