model	lik	mode	convergence
1A	-289.825411690899	1.69647086010512	0
1C	-307.397576378608	0.932238241131629	0
1G	-292.571501604492	0.433558134299811	0
1T	-292.571501604461	0.433558162483849	0
2A	-307.07903252423	1.10908165043211	0
2C	-293.35154528221	0.902387066242677	0
2G	-292.571501627681	0.433558035936991	0
2T	-292.571501627669	0.433558066154645	0
3A	-292.571501597224	0.433558125526864	0
3C	-292.621564373442	0.407839351696738	0
3G	-292.571501597176	0.433558133435864	0
3T	-307.065525914844	1.11048281943287	0
4A	-306.949273884382	1.12198423830216	0
4C	-292.571501561536	0.43355785216263	0
4G	-292.457470421948	0.310486033791059	0
4T	-292.57150156152	0.433557858868567	0
neutral	-292.857180839689	1	0
