posterior_mean	posterior_var	posterior_sd	posterior_quant	is_contained	PESL
1.74971560303669	0.0914449210724288	0.302398612881125	0.801987423074553	1	0.154087200435781
