model	lik	mode	convergence
1A	-1255.5675973634	2.52141341577479	0
1C	-1487.96893854695	0.433558041519553	0
1G	-1487.96893854693	0.433558083744221	0
1T	-1502.34691629228	0.976630293505923	0
2A	-1487.02055871921	2.00661694728289	0
2C	-1305.14549636429	2.2233573980677	0
2G	-1487.96893851114	0.433558017229359	0
2T	-1487.96893851115	0.433558017131299	0
3A	-1486.82164328372	1.99167822342383	0
3C	-1305.6789651227	2.22443908905249	0
3G	-1487.96893851272	0.433557988731869	0
3T	-1487.96893851272	0.433558105461253	0
4A	-1487.99943547222	0.421470330402992	0
4C	-1303.17835311675	2.22827559088493	0
4G	-1487.96893850914	0.433557904104276	0
4T	-1487.96893850916	0.433558142225337	0
5A	-1487.96893850949	0.43355797127938	0
5C	-1487.96893850912	0.433558189609616	0
5G	-1487.9990384536	0.421673280974594	0
5T	-1303.18008386361	2.22826657088613	0
6A	-1303.07866604471	2.22880248744266	0
6C	-1488.01648520836	0.410248664488453	0
6G	-1487.96893851508	0.433558113203487	0
6T	-1487.96893851506	0.433558321347831	0
7A	-1488.22134527952	1.12520350122237	0
7C	-1303.61701418857	2.22996970818406	0
7G	-1487.96893853125	0.433558072414496	0
7T	-1487.96893853122	0.433558129529649	0
8A	-1487.9689385071	0.433558068255235	0
8C	-1487.96893850667	0.433558441594169	0
8G	-1478.94017450317	3.44642401405284	0
8T	-1312.12433079911	2.20523743486827	0
9A	-1302.83146187374	2.23016447886941	0
9C	-1487.96893853255	0.433558108651841	0
9G	-1488.02623274165	0.385830949751883	0
9T	-1487.96893853254	0.433558163131442	0
10A	-1303.08947456	2.22874467938855	0
10C	-1488.01512037957	0.411423820476903	0
10G	-1487.96893851436	0.433558234472117	0
10T	-1487.9689385143	0.433558186404354	0
11A	-1488.31553758083	0.533768488429774	0
11C	-1487.96893853767	0.433558127500659	0
11G	-1300.81506916357	2.24298185923528	0
11T	-1487.96893853765	0.433558198161753	0
12A	-1488.01884652768	0.40799858228594	0
12C	-1487.96893851623	0.433558118989516	0
12G	-1487.96893851627	0.433558195919271	0
12T	-1303.05772561055	2.22891493732968	0
neutral	-1488.25461714215	1	0
