posterior_mean	posterior_var	posterior_sd	posterior_quant	is_contained	PESL
2.5248773288368	0.00872686174445566	0.0934176736193728	0.3994302943701	1	0.0093457432345049
