model	lik	mode	convergence
1A	-1213.09372275355	2.9093349374252	0
1C	-1492.9779691211	0.43355807314289	0
1G	-1492.97796912109	0.433558056115808	0
1T	-1507.61561930014	0.912251315931803	0
2A	-1306.98483809694	2.23796715016726	0
2C	-1492.97796894005	0.433557553102425	0
2G	-1492.75672687844	0.290397960069465	0
2T	-1492.97796894004	0.433557473488372	0
3A	-1492.97796909889	0.433558175074037	0
3C	-1308.64360870837	2.22795806365472	0
3G	-1493.0345320217	0.398287095077743	0
3T	-1492.97796909902	0.433558173837366	0
4A	-1492.97796909028	0.43355816808482	0
4C	-1308.76520410602	2.22729839949057	0
4G	-1492.97796909031	0.433558233508099	0
4T	-1493.0247639994	0.41090562830091	0
5A	-1492.97796909661	0.433558096990315	0
5C	-1493.11245979899	0.738802083697321	0
5G	-1309.14897127576	2.22664765342798	0
5T	-1492.97796909655	0.433558184422529	0
6A	-1492.97796911146	0.433558146494027	0
6C	-1308.4635113777	2.22896694174334	0
6G	-1492.9779691115	0.433558150329184	0
6T	-1493.03358232107	0.381471765768947	0
7A	-1492.97796909445	0.433558183838523	0
7C	-1493.05053424204	0.77518197155462	0
7G	-1309.26929705457	2.22602685348703	0
7T	-1492.97796909431	0.433558216356042	0
8A	-1308.78999949773	2.22716628494202	0
8C	-1492.97796908877	0.433558207900675	0
8G	-1492.97796908872	0.433558192715284	0
8T	-1493.02133397041	0.41363161793332	0
9A	-1492.97796909897	0.433558115511957	0
9C	-1492.9779690989	0.433558290441914	0
9G	-1308.64360870813	2.22795806627849	0
9T	-1493.03453202154	0.398287079524052	0
10A	-1493.22865518348	0.529138919050861	0
10C	-1492.97796908661	0.433558268111316	0
10G	-1492.97796908668	0.433558103092824	0
10T	-1304.89755512502	2.25071941459543	0
11A	-1492.97796908914	0.433558300454499	0
11C	-1507.77617994631	0.962876990378306	0
11G	-1256.77115606342	2.55008128865926	0
11T	-1492.97796908924	0.433558291356967	0
12A	-1492.82976549504	0.89290871640229	0
12C	-1492.97796908293	0.433558598678902	0
12G	-1309.57122605066	2.2244543954831	0
12T	-1492.97796908309	0.433558423165155	0
13A	-1309.73986995261	2.22359887207161	0
13C	-1492.97796908512	0.433559138962049	0
13G	-1492.97796908521	0.433557822968794	0
13T	-1492.60390493273	0.987986955756115	0
neutral	-1493.26364820271	1	0
