lik	gamma	delta
-526.224091102639	0.0023444534520256	0.225740260730058
-552.814282934899	0.0023444534520256	6.61069613519961e-05
-552.814553203389	0.0023444534520256	6.61069613519961e-05
-552.771668253758	0.0023444534520256	0.00591222052449132
-552.81388918785	0.0023444534520256	6.61069613519961e-05
-552.81388918785	0.0023444534520256	6.61069613519961e-05
-540.676938309923	0.0023444534520256	0.0824010918160266
-552.81388918785	0.0023444534520256	6.61069613519961e-05
-540.070969536897	0.0023444534520256	0.0866328607929323
-552.813890557927	0.0023444534520256	6.61069613519961e-05
-552.813890557927	0.0023444534520256	6.61069613519961e-05
-552.814056170163	0.0023444534520256	6.61069613519961e-05
-552.81388918785	0.0023444534520256	6.61069613519961e-05
-552.81388918785	0.0023444534520256	6.61069613519961e-05
-540.676938309923	0.0023444534520256	0.0824010918160266
-552.81388918785	0.0023444534520256	6.61069613519961e-05
-552.813889222338	0.0023444534520256	6.61069613519961e-05
-540.592549783688	0.0023444534520256	0.0827678354771706
-552.813889222338	0.0023444534520256	6.61069613519961e-05
-552.813955504338	0.0023444534520256	6.61069613519961e-05
-541.164244695809	0.0023444534520256	0.0811672901082632
-552.183572795682	0.0023444534520256	0.181665930613633
-552.813889244775	0.0023444534520256	6.61069613519961e-05
-552.813889244775	0.0023444534520256	6.61069613519961e-05
-552.81388918785	0.0023444534520256	6.61069613519961e-05
-540.676938309923	0.0023444534520256	0.0824010918159765
-552.81388918785	0.0023444534520256	6.61069613519961e-05
-552.81388918785	0.0023444534520256	6.61069613519961e-05
-552.813889196141	0.0023444534520256	6.61069613519961e-05
-540.635602414913	0.0023444534520256	0.0825598455920719
-552.813921630931	0.0023444534520256	6.61069613519961e-05
-552.813889196141	0.0023444534520256	6.61069613519961e-05
-552.81388918785	0.0023444534520256	6.61069613519961e-05
-552.81388918785	0.0023444534520256	6.61069613519961e-05
-552.81388918785	0.0023444534520256	6.61069613519961e-05
-540.676938309923	0.0023444534520256	0.0824010918159765
-552.814105629494	0.0023444534520256	6.61069613519961e-05
-540.391499360408	0.0023444534520256	0.0837747498953939
-552.813889555985	0.0023444534520256	6.61069613519961e-05
-552.813889555985	0.0023444534520256	6.61069613519961e-05
-552.813888794963	0.0023444534520256	0
