posterior_mean	posterior_var	posterior_sd	posterior_quant	is_contained	PESL
2.06519487350504	0.00270245210392597	0.0519851142532742	0.103989683558776	1	0.00695282363531193
