posterior_mean	posterior_var	posterior_sd	posterior_quant	is_contained	PESL
1.48808019226685	0.00285158327612027	0.0534002179407563	0.59273602467717	1	0.00299366509256676
