lik	gamma	delta
-819.732042407592	0.00273772682896204	0.321353759436677
-839.511636527634	0.00273772682896204	0.0254178397844804
-841.45096593091	0.00273772682896204	6.61069613519961e-05
-841.45096593091	0.00273772682896204	6.61069613519961e-05
-841.451060179537	0.00273772682896204	6.61069613519961e-05
-841.238350766432	0.00273772682896204	0.0603323180361501
-831.911345723001	0.00273772682896204	0.0560937327910282
-841.451200440023	0.00273772682896204	6.61069613519961e-05
-831.846593570845	0.00273772682896204	0.056842853361313
-841.407598689636	0.00273772682896204	0.0176587574767175
-841.45096689613	0.00273772682896204	6.61069613519961e-05
-841.45096689613	0.00273772682896204	6.61069613519961e-05
-831.693352206426	0.00273772682896204	0.0561837101897928
-841.451303411315	0.00273772682896204	6.61069613519961e-05
-841.4509667355	0.00273772682896204	6.61069613519961e-05
-841.4509667355	0.00273772682896204	6.61069613519961e-05
-837.268709916706	0.00273772682896204	0.335662356912911
-841.450965851239	0.00273772682896204	6.61069613519961e-05
-841.451097384632	0.00273772682896204	6.61069613519961e-05
-833.623906067278	0.00273772682896204	0.0503184258157817
-841.401317019693	0.00273772682896204	0.0318522134796803
-841.450966096531	0.00273772682896204	6.61069613519961e-05
-841.450966096531	0.00273772682896204	6.61069613519961e-05
-832.011096801718	0.00273772682896204	0.0554579208541941
-841.45096618478	0.00273772682896204	6.61069613519961e-05
-841.24834275138	0.00273772682896204	0.0316097535404733
-841.451178358277	0.00273772682896204	6.61069613519961e-05
-831.911075551335	0.00273772682896204	0.0573346546308579
-841.451298919268	0.00273772682896204	6.61069613519961e-05
-830.851811689367	0.00273772682896204	0.0599468732347824
-841.451387462302	0.00273772682896204	6.61069613519961e-05
-841.451251627165	0.00273772682896204	6.61069613519961e-05
-841.322343200605	0.00273772682896204	0.0559068338296559
-841.451283671893	0.00273772682896204	6.61069613519961e-05
-831.932840225553	0.00273772682896204	0.0565184113721694
-841.338784243442	0.00273772682896204	0.0401012611351066
-841.450965725582	0.00273772682896204	6.61069613519961e-05
-831.940269872639	0.00273772682896204	0.0552322203578364
-841.451027984503	0.00273772682896204	6.61069613519961e-05
-841.450965725582	0.00273772682896204	6.61069613519961e-05
-841.45096523048	0.00273772682896204	0
