posterior_mean	posterior_var	posterior_sd	posterior_quant	is_contained	PESL
2.54885796832343	0.0182464449182416	0.135079402272299	0.364553368371805	1	0.0206335459869475
