posterior_mean	posterior_var	posterior_sd	posterior_quant	is_contained	PESL
2.18659554139607	0.113347744465048	0.336671567651692	0.826606633486098	1	0.211570099137855
