model	lik	mode	convergence
1A	-187.186833853311	2.58416515625157	0
1C	-219.484203064316	1.35389923778234	0
1G	-207.171140178828	0.433558265975881	0
1T	-207.171140178843	0.433558142932172	0
2A	-204.081312682538	1.94288703718934	0
2C	-207.171140177439	0.433558077163302	0
2G	-207.171140177427	0.4335581654565	0
2T	-206.208099707719	1.99635198207487	0
neutral	-207.456818972017	1	0
