posterior_mean	posterior_var	posterior_sd	posterior_quant	is_contained	PESL
1.66176458286242	0.0610947168936521	0.247173455074877	0.265485179875747	1	0.0872624971630514
