lik	gamma	delta
-676.502808018281	0.001710074593646	6.61069613519961e-05
-676.189116211638	0.001710074593646	0.0655495594447397
-676.496271218643	0.001710074593646	0.00139377146997042
-676.470167363825	0.001710074593646	0.0253545895025382
-676.477717081724	0.001710074593646	0.00270095942265959
-676.502515442662	0.001710074593646	6.61069613519961e-05
-676.502515442662	0.001710074593646	6.61069613519961e-05
-676.502515442662	0.001710074593646	6.61069613519961e-05
-676.474197144705	0.001710074593646	0.00297165702569808
-676.502555614118	0.001710074593646	6.61069613519961e-05
-676.502518871042	0.001710074593646	6.61069613519961e-05
-676.502518871042	0.001710074593646	6.61069613519961e-05
-676.502515442662	0.001710074593646	6.61069613519961e-05
-676.502515442662	0.001710074593646	6.61069613519961e-05
-676.502515442662	0.001710074593646	6.61069613519961e-05
-676.477717081724	0.001710074593646	0.00270095942264456
-675.890139051335	0.001710074593646	0.0641378950466095
-676.502619382792	0.001710074593646	6.61069613519961e-05
-676.502516635059	0.001710074593646	6.61069613519961e-05
-676.50267437865	0.001710074593646	6.61069613519961e-05
-676.440094078808	0.001710074593646	0.0043178472442714
-676.502518262337	0.001710074593646	6.61069613519961e-05
-676.503217319772	0.001710074593646	6.61069613519961e-05
-676.502518262337	0.001710074593646	6.61069613519961e-05
-676.407792023672	0.001710074593646	0.00542093423714286
-676.503661459747	0.001710074593646	6.61069613519961e-05
-676.50055761421	0.001710074593646	0.00787183577712314
-676.502518130624	0.001710074593646	6.61069613519961e-05
-676.502517457586	0.001710074593646	6.61069613519961e-05
-676.503108573076	0.001710074593646	6.61069613519961e-05
-676.502517457586	0.001710074593646	6.61069613519961e-05
-676.447168451489	0.001710074593646	0.00405830153501862
-676.502515442662	0.001710074593646	6.61069613519961e-05
-676.502515442662	0.001710074593646	6.61069613519961e-05
-676.502515442662	0.001710074593646	6.61069613519961e-05
-676.477717081724	0.001710074593646	0.00270095942264456
-676.477717081724	0.001710074593646	0.00270095942265959
-676.502515442662	0.001710074593646	6.61069613519961e-05
-676.502515442662	0.001710074593646	6.61069613519961e-05
-676.502515442662	0.001710074593646	6.61069613519961e-05
-676.502515140886	0.001710074593646	0
