posterior_mean	posterior_var	posterior_sd	posterior_quant	is_contained	PESL
1.43421763756385	0.00990125504043062	0.0995050503262554	0.749950555632036	1	0.0142285742480928
