posterior_mean	posterior_var	posterior_sd	posterior_quant	is_contained	PESL
2.02861002943633	0.0029889053015853	0.0546708816609472	0.302649415867025	1	0.00380743908591267
