model	lik	mode	convergence
1A	-391.723130642878	0.622563497771035	0
1C	-403.609443228276	0.829254939975364	0
1G	-391.255321184595	0.433558202940421	0
1T	-391.255321184574	0.433557990199261	0
2A	-403.444448350163	0.822929335327915	0
2C	-391.255321166558	0.433558160639526	0
2G	-391.271932733698	0.789897649866317	0
2T	-391.255321166536	0.433558137393261	0
3A	-403.263493407662	0.815101177509217	0
3C	-391.2553211517	0.43355809425366	0
3G	-390.845963435201	1.4025907397487	0
3T	-391.255321151693	0.433558055899965	0
4A	-391.255321182392	0.4335581156328	0
4C	-403.651151661507	0.832242419174977	0
4G	-391.255321182446	0.433558172138913	0
4T	-391.298223373629	0.366804379381313	0
5A	-391.230762826022	0.33448143452996	0
5C	-391.255321175556	0.433558042662963	0
5G	-403.696227201284	0.8341775897427	0
5T	-391.255321175518	0.433557846501262	0
6A	-391.300337186447	0.368574481066126	0
6C	-403.648831043787	0.832143007461358	0
6G	-391.255321181559	0.433558130165554	0
6T	-391.255321181531	0.433558132817073	0
neutral	-391.540998673889	1	0
