posterior_mean	posterior_var	posterior_sd	posterior_quant	is_contained	PESL
0.923528028148473	0.259580116661569	0.509490055508024	0.875888162344278	1	0.591900050963953
