posterior_mean	posterior_var	posterior_sd	posterior_quant	is_contained	PESL
1.44480645800072	0.0362990923063415	0.190523206739603	0.629500880585713	1	0.0393454193847672
