posterior_mean	posterior_var	posterior_sd	posterior_quant	is_contained	PESL
1.9138275990216	0.00265627514399782	0.0515390642522526	0.95118518235939	1	0.010081959347409
