posterior_mean	posterior_var	posterior_sd	posterior_quant	is_contained	PESL
2.46161082680352	0.00419028780904219	0.0647324324356979	0.725328731291247	1	0.00566401615151924
