posterior_mean	posterior_var	posterior_sd	posterior_quant	is_contained	PESL
2.35913722947174	0.0428465820522381	0.206994159464073	0.756967225262298	1	0.0626889021731216
