posterior_mean	posterior_var	posterior_sd	posterior_quant	is_contained	PESL
1.36271226202317	0.0233621152942107	0.152846705212153	0.81778179038406	1	0.0422100382937398
