model	lik	mode	convergence
1A	-658.030939475508	1.22729630662589	0
1C	-657.415713800437	0.43355695060737	0
1G	-672.650228806612	1.03790802516501	0
1T	-657.415713800395	0.433557030720808	0
2A	-672.184235020764	1.0975593091784	0
2C	-657.415714098807	0.433557535294643	0
2G	-657.415714098771	0.433557557363866	0
2T	-657.171102289035	0.286731688547045	0
3A	-657.415714289359	0.433558156787869	0
3C	-657.845599477225	0.997730040417177	0
3G	-672.392363289686	1.08474154719242	0
3T	-657.4157142892	0.433557852972234	0
4A	-672.301229929529	1.09049890172739	0
4C	-657.415714274553	0.433558224017656	0
4G	-657.733984493452	0.578932015773499	0
4T	-657.415714274542	0.433558700156913	0
5A	-658.288315385115	0.894987047743468	0
5C	-657.415714313202	0.433558148812608	0
5G	-672.304918420302	1.09061734498974	0
5T	-657.415714313168	0.433558134409408	0
6A	-657.332533244926	0.317688364358758	0
6C	-672.223595573446	1.09519462264759	0
6G	-657.415714271512	0.433557959807233	0
6T	-657.415714271486	0.433557915197413	0
7A	-657.415714312148	0.433558111708725	0
7C	-672.5069431984	1.07683847585398	0
7G	-657.075912683108	1.58158884260746	0
7T	-657.415714312337	0.433557962827308	0
8A	-672.230878087657	1.09475364911116	0
8C	-657.357373203896	0.324195601690076	0
8G	-657.415714287533	0.433557927742628	0
8T	-657.415714287516	0.433557880261839	0
9A	-657.472436524754	0.384040146563682	0
9C	-672.286239662519	1.09136145443694	0
9G	-657.415714300232	0.433558064941835	0
9T	-657.415714300203	0.433558237600188	0
10A	-655.701611368453	2.64056920161652	0
10C	-657.415714280672	0.433558227588553	0
10G	-657.415714280735	0.433558190342031	0
10T	-672.535443541013	1.07476090234871	0
11A	-657.415714297469	0.433558082350781	0
11C	-657.415714297403	0.433558278586348	0
11G	-672.289158325669	1.09118049761483	0
11T	-657.473446908367	0.387812188019676	0
neutral	-657.701393689056	1	0
