posterior_mean	posterior_var	posterior_sd	posterior_quant	is_contained	PESL
1.46671975962202	0.00292829834553632	0.0541137537557349	0.733258228864076	1	0.00403587274516749
