model	lik	mode	convergence
1A	-370.006952111309	2.99004659828558	0
1C	-451.322844226351	0.703133258801436	0
1G	-438.766339514615	0.43355812528899	0
1T	-438.766339514586	0.433558094888782	0
2A	-438.766339503565	0.433558224838458	0
2C	-419.664292438482	1.9155643260702	0
2G	-438.967581092338	0.694094713727223	0
2T	-438.76633950375	0.433558077407589	0
3A	-419.374059964358	1.91795409401109	0
3C	-438.766339501745	0.433558194345866	0
3G	-438.822287257099	0.399683139631307	0
3T	-438.766339501738	0.433558160079365	0
4A	-438.766339486742	0.433558389325204	0
4C	-420.285495704875	1.90626750052101	0
4G	-438.685117858499	1.19085411788182	0
4T	-438.766339486984	0.433558335404758	0
5A	-452.393193827885	0.678431558696677	0
5C	-401.167951338129	2.05604389861729	0
5G	-438.76633952555	0.433558216206989	0
5T	-438.766339525534	0.433558084567755	0
6A	-438.766339310848	0.433557516712269	0
6C	-438.766339310743	0.433557503394318	0
6G	-417.367593569789	1.96617041857146	0
6T	-438.670373837721	0.374925066487081	0
neutral	-439.052018797548	1	0
