posterior_mean	posterior_var	posterior_sd	posterior_quant	is_contained	PESL
3.00853790353594	0.0553526673628136	0.235271475880128	0.495969272767256	1	0.055425563159731
