posterior_mean	posterior_var	posterior_sd	posterior_quant	is_contained	PESL
2.51342996995088	0.00451317643617863	0.0671801788936188	0.424126550793082	1	0.00469354052905775
