model	lik	mode	convergence
1A	-314.596931834438	1.16125934704543	0
1C	-314.379338788281	0.433557663360017	0
1G	-314.379338788261	0.433557653906066	0
1T	-327.237080689106	1.13292251325776	0
2A	-314.37933890176	0.433558131744488	0
2C	-314.429368807149	0.407873977071427	0
2G	-327.055114378037	1.14784595873465	0
2T	-314.379338901634	0.43355809417063	0
3A	-314.379338924737	0.433558105877046	0
3C	-314.431277625292	0.375731796726718	0
3G	-327.014420102872	1.15124796994969	0
3T	-314.37933892461	0.433558102086805	0
4A	-312.838132736755	2.13938796676291	0
4C	-327.612870276996	1.09253645521475	0
4G	-314.379338908511	0.433558059470274	0
4T	-314.37933890849	0.433557955486809	0
neutral	-314.665015607623	1	0
