posterior_mean	posterior_var	posterior_sd	posterior_quant	is_contained	PESL
1.69629573176385	0.81685702305977	0.903801428998522	0.707015680128681	1	0.909093305599896
