posterior_mean	posterior_var	posterior_sd	posterior_quant	is_contained	PESL
2.453686455338	0.00400621632684461	0.0632946785033671	0.76905767055367	1	0.00615116035732159
