model	lik	mode	convergence
1A	-848.46741742487	1.89265273521744	0
1C	-904.458458032041	0.433558166855258	0
1G	-904.458458032009	0.433558052893102	0
1T	-906.518564164678	1.11028347790549	0
2A	-904.704882445922	0.657173851257322	0
2C	-867.538296435241	1.76605265268051	0
2G	-904.458457462062	0.433557976378965	0
2T	-904.458457462037	0.433558060558904	0
3A	-904.458457441255	0.433558073001001	0
3C	-867.851187724391	1.76414182218584	0
3G	-904.710845814996	0.957379774133938	0
3T	-904.45845744132	0.433558045285049	0
4A	-904.458457471414	0.433558067609993	0
4C	-904.458457471124	0.433557968273199	0
4G	-904.687869286804	0.951863759684162	0
4T	-867.82763087658	1.76452838231107	0
5A	-904.458457477282	0.433558085997895	0
5C	-904.458457477196	0.433558043510056	0
5G	-867.172480929011	1.76854417491111	0
5T	-904.504486753966	0.369473858970939	0
6A	-867.47810413196	1.76523398766293	0
6C	-904.495228155998	0.417995743965022	0
6G	-904.458457445144	0.433558485433886	0
6T	-904.458457445141	0.433557925622091	0
7A	-904.458457442306	0.43355796641048	0
7C	-904.458457442225	0.433558120253325	0
7G	-867.511800794247	1.76488483524365	0
7T	-904.482924214228	0.424378981483795	0
8A	-904.458457441927	0.433557960762615	0
8C	-904.130829940231	1.53245794045587	0
8G	-868.515430888789	1.75870439614204	0
8T	-904.458457441723	0.433558101905695	0
9A	-868.877697202659	1.77165134878441	0
9C	-904.458457458876	0.433558211216207	0
9G	-904.429735637236	1.44799245276379	0
9T	-904.458457458884	0.433558243231968	0
10A	-902.703781432838	1.90348100155473	0
10C	-904.458457457492	0.433558081104505	0
10G	-870.556622337865	1.75253502229296	0
10T	-904.45845745747	0.433558114843795	0
11A	-904.512136928194	0.378123963348977	0
11C	-904.458457472045	0.433558093204181	0
11G	-904.458457472038	0.433558202389156	0
11T	-867.233988206402	1.76785920668022	0
12A	-904.458457455009	0.433558166399843	0
12C	-904.458457454962	0.433558048290312	0
12G	-867.384856928737	1.76621777686884	0
12T	-904.513396530666	0.401574097766946	0
neutral	-904.744137329617	1	0
