posterior_mean	posterior_var	posterior_sd	posterior_quant	is_contained	PESL
3.22640657645066	0.0284683312826809	0.168725609445279	0.0873750695333521	1	0.0797282691428267
