posterior_mean	posterior_var	posterior_sd	posterior_quant	is_contained	PESL
1.97507136556671	0.00246562250169116	0.0496550350084577	0.694383657277753	1	0.00308705931641602
