posterior_mean	posterior_var	posterior_sd	posterior_quant	is_contained	PESL
2.31523827488261	0.0137750970762077	0.117367359500875	0.939542240374423	1	0.0479119921445963
