posterior_mean	posterior_var	posterior_sd	posterior_quant	is_contained	PESL
1.6303159617063	0.00501995804286221	0.0708516622448776	0.0303157221415375	1	0.0220022079183716
