model	lik	mode	convergence
1A	-212.397245528267	2.04548774274122	0
1C	-219.657892943862	0.433558147505455	0
1G	-219.657892943876	0.433557920697711	0
1T	-232.568387190825	1.29639295457102	0
2A	-219.657892944525	0.433558097622705	0
2C	-219.657892944426	0.433558185127216	0
2G	-227.873934752769	1.55683679596332	0
2T	-219.43665931484	1.43469939658574	0
neutral	-219.94357226146	1	0
