posterior_mean	posterior_var	posterior_sd	posterior_quant	is_contained	PESL
2.09721491259852	0.106718478224505	0.326677942666022	0.401527548253628	1	0.11616921745605
