posterior_mean	posterior_var	posterior_sd	posterior_quant	is_contained	PESL
3.05006031890389	0.110961372993202	0.33310865043286	0.454466409561403	1	0.113467408521957
