model	lik	mode	convergence
1A	-248.865622871122	2.37311383962578	0
1C	-258.127993069988	0.433558126521858	0
1G	-272.304666450676	1.0235651776966	0
1T	-258.127993069957	0.433558052744576	0
2A	-258.127993063971	0.433558063199343	0
2C	-258.127993063683	0.433557979148409	0
2G	-258.431896976434	0.524614872488589	0
2T	-268.923927646514	1.31573026487224	0
3A	-269.051879341527	1.30721244332263	0
3C	-258.127993046413	0.433558138573969	0
3G	-258.182160361491	0.402816939543665	0
3T	-258.12799304641	0.433558170057077	0
neutral	-258.413671489363	1	0
