posterior_mean	posterior_var	posterior_sd	posterior_quant	is_contained	PESL
2.35720890570979	0.391292470667393	0.625533748623839	0.849570778596247	1	0.804472861571472
