posterior_mean	posterior_var	posterior_sd	posterior_quant	is_contained	PESL
1.48021089612735	0.00315910048818646	0.056205875922242	0.641765349079935	1	0.00355070912027586
