model	lik	mode	convergence
1A	-492.849956952178	2.15658322805506	0
1C	-519.091536527888	0.433558442885299	0
1G	-533.213597216792	0.912461525474931	0
1T	-519.091536527925	0.433558216106773	0
2A	-519.091536524582	0.433558148496191	0
2C	-519.091536524796	0.433558522061898	0
2G	-519.720071885952	0.66365115117585	0
2T	-522.019326031883	1.44187778492564	0
3A	-519.091536550716	0.433558122668256	0
3C	-510.967893130066	2.61071314612347	0
3G	-519.091536550707	0.433558309273877	0
3T	-527.835833738691	1.30935227692672	0
4A	-519.091536529241	0.433558154897938	0
4C	-519.132438299832	0.41537337400167	0
4G	-523.109448154904	1.4093761584066	0
4T	-519.091536529032	0.43355757251495	0
5A	-519.091536546127	0.433558189198725	0
5C	-523.359910012658	1.40457755905551	0
5G	-519.097199228315	0.794239902835158	0
5T	-519.091536546209	0.433558271527609	0
6A	-519.091536542499	0.433558103798108	0
6C	-519.091536542412	0.433558128932241	0
6G	-523.048255688101	1.41087923379245	0
6T	-519.148970155374	0.395602397526535	0
7A	-519.091536564799	0.43355806692585	0
7C	-519.091536564556	0.433557957629913	0
7G	-519.115222020839	0.354482187049544	0
7T	-522.896637725849	1.41469700933924	0
neutral	-519.377215045355	1	0
