model	lik	mode	convergence
1A	-720.744182572177	1.57991527638208	0
1C	-721.779669712313	0.433558020455043	0
1G	-721.779669712292	0.43355799218039	0
1T	-737.460004124552	1.00187022081352	0
2A	-721.77966968086	0.433558188772842	0
2C	-737.227935042131	1.05139054180067	0
2G	-721.814216327417	0.419311580467766	0
2T	-721.779669680934	0.43355828586824	0
3A	-721.82984151709	0.407726206306815	0
3C	-737.223328396652	1.05183930132209	0
3G	-721.779669687526	0.43355834590601	0
3T	-721.779669687467	0.433558040013312	0
4A	-737.216977246883	1.05245198054199	0
4C	-721.837574524669	0.392939838772937	0
4G	-721.779669698299	0.433558104658579	0
4T	-721.779669698274	0.43355812947433	0
5A	-737.203035990881	1.05377384697352	0
5C	-721.779669716404	0.433558074337907	0
5G	-721.779669716358	0.433558035890527	0
5T	-721.819035880419	0.364100012064161	0
6A	-722.400742225352	0.74473217661244	0
6C	-737.212151050069	1.05255792831671	0
6G	-721.779669697081	0.433558123262064	0
6T	-721.779669697065	0.433558149436749	0
7A	-722.583878077321	1.04958221677334	0
7C	-737.276438580308	1.04521772973751	0
7G	-721.779669718474	0.433558117035214	0
7T	-721.779669718449	0.43355805843038	0
8A	-721.779669700108	0.433558126690563	0
8C	-721.298753844309	1.68816558689527	0
8G	-721.779669700117	0.43355818203708	0
8T	-737.345750475954	1.03756942140942	0
9A	-722.080845456868	0.512511053333645	0
9C	-737.196842805473	1.05425919687709	0
9G	-721.779669684764	0.433558130919444	0
9T	-721.779669684732	0.433558103246139	0
10A	-721.433707363375	0.272789317062446	0
10C	-721.779669339713	0.433557191601265	0
10G	-721.779669339687	0.433557082940317	0
10T	-737.137897606862	1.05960436518806	0
11A	-721.779669699176	0.433558107161053	0
11C	-721.779669699129	0.433558081275473	0
11G	-737.216361524111	1.05251101665161	0
11T	-721.837666419447	0.391566560727957	0
12A	-721.779669718209	0.43355803966527	0
12C	-721.793790329984	0.34969714931584	0
12G	-721.779669718204	0.433557855862561	0
12T	-737.195139032308	1.0545095128803	0
13A	-721.779669716295	0.433558073605067	0
13C	-721.779669716184	0.43355829498115	0
13G	-737.203266700098	1.05375221601334	0
13T	-721.819637426454	0.364540706748791	0
neutral	-722.065349123794	1	0
