posterior_mean	posterior_var	posterior_sd	posterior_quant	is_contained	PESL
1.65440064126744	0.11839829136909	0.344090527868888	0.347704356160998	1	0.142237849392855
