lik	gamma	delta
-1011.77555537591	0.00198534150098204	0.255281301340747
-1098.10978535198	0.00198534150098204	0.0135586980752594
-1098.38921328488	0.00198534150098204	0.0336281368495768
-1098.43686756858	0.00198534150098204	6.61069613519961e-05
-1097.93258497959	0.00198534150098204	0.285406929051582
-1040.6290007945	0.00198534150098204	0.138319146555105
-1098.43672849506	0.00198534150098204	6.61069613519961e-05
-1098.43672849506	0.00198534150098204	6.61069613519961e-05
-1040.21409612562	0.00198534150098204	0.138670554132898
-1098.43672847582	0.00198534150098204	6.61069613519961e-05
-1098.43672847582	0.00198534150098204	6.61069613519961e-05
-1098.43672847582	0.00198534150098204	6.61069613519961e-05
-1098.43672847582	0.00198534150098204	6.61069613519961e-05
-1098.43672847582	0.00198534150098204	6.61069613519961e-05
-1098.43672847582	0.00198534150098204	6.61069613519961e-05
-1040.21409612562	0.00198534150098204	0.138670554132623
-1044.97489280128	0.00198534150098204	0.139590542137222
-1098.43686574218	0.00198534150098204	6.61069613519961e-05
-1085.7526097467	0.00198534150098204	0.512478967969697
-1098.43687595674	0.00198534150098204	6.61069613519961e-05
-1098.43675052423	0.00198534150098204	6.61069613519961e-05
-1098.43687152315	0.00198534150098204	6.61069613519961e-05
-1039.84965549355	0.00198534150098204	0.139407114675068
-1098.43672861577	0.00198534150098204	6.61069613519961e-05
-1098.43672847582	0.00198534150098204	6.61069613519961e-05
-1098.43672847582	0.00198534150098204	6.61069613519961e-05
-1040.21409612562	0.00198534150098204	0.138670554132659
-1098.43672847582	0.00198534150098204	6.61069613519961e-05
-1098.43672847582	0.00198534150098204	6.61069613519961e-05
-1098.43672847582	0.00198534150098204	6.61069613519961e-05
-1040.21409612562	0.00198534150098204	0.138670554132659
-1098.43672847582	0.00198534150098204	6.61069613519961e-05
-1031.28851054722	0.00198534150098204	0.233497101302221
-1098.42916163114	0.00198534150098204	0.0161897688537764
-1092.30606192364	0.00198534150098204	0.0578471507320429
-1098.43698702713	0.00198534150098204	6.61069613519961e-05
-1098.43672888495	0.00198534150098204	6.61069613519961e-05
-1042.3207694715	0.00198534150098204	0.138258542276487
-1098.43692681717	0.00198534150098204	6.61069613519961e-05
-1095.71228873227	0.00198534150098204	0.194211363472425
-1098.43672820947	0.00198534150098204	0
