posterior_mean	posterior_var	posterior_sd	posterior_quant	is_contained	PESL
2.36299762371209	0.0144340325025309	0.120141718410097	0.871996377247638	1	0.0332036836110972
