posterior_mean	posterior_var	posterior_sd	posterior_quant	is_contained	PESL
2.33900779839627	0.0286505994382383	0.169264879517986	0.829996295793323	1	0.0545690884154418
