posterior_mean	posterior_var	posterior_sd	posterior_quant	is_contained	PESL
2.45410946342831	0.00396197883734243	0.0629442518212937	0.768253991237394	1	0.00606791985211811
