posterior_mean	posterior_var	posterior_sd	posterior_quant	is_contained	PESL
1.30594707718847	0.0285973723908352	0.169107576385079	0.872394830243636	1	0.0662539092332133
