posterior_mean	posterior_var	posterior_sd	posterior_quant	is_contained	PESL
1.37958432168513	0.0604353283864087	0.245835978624791	0.704273653056243	1	0.0749352639728039
