posterior_mean	posterior_var	posterior_sd	posterior_quant	is_contained	PESL
1.9031114735567	0.0114199440281239	0.106864138176115	0.818683751215658	1	0.0208073305844975
