posterior_mean	posterior_var	posterior_sd	posterior_quant	is_contained	PESL
2.63020818331274	0.0091597963125182	0.0957068247959267	0.0851174907582313	1	0.0261139673140784
