posterior_mean	posterior_var	posterior_sd	posterior_quant	is_contained	PESL
2.46454833786975	0.00770745777926716	0.0877921282306515	0.660475791076699	1	0.00896427812706658
