posterior_mean	posterior_var	posterior_sd	posterior_quant	is_contained	PESL
1.40621934617139	0.15537519245719	0.39417660059571	0.62963455736702	1	0.164170003489751
