posterior_mean	posterior_var	posterior_sd	posterior_quant	is_contained	PESL
1.92705955838673	0.0054508319543095	0.0738297497917303	0.838543726138517	1	0.0107711399770414
