posterior_mean	posterior_var	posterior_sd	posterior_quant	is_contained	PESL
2.68822780165342	0.219094953678367	0.468075799073576	0.758109547215365	1	0.316296857298179
