posterior_mean	posterior_var	posterior_sd	posterior_quant	is_contained	PESL
2.9789674265055	0.0057591883080119	0.0758893161651355	0.612173467139231	1	0.0062015574558022
