posterior_mean	posterior_var	posterior_sd	posterior_quant	is_contained	PESL
2.53886806902373	0.00868621956068515	0.0931998903469588	0.342030924395393	1	0.0101969463502962
