model	lik	mode	convergence
1A	-318.004496621218	2.17836434354549	0
1C	-319.96741239515	0.433557966182405	0
1G	-333.935789052545	1.03049150545802	0
1T	-319.967412395103	0.433557985381323	0
2A	-320.259241537667	0.587781473727874	0
2C	-319.967412405197	0.433558139121794	0
2G	-319.967412405196	0.433557974840308	0
2T	-333.547630075047	1.09783600745797	0
3A	-333.540789249866	1.09851583717899	0
3C	-319.967412391195	0.433558173121269	0
3G	-320.451766310679	0.701588527030934	0
3T	-319.967412391185	0.433558146090269	0
4A	-333.527097634995	1.10021557526424	0
4C	-319.967412394476	0.433558083302132	0
4G	-320.024714554193	0.385860206098152	0
4T	-319.967412394473	0.433558029894331	0
neutral	-320.253090147263	1	0
