posterior_mean	posterior_var	posterior_sd	posterior_quant	is_contained	PESL
2.48043950737194	0.00390913156350489	0.0625230482582615	0.625680516267721	1	0.00429174443535452
