posterior_mean	posterior_var	posterior_sd	posterior_quant	is_contained	PESL
2.38712166629547	0.210418478489246	0.458713939715424	0.620858991938436	1	0.223159996709123
