posterior_mean	posterior_var	posterior_sd	posterior_quant	is_contained	PESL
2.9671040203184	0.00780244251939411	0.0883314356239845	0.648386987406656	1	0.00888458799862047
