posterior_mean	posterior_var	posterior_sd	posterior_quant	is_contained	PESL
2.37613230791935	0.125041495075407	0.353612068622392	0.653366095018404	1	0.140384700216797
