model	lik	mode	convergence
1A	-329.226541344872	1.5318219270721	0
1C	-330.055510729388	0.433558197271477	0
1G	-330.055510729363	0.433558138927061	0
1T	-345.54790228771	1.05243886365464	0
2A	-330.055510739323	0.433558136602691	0
2C	-344.68449231991	1.15699675446484	0
2G	-330.055510739327	0.433558178616847	0
2T	-330.109801812804	0.379075318081763	0
3A	-329.980050934458	0.319634325399339	0
3C	-330.055510712349	0.433557905973898	0
3G	-330.055510712328	0.433557733306783	0
3T	-344.583671890635	1.16507153520351	0
4A	-330.055510736521	0.433558188002063	0
4C	-344.740742130924	1.15318782781107	0
4G	-330.52211949073	0.736101352060391	0
4T	-330.055510736606	0.433557960811292	0
5A	-330.055510743176	0.433558117497625	0
5C	-331.101249805399	0.849343382881074	0
5G	-330.055510743172	0.433558018093514	0
5T	-344.461618397469	1.17930436465446	0
6A	-330.055510740188	0.433558087618181	0
6C	-330.109048821814	0.377913708670295	0
6G	-330.055510740176	0.43355814567091	0
6T	-344.682848799078	1.15712954248036	0
neutral	-330.341190353427	1	0
