posterior_mean	posterior_var	posterior_sd	posterior_quant	is_contained	PESL
1.59850596456689	0.103928844132952	0.322379968566523	0.992923522463414	0	0.916620340054267
