posterior_mean	posterior_var	posterior_sd	posterior_quant	is_contained	PESL
2.60847623521533	0.039549343407272	0.198870167212863	0.298872187996797	1	0.0513164370137605
