posterior_mean	posterior_var	posterior_sd	posterior_quant	is_contained	PESL
1.49716656613925	0.00751533873576382	0.0866910533778649	0.5207471347355	1	0.00752336708323889
