posterior_mean	posterior_var	posterior_sd	posterior_quant	is_contained	PESL
2.48680196064488	0.0219651122796674	0.148206316598408	0.543331758725715	1	0.022139300522485
