posterior_mean	posterior_var	posterior_sd	posterior_quant	is_contained	PESL
2.37012975994926	0.0080349646651253	0.0896379644186842	0.924459335165816	1	0.0249012439249612
