model	lik	mode	convergence
1A	-390.177836997269	2.91078370028393	0
1C	-439.737821324638	0.433558103811899	0
1G	-454.716763136069	1.15821089654264	0
1T	-439.737821324637	0.433557914099251	0
2A	-439.788654695941	0.40702063340368	0
2C	-439.73782132229	0.433558336604424	0
2G	-423.492738101614	1.87154178176102	0
2T	-439.737821322282	0.433558481072109	0
3A	-439.73782132761	0.433558163123034	0
3C	-439.737821327467	0.433558076484805	0
3G	-423.442667855658	1.87259929225155	0
3T	-439.793768014554	0.399686043661704	0
4A	-439.607631567226	0.884618768840911	0
4C	-424.135077528158	1.86172490959775	0
4G	-439.737821312884	0.433558409096199	0
4T	-439.737821312886	0.433558400347444	0
5A	-439.737821313412	0.433558339811241	0
5C	-423.593390897304	1.86945773901625	0
5G	-439.765259047024	0.422990149048632	0
5T	-439.737821313823	0.433558203753878	0
6A	-439.737821333142	0.433558124673713	0
6C	-439.79577325682	0.392413138395961	0
6G	-423.390563418362	1.87371344113735	0
6T	-439.737821333042	0.43355820390876	0
neutral	-440.023501053481	1	0
