posterior_mean	posterior_var	posterior_sd	posterior_quant	is_contained	PESL
2.93464126952175	0.0695667245002732	0.263755046397739	0.608748256368065	1	0.07383848814999
