model	lik	mode	convergence
1A	-257.655505149899	2.18428250441558	0
1C	-272.810471517728	0.433558272289547	0
1G	-272.810471517742	0.433557889055197	0
1T	-286.190639020351	1.0001312355062	0
2A	-272.810471542093	0.433558037930829	0
2C	-272.801748592666	0.340103322152189	0
2G	-275.599209571271	1.65887931709665	0
2T	-272.810471541987	0.43355796295342	0
3A	-272.810471514721	0.433558110315079	0
3C	-272.810471514703	0.433558243800581	0
3G	-276.02068849203	1.63992349190697	0
3T	-272.859258322119	0.409105996426342	0
4A	-275.819676035911	1.65322923090867	0
4C	-273.110019048962	0.560180225964521	0
4G	-272.810471544848	0.433558078029448	0
4T	-272.810471544823	0.433558029147663	0
5A	-272.810471524744	0.433558110017811	0
5C	-272.079397982833	1.82717582206086	0
5G	-272.81047152471	0.433558135136663	0
5T	-277.543458977809	1.59849010568594	0
6A	-276.947041270924	1.61754925551477	0
6C	-272.615289927691	1.48893294467379	0
6G	-272.810471546342	0.433558022478543	0
6T	-272.81047154632	0.433558002942665	0
neutral	-273.096149011885	1	0
