posterior_mean	posterior_var	posterior_sd	posterior_quant	is_contained	PESL
1.5761099817807	0.01162827394068	0.107834474731785	0.243664125669829	1	0.0174210032641686
