model	lik	mode	convergence
1A	-551.49340754579	2.69966092018614	0
1C	-590.831597852766	1.09679161464153	0
1G	-577.084778267884	0.433558099215939	0
1T	-577.084778267861	0.433558175856546	0
2A	-555.900857519891	2.18369556202749	0
2C	-591.107885716755	1.06149895671823	0
2G	-577.084778266623	0.433558065698088	0
2T	-577.084778266611	0.433558205579625	0
3A	-577.005668806934	0.318706523203196	0
3C	-577.084778245163	0.43355785388372	0
3G	-580.162785817289	1.42663965621565	0
3T	-577.084778245127	0.433557932957076	0
4A	-577.084778271648	0.433557978407744	0
4C	-580.230000091373	1.42488612755745	0
4G	-577.084778271757	0.433558046624974	0
4T	-577.052371757231	0.331894715317452	0
5A	-580.28122470626	1.42356342264429	0
5C	-577.084778281862	0.43355801868157	0
5G	-577.084778281822	0.433558148548533	0
5T	-577.082972531446	0.342806723809958	0
6A	-578.299100807863	1.13184578957731	0
6C	-577.084778265298	0.433557925583865	0
6G	-577.084778265281	0.43355776444975	0
6T	-580.291521639841	1.46039559280934	0
7A	-577.084778255817	0.433558181022167	0
7C	-581.385978718832	1.40384943882081	0
7G	-577.084778255827	0.433558046401301	0
7T	-577.06871236037	1.47044816839012	0
8A	-577.084778257135	0.433558148297247	0
8C	-583.249404122291	1.36152255274013	0
8G	-571.486632162643	3.45395586887506	0
8T	-577.084778257269	0.43355821258797	0
9A	-577.084778245017	0.433558215564172	0
9C	-577.094860718606	0.430173331973161	0
9G	-577.084778244791	0.433558922140181	0
9T	-580.591524506321	1.41584679187578	0
neutral	-577.370456333858	1	0
