posterior_mean	posterior_var	posterior_sd	posterior_quant	is_contained	PESL
1.98059829742556	0.0027545811856859	0.0524841041238764	0.647024149562365	1	0.00313100724846019
