posterior_mean	posterior_var	posterior_sd	posterior_quant	is_contained	PESL
3.0436028490326	0.0286128766538952	0.169153411594018	0.404999997575672	1	0.0305140850968431
