model	lik	mode	convergence
1A	-280.84751319872	3.12255013060025	0
1C	-298.731057470008	0.43355815758273	0
1G	-312.880581591737	0.908460800632771	0
1T	-298.731057469976	0.433558033870665	0
2A	-309.935394377943	1.30021216933212	0
2C	-298.731057467366	0.433558091253238	0
2G	-298.731057467376	0.433558170747334	0
2T	-298.766838346929	0.418571983387694	0
3A	-309.912382542731	1.30148049364143	0
3C	-298.73105747308	0.433558124145973	0
3G	-298.780746614738	0.40822104250259	0
3T	-298.731057473067	0.433558157269921	0
4A	-298.731057045515	0.433557100322041	0
4C	-298.731057045379	0.433557194098127	0
4G	-309.39348386394	1.33109733661715	0
4T	-298.342979016828	0.267761971218208	0
5A	-298.993320692825	0.528756444819353	0
5C	-309.802947381604	1.30946855097838	0
5G	-298.731057478903	0.433557802955981	0
5T	-298.731057478877	0.433557923895774	0
neutral	-299.016736148316	1	0
