posterior_mean	posterior_var	posterior_sd	posterior_quant	is_contained	PESL
3.20235690412872	0.251634427212081	0.501631764556513	0.359780882989563	1	0.292582743862519
