posterior_mean	posterior_var	posterior_sd	posterior_quant	is_contained	PESL
2.75320225351371	0.00982006954278034	0.0990962640202967	0.992483733923122	0	0.0707291972133543
