model	lik	mode	convergence
1A	-450.949260479757	2.72383180944371	0
1C	-486.69439921065	0.433558094212033	0
1G	-499.646694370662	1.22656672219863	0
1T	-486.694399210613	0.4335581968967	0
2A	-487.813429769875	1.08915835695025	0
2C	-486.694399186406	0.433558110339713	0
2G	-476.169317336582	1.77802945261079	0
2T	-486.694399186416	0.433558078410307	0
3A	-486.748988287824	0.402154719630494	0
3C	-486.694399185329	0.433558159821876	0
3G	-486.694399185352	0.433557939907435	0
3T	-477.243463640082	1.71483497902774	0
4A	-477.360805371183	1.71235875188326	0
4C	-486.694399173287	0.433558268462618	0
4G	-486.694399173298	0.433558268369802	0
4T	-486.718095231954	0.424726793883902	0
5A	-487.138277178444	1.2586973195386	0
5C	-486.694399211033	0.433558113537767	0
5G	-477.860837674262	1.71995737870754	0
5T	-486.694399211003	0.433558156788877	0
6A	-486.748459049599	0.378707241531943	0
6C	-486.694399202522	0.433558140194441	0
6G	-477.102690584829	1.71790392358953	0
6T	-486.694399202497	0.433558000554756	0
7A	-486.751288771348	0.384513522433785	0
7C	-486.69439919848	0.433558154292059	0
7G	-486.694399198475	0.433557962548371	0
7T	-477.139371272849	1.71709470445033	0
8A	-486.690895499482	1.29398081829155	0
8C	-486.694399199624	0.433558051227499	0
8G	-478.058638720239	1.70549489348418	0
8T	-486.694399199584	0.433557919875038	0
neutral	-486.980078380285	1	0
