posterior_mean	posterior_var	posterior_sd	posterior_quant	is_contained	PESL
2.75153213169937	0.0754044826244208	0.274598766611252	0.180893710361977	1	0.138672895903561
