posterior_mean	posterior_var	posterior_sd	posterior_quant	is_contained	PESL
2.51856890745975	0.00424236252546463	0.0651334209562544	0.390827268728902	1	0.00458716684972379
