model	lik	mode	convergence
1A	-213.940587522555	3.26827014318995	0
1C	-237.880069253132	0.433558371398	0
1G	-251.172701791385	1.07948412374267	0
1T	-237.880069253117	0.433557914866053	0
2A	-237.880069258932	0.433558105138741	0
2C	-237.880069258837	0.433558016600558	0
2G	-239.66950637673	1.69964112421651	0
2T	-238.186715013368	0.523237320427489	0
3A	-237.880069003207	0.43355741428707	0
3C	-237.880069003061	0.433557283013535	0
3G	-238.245606514953	0.653322882720894	0
3T	-239.593952417008	1.71337682058647	0
neutral	-238.165746448253	1	0
