posterior_mean	posterior_var	posterior_sd	posterior_quant	is_contained	PESL
3.33516684033472	0.219886228980418	0.468920279984155	0.244254778226266	1	0.332223039839765
