posterior_mean	posterior_var	posterior_sd	posterior_quant	is_contained	PESL
2.21523938375483	0.0324455117176173	0.18012637707348	0.113384592981957	1	0.0787735040368015
