posterior_mean	posterior_var	posterior_sd	posterior_quant	is_contained	PESL
2.63214267735327	0.0373113947809987	0.19316157687542	0.25102239871802	1	0.0547730819589394
