model	lik	mode	convergence
1A	-1186.8755020559	1.68578875795454	0
1C	-1203.46654542721	0.433557987857677	0
1G	-1219.48993077344	0.948108423567205	0
1T	-1203.46654542717	0.433558049104445	0
2A	-1203.46654539643	0.433558073808343	0
2C	-1203.4665453964	0.433557969381933	0
2G	-1216.54971863218	1.14443148354418	0
2T	-1203.88505311569	1.32681159176773	0
3A	-1203.46654541031	0.433558152433914	0
3C	-1203.46654541004	0.433558100872222	0
3G	-1203.76774111452	0.911601822353129	0
3T	-1216.08265220945	1.15240783047752	0
4A	-1203.46654540491	0.43355808744331	0
4C	-1203.46654540481	0.433557802235852	0
4G	-1203.63770335127	0.718832217809958	0
4T	-1216.04370829069	1.15306256096671	0
5A	-1203.48859625458	0.42545261520527	0
5C	-1215.97694031433	1.15430306625507	0
5G	-1203.4665453946	0.433558498790378	0
5T	-1203.46654539461	0.433558327714613	0
6A	-1216.05918778461	1.15273022344324	0
6C	-1203.46654540275	0.433558122179654	0
6G	-1203.5826763687	0.753527117748904	0
6T	-1203.46654540271	0.433558232275463	0
7A	-1203.46654540352	0.433558186420229	0
7C	-1215.95798226398	1.15470730762644	0
7G	-1203.46654540353	0.433558004187318	0
7T	-1203.5164525191	0.407999563793372	0
8A	-1216.08265220937	1.15240783064095	0
8C	-1203.46654541011	0.433558237872241	0
8G	-1203.76774111453	0.911642538432409	0
8T	-1203.46654541008	0.433558241814469	0
9A	-1215.97113730229	1.1544266620284	0
9C	-1203.46654539702	0.433558283020654	0
9G	-1203.46654539697	0.433558399253676	0
9T	-1203.49990810658	0.419962296935031	0
10A	-1203.46654536138	0.433557803791317	0
10C	-1216.29114857827	1.14898832261698	0
10G	-1203.89410069039	1.27610953966506	0
10T	-1203.46654536152	0.433557882063364	0
11A	-1203.46654540117	0.43355819309444	0
11C	-1217.76252471712	1.11505964790115	0
11G	-1203.46654540118	0.433558006182612	0
11T	-1198.31013500971	2.15157158604361	0
12A	-1203.46654540291	0.433558177361511	0
12C	-1215.95876859407	1.15469051411375	0
12G	-1203.515757443	0.408695292665426	0
12T	-1203.466545403	0.433557793041637	0
13A	-1215.06801301834	1.17390206245098	0
13C	-1202.99630290858	0.482841255742771	0
13G	-1203.46654540574	0.433558180971013	0
13T	-1203.46654540569	0.433558244498316	0
14A	-1215.89737022672	1.15619661220815	0
14C	-1203.75755537866	0.517845210364648	0
14G	-1203.46654543441	0.4335580701115	0
14T	-1203.46654543438	0.433558001126345	0
neutral	-1203.75222507774	1	0
