posterior_mean	posterior_var	posterior_sd	posterior_quant	is_contained	PESL
3.52097883753752	0.0945874553288408	0.307550736186472	0.0394917243190008	1	0.366006404490806
