posterior_mean	posterior_var	posterior_sd	posterior_quant	is_contained	PESL
2.90411910469494	0.0110413265368322	0.105077716652163	0.819813269321974	1	0.020234472621316
