posterior_mean	posterior_var	posterior_sd	posterior_quant	is_contained	PESL
2.53728784447478	0.00908232615067955	0.095301238977673	0.351732171713815	1	0.0104727094962618
