posterior_mean	posterior_var	posterior_sd	posterior_quant	is_contained	PESL
2.01863588439618	0.00758478868541454	0.0870906923006962	0.420648856471041	1	0.00793208487264417
