lik	gamma	delta
-1587.87353181166	0.00249229280955623	0.341586037490805
-1903.26412345127	0.00249229280955623	6.61069613519961e-05
-1903.2108000679	0.00249229280955623	0.01446044162175
-1903.2639166314	0.00249229280955623	6.61069613519961e-05
-1600.37413490993	0.00249229280955623	0.321851377119499
-1903.26360884275	0.00249229280955623	6.61069613519961e-05
-1903.26363378858	0.00249229280955623	6.61069613519961e-05
-1903.20158092267	0.00249229280955623	0.024040311137132
-1903.26360867794	0.00249229280955623	6.61069613519961e-05
-1903.26360867794	0.00249229280955623	6.61069613519961e-05
-1614.39950696036	0.00249229280955623	0.31208377843221
-1892.58997836526	0.00249229280955623	0.45054484991021
-1903.26360856682	0.00249229280955623	6.61069613519961e-05
-1604.29905412273	0.00249229280955623	0.314638180582371
-1903.26360856682	0.00249229280955623	6.61069613519961e-05
-1903.26360856682	0.00249229280955623	6.61069613519961e-05
-1603.98062104587	0.00249229280955623	0.31501595100377
-1903.2636086001	0.00249229280955623	6.61069613519961e-05
-1903.2636086001	0.00249229280955623	6.61069613519961e-05
-1903.2636718084	0.00249229280955623	6.61069613519961e-05
-1606.12126004386	0.00249229280955623	0.315230354147199
-1903.26360876226	0.00249229280955623	6.61069613519961e-05
-1902.61532106263	0.00249229280955623	0.186913558945549
-1901.6636127579	0.00249229280955623	0.533127112485831
-1903.26374496146	0.00249229280955623	6.61069613519961e-05
-1903.26360866399	0.00249229280955623	6.61069613519961e-05
-1603.60205270312	0.00249229280955623	0.315476531882545
-1903.26360866399	0.00249229280955623	6.61069613519961e-05
-1903.26360917566	0.00249229280955623	6.61069613519961e-05
-1603.70501290077	0.00249229280955623	0.316221920045526
-1903.26362645864	0.00249229280955623	6.61069613519961e-05
-1903.11383501939	0.00249229280955623	0.117120448452042
-1903.2636087753	0.00249229280955623	6.61069613519961e-05
-1896.3330818986	0.00249229280955623	0.672775153690137
-1903.2636087753	0.00249229280955623	6.61069613519961e-05
-1610.08270058189	0.00249229280955623	0.312591808741553
-1903.26360859548	0.00249229280955623	6.61069613519961e-05
-1903.26366720687	0.00249229280955623	6.61069613519961e-05
-1903.26360859548	0.00249229280955623	6.61069613519961e-05
-1604.0053721128	0.00249229280955623	0.314985286513924
-1903.26360791306	0.00249229280955623	0
