model	lik	mode	convergence
1A	-443.481304798933	2.82388036561908	0
1C	-500.666489838885	0.433558106448008	0
1G	-517.556754179276	0.901117525260868	0
1T	-500.666489838868	0.433558212792671	0
2A	-485.945300754531	1.86857126321466	0
2C	-500.66648983033	0.433558182629474	0
2G	-500.666489830291	0.433558189923215	0
2T	-500.719858368811	0.403970352934045	0
3A	-501.14018781387	0.642704381881155	0
3C	-485.27307093082	1.8893276467628	0
3G	-500.666489858628	0.433558040742614	0
3T	-500.666489858607	0.433558135669925	0
4A	-500.666489820561	0.433558046481365	0
4C	-500.413015670055	0.936511106737762	0
4G	-500.666489820464	0.433558052646859	0
4T	-486.677145886451	1.85692037480578	0
5A	-500.666489823424	0.433558149470121	0
5C	-500.666489823355	0.433558404472864	0
5G	-487.375586649165	1.84903052112216	0
5T	-499.930578221205	1.82108352391375	0
6A	-495.744213720167	1.74546938884625	0
6C	-500.666489844267	0.433558037691122	0
6G	-500.666489844229	0.433557979284916	0
6T	-489.645214453671	2.89468222124974	0
7A	-500.72440663595	0.389197173051135	0
7C	-485.840425217242	1.8708120447445	0
7G	-500.666489841283	0.433558190418917	0
7T	-500.666489841257	0.433558048350677	0
8A	-485.863944897514	1.87756567791529	0
8C	-500.666489858019	0.433558033743254	0
8G	-501.076886919121	0.77209043889942	0
8T	-500.666489858014	0.433558024561694	0
9A	-486.09726077476	1.86542974443001	0
9C	-500.666489819096	0.433558191977993	0
9G	-500.666489819	0.433557937818933	0
9T	-500.681594767457	0.428299049074377	0
neutral	-500.952169805449	1	0
