lik	gamma	delta
-1062.42568191716	0.00302423971486027	0.255280849618888
-1148.76143494371	0.00302423971486027	0.0135591787099911
-1149.04064645969	0.00302423971486027	0.0337169267435533
-1149.08849316205	0.00302423971486027	6.61069613519961e-05
-1149.08952959756	0.00302423971486027	6.61069613519961e-05
-1149.08851715876	0.00302423971486027	6.61069613519961e-05
-1149.08835649849	0.00302423971486027	6.61069613519961e-05
-1086.87531782884	0.00302423971486027	0.147878017999694
-1146.83504469084	0.00302423971486027	0.210908429901571
-1094.85221377881	0.00302423971486027	0.137977762053563
-1149.08880706474	0.00302423971486027	6.61069613519961e-05
-1145.7849868699	0.00302423971486027	0.209174762994589
-1149.08835370735	0.00302423971486027	6.61069613519961e-05
-1149.08835370735	0.00302423971486027	6.61069613519961e-05
-1095.97619977832	0.00302423971486027	0.139237305303941
-1143.89233225522	0.00302423971486027	0.136562185652699
-1149.08835452887	0.00302423971486027	6.61069613519961e-05
-1149.08858547259	0.00302423971486027	6.61069613519961e-05
-1148.90186306782	0.00302423971486027	0.0220920210266392
-1086.6269260341	0.00302423971486027	0.154528452789642
-1149.08841464745	0.00302423971486027	6.61069613519961e-05
-1149.08842477124	0.00302423971486027	6.61069613519961e-05
-1090.56186721908	0.00302423971486027	0.139305474021885
-1149.08835327623	0.00302423971486027	6.61069613519961e-05
-1149.08843278793	0.00302423971486027	6.61069613519961e-05
-1148.83766342273	0.00302423971486027	0.0251678166748749
-1087.31404919529	0.00302423971486027	0.153462052454405
-1149.08835536157	0.00302423971486027	6.61069613519961e-05
-1149.0883534104	0.00302423971486027	6.61069613519961e-05
-1088.46636578151	0.00302423971486027	0.147668366403105
-1149.01773750357	0.00302423971486027	0.0164164930676006
-1149.0883534104	0.00302423971486027	6.61069613519961e-05
-1090.86332562486	0.00302423971486027	0.138677009568403
-1149.0883531543	0.00302423971486027	6.61069613519961e-05
-1149.0883531543	0.00302423971486027	6.61069613519961e-05
-1149.0883531543	0.00302423971486027	6.61069613519961e-05
-1147.66847693694	0.00302423971486027	0.332717458268456
-1091.83069924259	0.00302423971486027	0.138351955058826
-1149.08835422595	0.00302423971486027	6.61069613519961e-05
-1149.08835422595	0.00302423971486027	6.61069613519961e-05
-1149.08835261779	0.00302423971486027	0
