posterior_mean	posterior_var	posterior_sd	posterior_quant	is_contained	PESL
3.09235002747672	0.00610392543786908	0.0781276227583374	0.117894775040341	1	0.0146324530128628
