model	lik	mode	convergence
1A	-181.638153499985	2.59841206139922	0
1C	-200.185001067882	0.433558075384038	0
1G	-200.185001067916	0.433558086917695	0
1T	-213.104804812123	1.29913843025734	0
2A	-200.18500106659	0.433558175015998	0
2C	-198.616737847506	1.87012926349455	0
2G	-200.185001066435	0.433557592539748	0
2T	-200.196859619647	0.429526304212358	0
neutral	-200.470680127174	1	0
