posterior_mean	posterior_var	posterior_sd	posterior_quant	is_contained	PESL
1.9667630843102	0.0025226779960664	0.0502262679886371	0.747471818332138	1	0.00362737056062995
