posterior_mean	posterior_var	posterior_sd	posterior_quant	is_contained	PESL
2.00131473884773	0.0136571620516524	0.116863861187505	0.503295377828709	1	0.0136588905898902
