posterior_mean	posterior_var	posterior_sd	posterior_quant	is_contained	PESL
3.19126864280537	0.0354099242047668	0.188175248650737	0.154401402159345	1	0.0719936179253228
