model	lik	mode	convergence
1A	-527.358247959499	1.4806623204623	0
1C	-534.223598893436	0.43355811555967	0
1G	-534.223598893457	0.433558079989806	0
1T	-546.115517179298	1.25643286476246	0
2A	-534.22359892036	0.433558091350821	0
2C	-534.223598920178	0.433557967053984	0
2G	-528.677636634198	1.55075325687499	0
2T	-547.131131966668	1.28700256639763	0
3A	-534.948734475525	0.803731495889154	0
3C	-534.223598902768	0.433558357223058	0
3G	-540.245569106004	1.41147403107576	0
3T	-534.223598902739	0.433558222609099	0
4A	-534.223598887746	0.433558034738804	0
4C	-534.223598887394	0.43355803470064	0
4G	-534.269645198961	0.411536497865406	0
4T	-540.487739131823	1.40072795352904	0
5A	-534.223598883401	0.433558126845641	0
5C	-540.594739572532	1.39929298275547	0
5G	-534.223598883569	0.433558322566139	0
5T	-534.470500291338	0.668962232982156	0
6A	-534.271334806172	0.371078707506856	0
6C	-534.223598915513	0.433558166572155	0
6G	-540.354996964579	1.4040512943346	0
6T	-534.223598915474	0.433558084531315	0
7A	-534.528875732087	0.601262573284399	0
7C	-534.223598890924	0.433558211016812	0
7G	-540.47584282905	1.40220120779209	0
7T	-534.223598890921	0.433558185493407	0
neutral	-534.509278716614	1	0
