posterior_mean	posterior_var	posterior_sd	posterior_quant	is_contained	PESL
1.49214116837429	0.0170365704531068	0.130524214048991	0.535616301618702	1	0.0170983316878266
