model	lik	mode	convergence
1A	-172.17680615609	2.72323105785972	0
1C	-223.553003181502	0.732602959035025	0
1G	-204.669149595831	0.433558018066903	0
1T	-204.66914959581	0.433558049783541	0
2A	-204.669149592788	0.433558115735411	0
2C	-204.669149592504	0.433558239427527	0
2G	-204.723233633466	0.37874527517527	0
2T	-196.58841433433	2.34820926041586	0
3A	-204.669149572831	0.433558216266743	0
3C	-198.054382274194	2.30853550096088	0
3G	-204.491599563347	1.2445197964707	0
3T	-204.669149572952	0.433557861289368	0
neutral	-204.954829626423	1	0
