model	lik	mode	convergence
1A	-372.21848611994	2.09195595261078	0
1C	-374.17023365101	0.433558145331612	0
1G	-390.791767118699	1.07304834898597	0
1T	-374.170233650971	0.433558157489368	0
2A	-374.193795593706	0.354416325026055	0
2C	-374.170233660347	0.433558052165982	0
2G	-374.170233660331	0.433558078282956	0
2T	-390.026771137889	1.15368022711059	0
3A	-390.484591451673	1.11268745618253	0
3C	-374.601027604341	1.31824586091811	0
3G	-374.170233637813	0.433558142099301	0
3T	-374.17023363778	0.433558034406613	0
4A	-390.112603935649	1.14654587384138	0
4C	-374.170233622477	0.433558482264063	0
4G	-374.203028277215	0.420268188811545	0
4T	-374.170233622445	0.433558179995886	0
5A	-374.170233621424	0.433557895636362	0
5C	-389.964344507887	1.15878698653669	0
5G	-374.170233621472	0.433557821048511	0
5T	-374.091893103823	0.318900796550616	0
6A	-390.120218587339	1.14590535185522	0
6C	-374.170233620282	0.43355826524092	0
6G	-374.18741925906	0.427480123668296	0
6T	-374.170233620222	0.433557399443052	0
7A	-374.398585259082	0.546348680163315	0
7C	-374.170233608589	0.433557882669076	0
7G	-390.075460178382	1.15011167085024	0
7T	-374.170233608551	0.433557991770159	0
8A	-390.042527880586	1.1523812651378	0
8C	-374.170233658128	0.433558075869308	0
8G	-374.170233658088	0.433557978145974	0
8T	-374.210470886284	0.364740565896208	0
neutral	-374.455913559438	1	0
