posterior_mean	posterior_var	posterior_sd	posterior_quant	is_contained	PESL
2.31712389588124	0.490315993959776	0.700225673593718	0.641468971029985	1	0.523759663417412
