model	lik	mode	convergence
1A	-360.797733732244	3.86319834643818	0
1C	-449.474377180438	0.433558169452286	0
1G	-462.134304145457	0.795725683885001	0
1T	-449.474377180415	0.4335580247931	0
2A	-447.540856989067	2.37485743922121	0
2C	-449.47437716875	0.433557981343617	0
2G	-429.791436521499	1.929077295515	0
2T	-449.474377168724	0.433558080235597	0
3A	-449.47437718467	0.433557963737417	0
3C	-450.033868165197	0.819569009634276	0
3G	-426.422434623289	1.98553662374038	0
3T	-449.47437718458	0.433558030562418	0
4A	-449.474377177008	0.433558121832841	0
4C	-449.53108616245	0.397911580154744	0
4G	-426.882212838127	1.96319994005481	0
4T	-449.474377176944	0.433557866561775	0
5A	-426.275808238315	1.97692719925862	0
5C	-449.474377192769	0.433558050827304	0
5G	-449.474377192728	0.433558104012792	0
5T	-449.454380455214	0.336022539529876	0
6A	-426.732454191842	1.96646014939188	0
6C	-449.47437719024	0.433558115950022	0
6G	-449.474377190202	0.433558181447036	0
6T	-449.529188071106	0.379947095557876	0
7A	-427.04921567795	1.95969716663843	0
7C	-449.474377162837	0.433558392233732	0
7G	-449.505944374076	0.420916098418238	0
7T	-449.474377162763	0.433557949407439	0
neutral	-449.760055184816	1	0
