model	lik	mode	convergence
1A	-424.348583020323	2.97281424738386	0
1C	-485.365495731027	0.43355835994662	0
1G	-485.365495731108	0.433558115264521	0
1T	-498.243270778611	0.877286045726531	0
2A	-485.423222755009	0.394215060948523	0
2C	-485.365495745948	0.433558071990401	0
2G	-467.489295798894	1.85781144670286	0
2T	-485.365495745918	0.433558099511241	0
3A	-485.365495735423	0.433558068928938	0
3C	-485.365495735383	0.433558131805002	0
3G	-467.591073390537	1.85563855413404	0
3T	-485.414122402686	0.40925805874822	0
4A	-485.365495749389	0.433558173109953	0
4C	-467.45729777423	1.85850554012755	0
4G	-485.365495749463	0.433558161721127	0
4T	-485.423460035747	0.389783606037201	0
5A	-485.36549574437	0.43355793888521	0
5C	-485.606809911862	0.479208340319335	0
5G	-485.365495744345	0.433558098739115	0
5T	-466.772111913417	1.87719023881525	0
6A	-485.365495752323	0.433557944983165	0
6C	-485.365495752103	0.43355808391037	0
6G	-485.54074889423	0.479403377624699	0
6T	-465.532237058499	1.90562636771042	0
7A	-485.420639711006	0.38057086632317	0
7C	-485.365495756051	0.433558162346916	0
7G	-467.387820774808	1.86002945037066	0
7T	-485.365495756018	0.433558040195218	0
8A	-485.320181288638	0.327947581112528	0
8C	-466.894688517449	1.87138111615023	0
8G	-485.3654957481	0.433557956668602	0
8T	-485.365495748077	0.433557813775772	0
neutral	-485.651171792603	1	0
