posterior_mean	posterior_var	posterior_sd	posterior_quant	is_contained	PESL
0.890290452091428	0.23017739144143	0.479768060047175	0.893146881023272	1	0.601923124220439
