lik	gamma	delta
-1483.60102652681	0.00158647662544492	0.231185219082047
-1657.77243886527	0.00158647662544492	6.61069613519961e-05
-1657.77242968353	0.00158647662544492	6.61069613519961e-05
-1657.08009712831	0.00158647662544492	0.15140118778445
-1657.7724270559	0.00158647662544492	6.61069613519961e-05
-1657.7724270559	0.00158647662544492	6.61069613519961e-05
-1657.7724270559	0.00158647662544492	6.61069613519961e-05
-1488.98232639608	0.00158647662544492	0.21903727128183
-1488.98232639608	0.00158647662544492	0.219037271282063
-1657.7724270559	0.00158647662544492	6.61069613519961e-05
-1657.7724270559	0.00158647662544492	6.61069613519961e-05
-1657.7724270559	0.00158647662544492	6.61069613519961e-05
-1657.77250615515	0.00158647662544492	6.61069613519961e-05
-1657.77256654209	0.00158647662544492	6.61069613519961e-05
-1657.11086256301	0.00158647662544492	0.378414516825878
-1488.82145761165	0.00158647662544492	0.219754635387064
-1657.2287610995	0.00158647662544492	0.179048889682496
-1598.69680863225	0.00158647662544492	0.194716341689499
-1657.7724275189	0.00158647662544492	6.61069613519961e-05
-1547.16224965231	0.00158647662544492	0.240398326701708
-1657.77252953199	0.00158647662544492	6.61069613519961e-05
-1657.7724271255	0.00158647662544492	6.61069613519961e-05
-1492.91595732588	0.00158647662544492	0.218078953635086
-1653.22838838689	0.00158647662544492	0.318534491108934
-1657.77242715447	0.00158647662544492	6.61069613519961e-05
-1653.81415742637	0.00158647662544492	0.322284744099601
-1492.65327066063	0.00158647662544492	0.217932185751985
-1657.77242715447	0.00158647662544492	6.61069613519961e-05
-1654.7519808059	0.00158647662544492	0.241982188717847
-1491.28391831835	0.00158647662544492	0.219693026072961
-1657.77260817642	0.00158647662544492	6.61069613519961e-05
-1657.77242729687	0.00158647662544492	6.61069613519961e-05
-1657.7724270559	0.00158647662544492	6.61069613519961e-05
-1488.98232639608	0.00158647662544492	0.219037271281528
-1657.7724270559	0.00158647662544492	6.61069613519961e-05
-1657.7724270559	0.00158647662544492	6.61069613519961e-05
-1657.77242715482	0.00158647662544492	6.61069613519961e-05
-1655.97845469912	0.00158647662544492	0.255360519172768
-1490.69148386264	0.00158647662544492	0.21890710349156
-1657.77242715482	0.00158647662544492	6.61069613519961e-05
-1657.77242572346	0.00158647662544492	0
