posterior_mean	posterior_var	posterior_sd	posterior_quant	is_contained	PESL
1.54435289928662	0.00330490089534046	0.0574882674581558	0.221665131491037	1	0.00527208057045708
