lik	gamma	delta
-658.599422693275	0.00152524695858891	6.61069613519961e-05
-658.573729777689	0.00152524695858891	0.0177030057352902
-658.599851200201	0.00152524695858891	6.61069613519961e-05
-657.518271510854	0.00152524695858891	0.0196768587402836
-658.599395176763	0.00152524695858891	6.61069613519961e-05
-657.577775420309	0.00152524695858891	0.0204476236368287
-658.599395176763	0.00152524695858891	6.61069613519961e-05
-658.581038881936	0.00152524695858891	0.00614050479136477
-657.10418317899	0.00152524695858891	0.0495460088738109
-658.407218459267	0.00152524695858891	0.00909347830075075
-658.599395055083	0.00152524695858891	6.61069613519961e-05
-658.599395055083	0.00152524695858891	6.61069613519961e-05
-658.599451830521	0.00152524695858891	6.61069613519961e-05
-658.599395086054	0.00152524695858891	6.61069613519961e-05
-657.619636017257	0.00152524695858891	0.0182847425746241
-658.599395086054	0.00152524695858891	6.61069613519961e-05
-657.608913809658	0.00152524695858891	0.0183900134365182
-658.599395098375	0.00152524695858891	6.61069613519961e-05
-658.599490987909	0.00152524695858891	6.61069613519961e-05
-658.599395098375	0.00152524695858891	6.61069613519961e-05
-658.544704361588	0.00152524695858891	0.0164315976342941
-658.599395363835	0.00152524695858891	6.61069613519961e-05
-658.599395363835	0.00152524695858891	6.61069613519961e-05
-657.688024264994	0.00152524695858891	0.0182793201291952
-657.635573711416	0.00152524695858891	0.0181308889842419
-658.599395050894	0.00152524695858891	6.61069613519961e-05
-658.599395050894	0.00152524695858891	6.61069613519961e-05
-658.599395050894	0.00152524695858891	6.61069613519961e-05
-658.599395050894	0.00152524695858891	6.61069613519961e-05
-658.599395050894	0.00152524695858891	6.61069613519961e-05
-658.599395050894	0.00152524695858891	6.61069613519961e-05
-657.635573711416	0.00152524695858891	0.0181308889842927
-657.649250944005	0.00152524695858891	0.0181781511663015
-658.599395167676	0.00152524695858891	6.61069613519961e-05
-658.599395167676	0.00152524695858891	6.61069613519961e-05
-658.584851429115	0.00152524695858891	0.0158440977379541
-658.599396021842	0.00152524695858891	6.61069613519961e-05
-658.599396021842	0.00152524695858891	6.61069613519961e-05
-658.599830774931	0.00152524695858891	6.61069613519961e-05
-657.508677241983	0.00152524695858891	0.0194460703743589
-658.599394839895	0.00152524695858891	0
