posterior_mean	posterior_var	posterior_sd	posterior_quant	is_contained	PESL
2.34364346437646	0.0470048006082463	0.216805905381395	0.769301158881621	1	0.0714521668412938
