posterior_mean	posterior_var	posterior_sd	posterior_quant	is_contained	PESL
1.931394855526	0.00726546500366547	0.0852376970809598	0.791091520375532	1	0.0119721308519758
