model	lik	mode	convergence
1A	-544.710366161273	2.93211583034531	0
1C	-698.086469654399	0.433558174518645	0
1G	-712.283489855327	0.950166310091351	0
1T	-698.086469654396	0.433558284538508	0
2A	-578.200395257676	2.59300844279209	0
2C	-698.086469645021	0.43355821390688	0
2G	-698.086469644996	0.433558026880383	0
2T	-697.855637210214	0.924977730083295	0
3A	-577.208870509043	2.59995189460772	0
3C	-698.127594910346	0.415221948749161	0
3G	-698.086469646738	0.433558248938541	0
3T	-698.086469646678	0.433558333905591	0
4A	-593.636890045849	2.53597009179185	0
4C	-698.086469644323	0.433558261653874	0
4G	-682.767302310183	3.32977069220994	0
4T	-698.086469644317	0.433558070956695	0
5A	-698.086469642351	0.433557488506105	0
5C	-698.086469642519	0.433558627367646	0
5G	-577.918275150736	2.59595908960034	0
5T	-698.082427813551	0.824897836416971	0
6A	-577.200170923065	2.60004953515286	0
6C	-698.128651587866	0.41448745964154	0
6G	-698.086469647197	0.43355823880264	0
6T	-698.086469647118	0.433558187892741	0
7A	-577.290041585929	2.59905149150954	0
7C	-698.086469643292	0.433558057423215	0
7G	-698.115345371409	0.422287895426744	0
7T	-698.086469643204	0.433558192426188	0
neutral	-698.372148633474	1	0
