posterior_mean	posterior_var	posterior_sd	posterior_quant	is_contained	PESL
2.43036999026311	0.00581383002491682	0.0762484755579862	0.819918734987602	1	0.0106621682808384
