posterior_mean	posterior_var	posterior_sd	posterior_quant	is_contained	PESL
1.59328742165518	0.00178449956092536	0.0422433374738001	0.0124128404046147	0	0.0104870425999861
