posterior_mean	posterior_var	posterior_sd	posterior_quant	is_contained	PESL
1.47281799467883	0.0032832603403011	0.0572997411887794	0.685968271664781	1	0.00402212175359228
