model	lik	mode	convergence
1A	-325.619338909753	2.99394411231099	0
1C	-412.004122479176	0.91541739872678	0
1G	-398.370091668542	0.433558158454528	0
1T	-398.370091668499	0.433558197109669	0
2A	-357.224912404267	2.33939310340648	0
2C	-398.415511193574	0.41204762596128	0
2G	-398.370091647739	0.433558146950142	0
2T	-398.370091647672	0.433558090990418	0
3A	-398.370091658507	0.433558083640677	0
3C	-380.814867500389	3.51630988358052	0
3G	-398.370091658517	0.433557937134749	0
3T	-373.707661169293	2.16463523738868	0
4A	-356.264468769009	2.3620418075542	0
4C	-398.370091676791	0.433558007163041	0
4G	-398.362240839498	0.340432906714094	0
4T	-398.370091676781	0.433557995294547	0
5A	-398.409500902226	0.416341953371154	0
5C	-398.370091644957	0.433558368846537	0
5G	-357.267664363981	2.33847064014676	0
5T	-398.370091644969	0.433557615257679	0
neutral	-398.655769882595	1	0
