lik	gamma	delta
-675.969022812776	0.00118624128964233	0.278791401318972
-757.224347418284	0.00118624128964233	0.0247614998819147
-757.578001304481	0.00118624128964233	0.0617838614191703
-757.653269212531	0.00118624128964233	6.61069613519961e-05
-757.653127085449	0.00118624128964233	6.61069613519961e-05
-691.33008512695	0.00118624128964233	0.195698079239392
-757.653127085449	0.00118624128964233	6.61069613519961e-05
-757.653127085449	0.00118624128964233	6.61069613519961e-05
-757.653127085449	0.00118624128964233	6.61069613519961e-05
-691.33008512695	0.00118624128964233	0.195698079239392
-757.653127085449	0.00118624128964233	6.61069613519961e-05
-757.653127085449	0.00118624128964233	6.61069613519961e-05
-691.33008512695	0.00118624128964233	0.195698079239606
-757.653127085449	0.00118624128964233	6.61069613519961e-05
-757.653127085449	0.00118624128964233	6.61069613519961e-05
-757.653127085449	0.00118624128964233	6.61069613519961e-05
-757.653127085449	0.00118624128964233	6.61069613519961e-05
-757.653127085449	0.00118624128964233	6.61069613519961e-05
-757.653127085449	0.00118624128964233	6.61069613519961e-05
-691.330085126949	0.00118624128964233	0.19569807923953
-757.653127085449	0.00118624128964233	6.61069613519961e-05
-691.33008512695	0.00118624128964233	0.195698079239392
-757.653127085449	0.00118624128964233	6.61069613519961e-05
-757.653127085449	0.00118624128964233	6.61069613519961e-05
-757.653160604889	0.00118624128964233	6.61069613519961e-05
-691.22891030397	0.00118624128964233	0.195972604032897
-757.653127089914	0.00118624128964233	6.61069613519961e-05
-757.653127089914	0.00118624128964233	6.61069613519961e-05
-757.653127228449	0.00118624128964233	6.61069613519961e-05
-757.653316523419	0.00118624128964233	6.61069613519961e-05
-757.653127228449	0.00118624128964233	6.61069613519961e-05
-690.713101509538	0.00118624128964233	0.197484917595077
-757.653127085449	0.00118624128964233	6.61069613519961e-05
-757.653127085449	0.00118624128964233	6.61069613519961e-05
-691.330085126949	0.00118624128964233	0.195698079239488
-757.653127085449	0.00118624128964233	6.61069613519961e-05
-757.653127091698	0.00118624128964233	6.61069613519961e-05
-752.861143694219	0.00118624128964233	0.60422051750183
-694.778339373473	0.00118624128964233	0.191031736533383
-757.653127091698	0.00118624128964233	6.61069613519961e-05
-757.653125578094	0.00118624128964233	0
