posterior_mean	posterior_var	posterior_sd	posterior_quant	is_contained	PESL
1.05209549494487	0.0290730301477797	0.170508152731122	0.991217036855769	0	0.229691475796573
