lik	gamma	delta
-811.307500179585	0.00201003146178254	0.19130948828545
-819.587214178806	0.00201003146178254	6.61069613519961e-05
-819.374397945498	0.00201003146178254	0.00803191636088806
-819.589668962253	0.00201003146178254	6.61069613519961e-05
-819.587151449775	0.00201003146178254	6.61069613519961e-05
-819.587151449775	0.00201003146178254	6.61069613519961e-05
-819.587151449775	0.00201003146178254	6.61069613519961e-05
-818.423583537496	0.00201003146178254	0.0174713464079913
-819.565508905296	0.00201003146178254	0.0121398232005158
-818.422373856433	0.00201003146178254	0.0179350822894007
-819.587152829527	0.00201003146178254	6.61069613519961e-05
-819.58716793395	0.00201003146178254	6.61069613519961e-05
-818.423583537496	0.00201003146178254	0.0174713464079456
-819.587151449775	0.00201003146178254	6.61069613519961e-05
-819.587151449775	0.00201003146178254	6.61069613519961e-05
-819.587151449775	0.00201003146178254	6.61069613519961e-05
-819.587152638416	0.00201003146178254	6.61069613519961e-05
-819.587152638416	0.00201003146178254	6.61069613519961e-05
-818.242996108855	0.00201003146178254	0.0190863813501281
-819.587719113303	0.00201003146178254	6.61069613519961e-05
-819.587151449775	0.00201003146178254	6.61069613519961e-05
-819.587151449775	0.00201003146178254	6.61069613519961e-05
-818.423583537496	0.00201003146178254	0.0174713464079913
-819.587151449775	0.00201003146178254	6.61069613519961e-05
-818.352712001774	0.00201003146178254	0.0180348921867194
-819.58715190605	0.00201003146178254	6.61069613519961e-05
-819.58715190605	0.00201003146178254	6.61069613519961e-05
-819.587411551654	0.00201003146178254	6.61069613519961e-05
-818.423583537496	0.00201003146178254	0.0174713464079456
-819.587151449775	0.00201003146178254	6.61069613519961e-05
-819.587151449775	0.00201003146178254	6.61069613519961e-05
-819.587151449775	0.00201003146178254	6.61069613519961e-05
-819.588086927866	0.00201003146178254	6.61069613519961e-05
-819.059435856027	0.00201003146178254	0.0292285178696664
-819.587206522045	0.00201003146178254	6.61069613519961e-05
-818.582699932141	0.00201003146178254	0.018234155987963
-819.587151871243	0.00201003146178254	6.61069613519961e-05
-818.713556226214	0.00201003146178254	0.015189984085688
-818.258613493604	0.00201003146178254	0.199442015787325
-819.587151871243	0.00201003146178254	6.61069613519961e-05
-819.587150879661	0.00201003146178254	0
