posterior_mean	posterior_var	posterior_sd	posterior_quant	is_contained	PESL
2.51690582232488	0.113165156069234	0.336400291422636	0.91876540974696	1	0.346545140572804
