posterior_mean	posterior_var	posterior_sd	posterior_quant	is_contained	PESL
3.01692454774075	0.0890607451593645	0.298430469555916	0.0351842315956884	1	0.35627173321638
