posterior_mean	posterior_var	posterior_sd	posterior_quant	is_contained	PESL
1.93988780750647	0.00598052918534305	0.0773338812251335	0.783093171778184	1	0.0095940048717441
