posterior_mean	posterior_var	posterior_sd	posterior_quant	is_contained	PESL
2.90272730071872	0.118043012949024	0.343573882809832	0.62548081369495	1	0.127504990973752
