posterior_mean	posterior_var	posterior_sd	posterior_quant	is_contained	PESL
2.46962078945518	0.0190153810398968	0.137896269129722	0.594080402485435	1	0.0199382774732235
