lik	gamma	delta
-1013.3262285049	0.00208121756541901	0.255281243248309
-1099.6605992829	0.00208121756541901	0.0135587053308435
-1099.94000414952	0.00208121756541901	0.0336369534819893
-1099.9876777263	0.00208121756541901	6.61069613519961e-05
-1099.98779706205	0.00208121756541901	6.61069613519961e-05
-1099.9875390151	0.00208121756541901	6.61069613519961e-05
-1041.16882904485	0.00208121756541901	0.139918298289793
-1099.9875390151	0.00208121756541901	6.61069613519961e-05
-1099.9876101034	0.00208121756541901	6.61069613519961e-05
-1046.30609463619	0.00208121756541901	0.133381821173713
-1099.98753868856	0.00208121756541901	6.61069613519961e-05
-1091.32632358972	0.00208121756541901	0.744596558700783
-1099.98770206523	0.00208121756541901	6.61069613519961e-05
-1099.98753873556	0.00208121756541901	6.61069613519961e-05
-1041.39925019028	0.00208121756541901	0.139417929909623
-1099.98753873556	0.00208121756541901	6.61069613519961e-05
-1099.98753864042	0.00208121756541901	6.61069613519961e-05
-1041.51297659353	0.00208121756541901	0.139177512415592
-1099.98765331415	0.00208121756541901	6.61069613519961e-05
-1099.98753864042	0.00208121756541901	6.61069613519961e-05
-1041.76472077591	0.00208121756541901	0.138671049708909
-1099.9875385486	0.00208121756541901	6.61069613519961e-05
-1099.9875385486	0.00208121756541901	6.61069613519961e-05
-1099.9875385486	0.00208121756541901	6.61069613519961e-05
-1099.78424195872	0.00208121756541901	0.0755383645536229
-1041.83067653562	0.00208121756541901	0.140083283330451
-1099.98753918441	0.00208121756541901	6.61069613519961e-05
-1099.87764069606	0.00208121756541901	0.0940210991413735
-1099.98775267673	0.00208121756541901	6.61069613519961e-05
-1099.98799302783	0.00208121756541901	6.61069613519961e-05
-1099.98754030262	0.00208121756541901	6.61069613519961e-05
-1040.15506675865	0.00208121756541901	0.142095170312686
-1099.69093704076	0.00208121756541901	0.172833973025037
-1041.71191650499	0.00208121756541901	0.13926315808126
-1099.98769017278	0.00208121756541901	6.61069613519961e-05
-1099.98753873892	0.00208121756541901	6.61069613519961e-05
-1099.9875385486	0.00208121756541901	6.61069613519961e-05
-1041.76472077591	0.00208121756541901	0.13867104970886
-1099.9875385486	0.00208121756541901	6.61069613519961e-05
-1099.9875385486	0.00208121756541901	6.61069613519961e-05
-1099.98753826111	0.00208121756541901	0
