lik	gamma	delta
-1930.77460934433	0.00271666072852831	0.134203966734776
-2022.04506871349	0.00271666072852831	0.00511374126224138
-2022.05017222366	0.00271666072852831	6.61069613519961e-05
-2022.0500661447	0.00271666072852831	6.61069613519961e-05
-2021.36233143398	0.00271666072852831	0.204347367343847
-1943.52770594154	0.00271666072852831	0.133401354444337
-2020.88615128074	0.00271666072852831	0.143335020655697
-2013.35317781435	0.00271666072852831	0.103941004666055
-2022.04999235937	0.00271666072852831	6.61069613519961e-05
-2022.04999235937	0.00271666072852831	6.61069613519961e-05
-2022.05006338737	0.00271666072852831	6.61069613519961e-05
-1933.62340796214	0.00271666072852831	0.128834855715108
-1932.90671945246	0.00271666072852831	0.129751913729625
-2022.04999354157	0.00271666072852831	6.61069613519961e-05
-2022.05001978236	0.00271666072852831	6.61069613519961e-05
-2022.05035887587	0.00271666072852831	6.61069613519961e-05
-1933.86484712113	0.00271666072852831	0.129811531500226
-2022.05007502175	0.00271666072852831	6.61069613519961e-05
-2021.60507839717	0.00271666072852831	0.0807242083790616
-2022.00169003433	0.00271666072852831	0.0480745845099605
-2022.04999339002	0.00271666072852831	6.61069613519961e-05
-2022.04999339002	0.00271666072852831	6.61069613519961e-05
-1944.0791700015	0.00271666072852831	0.129646039729065
-2011.57211121354	0.00271666072852831	0.124669045938232
-1938.5199119244	0.00271666072852831	0.127786694180457
-2022.04999247358	0.00271666072852831	6.61069613519961e-05
-2016.26116880543	0.00271666072852831	0.192267741243931
-2022.04872249638	0.00271666072852831	0.00441371752022709
-1937.30043860075	0.00271666072852831	0.128556847174037
-2021.03745215017	0.00271666072852831	0.0812096963591238
-2022.05025998769	0.00271666072852831	6.61069613519961e-05
-2017.03837325981	0.00271666072852831	0.436535556003612
-2022.05007662271	0.00271666072852831	6.61069613519961e-05
-2022.0499961284	0.00271666072852831	6.61069613519961e-05
-1936.95301365881	0.00271666072852831	0.132131111084278
-2016.94933187947	0.00271666072852831	0.134540175360304
-2022.04999236715	0.00271666072852831	6.61069613519961e-05
-2022.04999236715	0.00271666072852831	6.61069613519961e-05
-1933.6120541609	0.00271666072852831	0.128848378213112
-2022.05006905258	0.00271666072852831	6.61069613519961e-05
-2022.04999180902	0.00271666072852831	0
