lik	gamma	delta
-797.920139715988	0.0017914554871553	0.191311904101507
-806.200436716234	0.0017914554871553	6.61069613519961e-05
-805.98757391411	0.0017914554871553	0.00803280778930896
-806.202892617653	0.0017914554871553	6.61069613519961e-05
-806.201789018387	0.0017914554871553	6.61069613519961e-05
-806.200374357973	0.0017914554871553	6.61069613519961e-05
-806.200374357973	0.0017914554871553	6.61069613519961e-05
-804.615454307419	0.0017914554871553	0.0207914433000077
-806.200375198712	0.0017914554871553	6.61069613519961e-05
-805.087207502663	0.0017914554871553	0.0175130847851508
-806.200375198712	0.0017914554871553	6.61069613519961e-05
-806.14457718282	0.0017914554871553	0.0184283878459986
-804.911462000594	0.0017914554871553	0.0186359695513096
-806.200740092592	0.0017914554871553	6.61069613519961e-05
-806.200375854505	0.0017914554871553	6.61069613519961e-05
-806.200375854505	0.0017914554871553	6.61069613519961e-05
-806.200374366208	0.0017914554871553	6.61069613519961e-05
-806.200875505444	0.0017914554871553	6.61069613519961e-05
-806.200374366208	0.0017914554871553	6.61069613519961e-05
-804.854530930461	0.0017914554871553	0.0192461850649799
-805.036892496965	0.0017914554871553	0.0174706022587572
-806.200373964993	0.0017914554871553	6.61069613519961e-05
-806.200373964993	0.0017914554871553	6.61069613519961e-05
-806.200373964993	0.0017914554871553	6.61069613519961e-05
-806.200374007231	0.0017914554871553	6.61069613519961e-05
-806.200521481013	0.0017914554871553	6.61069613519961e-05
-806.200374007231	0.0017914554871553	6.61069613519961e-05
-804.987480359517	0.0017914554871553	0.0179302201806117
-806.200377279931	0.0017914554871553	6.61069613519961e-05
-806.201117714303	0.0017914554871553	6.61069613519961e-05
-804.821682534395	0.0017914554871553	0.0191963971952847
-806.200377279931	0.0017914554871553	6.61069613519961e-05
-806.200373964993	0.0017914554871553	6.61069613519961e-05
-806.200373964993	0.0017914554871553	6.61069613519961e-05
-805.036892496964	0.0017914554871553	0.017470602258741
-806.200373964993	0.0017914554871553	6.61069613519961e-05
-806.201118038635	0.0017914554871553	6.61069613519961e-05
-806.200609603247	0.0017914554871553	6.61069613519961e-05
-806.200377604263	0.0017914554871553	6.61069613519961e-05
-804.752230875588	0.0017914554871553	0.0197648410672606
-806.200373497815	0.0017914554871553	0
