posterior_mean	posterior_var	posterior_sd	posterior_quant	is_contained	PESL
1.53401308802484	0.00448330153691296	0.0669574606516179	0.309530359416084	1	0.005640191693936
