posterior_mean	posterior_var	posterior_sd	posterior_quant	is_contained	PESL
1.5783134447919	0.00670439933296485	0.0818803965120153	0.169696922040861	1	0.0128373949681135
