posterior_mean	posterior_var	posterior_sd	posterior_quant	is_contained	PESL
1.89888597306367	0.0395621856780799	0.198902452669845	0.703551906410295	1	0.0497862321213906
