posterior_mean	posterior_var	posterior_sd	posterior_quant	is_contained	PESL
2.70084818094203	0.062187342182777	0.249373900364046	0.882666007411909	1	0.151679153028573
