posterior_mean	posterior_var	posterior_sd	posterior_quant	is_contained	PESL
1.91488723330169	0.00249891988108021	0.0499891976438931	0.954168970766683	1	0.00974310452169888
