model	lik	mode	convergence
1A	-639.608678233185	1.84773451671755	0
1C	-641.167453206589	0.433557680559363	0
1G	-641.167453206563	0.433557697625383	0
1T	-657.030424994749	1.02117470641974	0
2A	-641.225371263665	0.389208699976867	0
2C	-641.167453314166	0.433558210712978	0
2G	-641.167453314163	0.43355832958559	0
2T	-656.722152567906	1.06168856062033	0
3A	-641.167453311603	0.433558114536153	0
3C	-641.167453311406	0.43355824854189	0
3G	-641.274232203937	1.22726220902599	0
3T	-656.825740515919	1.05199035077632	0
4A	-656.629813018973	1.06910043158404	0
4C	-641.167452906982	0.433557078723167	0
4G	-641.167452906941	0.433557123242798	0
4T	-640.796881803581	0.269807718272088	0
5A	-639.608678233185	1.84773451671755	0
5C	-641.167453206589	0.433557680559363	0
5G	-641.167453206563	0.433557697625383	0
5T	-657.030424994749	1.02117470641974	0
6A	-656.76281751985	1.05807876693862	0
6C	-641.16745333115	0.433558084869806	0
6G	-641.167453331119	0.433558036961887	0
6T	-641.300569243777	0.689175547122833	0
7A	-641.217912895655	0.407424227754455	0
7C	-641.167453300793	0.433558224794314	0
7G	-641.167453300805	0.433558057414495	0
7T	-656.731313271863	1.06091245699392	0
8A	-641.728560673039	1.16273709784221	0
8C	-641.167453318225	0.433558084222256	0
8G	-656.829506431027	1.05121558243163	0
8T	-641.167453318194	0.433558235821828	0
9A	-641.167453329172	0.433558082990107	0
9C	-641.460887629465	0.579746609275685	0
9G	-641.167453329141	0.433557899632139	0
9T	-656.732072106032	1.06077163091081	0
neutral	-641.453132860088	1	0
