posterior_mean	posterior_var	posterior_sd	posterior_quant	is_contained	PESL
2.31720303162201	0.427534152523584	0.653860958097043	0.853396342583217	1	0.893745852489818
