posterior_mean	posterior_var	posterior_sd	posterior_quant	is_contained	PESL
1.99144175302618	0.00250193193537669	0.0500193156228341	0.571120733562991	1	0.00257517552663646
