posterior_mean	posterior_var	posterior_sd	posterior_quant	is_contained	PESL
1.51440220384136	0.00500147943749178	0.0707211385477622	0.425166580106234	1	0.0052089029129785
