posterior_mean	posterior_var	posterior_sd	posterior_quant	is_contained	PESL
2.4192195401101	0.0191877076832086	0.138519701426218	0.724375383480364	1	0.0257131903832334
