posterior_mean	posterior_var	posterior_sd	posterior_quant	is_contained	PESL
2.07625697818331	0.0055680641293274	0.0746194621350717	0.153221244115952	1	0.0113831908485746
