posterior_mean	posterior_var	posterior_sd	posterior_quant	is_contained	PESL
2.53677336376575	0.00464874357354487	0.068181695296794	0.297017911602084	1	0.00600102385623715
