posterior_mean	posterior_var	posterior_sd	posterior_quant	is_contained	PESL
1.56182840150688	0.0132277371576497	0.115011900069731	0.301483217717235	1	0.017050488391442
