posterior_mean	posterior_var	posterior_sd	posterior_quant	is_contained	PESL
2.26358192433805	0.0676901722328575	0.260173350350987	0.154635093897424	1	0.137165603070756
