posterior_mean	posterior_var	posterior_sd	posterior_quant	is_contained	PESL
2.95792097067645	0.0882659706241626	0.297095894660567	0.569376120589988	1	0.0900366153329785
