posterior_mean	posterior_var	posterior_sd	posterior_quant	is_contained	PESL
2.04158684529197	0.00287198191199493	0.0535908752680429	0.219887796741325	1	0.00460144761332894
