posterior_mean	posterior_var	posterior_sd	posterior_quant	is_contained	PESL
1.69468134091419	0.0181194580011464	0.134608536137744	0.0695555182368212	1	0.0560202825013255
