posterior_mean	posterior_var	posterior_sd	posterior_quant	is_contained	PESL
2.55429883457275	0.033496166281915	0.183019578957867	0.391739235967576	1	0.0364445297178678
