model	lik	mode	convergence
1A	-705.583912357852	2.4105688122517	0
1C	-803.9884480604	0.433557890387248	0
1G	-821.006107758018	0.93940910675441	0
1T	-803.988448060411	0.433558202001883	0
2A	-748.509702108705	1.96373173641437	0
2C	-803.988448058672	0.433558184111435	0
2G	-803.988448058619	0.433558229839948	0
2T	-803.110608709284	1.92983801706746	0
3A	-746.543001688583	1.97828794591882	0
3C	-803.988448092728	0.433558058214682	0
3G	-804.027956375906	0.364203498328157	0
3T	-803.98844809272	0.43355804176034	0
4A	-804.029180678597	0.365111845565097	0
4C	-803.98844809237	0.433558136600126	0
4G	-746.55198645147	1.97818609565956	0
4T	-803.98844809233	0.433558020144814	0
5A	-803.988448054143	0.433558515689639	0
5C	-748.118627508894	1.96764977695669	0
5G	-803.988448054647	0.433558540180816	0
5T	-803.740768252423	1.47781077621471	0
6A	-804.15194309763	0.720831734749414	0
6C	-803.988448068659	0.433558138901412	0
6G	-747.237848794213	1.97286580452822	0
6T	-803.98844806862	0.433558134924171	0
7A	-747.201085082109	1.97324505911501	0
7C	-803.988448070245	0.433558112418879	0
7G	-804.168776426691	0.708904812662234	0
7T	-803.988448070239	0.433558083828007	0
8A	-803.988448060383	0.433558119801616	0
8C	-803.988448060243	0.43355806062632	0
8G	-748.246834648459	1.9795420970022	0
8T	-803.966258181566	1.47812395499924	0
9A	-804.139503145058	0.730713102138345	0
9C	-747.267524891974	1.97255047782074	0
9G	-803.988448066047	0.433557944669443	0
9T	-803.988448066005	0.433558137412768	0
neutral	-804.274128034188	1	0
