model	lik	mode	convergence
1A	-1121.72549762927	3.0014015711933	0
1C	-1433.510936696	0.433558016029259	0
1G	-1447.52149396474	0.914891552743788	0
1T	-1433.51093669596	0.433558323368104	0
2A	-1433.51093667153	0.43355827709728	0
2C	-1433.54555089667	0.419232909877997	0
2G	-1195.91904052288	2.49820551255511	0
2T	-1433.5109366713	0.433557904030203	0
3A	-1433.51093667373	0.433558137158205	0
3C	-1433.51093667358	0.433558098074751	0
3G	-1195.86430389011	2.49850633943047	0
3T	-1433.55349704192	0.414217670601762	0
4A	-1433.78745829054	0.890995884587015	0
4C	-1195.86706877579	2.50236206510752	0
4G	-1433.51093670865	0.433557958078088	0
4T	-1433.51093670862	0.433558068885269	0
5A	-1433.51093669442	0.4335581463084	0
5C	-1433.51093669429	0.43355800406384	0
5G	-1433.6953296302	0.695355196376197	0
5T	-1196.01456080056	2.49956464250209	0
6A	-1195.86597223368	2.4984971047098	0
6C	-1433.55328627035	0.414368457030328	0
6G	-1433.51093667393	0.433558339133984	0
6T	-1433.51093667388	0.433558259260416	0
7A	-1206.92719462419	2.48136797685076	0
7C	-1424.2929312135	2.84139935372942	0
7G	-1433.51093666946	0.433558848343858	0
7T	-1433.51093666922	0.433557989154369	0
8A	-1428.30940252202	3.47994258871104	0
8C	-1433.51093667312	0.433558223762718	0
8G	-1433.51093667323	0.43355817721524	0
8T	-1201.94777856468	2.48303486807582	0
9A	-1433.51093669017	0.433558101266064	0
9C	-1433.51093668999	0.433558230436072	0
9G	-1433.56894025498	0.390823647021065	0
9T	-1195.57984603121	2.50009144202622	0
10A	-1433.5109366702	0.433557892225959	0
10C	-1433.51093667023	0.433557993161178	0
10G	-1433.54081661644	0.421784845619122	0
10T	-1195.94575830312	2.49806028018854	0
11A	-1433.51093650605	0.433557532522878	0
11C	-1434.27809051132	0.822200573113981	0
11G	-1192.43243862135	2.52728147578776	0
11T	-1433.51093650597	0.433557492379008	0
12A	-1433.56894074839	0.39089588405988	0
12C	-1195.58080605074	2.50008579819302	0
12G	-1433.51093668996	0.433558114449776	0
12T	-1433.51093668994	0.433558218399864	0
13A	-1433.51093667317	0.433558079081246	0
13C	-1433.51093667311	0.433557994181287	0
13G	-1195.87551647073	2.49844436433083	0
13T	-1433.55204444402	0.415233953894984	0
14A	-1433.51093666874	0.433558112880656	0
14C	-1432.7513284282	1.8436843058794	0
14G	-1197.77689494786	2.49340967336866	0
14T	-1433.51093666845	0.433557499601692	0
neutral	-1433.7966150075	1	0
