model	lik	mode	convergence
1A	-403.217959471149	2.02308454791489	0
1C	-436.682074715662	0.433558037678608	0
1G	-436.68207471564	0.43355798377687	0
1T	-452.510743996556	0.949678156747068	0
2A	-434.554726422301	2.60278749339598	0
2C	-436.682074678379	0.433557966880268	0
2G	-436.68207467853	0.433558452315373	0
2T	-425.861488952623	1.79005237108196	0
3A	-436.682074688459	0.43355821509382	0
3C	-422.762616182864	1.83884839951797	0
3G	-436.976231401134	0.505592985388806	0
3T	-436.682074688545	0.433558178718328	0
4A	-436.682074715767	0.433558037277936	0
4C	-452.510743996649	0.949678149511424	0
4G	-436.682074715795	0.433558139023278	0
4T	-403.217959471496	2.02308453980358	0
5A	-436.682074681821	0.433558220694418	0
5C	-423.423248731386	1.82248966058958	0
5G	-436.682074681947	0.433558220629035	0
5T	-436.718781192736	0.418033597806941	0
neutral	-436.967754557648	1	0
