posterior_mean	posterior_var	posterior_sd	posterior_quant	is_contained	PESL
2.03460276528505	0.0232921020105567	0.152617502307425	0.419629680430755	1	0.0244894533780936
