posterior_mean	posterior_var	posterior_sd	posterior_quant	is_contained	PESL
1.53320980149487	0.00840741082272552	0.091691934338444	0.365113457178599	1	0.00951030173806071
