posterior_mean	posterior_var	posterior_sd	posterior_quant	is_contained	PESL
1.52303624670968	0.00682953149499485	0.082640979513767	0.396650499110649	1	0.00736020015743394
