posterior_mean	posterior_var	posterior_sd	posterior_quant	is_contained	PESL
2.92263122511794	0.00598383568321864	0.0773552563386525	0.841414087147606	1	0.0119697630100152
