posterior_mean	posterior_var	posterior_sd	posterior_quant	is_contained	PESL
1.77645701635096	0.0711154260054071	0.266674756970747	0.80383994633556	1	0.121086891544103
