posterior_mean	posterior_var	posterior_sd	posterior_quant	is_contained	PESL
2.51360884037904	0.00815162764482237	0.0902863646672208	0.444722777255	1	0.00833682818128867
