posterior_mean	posterior_var	posterior_sd	posterior_quant	is_contained	PESL
2.77203951960935	0.0490337133015241	0.221435573703784	0.848258276246759	1	0.1009996939215
