posterior_mean	posterior_var	posterior_sd	posterior_quant	is_contained	PESL
3.17280909138223	0.0960131353514795	0.309859864053865	0.296188630845464	1	0.125876117415831
