lik	gamma	delta
-2363.59587035536	0.00183799846057079	0.374675144909592
-2883.64779619286	0.00183799846057079	6.61069613519961e-05
-2883.64729937653	0.00183799846057079	6.61069613519961e-05
-2883.64725009676	0.00183799846057079	6.61069613519961e-05
-2883.64693480102	0.00183799846057079	6.61069613519961e-05
-2880.74411597986	0.00183799846057079	0.999945029691791
-2423.63751511076	0.00183799846057079	0.313258706080239
-2883.64693480102	0.00183799846057079	6.61069613519961e-05
-2883.6470538171	0.00183799846057079	6.61069613519961e-05
-2883.64695543324	0.00183799846057079	6.61069613519961e-05
-2422.32942666286	0.00183799846057079	0.31467471098561
-2882.17962369708	0.00183799846057079	0.274546224273985
-2420.86203618186	0.00183799846057079	0.314482899816682
-2883.64693482735	0.00183799846057079	6.61069613519961e-05
-2883.64696222812	0.00183799846057079	6.61069613519961e-05
-2883.64706275147	0.00183799846057079	6.61069613519961e-05
-2880.99318948338	0.00183799846057079	0.866004947498733
-2442.11391486906	0.00183799846057079	0.311759705393966
-2875.90951117918	0.00183799846057079	0.519843072005874
-2871.3459541104	0.00183799846057079	0.329720911819415
-2883.64700085111	0.00183799846057079	6.61069613519961e-05
-2421.30603185305	0.00183799846057079	0.31414339762662
-2883.6469347963	0.00183799846057079	6.61069613519961e-05
-2883.6469347963	0.00183799846057079	6.61069613519961e-05
-2883.6469454952	0.00183799846057079	6.61069613519961e-05
-2425.83632186674	0.00183799846057079	0.313289347381357
-2881.9227852183	0.00183799846057079	0.999933893038648
-2880.46151126197	0.00183799846057079	0.363030306296325
-2881.95459409502	0.00183799846057079	0.347434453714226
-2424.01534710049	0.00183799846057079	0.313897145728519
-2883.64693502318	0.00183799846057079	6.61069613519961e-05
-2882.22138564798	0.00183799846057079	0.999933893038648
-2883.64693529812	0.00183799846057079	6.61069613519961e-05
-2883.64693529812	0.00183799846057079	6.61069613519961e-05
-2883.64722758515	0.00183799846057079	6.61069613519961e-05
-2419.93262989119	0.00183799846057079	0.3153396418197
-2883.64693492375	0.00183799846057079	6.61069613519961e-05
-2883.64709047461	0.00183799846057079	6.61069613519961e-05
-2452.39046254134	0.00183799846057079	0.307144943340473
-2848.88218080252	0.00183799846057079	0.544119179051151
-2883.64693435037	0.00183799846057079	0
