posterior_mean	posterior_var	posterior_sd	posterior_quant	is_contained	PESL
2.85181277977075	0.0137646208501427	0.117322720945871	0.895348384442411	1	0.0357240730893595
