posterior_mean	posterior_var	posterior_sd	posterior_quant	is_contained	PESL
2.95924431853731	0.00662871736307648	0.0814169353579246	0.694086285991816	1	0.00828974293458666
