posterior_mean	posterior_var	posterior_sd	posterior_quant	is_contained	PESL
1.19158332586228	0.0233147819392342	0.152691787399435	0.971854241309539	1	0.118435626825226
