posterior_mean	posterior_var	posterior_sd	posterior_quant	is_contained	PESL
1.55575882666653	0.00726019542736502	0.0852067804072248	0.259774042802648	1	0.0103692421785738
