lik	gamma	delta
-614.203441002803	0.00191937872549973	0.0937281756357511
-624.865464834785	0.00191937872549973	0.0954277403850446
-625.108208243849	0.00191937872549973	0.0214430201838872
-625.112397656964	0.00191937872549973	0.00579148056243102
-625.145098185326	0.00191937872549973	6.61069613519961e-05
-625.145484136612	0.00191937872549973	6.61069613519961e-05
-625.145098185326	0.00191937872549973	6.61069613519961e-05
-616.898101790466	0.00191937872549973	0.0601951347064169
-625.145097329932	0.00191937872549973	6.61069613519961e-05
-625.145097329932	0.00191937872549973	6.61069613519961e-05
-625.145226669035	0.00191937872549973	6.61069613519961e-05
-617.149634926843	0.00191937872549973	0.0589106130213116
-617.266896422418	0.00191937872549973	0.0583429024583709
-625.145097222002	0.00191937872549973	6.61069613519961e-05
-625.145097222002	0.00191937872549973	6.61069613519961e-05
-625.145097222002	0.00191937872549973	6.61069613519961e-05
-625.145205533281	0.00191937872549973	6.61069613519961e-05
-625.145211802987	0.00191937872549973	6.61069613519961e-05
-625.145097383207	0.00191937872549973	6.61069613519961e-05
-617.064546150309	0.00191937872549973	0.0593245328253625
-625.145097351149	0.00191937872549973	6.61069613519961e-05
-625.145097351149	0.00191937872549973	6.61069613519961e-05
-619.175326744964	0.00191937872549973	0.0509308594749834
-619.986631068471	0.00191937872549973	0.441364887879414
-624.542695942599	0.00191937872549973	0.36882964551899
-625.145097558067	0.00191937872549973	6.61069613519961e-05
-617.338929314009	0.00191937872549973	0.0583620990603926
-625.145304015921	0.00191937872549973	6.61069613519961e-05
-625.116669104319	0.00191937872549973	0.00528777313630316
-613.946428068216	0.00191937872549973	0.0919054936845657
-625.145097237199	0.00191937872549973	6.61069613519961e-05
-625.145097237199	0.00191937872549973	6.61069613519961e-05
-625.145097222002	0.00191937872549973	6.61069613519961e-05
-625.145097222002	0.00191937872549973	6.61069613519961e-05
-617.266896422418	0.00191937872549973	0.0583429024583873
-625.145097222002	0.00191937872549973	6.61069613519961e-05
-625.145097222002	0.00191937872549973	6.61069613519961e-05
-625.145097222002	0.00191937872549973	6.61069613519961e-05
-625.145097222002	0.00191937872549973	6.61069613519961e-05
-617.266896422418	0.00191937872549973	0.0583429024583822
-625.14509699016	0.00191937872549973	0
