posterior_mean	posterior_var	posterior_sd	posterior_quant	is_contained	PESL
2.07077036818089	0.00273961244235738	0.0523413072282054	0.0870154436916603	1	0.00774805745478852
