posterior_mean	posterior_var	posterior_sd	posterior_quant	is_contained	PESL
2.58361445140138	0.00452598986603102	0.0672754774492981	0.10604614003293	1	0.0115173663491896
