posterior_mean	posterior_var	posterior_sd	posterior_quant	is_contained	PESL
2.11966475341592	0.0476647104893009	0.218322491945518	0.300096462179883	1	0.0619843636993771
