model	lik	mode	convergence
1A	-578.562663892552	2.13893022099209	0
1C	-592.051720672385	0.433558181783492	0
1G	-606.996327854712	1.08777228973798	0
1T	-592.051720672372	0.433558259603132	0
2A	-592.051720677537	0.433558186290141	0
2C	-600.526721816938	1.3216634448795	0
2G	-592.692170751894	0.674824559629866	0
2T	-592.05172067763	0.433558297098454	0
3A	-592.825747871807	0.722212486847235	0
3C	-592.051720693386	0.433558155815182	0
3G	-600.325443668157	1.3290466706705	0
3T	-592.051720693353	0.433558377225351	0
4A	-600.682633276673	1.31477969680893	0
4C	-592.051720681225	0.433558135346295	0
4G	-592.051720681204	0.433558038788591	0
4T	-592.252907586274	0.452901748906168	0
5A	-592.544154345061	0.669478867932954	0
5C	-600.917644201402	1.30919035833991	0
5G	-592.051720674564	0.433558185127915	0
5T	-592.0517206745	0.433558034110148	0
6A	-592.051720679439	0.433558127461485	0
6C	-592.051720679309	0.433558359920234	0
6G	-601.010503233661	1.3049706479263	0
6T	-592.103693156089	0.405759737419749	0
7A	-592.051720669769	0.433558225510832	0
7C	-601.047664747262	1.30393634711281	0
7G	-592.05172066994	0.433557977563336	0
7T	-592.079730864355	0.422713179845613	0
8A	-592.051720677641	0.433558101216297	0
8C	-592.324109399978	0.938286828544575	0
8G	-592.051720677571	0.433558475277425	0
8T	-601.248209868487	1.30000994986813	0
neutral	-592.337400078271	1	0
