model	lik	mode	convergence
1A	-349.557080303163	3.03114566929017	0
1C	-438.254740942562	0.904656877850019	0
1G	-424.642743654039	0.433558032466693	0
1T	-424.642743653999	0.433558032428227	0
2A	-424.642743669499	0.433558069284013	0
2C	-424.642743669315	0.433558056227519	0
2G	-424.691556106691	0.372160034398159	0
2T	-380.352141543107	2.40569665523255	0
3A	-424.393463878568	0.934680150968515	0
3C	-424.642743636386	0.433558107732274	0
3G	-424.642743636575	0.433558249742467	0
3T	-381.801244801817	2.38043503019787	0
4A	-425.018157161815	0.616182715751574	0
4C	-424.642743338414	0.433557254716772	0
4G	-378.524216670153	2.47192192998344	0
4T	-424.642743338373	0.433557286502648	0
5A	-424.642743661247	0.433558147889571	0
5C	-424.699694097337	0.384694406148047	0
5G	-380.522514098404	2.40166685503287	0
5T	-424.642743661185	0.433558170818161	0
6A	-424.674468784533	0.420833727429948	0
6C	-424.642743637006	0.433558572105909	0
6G	-380.932469096651	2.39247308812043	0
6T	-424.642743637012	0.433558332658024	0
7A	-424.663716038328	0.425915875196537	0
7C	-380.981523137685	2.39143263404993	0
7G	-424.642743635445	0.43355788551161	0
7T	-424.642743635422	0.433558074800725	0
neutral	-424.928421923564	1	0
