posterior_mean	posterior_var	posterior_sd	posterior_quant	is_contained	PESL
2.49325318499519	0.00390692690419535	0.0625054149989851	0.546253163390946	1	0.00395244641690801
