posterior_mean	posterior_var	posterior_sd	posterior_quant	is_contained	PESL
2.04041713879018	0.00767931858340899	0.0876317213308571	0.326376648793668	1	0.00931286369137366
