model	lik	mode	convergence
1A	-1002.24352841106	2.95982569766788	0
1C	-1328.48271903016	0.433558081034425	0
1G	-1328.48271903026	0.433557646117639	0
1T	-1342.33733662018	0.893344094961256	0
2A	-1328.48271903903	0.433558137755147	0
2C	-1328.46676997364	0.821449823687284	0
2G	-1328.48271903896	0.433557920141692	0
2T	-1036.24256536941	2.79233240996896	0
3A	-1328.48271906031	0.433558129800432	0
3C	-1328.48271906017	0.433558017574409	0
3G	-1034.93492498117	2.79772005965939	0
3T	-1328.5362630772	0.377922494403485	0
4A	-1328.53302208976	0.407588848511063	0
4C	-1328.48271903863	0.433558211837801	0
4G	-1035.41147618039	2.79476448692247	0
4T	-1328.48271903861	0.433558358004168	0
5A	-1035.52750303671	2.79408297517701	0
5C	-1328.48271903391	0.433558109238879	0
5G	-1328.48271903387	0.433558115206945	0
5T	-1328.52257505863	0.41605644082471	0
6A	-1328.52186245235	0.416550664083444	0
6C	-1035.53359232863	2.7940477239964	0
6G	-1328.48271903354	0.433558486262621	0
6T	-1328.48271903348	0.43355827095028	0
7A	-1328.48271903029	0.433558090672423	0
7C	-1328.48271902983	0.433558591615377	0
7G	-1035.68020688764	2.79321608839695	0
7T	-1328.49805433524	0.428209656956013	0
8A	-1328.48271903258	0.433558002831038	0
8C	-1328.48271903253	0.433557908914303	0
8G	-1035.56131370793	2.79388792955443	0
8T	-1328.51837774144	0.418642087738844	0
9A	-1328.48271903903	0.433558251244963	0
9C	-1037.00348107589	2.79028406110764	0
9G	-1328.06957735522	1.39868003108253	0
9T	-1328.48271903938	0.433558208508376	0
10A	-1328.48271905931	0.433558117356996	0
10C	-1328.48271905923	0.43355810827462	0
10G	-1034.95969723976	2.79756154853703	0
10T	-1328.53714818264	0.379300724872084	0
11A	-1328.4827190317	0.43355820120009	0
11C	-1328.51347220747	0.42133849316169	0
11G	-1328.48271903159	0.433557838252377	0
11T	-1035.59564296198	2.79369164530003	0
12A	-1036.58716814406	2.79259349678809	0
12C	-1328.37489401136	1.19581631644479	0
12G	-1328.48271904268	0.433558181002656	0
12T	-1328.48271904262	0.433558121335105	0
neutral	-1328.76839777006	1	0
