model	lik	mode	convergence
1A	-255.549159340002	3.00338492422579	0
1C	-265.055253957559	0.433558020913173	0
1G	-265.055253957542	0.433558041007311	0
1T	-281.416004973486	1.13884830059905	0
2A	-265.055253940023	0.433558189635766	0
2C	-281.059672307553	1.10831339544786	0
2G	-265.055253940089	0.433557965765573	0
2T	-260.373161796475	1.7779995713901	0
3A	-265.055253929216	0.433558220037271	0
3C	-277.886462566188	1.35322236111654	0
3G	-265.107734923785	0.405136956178048	0
3T	-265.055253929261	0.433558277918845	0
neutral	-265.340933888359	1	0
