posterior_mean	posterior_var	posterior_sd	posterior_quant	is_contained	PESL
3.14743885674839	0.433270304456489	0.658232712994795	0.438613215531374	1	0.45500852093586
