posterior_mean	posterior_var	posterior_sd	posterior_quant	is_contained	PESL
2.47260320563851	0.0154839005603858	0.124434322276395	0.593344854925006	1	0.0162344849016768
