posterior_mean	posterior_var	posterior_sd	posterior_quant	is_contained	PESL
2.94033170312762	0.0313831149648792	0.177152801177061	0.638586901614905	1	0.0349434206186342
