lik	gamma	delta
-795.149319217902	0.00169244449044084	0.191312929497846
-803.429874471591	0.00169244449044084	6.61069613519961e-05
-803.216989621264	0.00169244449044084	0.00803323066519832
-803.43233087557	0.00169244449044084	6.61069613519961e-05
-803.429812016171	0.00169244449044084	6.61069613519961e-05
-802.203304169538	0.00169244449044084	0.0179699666222537
-803.430044055406	0.00169244449044084	6.61069613519961e-05
-803.429812016171	0.00169244449044084	6.61069613519961e-05
-801.63699651722	0.00169244449044084	0.027012848558381
-803.025093009821	0.00169244449044084	0.241688884146215
-803.43034311436	0.00169244449044084	6.61069613519961e-05
-803.429812187522	0.00169244449044084	6.61069613519961e-05
-802.220079326196	0.00169244449044084	0.0178326249750344
-803.429811877375	0.00169244449044084	6.61069613519961e-05
-803.429811877375	0.00169244449044084	6.61069613519961e-05
-803.429983487219	0.00169244449044084	6.61069613519961e-05
-803.429811769825	0.00169244449044084	6.61069613519961e-05
-803.429914623662	0.00169244449044084	6.61069613519961e-05
-803.429811769825	0.00169244449044084	6.61069613519961e-05
-802.238861306941	0.00169244449044084	0.0176787870520012
-803.429811709668	0.00169244449044084	6.61069613519961e-05
-803.429811709668	0.00169244449044084	6.61069613519961e-05
-802.266366587505	0.00169244449044084	0.0174702895725396
-803.429811709668	0.00169244449044084	6.61069613519961e-05
-802.266366587505	0.00169244449044084	0.0174702895725171
-803.429811709668	0.00169244449044084	6.61069613519961e-05
-803.429811709668	0.00169244449044084	6.61069613519961e-05
-803.429811709668	0.00169244449044084	6.61069613519961e-05
-803.430227115522	0.00169244449044084	6.61069613519961e-05
-802.085290706318	0.00169244449044084	0.018897526483856
-803.429812988836	0.00169244449044084	6.61069613519961e-05
-803.430043024593	0.00169244449044084	6.61069613519961e-05
-803.429811709668	0.00169244449044084	6.61069613519961e-05
-803.429811709668	0.00169244449044084	6.61069613519961e-05
-803.429811709668	0.00169244449044084	6.61069613519961e-05
-802.266366587505	0.00169244449044084	0.0174702895725391
-802.315061052571	0.00169244449044084	0.0172395943996409
-802.606766993295	0.00169244449044084	0.530446507782668
-803.429813328121	0.00169244449044084	6.61069613519961e-05
-803.430137026423	0.00169244449044084	6.61069613519961e-05
-803.429811285801	0.00169244449044084	0
