lik	gamma	delta
-1164.98448031034	0.00183655358978364	6.61069613519961e-05
-1164.98404907287	0.00183655358978364	6.61069613519961e-05
-1164.63318110104	0.00183655358978364	0.0238112631945031
-1164.28421309178	0.00183655358978364	0.0120100530707678
-1164.98404759482	0.00183655358978364	6.61069613519961e-05
-1164.08917167046	0.00183655358978364	0.0127302817197552
-1164.98406573708	0.00183655358978364	6.61069613519961e-05
-1164.98404759482	0.00183655358978364	6.61069613519961e-05
-1163.95306964017	0.00183655358978364	0.013797712695841
-1164.98424630481	0.00183655358978364	6.61069613519961e-05
-1164.98449945274	0.00183655358978364	6.61069613519961e-05
-1164.98405033016	0.00183655358978364	6.61069613519961e-05
-1164.98404770752	0.00183655358978364	6.61069613519961e-05
-1164.98404770752	0.00183655358978364	6.61069613519961e-05
-1164.98486000864	0.00183655358978364	6.61069613519961e-05
-1163.92282483853	0.00183655358978364	0.0139907252576793
-1164.69870993119	0.00183655358978364	0.0518176009380682
-1162.93789181098	0.00183655358978364	0.0388635423549357
-1164.96745817341	0.00183655358978364	0.00202110119710738
-1164.98404782562	0.00183655358978364	6.61069613519961e-05
-1164.97658526473	0.00183655358978364	0.00897017913449913
-1164.83868343238	0.00183655358978364	0.00627119948796471
-1163.80930546605	0.00183655358978364	0.0261164152900905
-1164.98404884151	0.00183655358978364	6.61069613519961e-05
-1163.86780104384	0.00183655358978364	0.0144975137505453
-1164.984286686	0.00183655358978364	6.61069613519961e-05
-1164.98472140605	0.00183655358978364	6.61069613519961e-05
-1164.98412013199	0.00183655358978364	6.61069613519961e-05
-1164.9840475928	0.00183655358978364	6.61069613519961e-05
-1164.09267006421	0.00183655358978364	0.0127036051044493
-1164.9840475928	0.00183655358978364	6.61069613519961e-05
-1164.9840475928	0.00183655358978364	6.61069613519961e-05
-1164.1212087491	0.00183655358978364	0.0127143941160716
-1164.9840480469	0.00183655358978364	6.61069613519961e-05
-1164.83029335966	0.00183655358978364	0.0357744917175786
-1164.98435634642	0.00183655358978364	6.61069613519961e-05
-1164.98486000864	0.00183655358978364	6.61069613519961e-05
-1164.98404770752	0.00183655358978364	6.61069613519961e-05
-1163.92282483853	0.00183655358978364	0.0139907252577902
-1164.98404770752	0.00183655358978364	6.61069613519961e-05
-1164.98404700354	0.00183655358978364	0
