posterior_mean	posterior_var	posterior_sd	posterior_quant	is_contained	PESL
3.24088192657187	0.030593328899698	0.174909487734937	0.0815364033817885	1	0.0886174314532618
