posterior_mean	posterior_var	posterior_sd	posterior_quant	is_contained	PESL
1.42744324251538	0.0135146442359877	0.116252502063344	0.739228360177063	1	0.0187791272926653
