posterior_mean	posterior_var	posterior_sd	posterior_quant	is_contained	PESL
2.04836133463741	0.0061338655291245	0.0783189985196728	0.271050438118685	1	0.0084726842170166
