posterior_mean	posterior_var	posterior_sd	posterior_quant	is_contained	PESL
1.51283181486361	0.00460832856621358	0.0678846710694954	0.430707644709917	1	0.00477298403891221
