posterior_mean	posterior_var	posterior_sd	posterior_quant	is_contained	PESL
2.98024011290941	0.0502312657291143	0.224123327052572	0.545033497633725	1	0.0506217188674673
