lik	gamma	delta
-983.458388793053	0.00201223715600241	0.129086548039103
-983.031573213721	0.00201223715600241	0.0200813152357403
-984.655060623567	0.00201223715600241	0.0189223559171555
-984.665336439135	0.00201223715600241	6.61069613519961e-05
-984.664501941705	0.00201223715600241	6.61069613519961e-05
-984.579806083413	0.00201223715600241	0.0284204938949327
-984.664501941705	0.00201223715600241	6.61069613519961e-05
-982.996897284881	0.00201223715600241	0.0196917869728376
-984.664501924195	0.00201223715600241	6.61069613519961e-05
-982.919023026956	0.00201223715600241	0.0199043514439645
-984.664501924195	0.00201223715600241	6.61069613519961e-05
-984.664501924195	0.00201223715600241	6.61069613519961e-05
-982.871012227519	0.00201223715600241	0.0204254923481683
-984.664533332928	0.00201223715600241	6.61069613519961e-05
-984.664502071223	0.00201223715600241	6.61069613519961e-05
-984.664502071223	0.00201223715600241	6.61069613519961e-05
-982.767491832929	0.00201223715600241	0.0228117213617845
-984.498720539938	0.00201223715600241	0.0248187837420045
-984.664699540441	0.00201223715600241	6.61069613519961e-05
-984.66470140398	0.00201223715600241	6.61069613519961e-05
-982.573178184686	0.00201223715600241	0.0228370947761226
-984.664502066829	0.00201223715600241	6.61069613519961e-05
-984.664502066829	0.00201223715600241	6.61069613519961e-05
-984.665135360495	0.00201223715600241	6.61069613519961e-05
-984.664925836464	0.00201223715600241	6.61069613519961e-05
-982.907761923527	0.00201223715600241	0.0205850989602104
-984.540143963001	0.00201223715600241	0.0239384238587988
-984.664503199328	0.00201223715600241	6.61069613519961e-05
-984.568712400717	0.00201223715600241	0.07502314592409
-984.665011003707	0.00201223715600241	6.61069613519961e-05
-982.807452005129	0.00201223715600241	0.0207002467221462
-984.66450381762	0.00201223715600241	6.61069613519961e-05
-984.664502013026	0.00201223715600241	6.61069613519961e-05
-984.664502013026	0.00201223715600241	6.61069613519961e-05
-984.664616560115	0.00201223715600241	6.61069613519961e-05
-982.884057007125	0.00201223715600241	0.0201249281320842
-984.664503115456	0.00201223715600241	6.61069613519961e-05
-984.665004984705	0.00201223715600241	6.61069613519961e-05
-982.632543620561	0.00201223715600241	0.021988804299587
-984.664721770244	0.00201223715600241	6.61069613519961e-05
-984.664500656367	0.00201223715600241	0
