model	lik	mode	convergence
1A	-1189.042008843	2.27741249375583	0
1C	-1193.13194009856	0.433557815843606	0
1G	-1207.12487660156	1.0489205408227	0
1T	-1193.13194009853	0.433557726976026	0
2A	-1193.13194017239	0.43355811427043	0
2C	-1193.36345861757	0.465614234965675	0
2G	-1193.13194017241	0.433557956172231	0
2T	-1206.3777151293	1.08068969531178	0
3A	-1193.13194019995	0.433558089742652	0
3C	-1193.03155201007	0.380965801070903	0
3G	-1193.13194019994	0.433558067357808	0
3T	-1206.29184626222	1.08367519495101	0
4A	-1193.13193947378	0.433556611961329	0
4C	-1206.40956083177	1.08210256256341	0
4G	-1194.9045692558	1.02451234801574	0
4T	-1193.13193947392	0.433556474586754	0
5A	-1193.05664780975	0.319677238094002	0
5C	-1193.13194016304	0.433557862023577	0
5G	-1193.13194016302	0.433557873482484	0
5T	-1206.38193206649	1.08050001702026	0
6A	-1206.41733580916	1.0792327470381	0
6C	-1193.13194019837	0.433558079722371	0
6G	-1193.13194019833	0.433558034734424	0
6T	-1193.16969535251	0.362953772560848	0
7A	-1193.18890099706	0.397209448246273	0
7C	-1193.13194017643	0.433558201528644	0
7G	-1193.13194017644	0.433558030029432	0
7T	-1206.44018446411	1.07841020412014	0
8A	-1193.13194019905	0.433558033175514	0
8C	-1193.13194019888	0.433558047585952	0
8G	-1193.13961254123	0.34677132699613	0
8T	-1206.40504028905	1.07967382566424	0
9A	-1206.55349262789	1.07438929082285	0
9C	-1193.13194019997	0.433558104462721	0
9G	-1193.13194019993	0.433558064289874	0
9T	-1193.33763036479	1.13124672056641	0
10A	-1193.13194019931	0.433558021368025	0
10C	-1193.13194019919	0.43355796205311	0
10G	-1206.40572342113	1.07993634863657	0
10T	-1193.92996167896	0.78954833664192	0
11A	-1193.64119833432	1.28509254623841	0
11C	-1193.13194017141	0.4335579555062	0
11G	-1193.1319401714	0.433557934046558	0
11T	-1206.87185483507	1.0618934036624	0
12A	-1193.3182468254	0.68370484983363	0
12C	-1206.48426745779	1.07686526484665	0
12G	-1193.13194019252	0.433558030247078	0
12T	-1193.13194019249	0.433558144926934	0
neutral	-1193.41761714058	1	0
