model	lik	mode	convergence
1A	-944.114629950048	2.91513185838581	0
1C	-1283.6509940132	0.507236007916578	0
1G	-1269.74659297784	0.433557930688231	0
1T	-1269.74659297781	0.433558081095206	0
2A	-967.866286488006	2.85051299121182	0
2C	-1269.74659294237	0.433558141476006	0
2G	-1269.78490462845	0.417068094790838	0
2T	-1269.74659294234	0.433558365720115	0
3A	-1269.74659293872	0.433557826856386	0
3C	-1269.74659293875	0.433558346766738	0
3G	-1268.12929301883	2.57378897246885	0
3T	-970.589014558208	2.84205142280022	0
4A	-1269.74659294091	0.433558150873581	0
4C	-1269.74659294078	0.43355846878185	0
4G	-967.912579395058	2.85024452121844	0
4T	-1269.77889546792	0.420530098435784	0
5A	-1269.74659296508	0.433558174129634	0
5C	-969.446837619334	2.85531039798463	0
5G	-1269.74659296513	0.4335579804208	0
5T	-1269.28336920863	1.69087873232981	0
6A	-1269.74659294167	0.433558182419768	0
6C	-1269.74659294164	0.433557887197718	0
6G	-968.768877450786	2.8477290050349	0
6T	-1269.63868734736	0.871698220612145	0
7A	-967.805400957489	2.85087084886334	0
7C	-1269.79125657993	0.412645999417423	0
7G	-1269.74659294499	0.433558114218225	0
7T	-1269.74659294494	0.433557923314225	0
8A	-967.938950653901	2.85009305344224	0
8C	-1269.74659294028	0.43355805185184	0
8G	-1269.74659294027	0.433558271653071	0
8T	-1269.77494639603	0.422545374137132	0
9A	-1269.74659296792	0.433558129853974	0
9C	-1269.80163655965	0.380387891337246	0
9G	-1269.74659296791	0.433558089217545	0
9T	-967.284404561315	2.85410834782223	0
neutral	-1270.03227270686	1	0
