posterior_mean	posterior_var	posterior_sd	posterior_quant	is_contained	PESL
1.8982806901009	0.0133294271020548	0.115453138121295	0.81218663001739	1	0.023676245108408
