posterior_mean	posterior_var	posterior_sd	posterior_quant	is_contained	PESL
1.57065742355745	0.0124216977246356	0.111452670334253	0.267647489600153	1	0.0174141692274575
