model	lik	mode	convergence
1A	-866.207733306496	1.82468784808931	0
1C	-920.357890442805	0.964501850139676	0
1G	-903.017681505603	0.43355804428633	0
1T	-903.017681505577	0.433557971091608	0
2A	-903.017681495698	0.433558127125727	0
2C	-903.01768149555	0.433558041610278	0
2G	-900.379009364374	1.39977382130247	0
2T	-903.075647950372	0.392205301837731	0
3A	-903.017681512992	0.43355811020367	0
3C	-900.547018149211	1.39837902926954	0
3G	-903.017681513028	0.433558042376385	0
3T	-903.210511572804	0.667246900945829	0
4A	-903.017681479565	0.433558126971526	0
4C	-903.057182254816	0.416283662001151	0
4G	-903.01768147958	0.433557941225669	0
4T	-900.451411842091	1.39886908260245	0
5A	-900.432272725206	1.39910649400598	0
5C	-903.017681483146	0.433558096820909	0
5G	-903.065938327802	0.409604098040185	0
5T	-903.017681483121	0.433558095280263	0
6A	-903.328659936662	0.534152562451428	0
6C	-900.271990730447	1.40168760110309	0
6G	-903.017681497784	0.433558091315534	0
6T	-903.017681497762	0.433558199113699	0
neutral	-903.303361444435	1	0
