posterior_mean	posterior_var	posterior_sd	posterior_quant	is_contained	PESL
3.38783087354666	0.200348138497198	0.447602656937152	0.195613933782785	1	0.350760924973148
