posterior_mean	posterior_var	posterior_sd	posterior_quant	is_contained	PESL
3.03539315888938	0.0310460078654046	0.176198773734111	0.427695571085833	1	0.0322986835615764
