posterior_mean	posterior_var	posterior_sd	posterior_quant	is_contained	PESL
1.93188512330228	0.0150905700769843	0.122843681469518	0.715429104139655	1	0.0197302065046224
