posterior_mean	posterior_var	posterior_sd	posterior_quant	is_contained	PESL
1.47792693582162	0.00191660588404784	0.0437790575966162	0.695524102903895	1	0.00240382604626107
