posterior_mean	posterior_var	posterior_sd	posterior_quant	is_contained	PESL
2.68041053498701	0.0116905392291616	0.108122796991021	0.0451256882446844	1	0.0442385003634748
