posterior_mean	posterior_var	posterior_sd	posterior_quant	is_contained	PESL
3.03356334887862	0.121800109998755	0.348998724924254	0.476994429096026	1	0.122926608386703
