posterior_mean	posterior_var	posterior_sd	posterior_quant	is_contained	PESL
1.3330080727589	0.921444585132378	0.95991905134359	0.938789798764081	1	3.70030667060204
