posterior_mean	posterior_var	posterior_sd	posterior_quant	is_contained	PESL
2.00015522704389	0.00990056966342752	0.0995016063359156	0.506007292836452	1	0.00990059375886278
