posterior_mean	posterior_var	posterior_sd	posterior_quant	is_contained	PESL
1.71721041888734	0.0436705604172319	0.208975023429193	0.14780881470198	1	0.0908509264904096
