posterior_mean	posterior_var	posterior_sd	posterior_quant	is_contained	PESL
1.47706006944669	0.00697985906756262	0.083545550854385	0.614873878015909	1	0.00750609948193577
