posterior_mean	posterior_var	posterior_sd	posterior_quant	is_contained	PESL
3.10752380059901	0.0123897014714576	0.111309035893128	0.167174662914566	1	0.0239510691667005
