posterior_mean	posterior_var	posterior_sd	posterior_quant	is_contained	PESL
3.18356018725988	0.0879716395950439	0.296600134179073	0.274311041308659	1	0.121665981942018
