model	lik	mode	convergence
1A	-277.27255521544	1.57819637035752	0
1C	-296.417186915424	1.24134153811109	0
1G	-281.157643922324	0.433558225901711	0
1T	-281.157643922263	0.433558274147859	0
2A	-281.157643929281	0.433558180615499	0
2C	-281.210158001583	0.405094561935032	0
2G	-291.509349453817	1.45069920134502	0
2T	-281.157643929177	0.433558180624287	0
3A	-281.157643930771	0.433558088272991	0
3C	-281.157643930628	0.4335581296062	0
3G	-291.500984433983	1.45109196414994	0
3T	-281.211892454188	0.402691487560023	0
4A	-281.157643953709	0.433557999557398	0
4C	-291.420319538843	1.46080757944871	0
4G	-281.609390517123	0.705419411307905	0
4T	-281.157643953899	0.433558050456286	0
neutral	-281.443323833033	1	0
