posterior_mean	posterior_var	posterior_sd	posterior_quant	is_contained	PESL
1.90913466698404	0.064706722323049	0.254375160585795	0.654115559343961	1	0.0729632310670952
