model	lik	mode	convergence
1A	-388.144076537425	3.36166822914617	0
1C	-443.244859914823	0.433558142826565	0
1G	-457.766979224905	0.936769617008816	0
1T	-443.244859914795	0.433558121029456	0
2A	-439.88225652339	1.58026090924951	0
2C	-443.244859915338	0.433558075102254	0
2G	-443.302697883378	0.388508907676939	0
2T	-443.24485991531	0.433558026433196	0
3A	-443.244859927339	0.433558092798262	0
3C	-443.939286090071	0.721111233311499	0
3G	-439.125131997061	1.60447098723338	0
3T	-443.244859927243	0.433558102726103	0
4A	-443.244859921275	0.433558125034066	0
4C	-443.244859921095	0.4335581595115	0
4G	-443.300018982346	0.380598554455714	0
4T	-439.842847573292	1.58117289307543	0
neutral	-443.530538721498	1	0
