model	lik	mode	convergence
1A	-313.112225417639	1.46743441347094	0
1C	-329.248510011867	0.978405901492104	0
1G	-314.600270590428	0.433558091042684	0
1T	-314.600270590401	0.433558064728519	0
2A	-328.333094146118	1.16219506936333	0
2C	-314.600270576276	0.43355811032574	0
2G	-314.776062844753	0.706384675251363	0
2T	-314.600270576253	0.433558272966919	0
3A	-314.600270575434	0.433557929540586	0
3C	-314.421160358678	1.44446729206225	0
3G	-314.600270575447	0.433557878919466	0
3T	-328.557310144882	1.14470295001031	0
4A	-314.600270592411	0.433558088960841	0
4C	-314.600270592234	0.433558053424318	0
4G	-314.893144180421	0.582423213085651	0
4T	-328.243738013556	1.16920193470665	0
5A	-328.144983888654	1.17787532580661	0
5C	-314.600270594185	0.433558008974326	0
5G	-314.600270594142	0.433558026568717	0
5T	-315.201702623849	0.706007507982414	0
neutral	-314.885949644182	1	0
