posterior_mean	posterior_var	posterior_sd	posterior_quant	is_contained	PESL
2.934876628248	0.267034750340425	0.516754052079347	0.203960762499406	1	0.456152432136377
