model	lik	mode	convergence
1A	-498.71339315361	2.58406595854483	0
1C	-522.866207764283	0.433558106075221	0
1G	-522.866207764269	0.433558029680039	0
1T	-536.629311646623	1.11652255653344	0
2A	-522.8662077314	0.433558057349758	0
2C	-522.866207731317	0.433558200958572	0
2G	-520.48275294539	2.95859235692182	0
2T	-527.258427848579	1.40633575231837	0
3A	-522.866207728191	0.433558119518921	0
3C	-522.866207728111	0.433558304790954	0
3G	-522.96210525964	1.43551098126649	0
3T	-526.767385367996	1.4222405359297	0
4A	-525.427287134101	1.44445520572311	0
4C	-522.866207723071	0.433557924901541	0
4G	-522.866207723028	0.433557914738118	0
4T	-522.783368564845	0.317773188754897	0
5A	-523.358386826335	1.25223395035309	0
5C	-522.866207726183	0.433557896548262	0
5G	-526.281467263428	1.4973144688228	0
5T	-522.866207726146	0.433557827983948	0
6A	-522.866207764	0.433558087133025	0
6C	-525.639486396811	1.43905098895823	0
6G	-522.901554207475	0.361321868639322	0
6T	-522.866207764167	0.433558123152295	0
neutral	-523.151886245882	1	0
