posterior_mean	posterior_var	posterior_sd	posterior_quant	is_contained	PESL
2.61925181623667	0.0909176724336092	0.301525575090421	0.893258289721981	1	0.235886851871504
