model	lik	mode	convergence
1A	-241.363636770537	1.79708728646873	0
1C	-248.224823458407	0.433558038613962	0
1G	-261.449308301446	1.001245481705	0
1T	-248.224823458369	0.433558025302071	0
2A	-248.436609463343	0.652766988930673	0
2C	-257.189979324133	1.37220843494668	0
2G	-248.224823458095	0.433558174094557	0
2T	-248.224823458063	0.43355809945891	0
3A	-248.224823443884	0.433558186116482	0
3C	-257.332791560221	1.36483607882433	0
3G	-248.266077527125	0.773529618238339	0
3T	-248.224823444019	0.433558239632459	0
neutral	-248.510500033757	1	0
