posterior_mean	posterior_var	posterior_sd	posterior_quant	is_contained	PESL
1.82897342362784	0.0575028234229435	0.239797463337174	0.769109469945695	1	0.0867532259814225
