posterior_mean	posterior_var	posterior_sd	posterior_quant	is_contained	PESL
2.22195092238212	0.0226524467833447	0.150507298106586	0.0662547675750724	1	0.0719146587293075
