posterior_mean	posterior_var	posterior_sd	posterior_quant	is_contained	PESL
2.40043540701897	0.138040184988529	0.371537595659616	0.62435260303767	1	0.147953293164025
