posterior_mean	posterior_var	posterior_sd	posterior_quant	is_contained	PESL
1.48976869457801	0.00536865743569132	0.0732711227953504	0.561880562334343	1	0.00547333704633391
