posterior_mean	posterior_var	posterior_sd	posterior_quant	is_contained	PESL
1.75623946255045	0.0437530691613531	0.209172343203764	0.105590963324281	1	0.109411731329467
