posterior_mean	posterior_var	posterior_sd	posterior_quant	is_contained	PESL
1.5933673565131	0.0289997676106153	0.17029318133917	0.987596324918057	0	0.194349874359719
