model	lik	mode	convergence
1A	-665.128619202667	2.86079314283186	0
1C	-803.317571120574	0.433558212766222	0
1G	-816.702662198426	0.777458300219988	0
1T	-803.317571120564	0.433558175081958	0
2A	-803.317571136441	0.43355810509348	0
2C	-724.961861695348	2.16602377458953	0
2G	-803.317571136483	0.433558156398911	0
2T	-803.375510300726	0.389443912966517	0
3A	-816.548632977699	0.5720781409489	0
3C	-709.581244521307	2.19752354147828	0
3G	-803.317571145876	0.433558192078926	0
3T	-803.317571145852	0.433558192687758	0
4A	-803.317571131672	0.433557947625274	0
4C	-724.146858775569	2.17560799689982	0
4G	-803.317571131768	0.433557861100727	0
4T	-803.266235809041	0.326173084058431	0
5A	-803.317571136753	0.433557957059877	0
5C	-803.317571136528	0.433558067772966	0
5G	-803.275915424062	0.329027023526843	0
5T	-724.192481828796	2.17505164336346	0
6A	-803.344752218179	0.423113439849549	0
6C	-725.266175288925	2.16275765498453	0
6G	-803.31757111515	0.433558122362758	0
6T	-803.317571114998	0.433558004339681	0
7A	-803.317571124958	0.433558128456924	0
7C	-803.270212581459	0.83407646456065	0
7G	-803.317571125001	0.43355803039306	0
7T	-725.808888453654	2.15974243216611	0
8A	-803.317571123724	0.433558114636447	0
8C	-802.753650138071	1.69106287919276	0
8G	-803.317571123677	0.433558186991092	0
8T	-726.699068599449	2.15540660601619	0
9A	-803.317570743409	0.433557139497386	0
9C	-803.317570743194	0.433557111396985	0
9G	-803.681758157733	0.606873197281325	0
9T	-723.650004394877	2.18805310726997	0
10A	-800.315717195066	2.65281585372574	0
10C	-729.22105955233	2.14377069006375	0
10G	-803.317571130739	0.433558104302364	0
10T	-803.317571130726	0.433558046804653	0
11A	-725.314478479729	2.16230371921475	0
11C	-803.330088566066	0.429282017786462	0
11G	-803.317571114524	0.433557653053106	0
11T	-803.317571114102	0.433558152595452	0
neutral	-803.603250415263	1	0
