model	lik	mode	convergence
1A	-728.835415588013	2.71873237504616	0
1C	-869.617861644638	1.03710649978686	0
1G	-854.102582952043	0.433558128390292	0
1T	-854.102582952023	0.433558066775608	0
2A	-854.118006532646	0.428175357607895	0
2C	-768.200530730764	2.24904278858553	0
2G	-854.102582941229	0.433558085857774	0
2T	-854.102582941293	0.433558281820043	0
3A	-769.645584090963	2.24735417927445	0
3C	-854.10258295408	0.433558099023088	0
3G	-853.763815198471	1.62758546986711	0
3T	-854.102582954086	0.433558220608164	0
4A	-767.01788878791	2.26394381886479	0
4C	-854.102582967367	0.433558068025011	0
4G	-854.102582967319	0.433558235453202	0
4T	-854.394167092864	0.505822545724516	0
5A	-771.551292218206	2.23802475724562	0
5C	-854.102582943999	0.43355810613761	0
5G	-854.102582943983	0.433557913686402	0
5T	-852.134508772114	2.21708289202889	0
6A	-854.102582947333	0.433558166505981	0
6C	-769.871767259025	2.23981165202908	0
6G	-854.102582947386	0.433558268772465	0
6T	-853.227390248045	1.92509497951678	0
7A	-854.102582947918	0.433558161796041	0
7C	-854.102582947537	0.433558083499409	0
7G	-854.146940095176	0.412883199810163	0
7T	-768.066336426173	2.25044798726034	0
8A	-854.102582943052	0.433558073910684	0
8C	-854.102582943025	0.433558087510652	0
8G	-768.159403510841	2.24946769005245	0
8T	-854.129352963601	0.423309319467315	0
9A	-854.10258297955	0.433558106793571	0
9C	-767.527587752725	2.25652729633451	0
9G	-854.102582979583	0.433558055083314	0
9T	-854.142386124914	0.364419442027583	0
10A	-768.022875217783	2.25091415334845	0
10C	-854.10258295036	0.433558097238118	0
10G	-854.152227196799	0.408266337020709	0
10T	-854.102582950315	0.433557863588765	0
11A	-854.196707693127	0.761476213066134	0
11C	-854.102582954662	0.433558104984332	0
11G	-854.102582954699	0.433558145902459	0
11T	-768.511204129625	2.24858552994821	0
12A	-854.102582950428	0.433558199431056	0
12C	-768.124095962758	2.25506494119016	0
12G	-854.47396625786	0.856538676419148	0
12T	-854.102582950586	0.433558293206603	0
13A	-854.102582966156	0.433558142240981	0
13C	-854.1025829661	0.433558014967159	0
13G	-765.560346549176	2.30327092036406	0
13T	-855.091852614851	1.05215670472179	0
14A	-768.536061724682	2.24821327909081	0
14C	-854.206070410241	0.766788609081183	0
14G	-854.102582942387	0.433558148677298	0
14T	-854.102582942079	0.433557895755467	0
neutral	-854.388262634874	1	0
