posterior_mean	posterior_var	posterior_sd	posterior_quant	is_contained	PESL
1.52635967067973	0.00158811822671893	0.0398512010699669	0.255725684782222	1	0.00228295046504625
