model	lik	mode	convergence
1A	-885.766117793794	2.07298368236473	0
1C	-947.047080801023	0.43355810818628	0
1G	-947.047080801019	0.433558270771198	0
1T	-962.069335380066	1.00463376845063	0
2A	-947.047080812084	0.433558071467181	0
2C	-919.621041931795	1.65074354030082	0
2G	-947.047080812144	0.433558029023453	0
2T	-947.075128885095	0.356892004765932	0
3A	-947.047080777868	0.433558105883286	0
3C	-947.090823671223	0.413349944194209	0
3G	-919.935523394745	1.64725697679433	0
3T	-947.047080777762	0.433557897510096	0
4A	-947.31093952475	0.946250258613572	0
4C	-947.047080777483	0.433558060290186	0
4G	-947.04708077756	0.433558169177318	0
4T	-920.290115133587	1.64570429501072	0
5A	-947.047080809007	0.433558010192617	0
5C	-947.047080808912	0.433557998074087	0
5G	-947.043826293073	0.34220948162473	0
5T	-919.51969779	1.65192654556445	0
6A	-946.622686966747	1.65703637821627	0
6C	-947.047080785392	0.433558327821505	0
6G	-947.047080785405	0.433558118050812	0
6T	-921.069840021702	1.63968626779295	0
7A	-947.047080810364	0.433558012624928	0
7C	-947.047080810232	0.433557956635343	0
7G	-919.537902460994	1.65171250755867	0
7T	-947.050061755303	0.344764031925665	0
8A	-947.075128884929	0.356892003764546	0
8C	-947.047080811961	0.433558102925444	0
8G	-947.047080811954	0.433557991791234	0
8T	-919.621041931452	1.65074354079864	0
9A	-947.047080809007	0.433558010192617	0
9C	-947.047080808912	0.433557998074087	0
9G	-947.043826293073	0.34220948162473	0
9T	-919.51969779	1.65192654556445	0
10A	-947.04708077203	0.43355836023663	0
10C	-920.810295609031	1.6402150850184	0
10G	-947.047080771663	0.433558059875364	0
10T	-946.474002565761	1.52553897682789	0
11A	-947.105079091391	0.390531510786628	0
11C	-919.821199099876	1.64847525446038	0
11G	-947.047080793776	0.433558174678521	0
11T	-947.04708079375	0.433558178547734	0
12A	-919.393379178236	1.65441137680109	0
12C	-947.047080805178	0.433558025575325	0
12G	-947.047080805125	0.433557925935968	0
12T	-947.303742695741	0.487181133250073	0
neutral	-947.332759940972	1	0
