posterior_mean	posterior_var	posterior_sd	posterior_quant	is_contained	PESL
2.43074391159239	0.0380981446816766	0.195187460359718	0.647400314441069	1	0.042894550463204
