posterior_mean	posterior_var	posterior_sd	posterior_quant	is_contained	PESL
3.08781808724114	0.0255766286853051	0.159926947964704	0.29560604403513	1	0.0332886451320241
