posterior_mean	posterior_var	posterior_sd	posterior_quant	is_contained	PESL
3.14679446413782	0.0143620148189948	0.119841623900024	0.10902102095945	1	0.0359106295205322
