model	lik	mode	convergence
1A	-194.457478311431	2.48511608081289	0
1C	-215.380753750565	0.433558848507866	0
1G	-215.380753750907	0.433557851456782	0
1T	-229.427586795382	1.20021503176142	0
2A	-215.597233853228	0.972685794590365	0
2C	-215.380753769583	0.433558172645647	0
2G	-212.721479202763	1.94628639449129	0
2T	-215.380753769551	0.433558201489062	0
neutral	-215.666433186212	1	0
