posterior_mean	posterior_var	posterior_sd	posterior_quant	is_contained	PESL
2.5208650823769	0.0893809586381324	0.298966484138494	0.488000678352447	1	0.0898163103007524
