posterior_mean	posterior_var	posterior_sd	posterior_quant	is_contained	PESL
1.50886055442834	0.00255919039096143	0.050588441278235	0.434746036155635	1	0.00263769981573707
