posterior_mean	posterior_var	posterior_sd	posterior_quant	is_contained	PESL
2.11445325802655	0.0270907444873849	0.164592662313315	0.247555380919943	1	0.0401902927602496
