model	lik	mode	convergence
1A	-268.996427865303	2.0177367618253	0
1C	-281.800813242986	0.433558212516877	0
1G	-281.800813242987	0.433558128503017	0
1T	-297.277697381203	1.08095332668087	0
2A	-276.408949857346	1.9129354854853	0
2C	-293.12618500439	1.49424156493512	0
2G	-281.800813221879	0.433558635822716	0
2T	-281.800813221752	0.433558899988547	0
3A	-281.800813261299	0.43355808724472	0
3C	-276.735790265926	2.21284179096367	0
3G	-291.956768825032	1.51117182068493	0
3T	-281.800813261193	0.433557981831554	0
4A	-292.787818466262	1.51340537577073	0
4C	-276.921092524531	1.87613373141894	0
4G	-281.800813224078	0.433558379933544	0
4T	-281.80081322394	0.433558392247007	0
5A	-286.808533367465	1.65909462194794	0
5C	-281.800813223564	0.433558082217316	0
5G	-281.800813223434	0.433557951864503	0
5T	-281.826802455649	0.423677356598735	0
neutral	-282.086493035977	1	0
