posterior_mean	posterior_var	posterior_sd	posterior_quant	is_contained	PESL
2.5756311902523	0.00436157566155997	0.066042226352236	0.125477518373794	1	0.0100816526005592
