model	lik	mode	convergence
1A	-612.075707351446	1.61680197754914	0
1C	-613.660926036767	0.433558118884705	0
1G	-613.660926036769	0.433558286593886	0
1T	-629.535231316424	1.07098974405379	0
2A	-613.66092602801	0.433558148241628	0
2C	-613.660926027909	0.43355834329998	0
2G	-613.855865098301	0.702813503156475	0
2T	-628.59740393989	1.12661201854917	0
3A	-613.660926049052	0.433557979924379	0
3C	-613.660926048804	0.433558061774687	0
3G	-613.641226913104	0.336124805404939	0
3T	-628.42755683779	1.1336595317414	0
4A	-613.60094975682	0.849370000365993	0
4C	-613.660926019599	0.433558130284782	0
4G	-628.645656297169	1.12425649219891	0
4T	-613.66092601962	0.433558238980647	0
5A	-613.660926048167	0.433558110941679	0
5C	-613.714057003003	0.377325779499803	0
5G	-613.66092604818	0.433558139788382	0
5T	-628.498757155793	1.13111187848127	0
6A	-614.145194188151	0.638303577267115	0
6C	-613.660926028937	0.433558056046431	0
6G	-613.660926028949	0.433558185603343	0
6T	-628.477341214992	1.13256320395094	0
7A	-628.4513360238	1.13507265766161	0
7C	-613.660925985007	0.433557817883536	0
7G	-614.593101774357	0.858952620824955	0
7T	-613.660925985004	0.433557888061552	0
neutral	-613.946605765586	1	0
