model	lik	mode	convergence
1A	-832.824521586121	2.03459318333453	0
1C	-903.048477226833	0.433558142650773	0
1G	-903.048477226863	0.433558017976606	0
1T	-917.313408687211	1.03506116155097	0
2A	-854.375036557536	1.86466637870759	0
2C	-903.048477215036	0.433558337855439	0
2G	-903.087479522395	0.416639338056961	0
2T	-903.048477215044	0.433557982838939	0
3A	-903.048477209409	0.433559203322832	0
3C	-854.340660049884	1.8665883536955	0
3G	-903.335816286621	0.631414680140986	0
3T	-903.048477209893	0.433560587370312	0
4A	-903.048477225416	0.433558124030995	0
4C	-903.104036884728	0.400457493597342	0
4G	-903.048477225431	0.433558354224261	0
4T	-854.270024997131	1.86576875255375	0
5A	-903.142044377659	0.741643974512549	0
5C	-903.048477239322	0.433558197965023	0
5G	-903.048477239327	0.433557982631318	0
5T	-854.671758279435	1.86342608367401	0
6A	-903.048477226231	0.433558095450324	0
6C	-903.33692436234	0.621074385181523	0
6G	-903.048477226226	0.433557922518309	0
6T	-854.299362421547	1.86707200179006	0
7A	-854.582857286979	1.86416550521544	0
7C	-903.246558918137	0.705298784846496	0
7G	-903.04847721513	0.433558103586306	0
7T	-903.048477215055	0.433557934693249	0
8A	-903.048477217274	0.433558090299541	0
8C	-903.048477217227	0.4335581364509	0
8G	-856.050046996152	1.8604721173239	0
8T	-902.659381271664	1.63406333209981	0
9A	-903.048477220886	0.433558168633534	0
9C	-903.380018278914	0.890692719122151	0
9G	-903.048477220897	0.433558000669128	0
9T	-854.608407328041	1.86552631135752	0
10A	-902.977141851424	0.851080040043668	0
10C	-903.048477217193	0.433558253977817	0
10G	-854.898843929498	1.86099369976135	0
10T	-903.048477217195	0.433558250345103	0
11A	-855.248543606208	1.8622450956401	0
11C	-903.048477220646	0.433558142396726	0
11G	-903.048477220616	0.433558005176565	0
11T	-903.13423578101	1.34205838503855	0
12A	-853.142089525329	1.88385251286192	0
12C	-903.04847724737	0.433558119326741	0
12G	-903.76525372503	0.761809339421729	0
12T	-903.048477247357	0.433558135869111	0
neutral	-903.334156123185	1	0
