posterior_mean	posterior_var	posterior_sd	posterior_quant	is_contained	PESL
2.04028312859451	0.0115869103693339	0.107642511905538	0.359768389927733	1	0.013209640818691
