lik	gamma	delta
-1324.14765348279	0.00243189047257055	0.136646415211888
-1386.08754638633	0.00243189047257055	6.61069613519961e-05
-1384.32522952611	0.00243189047257055	0.0733286364956378
-1386.08716369471	0.00243189047257055	0.00294619156496087
-1323.43495295398	0.00243189047257055	0.13174349288337
-1386.04683864995	0.00243189047257055	0.0280345156398609
-1386.08769613911	0.00243189047257055	6.61069613519961e-05
-1385.76446619682	0.00243189047257055	0.104702884762148
-1386.0875455406	0.00243189047257055	6.61069613519961e-05
-1380.16760766484	0.00243189047257055	0.113486120599793
-1385.88454404216	0.00243189047257055	0.0316937487944391
-1328.45517893184	0.00243189047257055	0.137561922686079
-1386.0875453769	0.00243189047257055	6.61069613519961e-05
-1386.08762713637	0.00243189047257055	6.61069613519961e-05
-1323.5708539829	0.00243189047257055	0.130064626425456
-1386.0875453769	0.00243189047257055	6.61069613519961e-05
-1382.36749234035	0.00243189047257055	0.643527498523377
-1325.82892888797	0.00243189047257055	0.127741386557492
-1386.08754551822	0.00243189047257055	6.61069613519961e-05
-1386.08754551822	0.00243189047257055	6.61069613519961e-05
-1385.68961265688	0.00243189047257055	0.0373033037267284
-1386.05300971134	0.00243189047257055	0.0282007006028006
-1321.88722820267	0.00243189047257055	0.138551714090682
-1386.08754785932	0.00243189047257055	6.61069613519961e-05
-1323.73621873852	0.00243189047257055	0.129785048330546
-1386.08754532224	0.00243189047257055	6.61069613519961e-05
-1386.08754532224	0.00243189047257055	6.61069613519961e-05
-1386.08754532224	0.00243189047257055	6.61069613519961e-05
-1323.73621873852	0.00243189047257055	0.129785048330546
-1386.08754532224	0.00243189047257055	6.61069613519961e-05
-1386.08754532224	0.00243189047257055	6.61069613519961e-05
-1386.08754532224	0.00243189047257055	6.61069613519961e-05
-1386.08754532225	0.00243189047257055	6.61069613519961e-05
-1386.08754532225	0.00243189047257055	6.61069613519961e-05
-1323.73621873852	0.00243189047257055	0.129785048330586
-1386.08754532225	0.00243189047257055	6.61069613519961e-05
-1383.51682621659	0.00243189047257055	0.255810256209777
-1328.30812849966	0.00243189047257055	0.129343898862322
-1383.42564481451	0.00243189047257055	0.121004386858919
-1386.08754679573	0.00243189047257055	6.61069613519961e-05
-1386.08754512341	0.00243189047257055	0
