lik	gamma	delta
-638.439930140662	0.00125025086584158	0.370817976579435
-746.381016458524	0.00125025086584158	6.61069613519961e-05
-745.017935118896	0.00125025086584158	0.455360744302247
-746.296032117128	0.00125025086584158	0.00953106514900281
-746.38109476409	0.00125025086584158	6.61069613519961e-05
-746.381015939942	0.00125025086584158	6.61069613519961e-05
-666.786582160037	0.00125025086584158	0.224093139899621
-746.381015939942	0.00125025086584158	6.61069613519961e-05
-746.38101591383	0.00125025086584158	6.61069613519961e-05
-746.38101591383	0.00125025086584158	6.61069613519961e-05
-746.38101591383	0.00125025086584158	6.61069613519961e-05
-667.065777890217	0.00125025086584158	0.223315100618373
-746.381015914248	0.00125025086584158	6.61069613519961e-05
-667.031014017901	0.00125025086584158	0.223409420386648
-746.381025851053	0.00125025086584158	6.61069613519961e-05
-746.381015914248	0.00125025086584158	6.61069613519961e-05
-667.065777890218	0.00125025086584158	0.2233151006187
-746.38101591383	0.00125025086584158	6.61069613519961e-05
-746.38101591383	0.00125025086584158	6.61069613519961e-05
-746.38101591383	0.00125025086584158	6.61069613519961e-05
-746.38101591383	0.00125025086584158	6.61069613519961e-05
-746.38101591383	0.00125025086584158	6.61069613519961e-05
-667.065777890218	0.00125025086584158	0.223315100618531
-746.38101591383	0.00125025086584158	6.61069613519961e-05
-746.38101591383	0.00125025086584158	6.61069613519961e-05
-667.065777890217	0.00125025086584158	0.22331510061857
-746.38101591383	0.00125025086584158	6.61069613519961e-05
-746.38101591383	0.00125025086584158	6.61069613519961e-05
-746.381016579163	0.00125025086584158	6.61069613519961e-05
-746.297704652081	0.00125025086584158	0.0162287929730717
-746.381239773558	0.00125025086584158	6.61069613519961e-05
-658.608512810659	0.00125025086584158	0.261350040492241
-746.38101591383	0.00125025086584158	6.61069613519961e-05
-746.38101591383	0.00125025086584158	6.61069613519961e-05
-746.38101591383	0.00125025086584158	6.61069613519961e-05
-667.065777890217	0.00125025086584158	0.223315100618373
-746.38101591383	0.00125025086584158	6.61069613519961e-05
-667.065777890217	0.00125025086584158	0.22331510061857
-746.38101591383	0.00125025086584158	6.61069613519961e-05
-746.38101591383	0.00125025086584158	6.61069613519961e-05
-746.381014715051	0.00125025086584158	0
