posterior_mean	posterior_var	posterior_sd	posterior_quant	is_contained	PESL
3.10700708006443	0.0745159509254047	0.272976099549768	0.356803423697887	1	0.0859664661093189
