posterior_mean	posterior_var	posterior_sd	posterior_quant	is_contained	PESL
1.46267870363222	0.0028804831502834	0.0536701327582054	0.758587482608457	1	0.0042733623137673
