model	lik	mode	convergence
1A	-613.170320677706	3.16390006934986	0
1C	-759.346451227665	0.433558045629646	0
1G	-775.181030921583	1.04703452517008	0
1T	-759.346451227637	0.433558016009013	0
2A	-757.569211325151	2.64093742027413	0
2C	-759.346451189804	0.433558234886959	0
2G	-759.346451189995	0.433558503466531	0
2T	-676.460573218733	2.2302445974868	0
3A	-759.346451216878	0.433558184991999	0
3C	-673.610854633806	2.24932012886407	0
3G	-759.402540142519	0.382479453951112	0
3T	-759.346451217098	0.433557979253889	0
4A	-759.346451070009	0.433557613433912	0
4C	-672.217999499378	2.2690773867429	0
4G	-759.346451070076	0.433557566143001	0
4T	-759.525887304272	0.451289015389962	0
5A	-759.346451190778	0.433557912020061	0
5C	-759.346451190422	0.433557926668072	0
5G	-759.239818150544	0.873355842098555	0
5T	-674.67927073981	2.24072407477961	0
6A	-759.346451210006	0.43355812250824	0
6C	-759.346451209933	0.433558176998049	0
6G	-673.718582685349	2.24810406406364	0
6T	-759.404420618649	0.392157196730415	0
7A	-759.3717996774	0.42397512701541	0
7C	-759.346451190015	0.433558210269027	0
7G	-759.346451190196	0.433557393081804	0
7T	-674.023822276843	2.24480890729133	0
neutral	-759.632130937969	1	0
