model	lik	mode	convergence
1A	-510.422147079653	2.9653828032749	0
1C	-677.454318711044	0.742554934406692	0
1G	-674.985778154787	0.433557993146412	0
1T	-674.985778154763	0.433557992759332	0
2A	-674.985777736372	0.433558173200834	0
2C	-546.397066084601	2.83216382992695	0
2G	-674.985777736436	0.433558153835557	0
2T	-659.693118597003	3.20053129456501	0
3A	-529.000101054731	2.87617652281913	0
3C	-674.985777719824	0.433558181752372	0
3G	-674.985777719816	0.433558143263791	0
3T	-675.029060270313	0.413692461103377	0
4A	-674.985777718267	0.43355815322982	0
4C	-534.921538031523	2.85925294051133	0
4G	-674.985777718291	0.433558012163938	0
4T	-671.034021149621	2.78057511959092	0
5A	-674.985777739432	0.433558077252256	0
5C	-674.985777739243	0.433557969073143	0
5G	-674.989725479943	1.29147834651296	0
5T	-529.874637271084	2.88049251585498	0
6A	-674.07618578025	1.95842336237279	0
6C	-531.276211247256	2.86421846336082	0
6G	-674.985777714448	0.433558436599509	0
6T	-674.985777714443	0.433558287517418	0
neutral	-675.271457129139	1	0
