posterior_mean	posterior_var	posterior_sd	posterior_quant	is_contained	PESL
2.97296161982553	0.0225059421535238	0.150019805870838	0.577907830305448	1	0.0232370161559856
