posterior_mean	posterior_var	posterior_sd	posterior_quant	is_contained	PESL
1.47926904718529	0.107195112008806	0.327406646250203	0.933764671301159	1	0.378355837227299
