model	lik	mode	convergence
1A	-595.548083124502	2.33929051294191	0
1C	-612.844510497739	0.433558212294296	0
1G	-612.844510497823	0.433558126068903	0
1T	-627.080899871759	0.939939324580774	0
2A	-612.844510415004	0.433557703008593	0
2C	-624.42116887136	1.19187238061933	0
2G	-612.844510415059	0.43355748158268	0
2T	-612.676942791885	0.299670743437914	0
3A	-614.218422272119	0.867274608295598	0
3C	-612.844510522113	0.433558144383415	0
3G	-612.844510522121	0.433558068688879	0
3T	-623.587661134292	1.2338334235472	0
4A	-612.844510505228	0.433558062711873	0
4C	-612.844510505093	0.433558055408353	0
4G	-612.897900266982	0.403941147456807	0
4T	-624.618882477984	1.18440335908675	0
5A	-612.952599532167	0.466388395196038	0
5C	-612.844510531401	0.433558096412607	0
5G	-612.844510531389	0.433558071543154	0
5T	-624.210076664752	1.20013688758357	0
6A	-624.421168871143	1.19187238549839	0
6C	-612.844510414932	0.433557751830264	0
6G	-612.84451041489	0.433557755667711	0
6T	-612.676942791737	0.299670771957218	0
7A	-612.844510507818	0.433558056348513	0
7C	-612.844510507671	0.433558335138317	0
7G	-624.72677188181	1.18117341993643	0
7T	-613.230679502556	0.840284976586918	0
8A	-624.523486168363	1.18798919118389	0
8C	-612.844510532129	0.433558049875911	0
8G	-612.844510532094	0.433558043159939	0
8T	-612.850121209124	0.345877626362591	0
9A	-612.84451053324	0.433558061934997	0
9C	-624.563378306943	1.18863528425201	0
9G	-612.844510533307	0.433558105370365	0
9T	-613.647383684358	0.840767320982673	0
10A	-612.844510529221	0.433558031604732	0
10C	-625.174031880987	1.16617045452857	0
10G	-612.883753391107	1.45590952545945	0
10T	-612.844510529388	0.433557827020571	0
neutral	-613.130188678647	1	0
