posterior_mean	posterior_var	posterior_sd	posterior_quant	is_contained	PESL
3.05955943770259	0.0124893001982541	0.111755537662588	0.300057910132803	1	0.0160366268177213
