lik	gamma	delta
-841.612842312752	0.0024470765948453	0.191304027292067
-849.8913372516	0.0024470765948453	6.61069613519961e-05
-849.678605409676	0.0024470765948453	0.00803030855413547
-849.893789764494	0.0024470765948453	6.61069613519961e-05
-849.89141823704	0.0024470765948453	6.61069613519961e-05
-849.891689383263	0.0024470765948453	6.61069613519961e-05
-848.571861737468	0.0024470765948453	0.0187021595711538
-849.891276136313	0.0024470765948453	6.61069613519961e-05
-848.634066715565	0.0024470765948453	0.018205773942906
-849.891445832518	0.0024470765948453	6.61069613519961e-05
-849.891446473529	0.0024470765948453	6.61069613519961e-05
-849.891275043394	0.0024470765948453	6.61069613519961e-05
-848.931786334583	0.0024470765948453	0.0181786758126115
-849.89127464265	0.0024470765948453	6.61069613519961e-05
-849.680904072192	0.0024470765948453	0.0151334372066543
-849.89127464265	0.0024470765948453	6.61069613519961e-05
-846.164396482617	0.0024470765948453	0.352524431430281
-848.908063404222	0.0024470765948453	0.016916537976899
-849.892530565548	0.0024470765948453	6.61069613519961e-05
-849.891275249136	0.0024470765948453	6.61069613519961e-05
-849.891411410914	0.0024470765948453	6.61069613519961e-05
-848.689499284707	0.0024470765948453	0.0177761604892668
-849.891274918876	0.0024470765948453	6.61069613519961e-05
-849.891274918876	0.0024470765948453	6.61069613519961e-05
-848.511904049213	0.0024470765948453	0.0192017184959993
-849.891279067405	0.0024470765948453	6.61069613519961e-05
-849.891279067405	0.0024470765948453	6.61069613519961e-05
-849.892017180199	0.0024470765948453	6.61069613519961e-05
-849.89127477416	0.0024470765948453	6.61069613519961e-05
-848.684198428082	0.0024470765948453	0.0178109688536746
-849.89143534612	0.0024470765948453	6.61069613519961e-05
-849.89127477416	0.0024470765948453	6.61069613519961e-05
-849.891274707321	0.0024470765948453	6.61069613519961e-05
-848.751277691926	0.0024470765948453	0.017351930221457
-849.891274707321	0.0024470765948453	6.61069613519961e-05
-849.858753358282	0.0024470765948453	0.0372691382833044
-849.891275752112	0.0024470765948453	6.61069613519961e-05
-848.534736247859	0.0024470765948453	0.0193462624831836
-849.891349659106	0.0024470765948453	6.61069613519961e-05
-849.891730933858	0.0024470765948453	6.61069613519961e-05
-849.891273755048	0.0024470765948453	0
