posterior_mean	posterior_var	posterior_sd	posterior_quant	is_contained	PESL
2.86894849049456	0.01223532134491	0.110613386825059	0.880999119294344	1	0.0294098194885431
