posterior_mean	posterior_var	posterior_sd	posterior_quant	is_contained	PESL
1.63734846747203	0.0299249788904118	0.172988377905603	0.976867753992694	0	0.161441112935264
