model	lik	mode	convergence
1A	-288.050677335928	2.76685535367052	0
1C	-355.527007890213	0.433558045542484	0
1G	-369.173496956274	0.824539973276617	0
1T	-355.527007890185	0.433558053861896	0
2A	-355.573568617363	0.798414598554895	0
2C	-355.527007850227	0.433557596917953	0
2G	-314.711696322133	2.34551654604819	0
2T	-355.527007850422	0.433557972272269	0
neutral	-355.812686710244	1	0
