model	lik	mode	convergence
1A	-677.559833338146	1.47829946668217	0
1C	-677.576340745886	0.433558018506627	0
1G	-693.509528029044	1.00625205352617	0
1T	-677.57634074585	0.433558149220384	0
2A	-677.576340715364	0.433557915941791	0
2C	-677.576340715131	0.433557822278341	0
2G	-677.819218957564	1.31654264849783	0
2T	-693.497810066842	1.01227180758356	0
3A	-677.576340726505	0.433558231631627	0
3C	-693.451330941582	1.02570010444303	0
3G	-677.63429612948	0.392365585598743	0
3T	-677.576340726635	0.433558044904922	0
4A	-677.60691023467	0.358326121582434	0
4C	-693.44222914776	1.02719267157515	0
4G	-677.576340745962	0.433558025424468	0
4T	-677.576340745932	0.433558073597727	0
5A	-677.576340740782	0.433558026638296	0
5C	-677.576340740686	0.433558022742944	0
5G	-677.564263214975	0.338859720405099	0
5T	-693.436034742106	1.02816373493781	0
6A	-693.460658077599	1.02361539630885	0
6C	-677.81634428867	0.622591289393797	0
6G	-677.576340746328	0.433557990091675	0
6T	-677.576340746304	0.433558147067431	0
7A	-677.576340732379	0.433558136784019	0
7C	-693.449417840992	1.02602092915625	0
7G	-677.57634073245	0.433558095155727	0
7T	-677.633257355561	0.384593301338261	0
8A	-677.613133751947	0.362290818809247	0
8C	-677.576340744874	0.433558082156374	0
8G	-677.576340744858	0.433558068140571	0
8T	-693.443394336225	1.02700617185908	0
9A	-677.630725404897	0.37922774810588	0
9C	-677.576340736018	0.433558138993766	0
9G	-677.57634073601	0.433558120654066	0
9T	-693.448049606317	1.02624796298083	0
10A	-677.83187545352	0.477721681855732	0
10C	-693.430289720038	1.02879952220071	0
10G	-677.576340714836	0.433558061341458	0
10T	-677.576340714822	0.433558199757499	0
neutral	-677.862020274593	1	0
