posterior_mean	posterior_var	posterior_sd	posterior_quant	is_contained	PESL
1.70366547885855	0.353812158502756	0.594821114708242	0.408846735155653	1	0.395291785808359
