model	lik	mode	convergence
1A	-145.534734773363	3.09252148587546	0
1C	-184.99117511627	0.433558049373889	0
1G	-186.922454916746	0.645018696439525	0
1T	-184.991175116237	0.433558234739259	0
2A	-186.306381367548	2.08429740945844	0
2C	-184.99117480414	0.433558144535133	0
2G	-184.991174804104	0.433558155441829	0
2T	-168.088324033324	3.01366034109929	0
neutral	-185.276853535921	1	0
