posterior_mean	posterior_var	posterior_sd	posterior_quant	is_contained	PESL
3.12747052736787	0.108199551564015	0.3289370024245	0.360384396929957	1	0.124448286911459
