posterior_mean	posterior_var	posterior_sd	posterior_quant	is_contained	PESL
1.91254297213645	0.320947896640161	0.566522635593814	0.246080440078428	1	0.491139600499356
