lik	gamma	delta
-823.624165352021	0.00222178773506972	0.191306947551667
-831.903297591579	0.00222178773506972	6.61069613519961e-05
-831.690523703259	0.00222178773506972	0.00803110820147748
-831.905751280751	0.00222178773506972	6.61069613519961e-05
-831.903347164186	0.00222178773506972	6.61069613519961e-05
-831.903236314862	0.00222178773506972	6.61069613519961e-05
-830.686457027413	0.00222178773506972	0.0180559014678499
-831.903236314862	0.00222178773506972	6.61069613519961e-05
-831.903657434244	0.00222178773506972	6.61069613519961e-05
-831.90465013709	0.00222178773506972	6.61069613519961e-05
-830.17842693225	0.00222178773506972	0.0218156019294864
-831.90323670465	0.00222178773506972	6.61069613519961e-05
-831.903334271695	0.00222178773506972	6.61069613519961e-05
-831.903234956031	0.00222178773506972	6.61069613519961e-05
-830.713011715059	0.00222178773506972	0.0176728998642856
-831.903234956031	0.00222178773506972	6.61069613519961e-05
-830.737385677812	0.00222178773506972	0.017568127554883
-831.901414859176	0.00222178773506972	0.00783850235159247
-831.903235342221	0.00222178773506972	6.61069613519961e-05
-831.903235342221	0.00222178773506972	6.61069613519961e-05
-831.903234926635	0.00222178773506972	6.61069613519961e-05
-830.76293701561	0.00222178773506972	0.0178639461283285
-831.871161781971	0.00222178773506972	0.0114242090174048
-831.903234926635	0.00222178773506972	6.61069613519961e-05
-825.324389601741	0.00222178773506972	0.11476471514012
-831.90323756239	0.00222178773506972	6.61069613519961e-05
-831.905055314438	0.00222178773506972	6.61069613519961e-05
-831.487296357193	0.00222178773506972	0.0487567524789404
-831.903391121206	0.00222178773506972	6.61069613519961e-05
-831.903235064859	0.00222178773506972	6.61069613519961e-05
-830.697502179003	0.00222178773506972	0.0178001016781799
-831.903235064859	0.00222178773506972	6.61069613519961e-05
-830.59596615944	0.00222178773506972	0.0186172018887031
-831.903745281675	0.00222178773506972	6.61069613519961e-05
-831.90323681952	0.00222178773506972	6.61069613519961e-05
-831.90323681952	0.00222178773506972	6.61069613519961e-05
-831.904004940036	0.00222178773506972	6.61069613519961e-05
-826.078543718017	0.00222178773506972	0.117153083797279
-830.73145826928	0.00222178773506972	0.141175057112336
-831.903237442805	0.00222178773506972	6.61069613519961e-05
-831.903234202788	0.00222178773506972	0
