model	lik	mode	convergence
1A	-443.657492664219	0.735952484888702	0
1C	-460.98395116997	1.00147020069771	0
1G	-443.040428423991	0.433558032125591	0
1T	-443.040428423982	0.433558102612218	0
2A	-460.985328324768	0.991098483036068	0
2C	-443.040428430046	0.43355807258515	0
2G	-443.040428429996	0.433558170835196	0
2T	-443.664740212094	0.95253141106598	0
3A	-460.994156726959	1.00175676043636	0
3C	-443.040428404866	0.433558254123496	0
3G	-443.040428404833	0.433558093542917	0
3T	-443.358710258538	0.560142588636134	0
4A	-443.040428427229	0.433558117237109	0
4C	-443.088416910091	0.371327173622559	0
4G	-460.996041098306	1.00401907542303	0
4T	-443.040428427119	0.433558093207344	0
5A	-460.99892425823	1.0019857405267	0
5C	-443.097585955405	0.396598770637821	0
5G	-443.040428409501	0.433558115773944	0
5T	-443.040428409475	0.433558179815011	0
6A	-443.040428379593	0.433557867328035	0
6C	-460.993838135436	1.00052406938207	0
6G	-443.040428379626	0.433557772506013	0
6T	-443.254554014811	0.556578023854375	0
7A	-460.997920172115	1.00273816290836	0
7C	-443.040428416758	0.43355809262336	0
7G	-443.040428416722	0.433558009829894	0
7T	-443.097990043061	0.386925222479691	0
8A	-443.040428396242	0.433558281837006	0
8C	-461.000465729748	0.993819927671048	0
8G	-443.162851589133	0.753042721548496	0
8T	-443.040428396381	0.433558065294236	0
9A	-443.097848315116	0.395657142938756	0
9C	-443.040428410105	0.43355811067394	0
9G	-443.040428410124	0.433558135834162	0
9T	-460.998831732204	1.00205746929074	0
10A	-460.98683670591	1.00674632057674	0
10C	-443.040428426298	0.43355813868031	0
10G	-443.310447832134	0.489061516367488	0
10T	-443.040428426279	0.433558152396399	0
11A	-460.940256773255	1.02062764998987	0
11C	-443.50323770923	0.602000203024186	0
11G	-443.04042841162	0.433558129811948	0
11T	-443.04042841159	0.433558018629821	0
12A	-460.988995428604	0.985750844921292	0
12C	-443.040428407519	0.433557943703621	0
12G	-443.172216150822	1.12987554214939	0
12T	-443.040428407508	0.433558001963345	0
neutral	-443.326108413138	1	0
