posterior_mean	posterior_var	posterior_sd	posterior_quant	is_contained	PESL
3.01000331824615	0.0060687414815689	0.0779021275805026	0.452275121981633	1	0.0061688078575055
