posterior_mean	posterior_var	posterior_sd	posterior_quant	is_contained	PESL
2.4361882278917	0.00401027719353418	0.0633267494312962	0.843186083837653	1	0.00808221750857365
