posterior_mean	posterior_var	posterior_sd	posterior_quant	is_contained	PESL
1.59137618878811	0.0345686355101877	0.185926424991682	0.32214517646063	1	0.0429182433876265
