posterior_mean	posterior_var	posterior_sd	posterior_quant	is_contained	PESL
2.17565295408822	0.00659039460900378	0.0811812454265379	0.0134705533099421	0	0.0374443548889959
