posterior_mean	posterior_var	posterior_sd	posterior_quant	is_contained	PESL
1.98678983805746	0.00515819631230165	0.0718205841824031	0.577530959878077	1	0.00533270469085266
