posterior_mean	posterior_var	posterior_sd	posterior_quant	is_contained	PESL
2.65617959576058	0.0997600536792403	0.315848149716348	0.321203925226619	1	0.124152119811177
