posterior_mean	posterior_var	posterior_sd	posterior_quant	is_contained	PESL
3.08673510102816	0.0124620541360347	0.111633570829006	0.219976461701003	1	0.019985031886353
