lik	gamma	delta
-1314.99736457178	0.0017741571487005	0.377746050254858
-1517.04598001135	0.0017741571487005	0.0638548719460671
-1517.12183462422	0.0017741571487005	6.61069613519961e-05
-1516.82511166522	0.0017741571487005	0.0114678816422485
-1517.12127298942	0.0017741571487005	6.61069613519961e-05
-1517.1216033194	0.0017741571487005	6.61069613519961e-05
-1506.8925766898	0.0017741571487005	0.579873144502399
-1392.44712400423	0.0017741571487005	0.188462168945444
-1516.31215079345	0.0017741571487005	0.627252268623518
-1517.12127190496	0.0017741571487005	6.61069613519961e-05
-1387.44630363089	0.0017741571487005	0.189930899214111
-1517.12127190496	0.0017741571487005	6.61069613519961e-05
-1515.21796565063	0.0017741571487005	0.0288946546773353
-1517.1212724877	0.0017741571487005	6.61069613519961e-05
-1517.1212724877	0.0017741571487005	6.61069613519961e-05
-1338.04188515428	0.0017741571487005	0.337275130790214
-1517.12127288315	0.0017741571487005	6.61069613519961e-05
-1517.12127288315	0.0017741571487005	6.61069613519961e-05
-1362.458664085	0.0017741571487005	0.243969557777134
-1517.10581466421	0.0017741571487005	0.00372387552841348
-1517.11068055419	0.0017741571487005	0.00822504057283142
-1512.42771953132	0.0017741571487005	0.330473046400399
-1517.12127210839	0.0017741571487005	6.61069613519961e-05
-1388.30883025467	0.0017741571487005	0.194291478256106
-1387.38133421896	0.0017741571487005	0.190005220515407
-1517.12127186779	0.0017741571487005	6.61069613519961e-05
-1516.53571527696	0.0017741571487005	0.348571371989627
-1517.12127186779	0.0017741571487005	6.61069613519961e-05
-1517.12127182533	0.0017741571487005	6.61069613519961e-05
-1386.8828213682	0.0017741571487005	0.190203918119773
-1517.12127182533	0.0017741571487005	6.61069613519961e-05
-1517.12127182533	0.0017741571487005	6.61069613519961e-05
-1384.94254029423	0.0017741571487005	0.194021676710732
-1517.12127318487	0.0017741571487005	6.61069613519961e-05
-1517.12160351485	0.0017741571487005	6.61069613519961e-05
-1517.00697121851	0.0017741571487005	0.0871642345887486
-1517.12127182533	0.0017741571487005	6.61069613519961e-05
-1386.8828213682	0.0017741571487005	0.190203918119773
-1517.12127182533	0.0017741571487005	6.61069613519961e-05
-1517.12127182533	0.0017741571487005	6.61069613519961e-05
-1517.12127135885	0.0017741571487005	0
