posterior_mean	posterior_var	posterior_sd	posterior_quant	is_contained	PESL
2.89078493608656	0.0221197254157427	0.148727016428565	0.771076647656935	1	0.0340476556013308
