posterior_mean	posterior_var	posterior_sd	posterior_quant	is_contained	PESL
1.48446478237708	0.0140732562092886	0.118630755747777	0.562473651953112	1	0.0143145991959531
