posterior_mean	posterior_var	posterior_sd	posterior_quant	is_contained	PESL
2.3213128357739	0.025212509257201	0.158784474232215	0.868717134491078	1	0.057141611916397
