lik	gamma	delta
-1022.74110638621	0.00131419152000522	0.19348148414617
-1091.34657395116	0.00131419152000522	6.61069613519961e-05
-1091.34519319258	0.00131419152000522	6.61069613519961e-05
-1091.34519319258	0.00131419152000522	6.61069613519961e-05
-1091.34519319011	0.00131419152000522	6.61069613519961e-05
-1091.34519319011	0.00131419152000522	6.61069613519961e-05
-1091.34519319011	0.00131419152000522	6.61069613519961e-05
-1044.35351753418	0.00131419152000522	0.120870464175345
-1082.93879104876	0.00131419152000522	0.215023809530998
-1091.34519334564	0.00131419152000522	6.61069613519961e-05
-1091.34519334564	0.00131419152000522	6.61069613519961e-05
-1051.57723174498	0.00131419152000522	0.114503384391296
-1091.34519319011	0.00131419152000522	6.61069613519961e-05
-1091.34519319011	0.00131419152000522	6.61069613519961e-05
-1091.34519319011	0.00131419152000522	6.61069613519961e-05
-1044.35351753418	0.00131419152000522	0.120870464175345
-1091.34575403471	0.00131419152000522	6.61069613519961e-05
-1091.34552617518	0.00131419152000522	6.61069613519961e-05
-1090.18963955026	0.00131419152000522	0.325539544140968
-1040.83894504815	0.00131419152000522	0.132479049565852
-1044.82554077997	0.00131419152000522	0.120774520117684
-1090.75465591413	0.00131419152000522	0.190385207337581
-1091.34519346828	0.00131419152000522	6.61069613519961e-05
-1091.34519346828	0.00131419152000522	6.61069613519961e-05
-1044.88823923907	0.00131419152000522	0.120191152579204
-1090.3350101	0.00131419152000522	0.662338231438977
-1091.34519319461	0.00131419152000522	6.61069613519961e-05
-1091.34519319461	0.00131419152000522	6.61069613519961e-05
-1091.34519319011	0.00131419152000522	6.61069613519961e-05
-1044.35351753418	0.00131419152000522	0.120870464175347
-1091.34519319011	0.00131419152000522	6.61069613519961e-05
-1091.34519319011	0.00131419152000522	6.61069613519961e-05
-1044.04316454174	0.00131419152000522	0.121518567832568
-1091.34519330462	0.00131419152000522	6.61069613519961e-05
-1091.34535427682	0.00131419152000522	6.61069613519961e-05
-1091.34519330462	0.00131419152000522	6.61069613519961e-05
-1027.86860137676	0.00131419152000522	0.17783940190767
-1091.34519383336	0.00131419152000522	6.61069613519961e-05
-1090.95604273168	0.00131419152000522	0.0936423274196
-1091.34623739784	0.00131419152000522	6.61069613519961e-05
-1091.34519260241	0.00131419152000522	0
