posterior_mean	posterior_var	posterior_sd	posterior_quant	is_contained	PESL
2.88003805568799	0.0118678361231838	0.108939598508457	0.864075217844073	1	0.0262587042062543
