model	lik	mode	convergence
1A	-1169.32460881804	2.51757475985926	0
1C	-1418.93412149479	0.433557773833478	0
1G	-1420.51115315194	0.840597631640246	0
1T	-1418.93412149477	0.433557722994798	0
2A	-1418.93411989291	0.433558049001462	0
2C	-1418.96574178188	0.420887656319906	0
2G	-1418.93411989293	0.433557729603218	0
2T	-1190.35196697753	2.45892523901652	0
3A	-1418.93411989622	0.433558291193082	0
3C	-1192.27154941223	2.45373475944742	0
3G	-1418.01043623416	1.96269883962126	0
3T	-1418.93411989647	0.433558321881093	0
4A	-1190.34475945261	2.45896405752144	0
4C	-1418.96705525601	0.420192770857341	0
4G	-1418.93411989346	0.43355796279349	0
4T	-1418.93411989334	0.433558161747729	0
5A	-1418.9341198912	0.433558086755595	0
5C	-1418.7089353975	1.46238735194019	0
5G	-1418.93411989117	0.433559194738597	0
5T	-1191.63156919042	2.45702976374225	0
6A	-1190.80346684362	2.45820355874235	0
6C	-1418.93411989872	0.433558007011269	0
6G	-1419.00786422776	0.777509656916916	0
6T	-1418.93411989869	0.433558083940046	0
7A	-1419.34329371507	1.23407983776681	0
7C	-1418.93411992036	0.433558052172832	0
7G	-1184.42622708408	2.50325478251408	0
7T	-1418.93411992032	0.433557996226881	0
8A	-1418.93411990692	0.433558094231981	0
8C	-1418.93411990677	0.433558088877396	0
8G	-1190.2348675949	2.46121489181026	0
8T	-1419.18769970568	0.655051263955475	0
9A	-1191.88380102528	2.45737240199066	0
9C	-1418.93411990163	0.433558117925664	0
9G	-1418.5563431456	1.62879899139165	0
9T	-1418.93411990163	0.433557891689356	0
10A	-1190.15255288636	2.46002622800916	0
10C	-1418.93411990353	0.4335582562327	0
10G	-1418.93411990349	0.433558064300479	0
10T	-1418.98833350819	0.402745146348027	0
11A	-1213.1538500759	2.41107138043388	0
11C	-1418.93411990283	0.433558125957931	0
11G	-1395.78509776064	3.43426821368709	0
11T	-1418.93411990282	0.433558152071511	0
12A	-1418.93411989274	0.433558178007731	0
12C	-1191.60635442805	2.45558769339063	0
12G	-1418.93411989298	0.433558287898552	0
12T	-1418.58330233718	1.36972212131495	0
13A	-1418.44455083065	1.45849617230103	0
13C	-1418.93411989576	0.433558188126152	0
13G	-1418.9341198958	0.433557744596176	0
13T	-1191.71647452444	2.4550320767255	0
14A	-1418.93411989097	0.433557959399473	0
14C	-1418.89271093625	1.16371153167229	0
14G	-1418.93411989115	0.433557970004721	0
14T	-1191.24716991435	2.45744275818742	0
neutral	-1419.21979959323	1	0
