lik	gamma	delta
-621.056758704758	0.00135091018835061	6.61069613519961e-05
-621.056644304335	0.00135091018835061	6.61069613519961e-05
-619.431906945683	0.00135091018835061	0.0239024509286037
-621.057136137344	0.00135091018835061	6.61069613519961e-05
-620.900434537522	0.00135091018835061	0.025503158826577
-621.056679231014	0.00135091018835061	6.61069613519961e-05
-619.805467447342	0.00135091018835061	0.0215391023831159
-621.056642985699	0.00135091018835061	6.61069613519961e-05
-619.341567022541	0.00135091018835061	0.0246256952355788
-621.057503297556	0.00135091018835061	6.61069613519961e-05
-621.056643904114	0.00135091018835061	6.61069613519961e-05
-621.056643904114	0.00135091018835061	6.61069613519961e-05
-621.056642897752	0.00135091018835061	6.61069613519961e-05
-621.056642897752	0.00135091018835061	6.61069613519961e-05
-619.66489065887	0.00135091018835061	0.0217502227172721
-621.056642897752	0.00135091018835061	6.61069613519961e-05
-619.652716620659	0.00135091018835061	0.0225813528052419
-621.040553014449	0.00135091018835061	0.00925278199451796
-621.056642943121	0.00135091018835061	6.61069613519961e-05
-621.056642943121	0.00135091018835061	6.61069613519961e-05
-621.056642897752	0.00135091018835061	6.61069613519961e-05
-621.056642897752	0.00135091018835061	6.61069613519961e-05
-619.66489065887	0.00135091018835061	0.0217502227172721
-621.056642897752	0.00135091018835061	6.61069613519961e-05
-621.056642897752	0.00135091018835061	6.61069613519961e-05
-621.056642897752	0.00135091018835061	6.61069613519961e-05
-619.66489065887	0.00135091018835061	0.0217502227172721
-621.056642897752	0.00135091018835061	6.61069613519961e-05
-621.056756303492	0.00135091018835061	6.61069613519961e-05
-621.056642957848	0.00135091018835061	6.61069613519961e-05
-619.62699353714	0.00135091018835061	0.0220808210348838
-621.056642957848	0.00135091018835061	6.61069613519961e-05
-621.056642897752	0.00135091018835061	6.61069613519961e-05
-619.66489065887	0.00135091018835061	0.0217502227172721
-621.056642897752	0.00135091018835061	6.61069613519961e-05
-621.056642897752	0.00135091018835061	6.61069613519961e-05
-621.056643126922	0.00135091018835061	6.61069613519961e-05
-621.056023947946	0.00135091018835061	0.00175154724674225
-619.586448781156	0.00135091018835061	0.0231790055109968
-621.056643126922	0.00135091018835061	6.61069613519961e-05
-621.056642263503	0.00135091018835061	0
