posterior_mean	posterior_var	posterior_sd	posterior_quant	is_contained	PESL
2.00048198414595	0.00259485243498993	0.0509396940998857	0.499612813834509	1	0.00259508474370677
