lik	gamma	delta
-829.441429469314	0.00168237338748771	0.0602532971357572
-830.068256235899	0.00168237338748771	6.61069613519961e-05
-829.282498314717	0.00168237338748771	0.0141770784734842
-830.068256235899	0.00168237338748771	6.61069613519961e-05
-827.443826942201	0.00168237338748771	0.0575095958032545
-830.068255630913	0.00168237338748771	6.61069613519961e-05
-829.981531048382	0.00168237338748771	0.0051151246738672
-830.068255630913	0.00168237338748771	6.61069613519961e-05
-830.068255153519	0.00168237338748771	6.61069613519961e-05
-828.982938234034	0.00168237338748771	0.0162609268479552
-830.068255153519	0.00168237338748771	6.61069613519961e-05
-830.068255153519	0.00168237338748771	6.61069613519961e-05
-830.035046036647	0.00168237338748771	0.01171527997249
-828.990966062707	0.00168237338748771	0.016725113516147
-830.068328984269	0.00168237338748771	6.61069613519961e-05
-830.068255617411	0.00168237338748771	6.61069613519961e-05
-830.068256060091	0.00168237338748771	6.61069613519961e-05
-830.068256060091	0.00168237338748771	6.61069613519961e-05
-830.068656010294	0.00168237338748771	6.61069613519961e-05
-828.879549966915	0.00168237338748771	0.017094107216805
-829.076283157624	0.00168237338748771	0.0158664581270414
-830.068255395518	0.00168237338748771	6.61069613519961e-05
-829.915798882056	0.00168237338748771	0.0318753579185461
-830.068353296838	0.00168237338748771	6.61069613519961e-05
-830.068255229839	0.00168237338748771	6.61069613519961e-05
-830.068255229839	0.00168237338748771	6.61069613519961e-05
-829.097971455132	0.00168237338748771	0.0154318383536629
-829.682100691724	0.00168237338748771	0.121734337204058
-829.384401922978	0.00168237338748771	0.225200193219798
-826.706094940964	0.00168237338748771	0.26673293723158
-830.068255546089	0.00168237338748771	6.61069613519961e-05
-829.603705230347	0.00168237338748771	0.0107031755069521
-830.068255551226	0.00168237338748771	6.61069613519961e-05
-829.000150809438	0.00168237338748771	0.0161900604785452
-830.043727091036	0.00168237338748771	0.0331097303623101
-830.068255551226	0.00168237338748771	6.61069613519961e-05
-830.068255243066	0.00168237338748771	6.61069613519961e-05
-829.070700873821	0.00168237338748771	0.0156021292565301
-829.429461906904	0.00168237338748771	0.433961864776273
-830.068255243066	0.00168237338748771	6.61069613519961e-05
-830.068254634127	0.00168237338748771	0
