model	lik	mode	convergence
1A	-298.731215267722	1.67562827066174	0
1C	-306.515512678805	0.433557759442227	0
1G	-306.515512678785	0.433557724853453	0
1T	-322.028419530386	0.841294061634808	0
2A	-306.515512743111	0.433558105656204	0
2C	-302.507045547284	1.66212990987842	0
2G	-306.515512743102	0.433558234470568	0
2T	-321.020766966153	1.29409399893516	0
3A	-306.51551274591	0.433558118578519	0
3C	-316.315180935018	1.47140162354672	0
3G	-306.659829034037	0.717291352887155	0
3T	-306.515512746147	0.433558303329336	0
4A	-306.777781291081	0.949034494225902	0
4C	-306.515512720752	0.433558310538383	0
4G	-316.430753803068	1.46868898947811	0
4T	-306.515512720796	0.4335582141215	0
5A	-306.546411984241	0.421262958200428	0
5C	-306.515512720689	0.43355807298908	0
5G	-316.153279222043	1.47577308792177	0
5T	-306.515512720727	0.433558760043413	0
6A	-306.38924620664	0.880278992308087	0
6C	-306.515512721484	0.433558349570451	0
6G	-316.498316380034	1.4628552249683	0
6T	-306.515512721542	0.433557750940194	0
neutral	-306.801192607486	1	0
