posterior_mean	posterior_var	posterior_sd	posterior_quant	is_contained	PESL
1.69623890587175	0.0344287951818403	0.185549980279817	0.143494770144906	1	0.0729385033598456
