posterior_mean	posterior_var	posterior_sd	posterior_quant	is_contained	PESL
2.15281959051649	0.0963122593041393	0.310342164882794	0.866744739348639	1	0.216846496033226
