model	lik	mode	convergence
1A	-315.046515012019	0.546299009507287	0
1C	-314.73437562722	0.433557992836171	0
1G	-328.707793577883	1.09635837861843	0
1T	-314.734375627182	0.433558213665939	0
2A	-315.720650828864	0.831516463545563	0
2C	-314.734375637541	0.4335580384373	0
2G	-328.586577120561	1.10945352896246	0
2T	-314.734375637505	0.433557915682684	0
3A	-315.485644525077	0.378718948853614	0
3C	-317.086554938333	1.10111536837236	0
3G	-314.734376239576	0.433558153790324	0
3T	-314.734376239555	0.43355806527562	0
4A	-314.734375627889	0.433558110557002	0
4C	-315.594709965094	0.755492527466162	0
4G	-314.734375627846	0.433558151767528	0
4T	-328.510516301761	1.11765558171475	0
neutral	-315.02005410293	1	0
