model	lik	mode	convergence
1A	-610.262630352447	1.41180526652337	0
1C	-624.946534211052	1.07135637652758	0
1G	-610.319084779107	0.433557992061395	0
1T	-610.319084779065	0.433558079028883	0
2A	-610.370669733661	0.37528920190889	0
2C	-610.319084773841	0.433558245344922	0
2G	-610.31908477385	0.433558050926647	0
2T	-624.756592472659	1.08471540639999	0
3A	-610.249591516969	0.321183510480972	0
3C	-610.319084748467	0.433557874871629	0
3G	-610.319084748456	0.433557902836947	0
3T	-624.708639878869	1.08782798744645	0
4A	-610.319084781117	0.433558033962194	0
4C	-610.423653509723	1.39891893309879	0
4G	-624.975177090523	1.0690687397396	0
4T	-610.319084781039	0.433557973203181	0
5A	-610.362962089271	0.41324915874548	0
5C	-610.319084747143	0.43355826932995	0
5G	-624.782659618876	1.08299043106737	0
5T	-610.319084747105	0.433557868101856	0
6A	-610.31908477566	0.4335581258248	0
6C	-610.319084775472	0.433558070513823	0
6G	-610.368334995413	0.372629362919135	0
6T	-624.552015441986	1.08564757847909	0
7A	-610.319084742915	0.433558097681398	0
7C	-610.319084742852	0.433558739396757	0
7G	-624.833411961364	1.07957523867272	0
7T	-610.462847860103	0.74208458380471	0
8A	-610.374199763306	0.380517628222104	0
8C	-610.319084770428	0.43355804682152	0
8G	-624.7604817352	1.08445961242732	0
8T	-610.319084770396	0.433558156815287	0
neutral	-610.604763691591	1	0
