posterior_mean	posterior_var	posterior_sd	posterior_quant	is_contained	PESL
2.87332448731588	0.015347930543089	0.123886765003728	0.846652144216924	1	0.0313946160568857
