posterior_mean	posterior_var	posterior_sd	posterior_quant	is_contained	PESL
1.20952111388261	0.298590094793537	0.546433980269837	0.746187114274158	1	0.382968078064325
