model	lik	mode	convergence
1A	-295.432036318644	2.11567845774538	0
1C	-307.211774549887	0.433557620123893	0
1G	-307.211774549862	0.433557672070638	0
1T	-322.635176721979	0.762318513528496	0
2A	-307.211774672214	0.433557871743571	0
2C	-307.211774672016	0.433557844061469	0
2G	-307.128820897883	0.317744783094236	0
2T	-321.600443560918	1.26761441314869	0
3A	-321.888791021815	1.25124802461787	0
3C	-307.477114703357	0.641496537229377	0
3G	-307.211774693867	0.433558064305791	0
3T	-307.211774693842	0.433558202541041	0
4A	-321.843135120736	1.25285764133442	0
4C	-307.211774679163	0.433558135793103	0
4G	-307.253896630495	0.414529858770195	0
4T	-307.211774679149	0.433558122229217	0
5A	-307.211774696783	0.433558093175155	0
5C	-307.211774696682	0.433558041896888	0
5G	-321.792620247592	1.25590304323156	0
5T	-307.269704644321	0.38933993465543	0
neutral	-307.497454639958	1	0
