posterior_mean	posterior_var	posterior_sd	posterior_quant	is_contained	PESL
2.67809568023228	0.142176646554846	0.377063186422178	0.331661615643479	1	0.173894717872275
