posterior_mean	posterior_var	posterior_sd	posterior_quant	is_contained	PESL
1.55272615367255	0.0475808985914961	0.21813046231899	0.421908705578353	1	0.0503609458726029
