posterior_mean	posterior_var	posterior_sd	posterior_quant	is_contained	PESL
2.44110782647546	0.00449465943060502	0.0670422212535132	0.810734416774567	1	0.00796294753300669
