model	lik	mode	convergence
1A	-350.954884739228	3.05548011316776	0
1C	-404.405008039604	0.433558129006448	0
1G	-418.856408991877	1.18314175749247	0
1T	-404.405008039577	0.433558193303638	0
2A	-404.405008008888	0.433558036059934	0
2C	-404.405008008562	0.433558149696757	0
2G	-402.375206046732	2.85715565907379	0
2T	-387.167913852756	1.90007293422502	0
3A	-404.40500802959	0.433558153120481	0
3C	-385.102507765348	1.93189278282514	0
3G	-404.405008029651	0.433558234370018	0
3T	-404.633644979387	0.665239172022325	0
4A	-404.405008009558	0.433558174325925	0
4C	-385.003745356861	1.93011469108454	0
4G	-404.405008009579	0.433558404975193	0
4T	-404.449519486843	0.412764153743073	0
neutral	-404.6906876604	1	0
