posterior_mean	posterior_var	posterior_sd	posterior_quant	is_contained	PESL
1.55425471037361	0.00331281384705657	0.0575570486305246	0.173239595530079	1	0.00625638744476483
