posterior_mean	posterior_var	posterior_sd	posterior_quant	is_contained	PESL
3.45816274816921	0.247270243376115	0.497262750843168	0.179544646205417	1	0.457183347185723
