posterior_mean	posterior_var	posterior_sd	posterior_quant	is_contained	PESL
2.85195470867345	0.0118320580920268	0.108775264155169	0.911620831768935	1	0.033749466371478
