model	lik	mode	convergence
1A	-328.111341890723	0.335114938210546	0
1C	-328.134008046546	0.433558019291207	0
1G	-343.427549503713	0.991761308313408	0
1T	-328.134008046497	0.43355796623712	0
2A	-328.111341890723	0.335114938210546	0
2C	-328.134008046546	0.433558019291207	0
2G	-343.427549503713	0.991761308313408	0
2T	-328.134008046497	0.43355796623712	0
3A	-328.192005782869	0.391511915570334	0
3C	-328.134008036489	0.433558071115424	0
3G	-343.428139252802	0.986919862226141	0
3T	-328.134008036452	0.433558295779596	0
4A	-328.134008048629	0.43355810037038	0
4C	-328.134008048509	0.433557962009554	0
4G	-343.40757825776	0.979059829715967	0
4T	-328.701907942247	0.854767198829405	0
neutral	-328.41968739153	1	0
