lik	gamma	delta
-1002.96673124731	0.00101708263513187	0.193480624150914
-1071.57205514452	0.00101708263513187	6.61069613519961e-05
-1071.57067382526	0.00101708263513187	6.61069613519961e-05
-1071.57067382526	0.00101708263513187	6.61069613519961e-05
-1024.00781825439	0.00101708263513187	0.122099373688801
-1071.57067410264	0.00101708263513187	6.61069613519961e-05
-1071.57067410264	0.00101708263513187	6.61069613519961e-05
-1071.5709597771	0.00101708263513187	6.61069613519961e-05
-1071.57067382339	0.00101708263513187	6.61069613519961e-05
-1024.58013467624	0.00101708263513187	0.120867372825363
-1071.57067382339	0.00101708263513187	6.61069613519961e-05
-1071.57067382339	0.00101708263513187	6.61069613519961e-05
-1024.449142085	0.00101708263513187	0.12242124864968
-1071.13232456189	0.00101708263513187	0.299079645325055
-1071.57067414736	0.00101708263513187	6.61069613519961e-05
-1071.55727942985	0.00101708263513187	0.015382621237917
-1071.57067382339	0.00101708263513187	6.61069613519961e-05
-1071.57067382339	0.00101708263513187	6.61069613519961e-05
-1024.58013467624	0.00101708263513187	0.120867372825423
-1071.57067382339	0.00101708263513187	6.61069613519961e-05
-1061.71512772307	0.00101708263513187	0.349830867663584
-1031.40811950766	0.00101708263513187	0.112988650758566
-1071.57068219453	0.00101708263513187	6.61069613519961e-05
-1071.57067386879	0.00101708263513187	6.61069613519961e-05
-1071.57067421154	0.00101708263513187	6.61069613519961e-05
-1012.10486341618	0.00101708263513187	0.234697105864937
-1066.78742875373	0.00101708263513187	0.0475022747124474
-1071.53325368932	0.00101708263513187	0.0183218981392707
-1024.58013467624	0.00101708263513187	0.120867372825361
-1071.57067382339	0.00101708263513187	6.61069613519961e-05
-1071.57067382339	0.00101708263513187	6.61069613519961e-05
-1071.57067382339	0.00101708263513187	6.61069613519961e-05
-1071.57067382339	0.00101708263513187	6.61069613519961e-05
-1071.57067382339	0.00101708263513187	6.61069613519961e-05
-1071.57067382339	0.00101708263513187	6.61069613519961e-05
-1024.58013467624	0.00101708263513187	0.120867372825362
-1024.74841647345	0.00101708263513187	0.121338654841507
-1071.57067390015	0.00101708263513187	6.61069613519961e-05
-1071.57067390015	0.00101708263513187	6.61069613519961e-05
-1071.34598319774	0.00101708263513187	0.0822285498983751
-1071.57067338568	0.00101708263513187	0
