lik	gamma	delta
-756.688226914879	0.00183601918865916	0.19244280091524
-765.127668665764	0.00183601918865916	6.61069613519961e-05
-762.122660948659	0.00183601918865916	0.0389238818383739
-765.125878587263	0.00183601918865916	0.00348065672501481
-765.127460115454	0.00183601918865916	6.61069613519961e-05
-757.832526682189	0.00183601918865916	0.05597383017043
-765.128901691717	0.00183601918865916	6.61069613519961e-05
-764.783418190462	0.00183601918865916	0.0406304968541479
-759.569725652699	0.00183601918865916	0.0432059698552341
-764.952615415381	0.00183601918865916	0.0438409412942611
-765.127459794745	0.00183601918865916	6.61069613519961e-05
-765.127459794745	0.00183601918865916	6.61069613519961e-05
-765.127460495947	0.00183601918865916	6.61069613519961e-05
-765.127460495947	0.00183601918865916	6.61069613519961e-05
-764.396922445407	0.00183601918865916	0.292716273503592
-759.687823084717	0.00183601918865916	0.0422820873282349
-765.127459750366	0.00183601918865916	6.61069613519961e-05
-765.127459750366	0.00183601918865916	6.61069613519961e-05
-765.127459750366	0.00183601918865916	6.61069613519961e-05
-759.395859738343	0.00183601918865916	0.0432167342708323
-765.127758318914	0.00183601918865916	6.61069613519961e-05
-765.127460299474	0.00183601918865916	6.61069613519961e-05
-765.127460299474	0.00183601918865916	6.61069613519961e-05
-759.191335578108	0.00183601918865916	0.0441460147365936
-765.127459750366	0.00183601918865916	6.61069613519961e-05
-765.127459750366	0.00183601918865916	6.61069613519961e-05
-759.395859738343	0.00183601918865916	0.0432167342708323
-765.127459750366	0.00183601918865916	6.61069613519961e-05
-765.127795053762	0.00183601918865916	6.61069613519961e-05
-765.12746044269	0.00183601918865916	6.61069613519961e-05
-759.164743366393	0.00183601918865916	0.0442758504210104
-765.12746044269	0.00183601918865916	6.61069613519961e-05
-765.127460255962	0.00183601918865916	6.61069613519961e-05
-765.127460255962	0.00183601918865916	6.61069613519961e-05
-764.40745830928	0.00183601918865916	0.0209054431111401
-758.790516481117	0.00183601918865916	0.0666547033140045
-765.128017434905	0.00183601918865916	6.61069613519961e-05
-759.095668832534	0.00183601918865916	0.0457394264790854
-765.003895437915	0.00183601918865916	0.031421178988908
-765.127461926524	0.00183601918865916	6.61069613519961e-05
-765.127459460951	0.00183601918865916	0
