model	lik	mode	convergence
1A	-294.825494767476	0.713408992526359	0
1C	-294.676765473688	0.433558215652654	0
1G	-307.148116282678	1.25517557269498	0
1T	-294.676765473665	0.433558100835073	0
2A	-294.676765389498	0.43355776024624	0
2C	-294.530321765438	0.303723375495932	0
2G	-306.729466880306	1.27903402374962	0
2T	-294.676765389428	0.43355795731697	0
3A	-294.733632031935	0.786571543436165	0
3C	-307.200377891531	1.25197434067006	0
3G	-294.676765453588	0.433558090161725	0
3T	-294.676765453567	0.433558435779142	0
4A	-293.032182340069	1.90797113283329	0
4C	-308.352041505026	1.1820977814419	0
4G	-294.676765453062	0.433558164790105	0
4T	-294.676765453044	0.43355816306203	0
neutral	-294.962444637263	1	0
