posterior_mean	posterior_var	posterior_sd	posterior_quant	is_contained	PESL
1.57738993566655	1.58337562721658	1.25832254498462	0.604444028643375	1	1.58936482935972
