lik	gamma	delta
-1058.09049685843	0.00158701084628086	0.0606838147877422
-1057.03226464098	0.00158701084628086	0.0172048656224957
-1058.45046199012	0.00158701084628086	6.61069613519961e-05
-1058.45103268004	0.00158701084628086	6.61069613519961e-05
-1057.17739804395	0.00158701084628086	0.0159608413375526
-1058.45007208115	0.00158701084628086	6.61069613519961e-05
-1058.45007208115	0.00158701084628086	6.61069613519961e-05
-1058.45008802256	0.00158701084628086	6.61069613519961e-05
-1058.45007191286	0.00158701084628086	6.61069613519961e-05
-1057.19766620498	0.00158701084628086	0.0157224321227505
-1058.45007191286	0.00158701084628086	6.61069613519961e-05
-1058.45007191286	0.00158701084628086	6.61069613519961e-05
-1058.45007203844	0.00158701084628086	6.61069613519961e-05
-1057.1606115814	0.00158701084628086	0.015972136945227
-1058.45022512577	0.00158701084628086	6.61069613519961e-05
-1058.45007203844	0.00158701084628086	6.61069613519961e-05
-1058.45007254333	0.00158701084628086	6.61069613519961e-05
-1057.18919986891	0.00158701084628086	0.0187033432160635
-1058.21947448881	0.00158701084628086	0.0133574381487317
-1058.45081599755	0.00158701084628086	6.61069613519961e-05
-1058.45007191655	0.00158701084628086	6.61069613519961e-05
-1057.19139319426	0.00158701084628086	0.0157647784139705
-1058.45009812989	0.00158701084628086	6.61069613519961e-05
-1058.45007191655	0.00158701084628086	6.61069613519961e-05
-1058.45030956083	0.00158701084628086	6.61069613519961e-05
-1058.44975227928	0.00158701084628086	0.00218613205566222
-1057.07374947096	0.00158701084628086	0.0166548302360265
-1058.45028621781	0.00158701084628086	6.61069613519961e-05
-1058.45019834077	0.00158701084628086	6.61069613519961e-05
-1058.45007199849	0.00158701084628086	6.61069613519961e-05
-1057.16716688295	0.00158701084628086	0.0159279905123459
-1058.45007199849	0.00158701084628086	6.61069613519961e-05
-1058.45007208209	0.00158701084628086	6.61069613519961e-05
-1057.15552913858	0.00158701084628086	0.0160065754540103
-1058.45024566886	0.00158701084628086	6.61069613519961e-05
-1058.45007208209	0.00158701084628086	6.61069613519961e-05
-1058.45007210459	0.00158701084628086	6.61069613519961e-05
-1058.45007210459	0.00158701084628086	6.61069613519961e-05
-1058.45024890141	0.00158701084628086	6.61069613519961e-05
-1057.15457707393	0.00158701084628086	0.0160140188220602
-1058.45007161233	0.00158701084628086	0
