posterior_mean	posterior_var	posterior_sd	posterior_quant	is_contained	PESL
1.40478495674165	0.00927720857680692	0.0963182670982349	0.83886290374217	1	0.0183431130395432
