model	lik	mode	convergence
1A	-639.738508812708	2.52566649093221	0
1C	-654.72381015861	0.433558100655115	0
1G	-670.709007871937	1.00284765912185	0
1T	-654.72381015858	0.433558227454946	0
2A	-667.774566541937	1.19239653288289	0
2C	-654.723810170523	0.433558031999625	0
2G	-654.723810170481	0.433558139507008	0
2T	-654.726527560594	0.344653996459688	0
3A	-654.723810171495	0.433558031029451	0
3C	-654.975952523183	0.480642732694764	0
3G	-667.744225738807	1.19392457148152	0
3T	-654.723810171417	0.433557899170236	0
4A	-654.72381016602	0.433558092251547	0
4C	-654.773814837506	0.373446102595074	0
4G	-667.827143690605	1.19044455701818	0
4T	-654.723810165949	0.433558102668961	0
5A	-654.775971780811	0.405530996053195	0
5C	-654.723810142876	0.433558249390213	0
5G	-654.723810142902	0.433557999933935	0
5T	-667.876827946447	1.18861031008582	0
6A	-654.975952523069	0.480642739307021	0
6C	-654.723810171325	0.433558038882428	0
6G	-667.744225738685	1.1939245630029	0
6T	-654.723810171289	0.433558058747419	0
7A	-656.302879731232	1.0101349431665	0
7C	-654.723810167264	0.433558114644689	0
7G	-654.72381016726	0.433558299787875	0
7T	-667.553656048095	1.21523456942399	0
8A	-654.723810142873	0.433558092502177	0
8C	-667.876827946707	1.18861031305257	0
8G	-654.723810143085	0.433558188225207	0
8T	-654.77597178097	0.405530978229109	0
9A	-654.723810165867	0.433558015482961	0
9C	-668.175278361045	1.17915332832326	0
9G	-654.723810165875	0.433558027848785	0
9T	-654.876162843536	1.26187321716979	0
10A	-654.723810171007	0.433558075297035	0
10C	-656.765187897602	1.04297985906889	0
10G	-666.31164993212	1.32792303579056	0
10T	-654.723810170918	0.433558023265665	0
11A	-667.969411240512	1.18605197042547	0
11C	-654.723810155583	0.433558149311923	0
11G	-655.127198601444	0.817710554783081	0
11T	-654.723810155571	0.433558232485392	0
12A	-655.043466873556	0.572184552329282	0
12C	-654.723810134126	0.433558122958256	0
12G	-667.862299595156	1.18956084262103	0
12T	-654.723810134211	0.433558233574883	0
neutral	-655.009489778614	1	0
