lik	gamma	delta
-1042.85761603143	0.00260259392968833	0.255280985865408
-1129.19275165243	0.00260259392968833	0.0135588766924522
-1129.47204207844	0.00260259392968833	0.033682687942058
-1129.51981512021	0.00260259392968833	6.61069613519961e-05
-1129.51988154364	0.00260259392968833	6.61069613519961e-05
-1129.51967716005	0.00260259392968833	6.61069613519961e-05
-1129.52031842773	0.00260259392968833	6.61069613519961e-05
-1068.52007374322	0.00260259392968833	0.145246041325927
-1129.51967550591	0.00260259392968833	6.61069613519961e-05
-1072.45732113245	0.00260259392968833	0.137766631645097
-1129.51967550591	0.00260259392968833	6.61069613519961e-05
-1128.18779983171	0.00260259392968833	0.247718437597856
-1129.51967549064	0.00260259392968833	6.61069613519961e-05
-1129.51967549064	0.00260259392968833	6.61069613519961e-05
-1071.2299501527	0.00260259392968833	0.138803004422817
-1129.5197063443	0.00260259392968833	6.61069613519961e-05
-1128.24689227079	0.00260259392968833	0.237015244623897
-1129.51967587579	0.00260259392968833	6.61069613519961e-05
-1129.25772188257	0.00260259392968833	0.177672202561175
-1072.61728748129	0.00260259392968833	0.137963855842869
-1129.51998447585	0.00260259392968833	6.61069613519961e-05
-1129.51967636731	0.00260259392968833	6.61069613519961e-05
-1129.5197377957	0.00260259392968833	6.61069613519961e-05
-1070.4201151334	0.00260259392968833	0.140565996823222
-1071.82897052694	0.00260259392968833	0.138096339439354
-1128.59615280649	0.00260259392968833	0.63719614722101
-1129.51967552768	0.00260259392968833	6.61069613519961e-05
-1129.51968181928	0.00260259392968833	6.61069613519961e-05
-1069.90130138658	0.00260259392968833	0.141544802292118
-1129.51983090806	0.00260259392968833	6.61069613519961e-05
-1129.52012427958	0.00260259392968833	6.61069613519961e-05
-1129.51967677715	0.00260259392968833	6.61069613519961e-05
-1129.51967609606	0.00260259392968833	6.61069613519961e-05
-1067.19151860993	0.00260259392968833	0.151196224232019
-1129.51981995534	0.00260259392968833	6.61069613519961e-05
-1129.51967609606	0.00260259392968833	6.61069613519961e-05
-1129.46239163613	0.00260259392968833	0.0288080603268058
-1129.51967771049	0.00260259392968833	6.61069613519961e-05
-1070.49155711928	0.00260259392968833	0.142020070695734
-1129.51967771049	0.00260259392968833	6.61069613519961e-05
-1129.51967506644	0.00260259392968833	0
