posterior_mean	posterior_var	posterior_sd	posterior_quant	is_contained	PESL
1.43320758931966	0.0174716929002122	0.132180531471969	0.701411550540781	1	0.0219329190243763
