posterior_mean	posterior_var	posterior_sd	posterior_quant	is_contained	PESL
1.54284906940353	0.00483226048232596	0.0695144623968708	0.271879247144237	1	0.00666830323105901
