model	lik	mode	convergence
1A	-605.722295225924	3.12166548331603	0
1C	-750.124285379718	0.433557963639981	0
1G	-766.914641038222	1.01133274406153	0
1T	-750.124285379672	0.433557959681483	0
2A	-750.124285380254	0.433558133806536	0
2C	-669.653007695262	2.21453854253248	0
2G	-750.124285380319	0.433558131185123	0
2T	-750.050952378886	1.43673777903392	0
3A	-750.124285383783	0.433558134868021	0
3C	-668.276452415428	2.2185793983454	0
3G	-750.124285383793	0.433558163065771	0
3T	-750.182225639286	0.38945961688698	0
4A	-667.70871388682	2.22520873273876	0
4C	-750.124285399302	0.433558050971423	0
4G	-750.124285399263	0.433558132132997	0
4T	-750.126534747862	0.344459202387695	0
5A	-750.124285363473	0.433558237902057	0
5C	-750.557817217029	0.999036501246654	0
5G	-668.619940773899	2.22238703960949	0
5T	-750.124285363392	0.433558039826703	0
6A	-672.05605117588	2.19973157529495	0
6C	-747.858932705621	2.43119315576129	0
6G	-750.12428536344	0.433558198318264	0
6T	-750.124285363314	0.433558096547645	0
neutral	-750.409965294824	1	0
