posterior_mean	posterior_var	posterior_sd	posterior_quant	is_contained	PESL
2.79533198369112	0.0869241308714482	0.294828985806091	0.762093657447884	1	0.128813127771269
