model	lik	mode	convergence
1A	-219.122505009667	2.36505451646767	0
1C	-239.060965562598	0.433558116905826	0
1G	-239.060965562751	0.433558371343898	0
1T	-253.345822487608	0.879046797971876	0
2A	-241.443147887857	1.72320075791518	0
2C	-239.06096560148	0.433558051858212	0
2G	-239.06096560143	0.433558004660312	0
2T	-239.353381841353	0.561829947042446	0
3A	-239.060965578108	0.433558101026128	0
3C	-221.917732982711	2.14534175596508	0
3G	-239.060965578117	0.433558013715162	0
3T	-252.623868987081	0.829567401071565	0
neutral	-239.346644768994	1	0
