posterior_mean	posterior_var	posterior_sd	posterior_quant	is_contained	PESL
1.56025965950355	0.00801763223665518	0.0895412320478961	0.253782726823079	1	0.011648858800134
