posterior_mean	posterior_var	posterior_sd	posterior_quant	is_contained	PESL
2.53632532710601	0.00932064012944815	0.0965434623858506	0.357425762469396	1	0.0106401695188094
