model	lik	mode	convergence
1A	-586.493591510887	2.71109295145657	0
1C	-593.220383270796	0.433557898170705	0
1G	-607.994661868338	1.0220599758959	0
1T	-593.220383270744	0.433558284001917	0
2A	-593.130137915869	0.315962077932232	0
2C	-593.22038325519	0.433557844592766	0
2G	-607.11962610375	1.10122893447433	0
2T	-593.220383255149	0.433557801225806	0
3A	-607.266125989735	1.09340624425487	0
3C	-593.220383300532	0.433558099403908	0
3G	-593.220383300481	0.433558056938014	0
3T	-594.298098519289	1.02059347305138	0
4A	-607.125483286557	1.10101441036942	0
4C	-593.220383218603	0.43355779576569	0
4G	-593.220383218565	0.433557774605067	0
4T	-593.416735736276	0.455987461423022	0
5A	-606.861660684648	1.11770922837483	0
5C	-593.220383281898	0.43355796602567	0
5G	-593.220383281849	0.433558019248341	0
5T	-594.711704357446	0.919204463381937	0
6A	-592.550912663707	1.77119650348572	0
6C	-607.417120323165	1.08301841926474	0
6G	-593.220383268384	0.433558091608673	0
6T	-593.220383268366	0.433558282878765	0
7A	-593.220383301932	0.433558085493488	0
7C	-593.254918848073	0.360792336839509	0
7G	-607.167686943865	1.0984283236278	0
7T	-593.220383301823	0.43355807141851	0
neutral	-593.506061868842	1	0
