posterior_mean	posterior_var	posterior_sd	posterior_quant	is_contained	PESL
2.84965208308959	0.0443404891296052	0.210571814660949	0.766210727464819	1	0.0669449852474407
