posterior_mean	posterior_var	posterior_sd	posterior_quant	is_contained	PESL
2.37830029641323	0.0139965121602013	0.118306855930674	0.84806069752199	1	0.0288073300132872
