model	lik	mode	convergence
1A	-156.57198849753	2.9268509923623	0
1C	-200.468050631659	1.24139744368117	0
1G	-187.689413357569	0.433558221120884	0
1T	-187.689413357537	0.433558164276995	0
2A	-187.689413360083	0.433558111113367	0
2C	-187.689413359946	0.433558080805485	0
2G	-187.994703655136	0.520529539225229	0
2T	-172.029427356266	2.44577342393771	0
neutral	-187.975091423667	1	0
