model	lik	mode	convergence
1A	-466.742678528931	2.87376057217031	0
1C	-501.213483146951	0.433558084884315	0
1G	-501.21348314694	0.433558182228062	0
1T	-514.435982491234	1.13343726606992	0
2A	-501.23564428837	0.353677439151311	0
2C	-501.213483152028	0.433558103615192	0
2G	-501.213483152021	0.433558069016425	0
2T	-497.68550727221	1.57208285868067	0
3A	-501.213483150288	0.43355805440359	0
3C	-498.620533524194	1.559181778872	0
3G	-501.315141089423	1.29988298956248	0
3T	-501.213483150421	0.433558154229568	0
4A	-501.271344074658	0.393324517044216	0
4C	-501.213483131387	0.433558184623139	0
4G	-501.213483131388	0.433558213306661	0
4T	-497.892579729434	1.56729055191567	0
5A	-501.213483115581	0.43355815028031	0
5C	-500.044244106994	1.53567976507941	0
5G	-499.753181328005	2.01985455180038	0
5T	-501.213483115632	0.433558234186661	0
6A	-497.847703770232	1.56831081214159	0
6C	-501.213483138593	0.433558198983311	0
6G	-501.213483138549	0.433557967382313	0
6T	-501.270147148016	0.383882695067595	0
7A	-498.106211185359	1.5648694730639	0
7C	-501.345765897749	0.672388993692584	0
7G	-501.213483151713	0.433558114176815	0
7T	-501.213483151701	0.433558118663836	0
neutral	-501.49916096752	1	0
