posterior_mean	posterior_var	posterior_sd	posterior_quant	is_contained	PESL
2.90702086438556	0.0955866578487192	0.30917092012141	0.0888218932635081	1	0.261252641893869
