lik	gamma	delta
-546.69732100223	0.00243312447909301	0.21645417097677
-564.242532197254	0.00243312447909301	0.0449435972966835
-564.467744855818	0.00243312447909301	6.61069613519961e-05
-564.149495362795	0.00243312447909301	0.0144743233666259
-555.521195180887	0.00243312447909301	0.0683297609610832
-564.467745308285	0.00243312447909301	6.61069613519961e-05
-564.468065181184	0.00243312447909301	6.61069613519961e-05
-564.467745308285	0.00243312447909301	6.61069613519961e-05
-564.467744639869	0.00243312447909301	6.61069613519961e-05
-555.718594790054	0.00243312447909301	0.0672507637457587
-564.467887395412	0.00243312447909301	6.61069613519961e-05
-564.467744639869	0.00243312447909301	6.61069613519961e-05
-564.467829663545	0.00243312447909301	6.61069613519961e-05
-555.241091939475	0.00243312447909301	0.069879497612675
-564.467746400261	0.00243312447909301	6.61069613519961e-05
-564.468224317939	0.00243312447909301	6.61069613519961e-05
-564.467780099646	0.00243312447909301	6.61069613519961e-05
-555.228808301876	0.00243312447909301	0.069927934180344
-564.468171435614	0.00243312447909301	6.61069613519961e-05
-564.467862821981	0.00243312447909301	6.61069613519961e-05
-556.739166747769	0.00243312447909301	0.0635953145610472
-564.467744504597	0.00243312447909301	6.61069613519961e-05
-564.467744504597	0.00243312447909301	6.61069613519961e-05
-563.17783666525	0.00243312447909301	0.183816002460419
-564.197248493245	0.00243312447909301	0.0930218902523276
-564.46774457132	0.00243312447909301	6.61069613519961e-05
-564.46774457132	0.00243312447909301	6.61069613519961e-05
-556.117059796717	0.00243312447909301	0.0660540482402019
-564.467744469281	0.00243312447909301	6.61069613519961e-05
-564.467744469281	0.00243312447909301	6.61069613519961e-05
-555.867813418136	0.00243312447909301	0.0664642739293915
-564.467744469281	0.00243312447909301	6.61069613519961e-05
-564.467744469281	0.00243312447909301	6.61069613519961e-05
-555.867813418136	0.00243312447909301	0.0664642739294327
-564.467744469281	0.00243312447909301	6.61069613519961e-05
-564.467744469281	0.00243312447909301	6.61069613519961e-05
-555.867813418136	0.00243312447909301	0.0664642739293999
-564.467744469281	0.00243312447909301	6.61069613519961e-05
-564.467744469281	0.00243312447909301	6.61069613519961e-05
-564.467744469281	0.00243312447909301	6.61069613519961e-05
-564.467744183829	0.00243312447909301	0
