posterior_mean	posterior_var	posterior_sd	posterior_quant	is_contained	PESL
2.71047845758523	0.0758141372082996	0.27534367108815	0.226349132014554	1	0.120115318316635
