model	lik	mode	convergence
1A	-1199.07631039215	1.37963038477892	0
1C	-1201.88402239923	0.433558081982316	0
1G	-1201.88402239922	0.433557960602017	0
1T	-1217.08598783383	0.986763853727082	0
2A	-1201.88402236136	0.433558355969827	0
2C	-1201.88402236111	0.43355830878199	0
2G	-1201.89371522777	0.43031316828004	0
2T	-1216.38870152114	1.06617995547868	0
3A	-1216.35895088618	1.06743986273897	0
3C	-1201.88402239982	0.433558034528943	0
3G	-1201.88402239977	0.433558154372028	0
3T	-1202.17621050756	0.527452942115381	0
4A	-1202.14693164571	0.935852180133299	0
4C	-1201.8840223819	0.4335581693324	0
4G	-1201.88402238191	0.433558133608532	0
4T	-1216.44062872081	1.06405526327115	0
5A	-1216.39695604092	1.06587288008791	0
5C	-1202.0975307808	0.625341973411185	0
5G	-1201.88402239865	0.433558107614021	0
5T	-1201.88402239863	0.433558005137665	0
6A	-1201.88402239527	0.433558085855364	0
6C	-1201.88402239516	0.433558047962063	0
6G	-1216.35737380059	1.06746846852376	0
6T	-1201.93054148814	0.369922166844708	0
7A	-1201.8840223687	0.433558131303777	0
7C	-1202.19912589897	0.581795102274569	0
7G	-1216.37898477517	1.06661347710416	0
7T	-1201.88402236858	0.433558086795086	0
8A	-1216.35737380057	1.06746846854068	0
8C	-1201.93054148812	0.369922161470526	0
8G	-1201.88402239526	0.433558000640395	0
8T	-1201.88402239524	0.433558029422712	0
9A	-1216.4232818451	1.06476417596557	0
9C	-1201.88402236739	0.433558046573126	0
9G	-1201.88402236735	0.433558122751893	0
9T	-1202.01066971093	0.748173172917644	0
10A	-1201.88402238439	0.433558122311366	0
10C	-1201.88402238429	0.433558099363463	0
10G	-1216.42908584069	1.06454723704728	0
10T	-1202.22323323725	0.874183813770888	0
11A	-1201.88402238241	0.433558144233348	0
11C	-1201.88402238225	0.433558029946716	0
11G	-1201.94194974706	0.389309472607737	0
11T	-1216.36845599872	1.06701448421373	0
12A	-1216.04067675143	1.08106481081753	0
12C	-1203.29742105239	0.86791611852807	0
12G	-1201.88402239255	0.433558186425911	0
12T	-1201.88402239252	0.433558225370984	0
neutral	-1202.16970114618	1	0
