posterior_mean	posterior_var	posterior_sd	posterior_quant	is_contained	PESL
1.99447499852586	0.0354885307327564	0.188383998080401	0.524330520278279	1	0.0355190563740449
