posterior_mean	posterior_var	posterior_sd	posterior_quant	is_contained	PESL
2.83427044015086	0.020568421315389	0.143416949191471	0.875045109090207	1	0.0480347083232236
