model	lik	mode	convergence
1A	-966.40762094239	3.04005435854693	0
1C	-1286.7600130405	0.433557993039694	0
1G	-1286.76001304048	0.433557981958691	0
1T	-1301.76133636897	0.988952205862014	0
2A	-1286.76001302159	0.433558180623149	0
2C	-1030.28132931013	2.60114928156254	0
2G	-1286.79862328454	0.416883781292759	0
2T	-1286.76001302191	0.433558135423738	0
3A	-1286.78925197855	0.422107229278196	0
3C	-1286.76001301958	0.433558004179361	0
3G	-1030.3410549255	2.60081890243255	0
3T	-1286.76001301962	0.433558234219635	0
4A	-1286.80472416629	0.368310769748591	0
4C	-1286.76001305436	0.433558090944751	0
4G	-1029.59270896829	2.60525730566378	0
4T	-1286.76001305434	0.433558039172538	0
5A	-1286.7600130371	0.433558132909456	0
5C	-1286.76001303699	0.43355838482651	0
5G	-1029.99302032197	2.60281123193	0
5T	-1286.81772968156	0.394274099905392	0
6A	-1286.76001302037	0.433558086029208	0
6C	-1286.79143125181	0.420993540620952	0
6G	-1030.32854789227	2.600887659539	0
6T	-1286.76001302017	0.433558423899635	0
7A	-1030.34025603978	2.60082329241835	0
7C	-1286.76001301979	0.433558093762289	0
7G	-1286.78939485608	0.422035751826315	0
7T	-1286.76001301972	0.433558220392036	0
neutral	-1287.04569232865	1	0
