posterior_mean	posterior_var	posterior_sd	posterior_quant	is_contained	PESL
3.04422526900373	0.0126683110299901	0.112553591812923	0.351048755767835	1	0.0146241854484498
