posterior_mean	posterior_var	posterior_sd	posterior_quant	is_contained	PESL
1.26724541748974	0.210859723581746	0.459194646725924	0.729428490048875	1	0.265034419260641
