posterior_mean	posterior_var	posterior_sd	posterior_quant	is_contained	PESL
2.46625689058201	0.0156651585575581	0.125160531149233	0.612302244336679	1	0.0168037559907592
