model	lik	mode	convergence
1A	-533.670593061189	3.06459679393519	0
1C	-705.906036953563	0.918841619449256	0
1G	-691.264085212492	0.433558122142428	0
1T	-691.264085212462	0.433558160649718	0
2A	-691.264085178481	0.433558019125861	0
2C	-691.285239370348	0.425838219871896	0
2G	-691.264085178488	0.433557661621038	0
2T	-581.644769633351	2.48473774661373	0
3A	-691.264085192641	0.433558132445454	0
3C	-691.319836541127	0.400083536121846	0
3G	-581.357786894892	2.48791354516143	0
3T	-691.264085192497	0.433558147654963	0
4A	-587.542040141469	2.46158949369712	0
4C	-686.771571908025	2.85106611289756	0
4G	-691.264085178451	0.433558353188356	0
4T	-691.264085178196	0.433558127913474	0
5A	-691.264085181317	0.43355813767187	0
5C	-582.387206674196	2.48027658341976	0
5G	-691.264085181515	0.433558361074254	0
5T	-691.119119591695	0.887361773801421	0
6A	-691.037906111982	0.92290856302392	0
6C	-691.264085180622	0.433558452832576	0
6G	-582.47261601145	2.47937871300139	0
6T	-691.264085180698	0.433558053967171	0
7A	-574.606080353013	2.57827177209854	0
7C	-691.264085207698	0.433557993588292	0
7G	-691.701051778298	0.606571464121469	0
7T	-691.264085207694	0.433558015775638	0
neutral	-691.54976444936	1	0
