posterior_mean	posterior_var	posterior_sd	posterior_quant	is_contained	PESL
3.07321511425342	0.0264327243838145	0.162581439235278	0.331329036937749	1	0.0317931773389563
