model	lik	mode	convergence
1A	-302.662095719285	2.72658603295399	0
1C	-365.526346339693	0.433558065162205	0
1G	-365.526346339683	0.433558050274323	0
1T	-379.011796590584	0.885137681221765	0
2A	-365.434958061356	0.315687396769875	0
2C	-329.679790226264	2.23460456728276	0
2G	-365.526346291477	0.433557799975883	0
2T	-365.52634629145	0.433557931784801	0
3A	-365.561972287781	0.418660816273669	0
3C	-331.008740564976	2.20343231318165	0
3G	-365.526346302601	0.433558397269632	0
3T	-365.526346302594	0.433558021017225	0
neutral	-365.812024428188	1	0
