model	lik	mode	convergence
1A	-865.806843304054	2.24192828417341	0
1C	-956.406648698112	1.01031307188188	0
1G	-941.004754414984	0.433558248700465	0
1T	-941.004754414957	0.433557955939907	0
2A	-942.098867231806	0.946222595369828	0
2C	-941.004754438349	0.433558068273146	0
2G	-902.755852914688	1.78038229521341	0
2T	-941.004754438312	0.433557977436914	0
3A	-904.931856660205	1.74658497388896	0
3C	-941.088331711995	1.06882274078122	0
3G	-941.004754412365	0.433558169757654	0
3T	-941.004754412333	0.433558196170872	0
4A	-903.956586432529	1.75420954381658	0
4C	-941.004754438523	0.433558068745592	0
4G	-941.004754438487	0.433558086139878	0
4T	-941.02375416693	0.352062519967406	0
5A	-941.004754400278	0.433558043480504	0
5C	-905.956927743796	1.74127085368957	0
5G	-940.429768657744	1.74942210913621	0
5T	-941.004754400366	0.433558149943742	0
6A	-941.004754415037	0.433558143190205	0
6C	-941.061642262974	0.397420981245211	0
6G	-941.004754415052	0.433558046385244	0
6T	-904.271812678952	1.75069489155374	0
7A	-941.004754405855	0.433558079942356	0
7C	-941.00475440568	0.43355837550951	0
7G	-941.169871016474	0.725042442259522	0
7T	-904.625847340897	1.74836933404799	0
8A	-941.004754435748	0.433558022379224	0
8C	-941.004754435633	0.433558057981519	0
8G	-903.880459335092	1.75508927552193	0
8T	-941.003059390964	0.34285103114187	0
9A	-941.004754402611	0.433558170250536	0
9C	-941.004754402544	0.433558119354948	0
9G	-938.974713221733	2.54395746986042	0
9T	-906.657190006045	1.73401673759339	0
10A	-941.004754401953	0.433558332383601	0
10C	-904.382002411991	1.74952519992423	0
10G	-941.043276890909	0.416919963799507	0
10T	-941.004754402311	0.43355788162687	0
11A	-941.00475440965	0.433558102082263	0
11C	-941.004754409587	0.433557930886726	0
11G	-904.315054113553	1.75023175014288	0
11T	-941.057492888879	0.40480876585113	0
12A	-941.004754438271	0.433558074102586	0
12C	-903.988881926393	1.75523420561468	0
12G	-941.296614453133	0.537084544242893	0
12T	-941.004754438401	0.433558008415471	0
13A	-903.936487136955	1.75444079424892	0
13C	-941.00475443819	0.433558021622277	0
13G	-941.004754438147	0.433558032445282	0
13T	-941.018614873253	0.349574947704991	0
neutral	-941.290433872951	1	0
