posterior_mean	posterior_var	posterior_sd	posterior_quant	is_contained	PESL
2.24931993797756	0.0165815427994909	0.128769339516404	0.0230978597655832	0	0.0787419742725807
