posterior_mean	posterior_var	posterior_sd	posterior_quant	is_contained	PESL
1.42903991198362	0.0128792749024884	0.113486893086772	0.739455787991378	1	0.0179146090825883
