posterior_mean	posterior_var	posterior_sd	posterior_quant	is_contained	PESL
1.70322453587597	0.0102720907989897	0.101351323617354	0.0191746991999378	0	0.0515723027809833
