posterior_mean	posterior_var	posterior_sd	posterior_quant	is_contained	PESL
1.66552822780968	0.0163802880222422	0.127985499265511	0.0945697845142989	1	0.0437798822240324
