posterior_mean	posterior_var	posterior_sd	posterior_quant	is_contained	PESL
0.985902723206957	0.0964294393411496	0.310530899172932	0.936937804701131	1	0.360725449347101
