posterior_mean	posterior_var	posterior_sd	posterior_quant	is_contained	PESL
2.22957124644739	0.0729689930764403	0.270127734741252	0.20042247856209	1	0.125671950271792
