model	lik	mode	convergence
1A	-493.598144206589	3.08603739758701	0
1C	-667.840076043998	0.433558139142158	0
1G	-681.227753968761	0.84002338989847	0
1T	-667.840076044018	0.433557966795283	0
2A	-515.975194647691	2.94806916242273	0
2C	-667.840076041936	0.433557999411593	0
2G	-667.328134558247	1.66143201311104	0
2T	-667.840076041956	0.433558247727556	0
3A	-667.840076047846	0.433558127930449	0
3C	-663.01890927497	3.82487832062014	0
3G	-520.205752111869	2.92383402712241	0
3T	-667.840076047741	0.43355834113806	0
4A	-667.840076054604	0.433558067209058	0
4C	-667.840076054455	0.43355800533166	0
4G	-515.286738687036	2.95140124004319	0
4T	-667.688291430483	1.22375856525056	0
5A	-667.840076060134	0.433558221541543	0
5C	-513.779612461818	2.95906911208963	0
5G	-667.897863734899	0.39384336694055	0
5T	-667.840076060291	0.433558272666432	0
6A	-667.840076081068	0.433558057791798	0
6C	-667.840076080928	0.433558006883099	0
6G	-667.868487880416	0.357060080702902	0
6T	-513.022855084093	2.96916535265606	0
neutral	-668.125754725836	1	0
