posterior_mean	posterior_var	posterior_sd	posterior_quant	is_contained	PESL
3.09396000798598	0.0244938910019839	0.156505242730025	0.277719780829895	1	0.0333223741027015
