posterior_mean	posterior_var	posterior_sd	posterior_quant	is_contained	PESL
1.93096620515338	0.395285388141201	0.62871725611852	0.826133416336353	1	0.719084847818731
