model	lik	mode	convergence
1A	-462.65017634827	3.02100841055661	0
1C	-629.718761137018	0.433558085002633	0
1G	-629.718761136996	0.433557954993531	0
1T	-630.390831671638	1.26342966005383	0
2A	-629.718760829006	0.433558181640908	0
2C	-476.733171563855	2.96594205355315	0
2G	-629.718760829216	0.433558175983622	0
2T	-629.7496188411	0.421284296737855	0
3A	-629.776297796808	0.386812358797937	0
3C	-476.171682764318	2.9729478641958	0
3G	-629.718760851626	0.433558026734219	0
3T	-629.71876085162	0.433558167966476	0
4A	-629.93452088973	0.688665671647381	0
4C	-476.68903212239	2.97139811132317	0
4G	-629.718760837613	0.433558170960116	0
4T	-629.718760837571	0.433558266935328	0
5A	-629.760115394639	0.415064824229294	0
5C	-476.64392577237	2.96700316334432	0
5G	-629.718760831852	0.433558294681666	0
5T	-629.718760831833	0.43355812787105	0
6A	-629.775912159209	0.385331184224995	0
6C	-629.718760852628	0.433558081186728	0
6G	-629.71876085264	0.433558129608379	0
6T	-476.143652971475	2.97331448746792	0
neutral	-630.004440678063	1	0
