model	lik	mode	convergence
1A	-282.603924078795	2.19181654517366	0
1C	-289.358690767941	0.433558149365559	0
1G	-289.358690767946	0.433558303439329	0
1T	-304.069327443748	0.855450940413384	0
2A	-289.358690572046	0.433557248809058	0
2C	-289.35869057192	0.433557462215816	0
2G	-294.259088515763	1.1211598005822	0
2T	-289.13918105523	0.401875255265126	0
3A	-290.185905399347	0.950591192129614	0
3C	-289.358690781941	0.433558012426585	0
3G	-289.358690781916	0.433558073452759	0
3T	-304.652868967802	1.07153535343524	0
neutral	-289.644370316034	1	0
