posterior_mean	posterior_var	posterior_sd	posterior_quant	is_contained	PESL
2.26386211044942	0.159631866065479	0.399539567584337	0.735984695926509	1	0.215392968946851
