posterior_mean	posterior_var	posterior_sd	posterior_quant	is_contained	PESL
2.51765731806457	0.0166181665381978	0.128911467830437	0.452175183780312	1	0.0169299474194296
