posterior_mean	posterior_var	posterior_sd	posterior_quant	is_contained	PESL
1.50440074419676	0.0019167084469168	0.0437802289500273	0.463784744689977	1	0.0019360749964067
