model	lik	mode	convergence
1A	-979.261522171433	1.45743407099027	0
1C	-998.841606236226	0.433558196968721	0
1G	-998.841606236292	0.433558246294516	0
1T	-1012.39750752474	0.930234876409586	0
2A	-998.841606247463	0.433558064151997	0
2C	-998.841606247392	0.433558120858884	0
2G	-996.911968540581	2.48525573770203	0
2T	-996.688249313022	1.35629250806846	0
3A	-994.114357100018	1.38977927836721	0
3C	-998.841606259434	0.43355813877741	0
3G	-999.546082869331	0.69304215052983	0
3T	-998.841606259407	0.433558263383501	0
4A	-995.243696289764	1.37158708324607	0
4C	-998.841606266098	0.433558154691537	0
4G	-998.892184159396	0.374091840761602	0
4T	-998.841606266084	0.433558252356131	0
5A	-996.197920792952	1.6964161815249	0
5C	-998.754726087275	1.34210610416913	0
5G	-998.841606248509	0.433558269649114	0
5T	-998.841606248492	0.433558208437827	0
6A	-999.058679973338	0.601379754800697	0
6C	-998.841606263545	0.433557942760284	0
6G	-995.364069104498	1.37073947395787	0
6T	-998.841606263498	0.433558086214569	0
7A	-998.841606272726	0.433558048525199	0
7C	-996.462157586035	1.3604143566084	0
7G	-998.841606272727	0.433558191262413	0
7T	-998.345621975464	1.67693652775698	0
8A	-998.685433948967	1.4873343178774	0
8C	-998.84160625248	0.433558150055483	0
8G	-998.841606252487	0.433558072297815	0
8T	-996.029659711221	1.36374789579324	0
neutral	-999.127283722756	1	0
