model	lik	mode	convergence
1A	-316.376831858148	2.21941153131598	0
1C	-349.730630472549	0.989429661629563	0
1G	-334.559278244241	0.433558229490056	0
1T	-334.559278244171	0.433558376407227	0
2A	-334.559278271072	0.433558117424702	0
2C	-334.380848447867	1.40806888312743	0
2G	-336.496364326271	1.7879241121874	0
2T	-334.559278270954	0.43355808511396	0
3A	-334.559278241002	0.433558900703989	0
3C	-335.664510600525	1.80454808450019	0
3G	-334.56500729288	0.431687751928941	0
3T	-334.559278243326	0.433558849376784	0
4A	-334.433541380604	0.881676590701308	0
4C	-334.559278244317	0.433558628218384	0
4G	-336.126167617098	1.79147712944993	0
4T	-334.559278244381	0.433557607327994	0
5A	-334.990945749197	1.83388632866811	0
5C	-334.550296130047	0.340005810347777	0
5G	-334.559278278755	0.433558098568714	0
5T	-334.559278278742	0.43355802830408	0
6A	-334.55927824828	0.433558157783036	0
6C	-334.559278248182	0.43355824012054	0
6G	-334.600700996651	0.415017948258499	0
6T	-335.571081215497	1.80836306650576	0
7A	-334.594023983094	0.419159385009456	0
7C	-335.59536107198	1.80736219260559	0
7G	-334.559278246025	0.433558163498537	0
7T	-334.559278246046	0.433558260007122	0
8A	-334.559278246527	0.433558234020222	0
8C	-335.590998480168	1.80754154670471	0
8G	-334.559278246477	0.43355815040397	0
8T	-334.595334834329	0.418412937837227	0
9A	-334.751374325292	0.681001158838446	0
9C	-334.559278275362	0.433558174668704	0
9G	-334.559278275351	0.433557994606671	0
9T	-335.708472069181	1.80914749599945	0
neutral	-334.844957958101	1	0
