posterior_mean	posterior_var	posterior_sd	posterior_quant	is_contained	PESL
2.38801035033662	0.0164266702888575	0.128166572431572	0.810114017958493	1	0.0289683519205968
