posterior_mean	posterior_var	posterior_sd	posterior_quant	is_contained	PESL
1.38533340574251	0.00190819294971083	0.0436828679199389	0.994859980293237	0	0.0150566207884344
