posterior_mean	posterior_var	posterior_sd	posterior_quant	is_contained	PESL
1.34216913307184	0.0334628352062902	0.182928497523732	0.80958162681886	1	0.0583734177615865
