posterior_mean	posterior_var	posterior_sd	posterior_quant	is_contained	PESL
1.30519933121994	0.176773968159947	0.420444964483994	0.711277833593767	1	0.214721268717158
