posterior_mean	posterior_var	posterior_sd	posterior_quant	is_contained	PESL
1.97257704474863	0.00247760772509235	0.0497755735787379	0.711169957965985	1	0.00322962619983473
