posterior_mean	posterior_var	posterior_sd	posterior_quant	is_contained	PESL
2.24601868329508	0.0984766120272166	0.313809834178626	0.221417965059056	1	0.159001804557379
