posterior_mean	posterior_var	posterior_sd	posterior_quant	is_contained	PESL
2.36121942810933	0.0179842252505431	0.134105276743844	0.849455149209025	1	0.0372442723848411
