lik	gamma	delta
-1668.87988601866	0.00146387488173304	0.312410499169699
-1957.53113389995	0.00146387488173304	0.608257232019315
-1958.42429067188	0.00146387488173304	6.61069613519961e-05
-1958.42368340963	0.00146387488173304	6.61069613519961e-05
-1958.42348489275	0.00146387488173304	6.61069613519961e-05
-1958.42346002936	0.00146387488173304	6.61069613519961e-05
-1958.17409885901	0.00146387488173304	0.151050236095254
-1698.86016904779	0.00146387488173304	0.266849700903107
-1698.16074855372	0.00146387488173304	0.267083492175922
-1958.4235390721	0.00146387488173304	6.61069613519961e-05
-1958.42346004085	0.00146387488173304	6.61069613519961e-05
-1958.4235382684	0.00146387488173304	6.61069613519961e-05
-1958.42346002873	0.00146387488173304	6.61069613519961e-05
-1958.42346002873	0.00146387488173304	6.61069613519961e-05
-1949.19061776968	0.00146387488173304	0.455081751282116
-1707.17310197978	0.00146387488173304	0.263648426290893
-1958.42345998011	0.00146387488173304	6.61069613519961e-05
-1698.83081644622	0.00146387488173304	0.266353716603115
-1958.42345998011	0.00146387488173304	6.61069613519961e-05
-1958.42345998011	0.00146387488173304	6.61069613519961e-05
-1958.42345998396	0.00146387488173304	6.61069613519961e-05
-1698.71522179074	0.00146387488173304	0.266475865659603
-1958.42345998396	0.00146387488173304	6.61069613519961e-05
-1958.42348800993	0.00146387488173304	6.61069613519961e-05
-1958.42351580755	0.00146387488173304	6.61069613519961e-05
-1958.42345999543	0.00146387488173304	6.61069613519961e-05
-1958.42345999543	0.00146387488173304	6.61069613519961e-05
-1698.59698566223	0.00146387488173304	0.26660483438271
-1958.42355275415	0.00146387488173304	6.61069613519961e-05
-1956.67099171046	0.00146387488173304	0.105612326232591
-1697.7773054397	0.00146387488173304	0.273394675556647
-1958.42346045089	0.00146387488173304	6.61069613519961e-05
-1949.04572184211	0.00146387488173304	0.999944035510126
-1955.7385474389	0.00146387488173304	0.999938063446187
-1707.16950962167	0.00146387488173304	0.262135084212137
-1958.42345998408	0.00146387488173304	6.61069613519961e-05
-1785.45689725942	0.00146387488173304	0.249449562375165
-1870.05174382505	0.00146387488173304	0.316763468535489
-1958.42350797357	0.00146387488173304	6.61069613519961e-05
-1958.42346001805	0.00146387488173304	6.61069613519961e-05
-1958.4234598955	0.00146387488173304	0
