lik	gamma	delta
-568.17337901036	0.00213776778182383	0.25204187581488
-581.331545545053	0.00213776778182383	6.61069613519961e-05
-581.331826054715	0.00213776778182383	6.61069613519961e-05
-578.92607816021	0.00213776778182383	0.0358035732959494
-573.446784942352	0.00213776778182383	0.0640353857386941
-581.33154516248	0.00213776778182383	6.61069613519961e-05
-580.78367394702	0.00213776778182383	0.0639024044059549
-581.331570339532	0.00213776778182383	6.61069613519961e-05
-581.331784361591	0.00213776778182383	6.61069613519961e-05
-581.331545338312	0.00213776778182383	6.61069613519961e-05
-581.331545338312	0.00213776778182383	6.61069613519961e-05
-572.692724605236	0.00213776778182383	0.0650354091686671
-581.331544927076	0.00213776778182383	6.61069613519961e-05
-572.935921461226	0.00213776778182383	0.0637764487818793
-581.331544927076	0.00213776778182383	6.61069613519961e-05
-581.331544927076	0.00213776778182383	6.61069613519961e-05
-572.644803777824	0.00213776778182383	0.0652926013496621
-581.331828789888	0.00213776778182383	6.61069613519961e-05
-581.331545504748	0.00213776778182383	6.61069613519961e-05
-581.331545504748	0.00213776778182383	6.61069613519961e-05
-581.331544927076	0.00213776778182383	6.61069613519961e-05
-581.331544927076	0.00213776778182383	6.61069613519961e-05
-581.331544927076	0.00213776778182383	6.61069613519961e-05
-572.935921461226	0.00213776778182383	0.0637764487818717
-581.331545162208	0.00213776778182383	6.61069613519961e-05
-572.68686002345	0.00213776778182383	0.0650458695730884
-581.331641125482	0.00213776778182383	6.61069613519961e-05
-581.331698516208	0.00213776778182383	6.61069613519961e-05
-581.331544927076	0.00213776778182383	6.61069613519961e-05
-572.935921461226	0.00213776778182383	0.0637764487818793
-581.331544927076	0.00213776778182383	6.61069613519961e-05
-581.331544927076	0.00213776778182383	6.61069613519961e-05
-581.331544927076	0.00213776778182383	6.61069613519961e-05
-581.331544927076	0.00213776778182383	6.61069613519961e-05
-572.935921461226	0.00213776778182383	0.0637764487818793
-581.331544927076	0.00213776778182383	6.61069613519961e-05
-581.331628713075	0.00213776778182383	6.61069613519961e-05
-581.33184645992	0.00213776778182383	6.61069613519961e-05
-572.537341462383	0.00213776778182383	0.065863139359253
-581.331545644098	0.00213776778182383	6.61069613519961e-05
-581.331543277201	0.00213776778182383	0
