model	lik	mode	convergence
1A	-272.366296145413	2.73067064421897	0
1C	-337.745647314382	0.433558233963896	0
1G	-337.74564731443	0.433558232322907	0
1T	-350.817689191374	0.888343977504239	0
2A	-337.745647310196	0.433558030024773	0
2C	-337.745647310019	0.433558387902857	0
2G	-337.788125867334	0.414276431900184	0
2T	-296.471639662834	2.33624186508128	0
neutral	-338.03132470282	1	0
