posterior_mean	posterior_var	posterior_sd	posterior_quant	is_contained	PESL
1.55519709080883	0.212977486287528	0.461494838852536	0.837806438066726	1	0.410827114312491
