model	lik	mode	convergence
1A	-337.156178781779	0.357324515608524	0
1C	-337.127379613531	0.433558061767427	0
1G	-352.624126213318	0.990509672186623	0
1T	-337.127379613485	0.433558020894722	0
2A	-337.127379613668	0.433558045081329	0
2C	-337.127379613513	0.433558214479315	0
2G	-337.156178781791	0.357324515030513	0
2T	-352.624126213305	0.990509680677114	0
3A	-337.127379613195	0.433558046841985	0
3C	-337.416420749368	0.543492831715328	0
3G	-337.127379613175	0.433557928230589	0
3T	-352.618634993797	0.987395918019408	0
4A	-352.610280373796	0.976375337992297	0
4C	-337.127379577329	0.433558217172106	0
4G	-336.966635470478	0.894104155235191	0
4T	-337.127379577281	0.433557960550818	0
5A	-352.624308894681	0.987781199368204	0
5C	-337.185382028091	0.390733036541196	0
5G	-337.127379595286	0.433558253915779	0
5T	-337.127379595265	0.433558283496681	0
6A	-337.127379596911	0.433558089161354	0
6C	-337.127379596786	0.433558121052767	0
6G	-352.59974320776	0.972826800766341	0
6T	-337.149868073725	1.09855313359932	0
neutral	-337.413059076759	1	0
