posterior_mean	posterior_var	posterior_sd	posterior_quant	is_contained	PESL
0.92850089935917	0.755582309982085	0.86924237700545	0.950784904169055	1	3.22519173331504
