posterior_mean	posterior_var	posterior_sd	posterior_quant	is_contained	PESL
1.4837876611258	0.0223602741663926	0.14953352188186	0.556415107184109	1	0.0226231140981719
