posterior_mean	posterior_var	posterior_sd	posterior_quant	is_contained	PESL
1.4222085544481	0.00585079557825075	0.0764904933848041	0.845396098728337	1	0.0119023045983238
