posterior_mean	posterior_var	posterior_sd	posterior_quant	is_contained	PESL
2.03523812421973	0.00297292685314822	0.0545245527551416	0.260728059064223	1	0.00421465225165613
