posterior_mean	posterior_var	posterior_sd	posterior_quant	is_contained	PESL
2.69884440504017	0.076798101929097	0.277124704653152	0.241529313978458	1	0.11633719934567
