posterior_mean	posterior_var	posterior_sd	posterior_quant	is_contained	PESL
1.66103137468466	0.0127096327187299	0.112737006873209	0.072880625501594	1	0.038640736351611
