posterior_mean	posterior_var	posterior_sd	posterior_quant	is_contained	PESL
2.54007201265823	0.00489246430212413	0.0699461528757953	0.285444765032765	1	0.00649823050056931
