posterior_mean	posterior_var	posterior_sd	posterior_quant	is_contained	PESL
2.96184408724202	0.00567516721659778	0.0753337057139616	0.695956884268004	1	0.0071310408950154
