posterior_mean	posterior_var	posterior_sd	posterior_quant	is_contained	PESL
2.49438460633342	0.00938899932216707	0.0968968488763544	0.5282510221941	1	0.00942053196819788
