model	lik	mode	convergence
1A	-392.308720442805	1.57459362245241	0
1C	-392.951722895699	0.433558106883675	0
1G	-392.951722895711	0.433558190127896	0
1T	-405.690149217751	0.869988114939659	0
2A	-406.409384608193	0.953387686169496	0
2C	-393.00728861076	0.400446410797902	0
2G	-392.951722887642	0.433558125532157	0
2T	-392.951722887578	0.433558156037747	0
3A	-405.690149217817	0.869988115042141	0
3C	-392.951722895798	0.433558185117879	0
3G	-392.951722895776	0.433558246422049	0
3T	-392.30872044273	1.57459362265491	0
4A	-393.183119647018	0.512618249463164	0
4C	-392.951722829286	0.433557761560995	0
4G	-392.95172282926	0.433557797596599	0
4T	-406.406807638605	0.954097487839836	0
5A	-392.951722911199	0.433558082501623	0
5C	-393.247459783703	0.519071435724719	0
5G	-392.951722911187	0.433557914967145	0
5T	-406.412031613022	0.955168103192868	0
6A	-406.297771183152	0.933508699293592	0
6C	-392.951722890312	0.433558169403192	0
6G	-392.95172289028	0.433557912832521	0
6T	-392.892729723042	1.33999680369767	0
7A	-392.951722885256	0.433558205071702	0
7C	-405.47808594724	0.831427691381138	0
7G	-394.807134600971	1.03977653183147	0
7T	-392.951722885298	0.433558242801534	0
8A	-392.951722913246	0.433558090683252	0
8C	-405.864892370955	0.897106635390189	0
8G	-392.951722913307	0.433557955950321	0
8T	-394.918865956864	0.972471792449033	0
neutral	-393.237398902452	1	0
