model	lik	mode	convergence
1A	-746.749238118892	2.28454814889277	0
1C	-839.814414268363	0.433558074009526	0
1G	-839.814414268345	0.433558039152525	0
1T	-852.949616777021	0.991874324713535	0
2A	-839.81441424705	0.433558203059538	0
2C	-771.783015892136	2.04883373106254	0
2G	-839.87022668069	0.399961101333686	0
2T	-839.81441424732	0.433558296880156	0
3A	-839.857918394313	0.413528270333372	0
3C	-839.81441423819	0.433558077988428	0
3G	-771.892118260379	2.04767464112382	0
3T	-839.81441423821	0.433558344722582	0
4A	-839.814414246585	0.433558215716243	0
4C	-822.565068702577	1.79522815703866	0
4G	-839.814414246683	0.433558177990483	0
4T	-787.346943201392	2.424508478363	0
5A	-839.814414236356	0.433558094109326	0
5C	-839.773269188171	0.839890979803079	0
5G	-839.814414236339	0.433557950169341	0
5T	-772.489950498466	2.04369774047728	0
6A	-839.814414233291	0.433557648023067	0
6C	-839.814414233599	0.433559087214918	0
6G	-773.36403687938	2.03894241952971	0
6T	-839.214769761803	1.72563718253233	0
7A	-839.814414243943	0.433558063253265	0
7C	-839.814414243781	0.433558061680527	0
7G	-771.822596003387	2.04840955606047	0
7T	-839.86719418096	0.404755372628598	0
8A	-839.814414239386	0.433558039987328	0
8C	-839.814414239265	0.433558003673131	0
8G	-839.859980010637	0.411929893757218	0
8T	-771.879804226004	2.047803834591	0
9A	-771.815041730903	2.04849020877259	0
9C	-839.814414244597	0.433558168031037	0
9G	-839.814414244582	0.433558140588535	0
9T	-839.867886270212	0.403826979894279	0
10A	-839.814414272552	0.433558054056345	0
10C	-839.827573160645	0.349247241031363	0
10G	-839.814414272543	0.433558145179814	0
10T	-771.271127832052	2.05462012416948	0
11A	-839.81441425063	0.43355809591823	0
11C	-839.814414250381	0.433558175573573	0
11G	-838.497717848113	1.76586849548022	0
11T	-774.832451288314	2.04898345063864	0
neutral	-840.100090601612	1	0
