posterior_mean	posterior_var	posterior_sd	posterior_quant	is_contained	PESL
2.29091719009576	0.0145444983309664	0.120600573510106	0.955521172349563	1	0.0582601197284443
