lik	gamma	delta
-1069.60856835144	0.00315507163881494	0.255280820335517
-1155.94451272735	0.00315507163881494	0.0135593022195137
-1156.22370224838	0.00315507163881494	0.0337270482322833
-1156.27157056661	0.00315507163881494	6.61069613519961e-05
-1145.77179807892	0.00315507163881494	0.702882486791725
-1104.35858461602	0.00315507163881494	0.131171321560277
-1156.27143062545	0.00315507163881494	6.61069613519961e-05
-1155.49420547607	0.00315507163881494	0.473427686374599
-1156.27143062001	0.00315507163881494	6.61069613519961e-05
-1101.91429314973	0.00315507163881494	0.135146818658761
-1151.44948771033	0.00315507163881494	0.302151101776258
-1156.27143062001	0.00315507163881494	6.61069613519961e-05
-1156.27177527832	0.00315507163881494	6.61069613519961e-05
-1154.99990833949	0.00315507163881494	0.132607748979245
-1098.4445299107	0.00315507163881494	0.140826305445682
-1156.27143174043	0.00315507163881494	6.61069613519961e-05
-1156.27154999914	0.00315507163881494	6.61069613519961e-05
-1102.66734819231	0.00315507163881494	0.135010811236903
-1150.43974413117	0.00315507163881494	0.272252625469779
-1156.2714307945	0.00315507163881494	6.61069613519961e-05
-1156.27163719763	0.00315507163881494	6.61069613519961e-05
-1156.27160655021	0.00315507163881494	6.61069613519961e-05
-1096.75673226378	0.00315507163881494	0.141754028314653
-1156.27143154728	0.00315507163881494	6.61069613519961e-05
-1101.36084845177	0.00315507163881494	0.134907695416586
-1149.84543697639	0.00315507163881494	0.708109377716931
-1156.27154414721	0.00315507163881494	6.61069613519961e-05
-1156.27143059893	0.00315507163881494	6.61069613519961e-05
-1156.27184078168	0.00315507163881494	6.61069613519961e-05
-1101.55020881757	0.00315507163881494	0.137545100119965
-1156.27143275926	0.00315507163881494	6.61069613519961e-05
-1151.07692115227	0.00315507163881494	0.245760981406315
-1156.00679747563	0.00315507163881494	0.167866745959765
-1151.57615702558	0.00315507163881494	0.870169681793786
-1099.93729687791	0.00315507163881494	0.137429498813925
-1156.27175553348	0.00315507163881494	6.61069613519961e-05
-1156.23973020598	0.00315507163881494	0.0404918715029689
-1156.27143159101	0.00315507163881494	6.61069613519961e-05
-1156.27143159101	0.00315507163881494	6.61069613519961e-05
-1097.81821696939	0.00315507163881494	0.139723741616324
-1156.2714298675	0.00315507163881494	0
