posterior_mean	posterior_var	posterior_sd	posterior_quant	is_contained	PESL
2.80068587553152	0.341466224105287	0.584351113719557	0.656988949814739	1	0.381192344317957
