model	lik	mode	convergence
1A	-649.855856635612	1.53515722644655	0
1C	-671.076401297185	0.987023674484059	0
1G	-653.817642440632	0.433557986411777	0
1T	-653.817642440604	0.433558021103183	0
2A	-653.872449789401	0.401795761835734	0
2C	-653.81764242947	0.43355814253406	0
2G	-669.619016607529	1.13569614915637	0
2T	-653.817642429448	0.433558166353888	0
3A	-653.817642410269	0.433557868677837	0
3C	-654.681873220134	0.984906675090953	0
3G	-669.690162389493	1.13412342223639	0
3T	-653.817642410188	0.433558012319814	0
4A	-654.142690952716	0.872542508096539	0
4C	-653.817642451425	0.433558130017471	0
4G	-653.817642451407	0.433558000270972	0
4T	-669.719938163525	1.13147703985102	0
5A	-653.817642445349	0.433558097792981	0
5C	-653.817642445142	0.433558012424917	0
5G	-655.469529089836	1.07391776805616	0
5T	-669.673735071358	1.14613989620877	0
6A	-669.506213005293	1.14088451646236	0
6C	-653.817642412154	0.433557867604591	0
6G	-653.817642412119	0.433557928609241	0
6T	-653.731890066966	0.317054231353359	0
7A	-653.817642448557	0.433558098057729	0
7C	-653.817642448462	0.433558017557741	0
7G	-669.589457738103	1.13705785255374	0
7T	-653.869412804219	0.375519692746445	0
8A	-653.817642419584	0.433557942570981	0
8C	-653.817642419551	0.433558143804601	0
8G	-669.72101325975	1.13118324735863	0
8T	-653.910405709803	0.770693399620674	0
9A	-654.126721416157	0.587298648224114	0
9C	-669.627373270376	1.13555455517954	0
9G	-653.817642433903	0.433558051857525	0
9T	-653.817642433901	0.433558251928731	0
10A	-653.817642418812	0.43355816769357	0
10C	-653.817642418746	0.433558484269182	0
10G	-669.637173612743	1.13485876830592	0
10T	-653.851081342278	0.419921067103696	0
neutral	-654.10332237475	1	0
