posterior_mean	posterior_var	posterior_sd	posterior_quant	is_contained	PESL
1.55769466617439	0.0345982800291993	0.18600612900977	0.392184767911837	1	0.0379269545344658
