model	lik	mode	convergence
1A	-509.036251507465	2.26576354833974	0
1C	-551.749693092568	1.07408782261008	0
1G	-538.020750740356	0.433558159839081	0
1T	-538.020750740337	0.433557998229029	0
2A	-538.020750734603	0.433558090279566	0
2C	-538.020750734426	0.433558215287489	0
2G	-538.077622053213	0.397468004340611	0
2T	-534.278316887526	1.57586804521313	0
3A	-538.020750723712	0.433558159207338	0
3C	-534.34725682045	1.57435221534597	0
3G	-538.064645196244	0.413235948161975	0
3T	-538.020750723869	0.433558315976622	0
4A	-538.020750722083	0.433558149323731	0
4C	-538.310004770007	0.627182903692934	0
4G	-534.365368947952	1.57580659270911	0
4T	-538.02075072191	0.433557588174454	0
5A	-538.323665047044	0.516005802687781	0
5C	-538.020750732038	0.433558154641264	0
5G	-533.98824687144	1.58398151877648	0
5T	-538.020750732017	0.433558098979381	0
6A	-538.020750727715	0.433558117090986	0
6C	-538.071410899779	0.407208651338144	0
6G	-534.321734287025	1.57489987113903	0
6T	-538.020750727537	0.433557911692206	0
7A	-538.020750736486	0.43355816018408	0
7C	-534.266576605622	1.57613167308526	0
7G	-538.020750736546	0.433558023179366	0
7T	-538.078340916255	0.394924403150147	0
8A	-538.020750740522	0.433558109887651	0
8C	-539.114183421074	0.95691846435555	0
8G	-533.415223309217	1.61467957505733	0
8T	-538.020750740375	0.433558057319834	0
9A	-538.020750758161	0.433558064832007	0
9C	-538.020750758057	0.433557928797195	0
9G	-533.851390863268	1.58728511804452	0
9T	-538.281142061276	0.484883883777822	0
neutral	-538.306428520216	1	0
