posterior_mean	posterior_var	posterior_sd	posterior_quant	is_contained	PESL
2.28524495117609	0.0442379074689682	0.210328094816095	0.0828230414709735	1	0.12560258964061
