model	lik	mode	convergence
1A	-832.632529698184	2.37146229425134	0
1C	-911.611388078828	0.433558200086141	0
1G	-927.905195276976	1.01407318808263	0
1T	-911.611388078813	0.433558069131196	0
2A	-911.611388100544	0.433558149249562	0
2C	-882.121294030962	1.69923271608962	0
2G	-908.908303556467	2.27479912062875	0
2T	-911.611388100706	0.43355807769386	0
3A	-885.174622795773	1.67366797280174	0
3C	-902.889583059168	3.37155444949462	0
3G	-911.611388076201	0.433558036414884	0
3T	-911.611388076161	0.433558311844581	0
4A	-911.611388081274	0.433558151077692	0
4C	-911.611388081203	0.433558144509129	0
4G	-879.152323726397	1.71640333177237	0
4T	-911.673728332623	0.776810505087914	0
5A	-911.611388103348	0.433558096861593	0
5C	-878.956637656329	1.71857422967591	0
5G	-911.61138810334	0.433558183271176	0
5T	-911.777933942904	0.685627895734175	0
6A	-911.611388105694	0.433558078472938	0
6C	-911.611388105589	0.433558067110538	0
6G	-878.475395669653	1.7223035250611	0
6T	-911.646856187115	0.361442988173977	0
7A	-911.611388083442	0.433558165019581	0
7C	-910.722472262414	1.91697498455964	0
7G	-911.611388083431	0.433558134044313	0
7T	-880.035864819575	1.7097878339268	0
8A	-911.607329024719	0.341893544360249	0
8C	-878.325629806468	1.72402911099571	0
8G	-911.611388103392	0.433557959530827	0
8T	-911.611388103366	0.433557985289153	0
9A	-911.611388106272	0.433558102282133	0
9C	-878.452963385429	1.7225591541923	0
9G	-911.641936233984	0.358354043179805	0
9T	-911.611388106399	0.433557849703756	0
neutral	-911.897067868575	1	0
