posterior_mean	posterior_var	posterior_sd	posterior_quant	is_contained	PESL
2.37986019175954	0.0199370281986809	0.141198541772502	0.804183532259218	1	0.0343706017227179
