posterior_mean	posterior_var	posterior_sd	posterior_quant	is_contained	PESL
2.03019381894586	0.00259992068465096	0.0509894173790107	0.278690730509542	1	0.00351158738716316
