posterior_mean	posterior_var	posterior_sd	posterior_quant	is_contained	PESL
1.98939092561749	0.0106654985858309	0.103273900797011	0.547712273577433	1	0.0107780510688541
