posterior_mean	posterior_var	posterior_sd	posterior_quant	is_contained	PESL
1.57965127041808	0.141197309992928	0.375762305178324	0.866630821626202	1	0.317890364454127
