lik	gamma	delta
-734.397228907218	0.00208559145507995	6.61069613519961e-05
-734.397314199499	0.00208559145507995	6.61069613519961e-05
-733.526233740376	0.00208559145507995	0.016550451883808
-734.398007187528	0.00208559145507995	6.61069613519961e-05
-734.397050654248	0.00208559145507995	6.61069613519961e-05
-734.397050654248	0.00208559145507995	6.61069613519961e-05
-734.397050654248	0.00208559145507995	6.61069613519961e-05
-733.845683668999	0.00208559145507995	0.0128618760667693
-734.397050906213	0.00208559145507995	6.61069613519961e-05
-733.897091374346	0.00208559145507995	0.012269161445207
-734.123873929974	0.00208559145507995	0.180490874219106
-734.397050906213	0.00208559145507995	6.61069613519961e-05
-734.397050727591	0.00208559145507995	6.61069613519961e-05
-734.397050727591	0.00208559145507995	6.61069613519961e-05
-734.349688498349	0.00208559145507995	0.0140777111284282
-733.892676620516	0.00208559145507995	0.012769702284076
-734.397051439864	0.00208559145507995	6.61069613519961e-05
-734.397051439864	0.00208559145507995	6.61069613519961e-05
-733.777255872528	0.00208559145507995	0.0137038462851907
-734.397385834308	0.00208559145507995	6.61069613519961e-05
-733.7055369421	0.00208559145507995	0.0232026656882695
-734.19344122431	0.00208559145507995	0.012798692218748
-734.397411564848	0.00208559145507995	6.61069613519961e-05
-734.397191786955	0.00208559145507995	6.61069613519961e-05
-734.397051564773	0.00208559145507995	6.61069613519961e-05
-733.771734590395	0.00208559145507995	0.0137708207319079
-734.397411534597	0.00208559145507995	6.61069613519961e-05
-734.397051564773	0.00208559145507995	6.61069613519961e-05
-734.397621376817	0.00208559145507995	6.61069613519961e-05
-734.024324868466	0.00208559145507995	0.0109289079231236
-734.397050811033	0.00208559145507995	6.61069613519961e-05
-733.471100026074	0.00208559145507995	0.0825905883554352
-733.819905510163	0.00208559145507995	0.0131817565475281
-734.397050772713	0.00208559145507995	6.61069613519961e-05
-734.397050772713	0.00208559145507995	6.61069613519961e-05
-734.397180715938	0.00208559145507995	6.61069613519961e-05
-734.397114217006	0.00208559145507995	6.61069613519961e-05
-734.397050686681	0.00208559145507995	6.61069613519961e-05
-734.397050686681	0.00208559145507995	6.61069613519961e-05
-733.833173029067	0.00208559145507995	0.0130179014405378
-734.397049850214	0.00208559145507995	0
