model	lik	mode	convergence
1A	-619.017352456384	2.72509676663493	0
1C	-750.970822966858	0.433557983659075	0
1G	-750.970822966846	0.433557909143386	0
1T	-754.418091735	1.06883753557825	0
2A	-750.691970592207	1.31644083807887	0
2C	-649.764996854317	2.39402811998808	0
2G	-750.970822561544	0.433558165030455	0
2T	-750.970822561497	0.433558089375028	0
3A	-750.97082256643	0.43355808704121	0
3C	-750.970822566155	0.433558086980717	0
3G	-740.507031898928	2.92376605912211	0
3T	-660.416687914072	2.35640309634202	0
4A	-750.970822572955	0.433558135187761	0
4C	-750.970822572842	0.433558124659876	0
4G	-648.35119137185	2.40279044343108	0
4T	-751.028133270612	0.396070482974541	0
5A	-648.303389302272	2.40333739541304	0
5C	-751.028794460159	0.392114465297775	0
5G	-750.970822576038	0.43355808734575	0
5T	-750.970822576	0.433558003214456	0
6A	-750.970822573785	0.433558135965142	0
6C	-648.335229769285	2.40297251801052	0
6G	-751.028452289412	0.394733522327739	0
6T	-750.97082257397	0.433558220183877	0
7A	-750.970822588485	0.43355809204192	0
7C	-750.970822588275	0.433557963550769	0
7G	-751.091822363169	0.718907862526162	0
7T	-648.80687708403	2.40146953226255	0
8A	-647.764264549882	2.40978383304173	0
8C	-750.970822595525	0.43355802341549	0
8G	-750.993766433206	0.354088427350432	0
8T	-750.970822595516	0.433558107026557	0
9A	-750.970822556236	0.43355800144397	0
9C	-751.20218952029	1.15061189343297	0
9G	-750.970822556195	0.433557823592104	0
9T	-649.128697919817	2.40358312174228	0
neutral	-751.256500252402	1	0
