posterior_mean	posterior_var	posterior_sd	posterior_quant	is_contained	PESL
2.73266948532788	0.0205871577407004	0.143482255839182	0.0492144522664331	1	0.0747222471433711
