model	lik	mode	convergence
1A	-741.674868334059	1.12958784888732	0
1C	-740.474207816977	0.433557935935833	0
1G	-754.346730805823	0.937440464276318	0
1T	-740.474207816963	0.433558245167207	0
2A	-754.553044593803	0.956274684296617	0
2C	-741.273020453337	0.984451091156889	0
2G	-740.4742078516	0.43355803749792	0
2T	-740.47420785158	0.433557996328015	0
3A	-754.609905407009	0.962391974812932	0
3C	-740.474207818803	0.433558199249325	0
3G	-740.474207818758	0.433558197286738	0
3T	-740.518579740695	0.412871927268936	0
4A	-740.474207835955	0.433557972369044	0
4C	-740.47420783588	0.43355806002804	0
4G	-754.631211450856	0.965650517053322	0
4T	-740.433422149796	0.329274198173426	0
5A	-740.47420782165	0.433558124178228	0
5C	-740.474207821513	0.433558061210994	0
5G	-754.484590549409	0.94906750459014	0
5T	-741.216716609333	1.16419574038426	0
6A	-740.474207819631	0.433558115172259	0
6C	-740.519999189019	0.411746945404135	0
6G	-740.474207819588	0.433558178680595	0
6T	-754.610160618014	0.962428428412104	0
7A	-740.474207853045	0.433558058492028	0
7C	-740.566815064589	0.523272841179972	0
7G	-740.474207853039	0.433558033948846	0
7T	-754.676122447872	0.976164642172298	0
8A	-740.474207826067	0.433558076122142	0
8C	-740.474207826014	0.433558231304904	0
8G	-754.612462612471	0.962759698396244	0
8T	-740.529023094265	0.401782513134005	0
9A	-740.474207850876	0.433558019895439	0
9C	-740.474207850769	0.433557971733832	0
9G	-754.364008863256	0.939066244970154	0
9T	-741.765794150661	1.10487419569299	0
10A	-740.474207851748	0.433558086886065	0
10C	-740.510352075292	0.361852233226063	0
10G	-740.474207851724	0.433558110838632	0
10T	-754.622344335399	0.964236726732098	0
11A	-741.073804891484	0.753267716313632	0
11C	-754.634270119738	1.00279690544901	0
11G	-740.474207227048	0.433556723668223	0
11T	-740.474207227028	0.433556738576725	0
12A	-740.474207820687	0.433558075709042	0
12C	-740.474207820601	0.433557887312328	0
12G	-754.610677380808	0.962502404304205	0
12T	-740.522599796161	0.409478453505586	0
13A	-754.611517173521	0.962623100238297	0
13C	-740.474207823181	0.433558269778506	0
13G	-740.526094898338	0.405861813779841	0
13T	-740.47420782315	0.433558176398499	0
neutral	-740.759885092083	1	0
