model	lik	mode	convergence
1A	-363.842047243914	3.17519680613187	0
1C	-419.70778078272	0.433558217419895	0
1G	-419.707780782738	0.433558218677176	0
1T	-433.384813966731	1.26174924308777	0
2A	-395.629290445142	2.07703234151482	0
2C	-420.340853056123	1.25138124200498	0
2G	-419.707780780545	0.433558141164699	0
2T	-419.707780780497	0.433558227336966	0
3A	-419.707780776758	0.433558078936401	0
3C	-419.707780776733	0.433557803963129	0
3G	-419.757130217461	0.408560022743365	0
3T	-395.904221773129	2.02115942581552	0
4A	-419.707780808147	0.433558052453747	0
4C	-419.70778080783	0.433558275604694	0
4G	-419.736413330713	0.357187371469048	0
4T	-395.424415899272	2.03176735992297	0
5A	-419.922013321315	0.578920020284972	0
5C	-419.707780780282	0.433557901922619	0
5G	-419.707780780269	0.433558003664659	0
5T	-395.593854029593	2.0338623175435	0
neutral	-419.993460484385	1	0
