posterior_mean	posterior_var	posterior_sd	posterior_quant	is_contained	PESL
3.04327895569665	0.0138963507380962	0.117882783891865	0.360939917205788	1	0.0157694187443025
