posterior_mean	posterior_var	posterior_sd	posterior_quant	is_contained	PESL
1.48214217153472	0.00459861813273655	0.0678131118054359	0.60931882985372	1	0.00491752017024528
