posterior_mean	posterior_var	posterior_sd	posterior_quant	is_contained	PESL
1.46960645532521	0.0374475130819092	0.193513599216978	0.579388410582281	1	0.038371280639899
