posterior_mean	posterior_var	posterior_sd	posterior_quant	is_contained	PESL
1.54661472718146	0.0129299506298376	0.113709940769651	0.348475196704123	1	0.0151028834195499
