posterior_mean	posterior_var	posterior_sd	posterior_quant	is_contained	PESL
2.51438304001829	0.00930206553583524	0.0964472163197841	0.445673465898283	1	0.00950893737600689
