model	lik	mode	convergence
1A	-836.860209257137	1.9859912886302	0
1C	-901.186223410379	0.433558192364044	0
1G	-916.104529868708	1.08240813740443	0
1T	-901.186223410358	0.433558136101285	0
2A	-901.215470183452	0.422103397585937	0
2C	-901.186223380987	0.433558159685568	0
2G	-901.186223381114	0.43355858531119	0
2T	-858.632544882774	1.81470981277278	0
3A	-901.186223389346	0.433558095905825	0
3C	-901.186223389198	0.433558192503509	0
3G	-901.237170037624	0.406896465802223	0
3T	-858.543235374831	1.81564015397246	0
4A	-901.227583336259	0.415061124439589	0
4C	-901.186223384149	0.433557960450063	0
4G	-901.186223384204	0.433558034783824	0
4T	-858.592226057617	1.81512690745613	0
5A	-901.186223397133	0.433558125478143	0
5C	-860.660949000098	1.80737604692199	0
5G	-901.186223397179	0.43355820407951	0
5T	-900.387997887809	1.77161238817842	0
6A	-858.42458597867	1.81691040857349	0
6C	-901.244096043568	0.388786156150869	0
6G	-901.186223402625	0.433558006161443	0
6T	-901.186223402625	0.433558166219189	0
7A	-901.186223403875	0.433558140916527	0
7C	-901.315389396517	0.72987081996409	0
7G	-901.186223403858	0.43355800817825	0
7T	-858.86450547889	1.81394832128807	0
8A	-901.186223381257	0.433558071026371	0
8C	-901.186223380782	0.433558722184072	0
8G	-901.295716325103	0.762499120759063	0
8T	-858.94270404639	1.81304559484886	0
9A	-858.504487596388	1.81605087535098	0
9C	-901.241625155042	0.400754259912463	0
9G	-901.186223393717	0.433558101248656	0
9T	-901.186223393665	0.433558232426988	0
10A	-901.18622338091	0.433558141772101	0
10C	-858.638304019192	1.81465063853535	0
10G	-901.186223380899	0.433557747926139	0
10T	-901.213358985824	0.423135187952846	0
11A	-901.186223396428	0.433558156491064	0
11C	-858.480555956038	1.81630657965409	0
11G	-901.186223396443	0.433558325512278	0
11T	-901.243230173241	0.397072443368031	0
12A	-858.153036549722	1.82244193492463	0
12C	-901.186223299042	0.433557704220436	0
12G	-901.372439042936	0.533230097854751	0
12T	-901.186223299041	0.433557657159737	0
13A	-859.54993757	1.80838762512113	0
13C	-901.186223388565	0.433558114949839	0
13G	-901.186223388511	0.433558519428505	0
13T	-900.732705687117	1.42708389773603	0
neutral	-901.47190308973	1	0
