posterior_mean	posterior_var	posterior_sd	posterior_quant	is_contained	PESL
1.42311039916368	0.0892101401526767	0.298680665850129	0.962753870584181	1	0.422011751705756
