posterior_mean	posterior_var	posterior_sd	posterior_quant	is_contained	PESL
1.47188648125368	0.00218069842939846	0.0466979488778518	0.728672554511567	1	0.00297106836565887
