model	lik	mode	convergence
1A	-643.59504334626	2.37989636627311	0
1C	-663.510977339604	1.03823013843316	0
1G	-648.920582027255	0.433558159244256	0
1T	-648.920582027218	0.433558140328743	0
2A	-649.160739892258	0.592203262120422	0
2C	-648.920582034638	0.433558051129574	0
2G	-662.590341614696	1.10944816197359	0
2T	-648.920582034598	0.433557959101528	0
3A	-648.920582023943	0.433558111328492	0
3C	-648.920582023843	0.433557942908007	0
3G	-662.837895773624	1.09561262021863	0
3T	-648.507193085146	1.64454112838443	0
4A	-648.920582036677	0.433558036225875	0
4C	-649.19011288361	0.498521259971652	0
4G	-662.520205342362	1.11319193475281	0
4T	-648.920582036632	0.433558017771311	0
5A	-648.920582038963	0.433558038809757	0
5C	-662.516653816644	1.11321640503328	0
5G	-648.920582038995	0.433558067501981	0
5T	-648.924073868724	0.344978139624831	0
6A	-648.920582039749	0.4335580850399	0
6C	-649.714795772585	0.775132351510208	0
6G	-648.920582039746	0.433557908022246	0
6T	-662.490294637054	1.11541267900597	0
7A	-662.570120693299	1.11036236109537	0
7C	-648.920582016789	0.433558166006094	0
7G	-648.92058201675	0.43355822931403	0
7T	-648.977326216867	0.397817904051355	0
8A	-648.960147445169	0.416242655015255	0
8C	-648.920582004573	0.433558256056954	0
8G	-662.58554128395	1.10953334653621	0
8T	-648.920582004546	0.433558163371952	0
9A	-648.920582003653	0.433558230939884	0
9C	-648.956073223719	0.418737842251465	0
9G	-648.920582003696	0.433557824662691	0
9T	-662.587513010516	1.10942714198832	0
10A	-648.920582035513	0.433558133064279	0
10C	-662.544950943809	1.11170967389088	0
10G	-648.92058203557	0.433557984815123	0
10T	-648.968280231014	0.371041856608212	0
neutral	-649.206260479242	1	0
