posterior_mean	posterior_var	posterior_sd	posterior_quant	is_contained	PESL
2.50425991079371	0.300499962778322	0.548178768996321	0.822242911637364	1	0.546258198838077
