model	lik	mode	convergence
1A	-702.141651265911	1.20665330707347	0
1C	-715.374711951651	0.949817085829216	0
1G	-701.222802520567	0.433558131711427	0
1T	-701.222802520545	0.433558047796322	0
2A	-701.228646188583	0.801924540502596	0
2C	-701.222802511844	0.433558137195445	0
2G	-715.617785005012	0.982835763999614	0
2T	-701.222802511826	0.433558198911133	0
3A	-701.222802502147	0.433558053230189	0
3C	-701.222802502103	0.433558192179395	0
3G	-715.632758352599	0.993945681917847	0
3T	-701.277422574503	0.411310298769468	0
4A	-701.222802497602	0.433558044515493	0
4C	-701.254503437199	0.42084638731198	0
4G	-715.628207676164	0.986584511540662	0
4T	-701.222802497512	0.433558256974449	0
5A	-701.68513402664	0.748710594046925	0
5C	-715.620337134099	0.985001632323549	0
5G	-701.222802516623	0.433558133621584	0
5T	-701.222802516611	0.433558103993849	0
6A	-715.617369922984	0.98612563700287	0
6C	-701.940242030693	0.802121252429839	0
6G	-701.22280253515	0.433558072117026	0
6T	-701.222802535144	0.433558019530473	0
7A	-701.147710021568	0.319728512359195	0
7C	-701.222802498629	0.433557871010207	0
7G	-701.222802498609	0.433557880204217	0
7T	-715.63289499262	0.990804334361881	0
8A	-701.271200586687	0.371736760935839	0
8C	-701.222802529744	0.433558140643654	0
8G	-701.222802529728	0.433558073234914	0
8T	-715.630816587017	0.988393052752615	0
9A	-701.222802511971	0.433558076795758	0
9C	-701.222802511896	0.433558254065132	0
9G	-715.617785004989	0.982835763728238	0
9T	-701.228646188694	0.80192480892133	0
10A	-715.60518199541	0.980027356769548	0
10C	-701.222802529149	0.433558105955647	0
10G	-701.222802529105	0.433558132577024	0
10T	-701.537170026569	1.07259379218851	0
11A	-701.222802495767	0.433558542764655	0
11C	-701.222802495978	0.433560164869602	0
11G	-715.627701623545	0.986292187662917	0
11T	-701.233694678002	0.429880790011226	0
neutral	-701.508480198313	1	0
