posterior_mean	posterior_var	posterior_sd	posterior_quant	is_contained	PESL
2.6138659285315	0.0123765307026697	0.111249857090559	0.152792766593145	1	0.0253419803829672
