model	lik	mode	convergence
1A	-173.986613383907	3.18073065378108	0
1C	-211.127867378738	0.433558066765618	0
1G	-223.766282967748	0.909448723227463	0
1T	-211.127867378703	0.433558126220383	0
2A	-211.127867338238	0.43355808973086	0
2C	-197.926763494017	2.29476885524189	0
2G	-211.136422520259	0.430716779163826	0
2T	-211.12786733891	0.43355843580117	0
3A	-211.127867345667	0.433558097386414	0
3C	-211.150214407143	0.805266329398233	0
3G	-211.127867345615	0.433557762388882	0
3T	-198.357321813069	2.28791806630936	0
neutral	-211.413543333313	1	0
