posterior_mean	posterior_var	posterior_sd	posterior_quant	is_contained	PESL
3.22109594317706	0.128302253775464	0.358193039819961	0.276124541442834	1	0.177185669864826
