posterior_mean	posterior_var	posterior_sd	posterior_quant	is_contained	PESL
2.41685128806955	0.216808919272961	0.465627446863865	0.59581524820467	1	0.223722627568642
