posterior_mean	posterior_var	posterior_sd	posterior_quant	is_contained	PESL
2.15708750790908	0.10346347730392	0.321657391184969	0.326329704752632	1	0.128139962445005
