lik	gamma	delta
-1441.44558348112	0.0015405787050272	0.219366734465244
-1597.86720781644	0.0015405787050272	6.61069613519961e-05
-1597.85277763989	0.0015405787050272	0.0134608730161049
-1597.77095616352	0.0015405787050272	0.0288183621189979
-1597.86709893466	0.0015405787050272	6.61069613519961e-05
-1445.9089209583	0.0015405787050272	0.209057384624822
-1597.86716852417	0.0015405787050272	6.61069613519961e-05
-1597.8671506145	0.0015405787050272	6.61069613519961e-05
-1596.71114950685	0.0015405787050272	0.999929236069504
-1453.78603468672	0.0015405787050272	0.205106591809191
-1596.68537055687	0.0015405787050272	0.347799321122851
-1591.48215946839	0.0015405787050272	0.361530465681381
-1597.86709889525	0.0015405787050272	6.61069613519961e-05
-1597.86709889525	0.0015405787050272	6.61069613519961e-05
-1446.3085778839	0.0015405787050272	0.208528622516854
-1597.86709889525	0.0015405787050272	6.61069613519961e-05
-1446.01893021775	0.0015405787050272	0.208914128849644
-1597.8671865186	0.0015405787050272	6.61069613519961e-05
-1597.86709893499	0.0015405787050272	6.61069613519961e-05
-1597.86709893499	0.0015405787050272	6.61069613519961e-05
-1597.86714962973	0.0015405787050272	6.61069613519961e-05
-1446.14245866245	0.0015405787050272	0.208746835354471
-1597.86709890857	0.0015405787050272	6.61069613519961e-05
-1597.86709890857	0.0015405787050272	6.61069613519961e-05
-1570.15117488671	0.0015405787050272	0.212335339502415
-1473.78247648316	0.0015405787050272	0.208094801571338
-1597.86716919091	0.0015405787050272	6.61069613519961e-05
-1597.86709892856	0.0015405787050272	6.61069613519961e-05
-1594.01136553902	0.0015405787050272	0.317943291071845
-1597.86709908117	0.0015405787050272	6.61069613519961e-05
-1597.86714825203	0.0015405787050272	6.61069613519961e-05
-1449.6425864326	0.0015405787050272	0.207661299596773
-1597.86709889525	0.0015405787050272	6.61069613519961e-05
-1446.3085778839	0.0015405787050272	0.208528622516854
-1597.86709889525	0.0015405787050272	6.61069613519961e-05
-1597.86709889525	0.0015405787050272	6.61069613519961e-05
-1597.86709889525	0.0015405787050272	6.61069613519961e-05
-1446.3085778839	0.0015405787050272	0.208528622516854
-1597.86709889525	0.0015405787050272	6.61069613519961e-05
-1597.86709889525	0.0015405787050272	6.61069613519961e-05
-1597.8670988387	0.0015405787050272	0
