posterior_mean	posterior_var	posterior_sd	posterior_quant	is_contained	PESL
2.35436917781431	0.0404247740659916	0.201059130770009	0.769834395487035	1	0.0616331104364769
