posterior_mean	posterior_var	posterior_sd	posterior_quant	is_contained	PESL
2.11383792861064	0.724137819387468	0.850962877796363	0.855958659729413	1	1.50942103637771
