model	lik	mode	convergence
1A	-1079.23981096565	2.16971655073701	0
1C	-1110.2525440774	0.433558178268626	0
1G	-1125.45411293118	1.10433878339209	0
1T	-1110.25254407737	0.433558163577609	0
2A	-1110.2525440556	0.433558201151191	0
2C	-1111.44253230052	1.33656022610608	0
2G	-1110.25254405563	0.433557844380513	0
2T	-1110.29471252594	0.414496960149454	0
3A	-1110.25254408381	0.433558113769355	0
3C	-1110.88960580961	1.15884836858235	0
3G	-1110.25254408383	0.433558066164646	0
3T	-1111.80974960777	1.33514957863654	0
4A	-1110.25254405019	0.433558314816521	0
4C	-1111.47066944523	1.33618573455893	0
4G	-1110.25254405043	0.433557761330045	0
4T	-1110.27174952866	0.426657910191098	0
5A	-1110.25254408656	0.433558095806534	0
5C	-1110.25254408645	0.433558267210847	0
5G	-1111.46481482628	1.33729671273935	0
5T	-1110.70020884392	0.752401267782699	0
6A	-1110.25254405	0.433558425357949	0
6C	-1110.2525440498	0.433557977832021	0
6G	-1110.02955815403	1.46091006238208	0
6T	-1111.99623950034	1.33064979792573	0
7A	-1111.01947901386	1.34245879240314	0
7C	-1110.25254391735	0.433557579441668	0
7G	-1110.25254391731	0.433557568415175	0
7T	-1110.03896067955	0.29164401231352	0
8A	-1111.22044615336	1.33957159469218	0
8C	-1110.24140560206	0.33920235271814	0
8G	-1110.25254408534	0.433558059833104	0
8T	-1110.25254408533	0.433558025705506	0
9A	-1110.25254408611	0.433558071461395	0
9C	-1111.32135700788	1.33820542692337	0
9G	-1110.25254408616	0.433558117667818	0
9T	-1110.29872617018	0.36961273370333	0
10A	-1111.41171295869	1.33697377253135	0
10C	-1110.25254406354	0.433558107144067	0
10G	-1110.30720993425	0.40203003644203	0
10T	-1110.25254406354	0.433557989650821	0
11A	-1110.25254409048	0.43355804993369	0
11C	-1110.79653689276	1.01290080163336	0
11G	-1110.25254409044	0.433557965862383	0
11T	-1111.64076156053	1.33598747588563	0
12A	-1110.26893174826	0.427797109740165	0
12C	-1111.47321580763	1.33615199192309	0
12G	-1110.25254405031	0.433558896170721	0
12T	-1110.25254405023	0.433558048573873	0
13A	-1111.28373375283	1.3387262713076	0
13C	-1110.28196239826	0.357685307179518	0
13G	-1110.25254409032	0.433558059683259	0
13T	-1110.2525440903	0.433558046687423	0
neutral	-1110.53822379784	1	0
