posterior_mean	posterior_var	posterior_sd	posterior_quant	is_contained	PESL
2.1855383893214	0.034347284222514	0.185330203211765	0.158052686977395	1	0.0687717781345409
