posterior_mean	posterior_var	posterior_sd	posterior_quant	is_contained	PESL
1.61372353912487	0.035558443682454	0.188569466463831	0.281498430148812	1	0.0484914870335297
