posterior_mean	posterior_var	posterior_sd	posterior_quant	is_contained	PESL
1.96127912911335	0.00276284422867458	0.052562764659734	0.770589031972858	1	0.00426215007091206
