posterior_mean	posterior_var	posterior_sd	posterior_quant	is_contained	PESL
1.88644031425483	0.0403558317260072	0.200887609687624	0.722375364650352	1	0.0532516339525557
