posterior_mean	posterior_var	posterior_sd	posterior_quant	is_contained	PESL
1.91877893727226	0.0631805925208702	0.251357499432323	0.641596665260712	1	0.0697774535514896
