model	lik	mode	convergence
1A	-272.706611926732	0.675825493035198	0
1C	-272.048052701881	0.433558071390382	0
1G	-272.048052701873	0.43355802515878	0
1T	-286.273726781916	1.10017880257501	0
2A	-286.462257677218	1.07373209463121	0
2C	-272.048052697707	0.433557975270739	0
2G	-273.150165719895	0.994603602114344	0
2T	-272.048052697698	0.433557987361619	0
neutral	-272.333731558727	1	0
