model	lik	mode	convergence
1A	-246.007607865415	2.3111164470512	0
1C	-274.812288304742	0.76951450726076	0
1G	-262.10241125155	0.433557836112159	0
1T	-262.102411251527	0.433557993879048	0
2A	-262.102411250372	0.433557986202074	0
2C	-262.13698610941	0.419254888003329	0
2G	-271.395255923003	1.38147146607398	0
2T	-262.1024112502	0.433558073577982	0
3A	-275.240825426884	0.810725160413819	0
3C	-262.102411281748	0.433558138458509	0
3G	-262.102411281698	0.433558112324321	0
3T	-249.592716587459	2.06935022576634	0
neutral	-262.388089378651	1	0
