posterior_mean	posterior_var	posterior_sd	posterior_quant	is_contained	PESL
2.50679555950694	0.0385442085947642	0.196326790313406	0.496673837893073	1	0.0385903882237763
