model	lik	mode	convergence
1A	-281.108742308829	2.20042800382936	0
1C	-289.748497236009	0.433558076621941	0
1G	-305.239722048838	0.944467306235048	0
1T	-289.748497235968	0.433558022481573	0
2A	-303.153954891677	1.24209966939027	0
2C	-289.748497212873	0.433558125785305	0
2G	-289.79351749001	0.412366170732576	0
2T	-289.748497212891	0.433558017126813	0
3A	-303.361643814201	1.23334923476431	0
3C	-290.196756936116	1.06461512816768	0
3G	-289.748497227939	0.433558043172518	0
3T	-289.748497227926	0.433557992150291	0
4A	-289.748497182863	0.433557837265463	0
4C	-302.904001207466	1.25765249139319	0
4G	-289.637597447094	0.311179584743451	0
4T	-289.748497183019	0.433557880006414	0
neutral	-290.034176855687	1	0
