posterior_mean	posterior_var	posterior_sd	posterior_quant	is_contained	PESL
2.25801683885917	0.127494201081386	0.357063301224567	0.242419731947605	1	0.194066890216216
