model	lik	mode	convergence
1A	-321.408654884953	3.28286684819295	0
1C	-413.365365802103	0.433558114584454	0
1G	-426.146679308601	0.686913351544841	0
1T	-413.365365802071	0.433558255891055	0
2A	-413.36536578168	0.43355802438322	0
2C	-413.365365781523	0.433558250773699	0
2G	-349.517704958074	2.83962127742043	0
2T	-413.27859232588	1.19176205094328	0
3A	-413.365365815384	0.433558019031317	0
3C	-413.362977996755	0.342574414722087	0
3G	-346.761574421719	2.9023863757168	0
3T	-413.365365815303	0.433558020601555	0
4A	-348.752256348346	2.84872749365278	0
4C	-413.365365798247	0.433558094850083	0
4G	-413.365365798223	0.43355824281883	0
4T	-413.491630746718	0.736472734562032	0
5A	-413.365365779439	0.433558260756183	0
5C	-348.524492174521	2.84410735074184	0
5G	-413.393883945438	0.422464425273918	0
5T	-413.365365779371	0.433558640686136	0
6A	-413.365365788442	0.433558145616213	0
6C	-413.41675493944	0.406441225068589	0
6G	-348.300949075337	2.84938933458009	0
6T	-413.365365788291	0.433557768555979	0
7A	-413.251237501043	0.867798180738865	0
7C	-413.365365786022	0.433558147675352	0
7G	-349.332573555629	2.83519530960218	0
7T	-413.365365785995	0.43355805209674	0
8A	-413.27483066638	0.864930950577821	0
8C	-349.332845329628	2.83494650638018	0
8G	-413.365365780097	0.433558071762873	0
8T	-413.365365779978	0.433558294752432	0
neutral	-413.651044242646	1	0
