posterior_mean	posterior_var	posterior_sd	posterior_quant	is_contained	PESL
3.30037197117971	0.0575031614378883	0.239798168128717	0.102321103077995	1	0.147726482507981
