posterior_mean	posterior_var	posterior_sd	posterior_quant	is_contained	PESL
2.9387555523015	0.0315709994492326	0.177682299200659	0.641510859969601	1	0.0353218818255617
