posterior_mean	posterior_var	posterior_sd	posterior_quant	is_contained	PESL
2.53261339482588	0.00413259082511285	0.0642852302252458	0.308169782405788	1	0.00519622434719095
