model	lik	mode	convergence
1A	-342.384790299448	1.50878666021615	0
1C	-359.406035251616	0.895441243739836	0
1G	-342.922406781915	0.433558060772315	0
1T	-342.922406781884	0.433558216998995	0
2A	-342.737089992919	0.296448786384631	0
2C	-359.905458341595	1.00133221857072	0
2G	-342.922406667864	0.433557643409386	0
2T	-342.922406667839	0.433557660427307	0
3A	-342.969004029585	0.36999453408908	0
3C	-359.913328963593	0.993890539012565	0
3G	-342.922406801814	0.433558162506268	0
3T	-342.922406801787	0.433558165010727	0
4A	-342.922406801921	0.43355809314508	0
4C	-342.969004029728	0.369994535984976	0
4G	-342.922406801886	0.433558100587771	0
4T	-359.913328963603	0.993890539910473	0
5A	-343.063905056764	1.41970711300658	0
5C	-342.922406786639	0.433558101355413	0
5G	-342.922406786641	0.433558039229252	0
5T	-359.774939106328	0.94672869748126	0
6A	-359.884575569043	0.980143070306787	0
6C	-343.66028317353	0.968983648616369	0
6G	-342.922406769817	0.433558111575561	0
6T	-342.922406769756	0.433558093450303	0
neutral	-343.208086708406	1	0
