posterior_mean	posterior_var	posterior_sd	posterior_quant	is_contained	PESL
1.58410289884619	0.116058775242646	0.340674001418726	0.429593563989167	1	0.123132072836669
