model	lik	mode	convergence
1A	-528.572884403889	2.83424885057068	0
1C	-551.386515076004	0.433558124116302	0
1G	-551.386515075998	0.433558049092044	0
1T	-562.999480387536	1.20934918255123	0
2A	-551.386515066482	0.43355814075519	0
2C	-551.386515066332	0.433558142006973	0
2G	-552.268027611823	0.886089386833626	0
2T	-551.612100801095	1.49528752336193	0
3A	-552.543070387843	1.48917042914842	0
3C	-551.386515046271	0.433558102935553	0
3G	-551.38651504624	0.433558005869667	0
3T	-552.148041708736	1.22906919717869	0
4A	-551.386515058365	0.433558140093823	0
4C	-551.386515058249	0.43355805634646	0
4G	-551.959006155117	1.47815221096804	0
4T	-551.44381946768	0.39609324771953	0
5A	-551.444497652795	0.391915158220486	0
5C	-551.386515061392	0.433558095771604	0
5G	-551.942860543734	1.47853266503131	0
5T	-551.386515061365	0.433558206957662	0
6A	-552.012052211702	1.4769130773605	0
6C	-551.386515048119	0.43355828011933	0
6G	-551.433664865941	0.41059861325573	0
6T	-551.386515048074	0.433558285288014	0
7A	-551.38651508062	0.433558042843858	0
7C	-551.386515080464	0.433557996472754	0
7G	-551.40025868805	0.349520178009657	0
7T	-551.754853972929	1.48306657667429	0
8A	-551.386515080055	0.433558094304458	0
8C	-551.79286159258	1.50772580075487	0
8G	-551.386515080129	0.433558043551385	0
8T	-552.492951010902	1.10629269895227	0
9A	-564.386903480377	1.0667882369458	0
9C	-551.386515064977	0.433558168890539	0
9G	-539.553830351346	1.52348980041239	0
9T	-551.386515064968	0.433558218754212	0
10A	-551.44451415175	0.391459427563754	0
10C	-551.386515061728	0.433558151330986	0
10G	-551.941079114609	1.47857473782304	0
10T	-551.386515061696	0.43355812290164	0
neutral	-551.672192531601	1	0
