model	lik	mode	convergence
1A	-534.308438810714	2.92815727890518	0
1C	-698.608435892742	0.950657904925973	0
1G	-684.46175865831	0.433558163827116	0
1T	-684.461758658283	0.43355824571772	0
2A	-684.461758658358	0.433558256069575	0
2C	-572.259324857949	2.51064095078218	0
2G	-684.310382559287	0.883495265093267	0
2T	-684.46175865868	0.433558215684146	0
3A	-684.461758667632	0.433557932734093	0
3C	-550.619619408287	2.61660218977392	0
3G	-696.43245283535	0.419664121077937	0
3T	-684.461758667537	0.433558166127098	0
4A	-571.421531907696	2.51603355278665	0
4C	-684.461758654774	0.4335581731577	0
4G	-684.461758654747	0.433558384444643	0
4T	-684.501242803949	0.416294623655032	0
5A	-571.857797522038	2.51847252952669	0
5C	-684.648418384546	0.99055991765653	0
5G	-684.461758672778	0.433558041121944	0
5T	-684.461758672747	0.433558205253794	0
6A	-684.461758650938	0.433557783588886	0
6C	-684.461758651068	0.433558709914603	0
6G	-572.613938905562	2.5101544712238	0
6T	-684.242495418317	1.28332686149661	0
neutral	-684.747437455538	1	0
