posterior_mean	posterior_var	posterior_sd	posterior_quant	is_contained	PESL
2.73730593390749	0.125373655400357	0.354081424816887	0.258846199628471	1	0.181687761665305
