model	lik	mode	convergence
1A	-399.257489752957	2.61998110313973	0
1C	-456.180157133847	0.433558094652746	0
1G	-456.180157133913	0.433557988549727	0
1T	-470.178191374357	0.865052959547924	0
2A	-456.270119697531	0.761252860367022	0
2C	-456.180157146397	0.43355806978285	0
2G	-456.180157146419	0.433558243718016	0
2T	-430.471686724222	2.0402274246713	0
3A	-456.180157153091	0.433558111009782	0
3C	-456.238132105533	0.389960736728173	0
3G	-456.180157153093	0.433558268924505	0
3T	-429.871704356232	2.04834235644148	0
4A	-429.969469730477	2.04622860031938	0
4C	-456.180157144522	0.433558257903575	0
4G	-456.235334042717	0.401161434231189	0
4T	-456.180157144507	0.433558161347561	0
5A	-456.984803349169	0.877538527467345	0
5C	-456.180157132452	0.433558114943307	0
5G	-456.180157132516	0.43355812045458	0
5T	-428.753192473127	2.09179031551976	0
6A	-456.232777272077	0.404960374493116	0
6C	-456.180157141826	0.433558191985288	0
6G	-430.000749243038	2.04556226035885	0
6T	-456.180157141819	0.433558064704791	0
7A	-456.238132105344	0.389960737776458	0
7C	-456.180157152861	0.433558134103354	0
7G	-456.180157152883	0.433558167458234	0
7T	-429.871704356029	2.04834236383649	0
8A	-456.180157136921	0.433558135455305	0
8C	-456.2244259379	0.412951169853489	0
8G	-456.180157136936	0.433558401290756	0
8T	-430.064339715209	2.04422342848572	0
neutral	-456.465836054396	1	0
