posterior_mean	posterior_var	posterior_sd	posterior_quant	is_contained	PESL
2.3252153249518	0.0202363377035485	0.142254482191418	0.888658685689483	1	0.0507860203352161
