posterior_mean	posterior_var	posterior_sd	posterior_quant	is_contained	PESL
2.14776350757838	0.011540147267781	0.107425077462299	0.0820137632222251	1	0.0333742014396526
