lik	gamma	delta
-1029.43276673657	0.00239971243382969	0.255281074295659
-1115.76760491184	0.00239971243382969	0.0135587834960675
-1116.04693765859	0.00239971243382969	0.0336653363338035
-1116.09467309323	0.00239971243382969	6.61069613519961e-05
-1116.0945337882	0.00239971243382969	6.61069613519961e-05
-1116.09461128068	0.00239971243382969	6.61069613519961e-05
-1057.45097796534	0.00239971243382969	0.139514083832306
-1116.09464838738	0.00239971243382969	6.61069613519961e-05
-1058.2323157028	0.00239971243382969	0.138426840047
-1116.09453365368	0.00239971243382969	6.61069613519961e-05
-1115.69082594569	0.00239971243382969	0.226828991620779
-1116.09453365368	0.00239971243382969	6.61069613519961e-05
-1116.09462484751	0.00239971243382969	6.61069613519961e-05
-1116.09461778362	0.00239971243382969	6.61069613519961e-05
-1045.10347438898	0.00239971243382969	0.179653153944241
-1116.09453376204	0.00239971243382969	6.61069613519961e-05
-1116.09453363409	0.00239971243382969	6.61069613519961e-05
-1116.09453363409	0.00239971243382969	6.61069613519961e-05
-1116.09453363409	0.00239971243382969	6.61069613519961e-05
-1057.87104807441	0.00239971243382969	0.138672841607131
-1116.09453545189	0.00239971243382969	6.61069613519961e-05
-1115.99341924414	0.00239971243382969	0.0333013944836819
-1057.04896126889	0.00239971243382969	0.142399533548587
-1116.09453545189	0.00239971243382969	6.61069613519961e-05
-1116.09498803311	0.00239971243382969	6.61069613519961e-05
-1056.2400550984	0.00239971243382969	0.142621928098398
-1116.09474019298	0.00239971243382969	6.61069613519961e-05
-1116.03043751725	0.00239971243382969	0.0568253688900042
-1112.7052055685	0.00239971243382969	0.318358750987753
-1116.09453376627	0.00239971243382969	6.61069613519961e-05
-1060.33189399008	0.00239971243382969	0.136585426294825
-1116.09463201625	0.00239971243382969	6.61069613519961e-05
-1116.09453374892	0.00239971243382969	6.61069613519961e-05
-1116.09465304753	0.00239971243382969	6.61069613519961e-05
-1116.09453374892	0.00239971243382969	6.61069613519961e-05
-1057.60901323535	0.00239971243382969	0.139200336624262
-1065.74706841683	0.00239971243382969	0.131307611711819
-1105.06529009306	0.00239971243382969	0.351647060663625
-1116.09467188808	0.00239971243382969	6.61069613519961e-05
-1116.09453398473	0.00239971243382969	6.61069613519961e-05
-1116.09453327084	0.00239971243382969	0
