posterior_mean	posterior_var	posterior_sd	posterior_quant	is_contained	PESL
1.98260232110678	0.00255033936534223	0.0505008847976175	0.637577472006668	1	0.00285301859620843
