model	lik	mode	convergence
1A	-191.03775312533	2.5288274503255	0
1C	-227.492360703437	0.963547051950426	0
1G	-211.997247991843	0.433558064051308	0
1T	-211.997247991813	0.4335580434399	0
2A	-211.997247874285	0.433557683559422	0
2C	-211.997247874175	0.433557653321839	0
2G	-214.362936012223	1.76313634644085	0
2T	-211.827440346344	0.299255513076228	0
neutral	-212.282927708539	1	0
