posterior_mean	posterior_var	posterior_sd	posterior_quant	is_contained	PESL
2.56677447530435	0.0960276333054283	0.309883257542947	0.429947985064793	1	0.100486463857755
