posterior_mean	posterior_var	posterior_sd	posterior_quant	is_contained	PESL
2.56268803284164	0.00414861723118187	0.0644097603720265	0.1652952744815	1	0.00807840669268693
