posterior_mean	posterior_var	posterior_sd	posterior_quant	is_contained	PESL
3.04090485820159	0.0580132751297775	0.240859450987038	0.442747818148945	1	0.0596864825578991
