posterior_mean	posterior_var	posterior_sd	posterior_quant	is_contained	PESL
1.30953217258888	0.0141953772464847	0.119144354656378	0.940251303958682	1	0.0504733705251917
