posterior_mean	posterior_var	posterior_sd	posterior_quant	is_contained	PESL
2.91466631998153	0.00535423702524649	0.0731726521676404	0.877656782562916	1	0.0126360739706895
