model	lik	mode	convergence
1A	-587.240088113484	2.36035898699921	0
1C	-596.971077061926	0.433558145918957	0
1G	-596.97107706196	0.433558323984781	0
1T	-613.784939175972	1.00915729524264	0
2A	-612.248502018513	1.13526590265895	0
2C	-596.971077068253	0.43355817288772	0
2G	-597.033171956368	0.766687835017633	0
2T	-596.971077068254	0.433558203684873	0
3A	-597.283603002721	0.594163715698535	0
3C	-596.971077046226	0.433558480989308	0
3G	-596.971077046387	0.433557715222764	0
3T	-612.157229202806	1.13942345552099	0
4A	-596.971077058851	0.433557917594039	0
4C	-596.971077058765	0.43355784849605	0
4G	-597.226390816352	0.541661317496914	0
4T	-612.126643840673	1.14087917265903	0
5A	-598.681882453553	0.959784593942722	0
5C	-596.971077060847	0.43355800115323	0
5G	-611.556765426566	1.17858604269707	0
5T	-596.971077060826	0.433558213535751	0
6A	-596.971077066003	0.43355810650356	0
6C	-596.971077065903	0.433558275407853	0
6G	-612.134513890491	1.14019689775581	0
6T	-597.029004398584	0.392714263563758	0
7A	-612.132549528541	1.14028555295323	0
7C	-597.029081641186	0.390988272625168	0
7G	-596.97107706734	0.433558202934597	0
7T	-596.971077067299	0.43355817725537	0
neutral	-597.256756925403	1	0
