posterior_mean	posterior_var	posterior_sd	posterior_quant	is_contained	PESL
1.89747669745636	0.0131710240447545	0.11476508199254	0.815358831170032	1	0.023682051609237
