lik	gamma	delta
-604.465230487572	0.00267253739914037	0.126882063278404
-619.813736810876	0.00267253739914037	6.61069613519961e-05
-619.813736810876	0.00267253739914037	6.61069613519961e-05
-619.815407051676	0.00267253739914037	6.61069613519961e-05
-612.738622018535	0.00267253739914037	0.0548091359908936
-619.813839872824	0.00267253739914037	6.61069613519961e-05
-619.813736939337	0.00267253739914037	6.61069613519961e-05
-619.813859098552	0.00267253739914037	6.61069613519961e-05
-619.814090199348	0.00267253739914037	6.61069613519961e-05
-619.814070229288	0.00267253739914037	6.61069613519961e-05
-619.8137394873	0.00267253739914037	6.61069613519961e-05
-612.261333469475	0.00267253739914037	0.0575037089854663
-619.813736726014	0.00267253739914037	6.61069613519961e-05
-619.813776030913	0.00267253739914037	6.61069613519961e-05
-619.813736726014	0.00267253739914037	6.61069613519961e-05
-612.893973342322	0.00267253739914037	0.0539991121565877
-612.88924832683	0.00267253739914037	0.161413524914862
-619.813738264788	0.00267253739914037	6.61069613519961e-05
-616.567424027421	0.00267253739914037	0.0395493668693322
-619.81430767436	0.00267253739914037	6.61069613519961e-05
-614.061509274864	0.00267253739914037	0.0500791854841676
-619.813737375938	0.00267253739914037	6.61069613519961e-05
-619.813737375938	0.00267253739914037	6.61069613519961e-05
-618.044926355333	0.00267253739914037	0.153235596942973
-619.813736710331	0.00267253739914037	6.61069613519961e-05
-619.813736710331	0.00267253739914037	6.61069613519961e-05
-619.813736710331	0.00267253739914037	6.61069613519961e-05
-612.927196864954	0.00267253739914037	0.0538322861382745
-619.81425156636	0.00267253739914037	6.61069613519961e-05
-619.813738742127	0.00267253739914037	6.61069613519961e-05
-619.813738742127	0.00267253739914037	6.61069613519961e-05
-612.419272770181	0.00267253739914037	0.0566826317345425
-619.813736975509	0.00267253739914037	6.61069613519961e-05
-610.444264897674	0.00267253739914037	0.0699577756330206
-619.815263671667	0.00267253739914037	6.61069613519961e-05
-619.813814354849	0.00267253739914037	6.61069613519961e-05
-619.813737290057	0.00267253739914037	6.61069613519961e-05
-612.281076102044	0.00267253739914037	0.0580436064708298
-619.813737290057	0.00267253739914037	6.61069613519961e-05
-619.814194791184	0.00267253739914037	6.61069613519961e-05
-619.813736400117	0.00267253739914037	0
