posterior_mean	posterior_var	posterior_sd	posterior_quant	is_contained	PESL
1.68016761308774	0.00576632989207646	0.0759363542190199	0.0071815711080912	0	0.0382266986978678
