posterior_mean	posterior_var	posterior_sd	posterior_quant	is_contained	PESL
3.30508929122385	0.015724001495999	0.125395380680466	0.0062182692525634	0	0.108803477115636
