model	lik	mode	convergence
1A	-460.22564098416	2.13492304663563	0
1C	-491.588999804767	0.433558136982297	0
1G	-491.588999804792	0.433558117853491	0
1T	-505.11458076396	0.818128293579331	0
2A	-491.588999779253	0.433557986720798	0
2C	-491.588999779117	0.433557987015347	0
2G	-491.355111002717	1.52037035238371	0
2T	-492.317296899802	0.799993775075465	0
3A	-491.588999797966	0.433558122239346	0
3C	-492.063923335417	0.622817102944702	0
3G	-491.341586246468	1.51744258287128	0
3T	-491.588999797899	0.433558255862801	0
4A	-491.645936310799	0.384652414305326	0
4C	-491.588999803566	0.433558115219524	0
4G	-491.588999803538	0.433558146873968	0
4T	-491.6294196878	1.50784939348119	0
5A	-491.646897566537	0.393006707814036	0
5C	-491.588999797306	0.433558087713737	0
5G	-491.588999797312	0.433558172280391	0
5T	-491.664682800887	1.50702905852618	0
6A	-483.416444316572	1.95685392351816	0
6C	-491.588999817517	0.433557978488432	0
6G	-499.410346650909	1.37942490123685	0
6T	-491.588999817488	0.433558164285978	0
neutral	-491.874678698489	1	0
