posterior_mean	posterior_var	posterior_sd	posterior_quant	is_contained	PESL
1.69997331112965	0.140364443377567	0.374652430096972	0.315361021421369	1	0.180353768541768
