posterior_mean	posterior_var	posterior_sd	posterior_quant	is_contained	PESL
3.04143660054249	0.00591209804398275	0.0768901687082474	0.297039748908966	1	0.00762908990845775
