lik	gamma	delta
-880.325349145808	0.00224805939968594	0.161399069694509
-880.675425123047	0.00224805939968594	6.61069613519961e-05
-879.770889427451	0.00224805939968594	0.0152280846130414
-880.675793153341	0.00224805939968594	6.61069613519961e-05
-879.586371032983	0.00224805939968594	0.0168181244060596
-880.67531884874	0.00224805939968594	6.61069613519961e-05
-880.675500706333	0.00224805939968594	6.61069613519961e-05
-880.676060639529	0.00224805939968594	6.61069613519961e-05
-880.675613082145	0.00224805939968594	6.61069613519961e-05
-879.73104902563	0.00224805939968594	0.0154576189307552
-880.675313774894	0.00224805939968594	6.61069613519961e-05
-880.675422570598	0.00224805939968594	6.61069613519961e-05
-880.675420915462	0.00224805939968594	6.61069613519961e-05
-879.801079597889	0.00224805939968594	0.0148204624554293
-880.675313094545	0.00224805939968594	6.61069613519961e-05
-880.675313094545	0.00224805939968594	6.61069613519961e-05
-879.496075900563	0.00224805939968594	0.0192348581647932
-880.67532396522	0.00224805939968594	6.61069613519961e-05
-880.676624490431	0.00224805939968594	6.61069613519961e-05
-880.613410820935	0.00224805939968594	0.0106226169026304
-879.825238038953	0.00224805939968594	0.0145969930139864
-880.675313006875	0.00224805939968594	6.61069613519961e-05
-880.675313006875	0.00224805939968594	6.61069613519961e-05
-880.675313006875	0.00224805939968594	6.61069613519961e-05
-880.67378791112	0.00224805939968594	0.00728819717547642
-880.675321944252	0.00224805939968594	6.61069613519961e-05
-879.642565884434	0.00224805939968594	0.0164480892720791
-880.675998441153	0.00224805939968594	6.61069613519961e-05
-880.675313197401	0.00224805939968594	6.61069613519961e-05
-879.776379017735	0.00224805939968594	0.0150470747770584
-880.675529163538	0.00224805939968594	6.61069613519961e-05
-880.675313197401	0.00224805939968594	6.61069613519961e-05
-880.675398374144	0.00224805939968594	6.61069613519961e-05
-880.053128345843	0.00224805939968594	0.0463280059340861
-880.67540628733	0.00224805939968594	6.61069613519961e-05
-880.118389795323	0.00224805939968594	0.0122904315256047
-880.612019302241	0.00224805939968594	0.0107388345850362
-880.675314661665	0.00224805939968594	6.61069613519961e-05
-880.675314661665	0.00224805939968594	6.61069613519961e-05
-879.875303991257	0.00224805939968594	0.0152914170996275
-880.675312104279	0.00224805939968594	0
