posterior_mean	posterior_var	posterior_sd	posterior_quant	is_contained	PESL
3.17692828579972	0.0262724958698108	0.162087926354219	0.13666378371798	1	0.057576114185784
