posterior_mean	posterior_var	posterior_sd	posterior_quant	is_contained	PESL
2.29511028318032	0.0878955551337518	0.296471845431825	0.762598273227596	1	0.129875351192189
