model	lik	mode	convergence
1A	-600.365222340616	1.52116277817406	0
1C	-608.937142511638	0.433558141047865	0
1G	-608.937142511667	0.43355811174883	0
1T	-623.054130526765	0.912209999006511	0
2A	-608.952698535594	0.35037825884336	0
2C	-608.937142542115	0.433558112103148	0
2G	-618.573140797151	1.27295020197111	0
2T	-608.93714254208	0.433558011292358	0
3A	-608.937142542553	0.433558057288327	0
3C	-608.960092517237	0.354091702597818	0
3G	-608.937142542532	0.433558075677013	0
3T	-618.583200170982	1.27264280271984	0
4A	-606.01177071712	1.32749272829938	0
4C	-608.937143155123	0.43355801931372	0
4G	-610.554751517768	0.875450616248118	0
4T	-608.937143155117	0.433557954240858	0
5A	-608.985927261289	0.409108007425923	0
5C	-608.937142510474	0.433557870820223	0
5G	-618.710447196191	1.26880358162183	0
5T	-608.937142510455	0.433558287493852	0
6A	-608.991685943097	0.402228243284434	0
6C	-608.93714251513	0.433558172527215	0
6G	-618.696505867347	1.2692195552888	0
6T	-608.937142515105	0.433558083084846	0
7A	-608.937142526999	0.43355811689717	0
7C	-608.994642587436	0.386649253606125	0
7G	-618.66301031287	1.27022379258427	0
7T	-608.937142526863	0.433558118133436	0
8A	-608.937142386858	0.433557625398013	0
8C	-609.144499111834	0.489218155356327	0
8G	-608.93714238685	0.433557609676269	0
8T	-618.562119706167	1.27435118866128	0
9A	-608.937142541157	0.433558062458036	0
9C	-618.56262625231	1.27327209277826	0
9G	-608.944377418941	0.34658012194525	0
9T	-608.937142541301	0.433557904906336	0
10A	-609.587033136705	1.10353251790803	0
10C	-608.937142540114	0.433558142155713	0
10G	-618.974983137706	1.2651485446009	0
10T	-608.93714254008	0.433557997209618	0
11A	-609.127137719875	0.448703892500568	0
11C	-618.406618623055	1.27842039530985	0
11G	-608.937142526092	0.433558101270066	0
11T	-608.937142526071	0.433558262065909	0
neutral	-609.222821527139	1	0
