posterior_mean	posterior_var	posterior_sd	posterior_quant	is_contained	PESL
1.53233499601813	0.0170562364873349	0.130599527132892	0.412636242129208	1	0.0181017884548285
