posterior_mean	posterior_var	posterior_sd	posterior_quant	is_contained	PESL
3.14723940564345	0.0127200098437486	0.112783021079188	0.094345777772269	1	0.0343994524179633
