lik	gamma	delta
-1046.10037066029	0.00182132304172903	0.193483133514949
-1114.70611688651	0.00182132304172903	6.61069613519961e-05
-1114.70473715738	0.00182132304172903	6.61069613519961e-05
-1114.70473715738	0.00182132304172903	6.61069613519961e-05
-1114.70486639004	0.00182132304172903	6.61069613519961e-05
-1110.56440855184	0.00182132304172903	0.334254465774128
-1070.42954384347	0.00182132304172903	0.118556763905776
-1114.63739362055	0.00182132304172903	0.06048355577902
-1067.38337185145	0.00182132304172903	0.121563736406391
-1114.7047373294	0.00182132304172903	6.61069613519961e-05
-1114.70490609234	0.00182132304172903	6.61069613519961e-05
-1114.7047373294	0.00182132304172903	6.61069613519961e-05
-1114.70473715384	0.00182132304172903	6.61069613519961e-05
-1114.70473715384	0.00182132304172903	6.61069613519961e-05
-1067.71090748375	0.00182132304172903	0.12087641598126
-1114.70473715384	0.00182132304172903	6.61069613519961e-05
-1076.75131261847	0.00182132304172903	0.111641201945393
-1114.70473719284	0.00182132304172903	6.61069613519961e-05
-1103.5167413046	0.00182132304172903	0.24882484441473
-1114.70473719284	0.00182132304172903	6.61069613519961e-05
-1056.71960015467	0.00182132304172903	0.154429148361294
-1114.70584567165	0.00182132304172903	6.61069613519961e-05
-1114.70553660789	0.00182132304172903	6.61069613519961e-05
-1114.67129152946	0.00182132304172903	0.0107042347905699
-1114.70473715384	0.00182132304172903	6.61069613519961e-05
-1067.71090748375	0.00182132304172903	0.120876415981349
-1114.70473715384	0.00182132304172903	6.61069613519961e-05
-1114.70473715384	0.00182132304172903	6.61069613519961e-05
-1064.42332421052	0.00182132304172903	0.129892135874916
-1114.70473861872	0.00182132304172903	6.61069613519961e-05
-1114.70552272501	0.00182132304172903	6.61069613519961e-05
-1114.70473861872	0.00182132304172903	6.61069613519961e-05
-1114.70473740713	0.00182132304172903	6.61069613519961e-05
-1113.65600855591	0.00182132304172903	0.0774778940984404
-1114.70473740713	0.00182132304172903	6.61069613519961e-05
-1068.49252195308	0.00182132304172903	0.123362070532711
-1114.70486643568	0.00182132304172903	6.61069613519961e-05
-1114.70494251742	0.00182132304172903	6.61069613519961e-05
-1114.70484387488	0.00182132304172903	6.61069613519961e-05
-1066.85628443885	0.00182132304172903	0.12266425794971
-1114.70473628677	0.00182132304172903	0
