posterior_mean	posterior_var	posterior_sd	posterior_quant	is_contained	PESL
0.996570354113156	0.245390769150827	0.495369326009218	0.856315624775478	1	0.498832177519261
