posterior_mean	posterior_var	posterior_sd	posterior_quant	is_contained	PESL
1.20640823435239	0.0200231637604544	0.14150322879869	0.975247148973138	0	0.106219288616583
