model	lik	mode	convergence
1A	-336.83923611103	1.75870946751769	0
1C	-342.537588388388	0.433558123276763	0
1G	-356.892776837597	1.06716671072436	0
1T	-342.537588388352	0.433558278830121	0
2A	-353.366966607722	1.35484351428008	0
2C	-342.537588404667	0.433558156970279	0
2G	-342.944775617603	1.32081660450022	0
2T	-342.537588404647	0.43355805889088	0
3A	-352.595448510308	1.37505963815967	0
3C	-342.595450051797	0.393318048933958	0
3G	-342.537588392855	0.43355826360482	0
3T	-342.537588392809	0.433558122813654	0
4A	-352.808907194943	1.36839749598702	0
4C	-342.905773300837	0.852736278790805	0
4G	-342.537588393811	0.433558216814938	0
4T	-342.537588393772	0.433558080829536	0
5A	-342.537588375222	0.43355806931011	0
5C	-342.653103415234	1.05540640822056	0
5G	-353.001958511972	1.35849522398631	0
5T	-342.537588374952	0.433557969298928	0
6A	-342.537588373757	0.433558353903575	0
6C	-352.682748448003	1.37067675917773	0
6G	-342.56228315542	0.424275233791735	0
6T	-342.537588373713	0.433557934690828	0
7A	-342.537588412411	0.433558111417473	0
7C	-352.72458575841	1.37491323163033	0
7G	-343.073269796931	0.881787824712926	0
7T	-342.537588412542	0.43355810208255	0
8A	-342.537588412411	0.433558111417473	0
8C	-352.72458575841	1.37491323163033	0
8G	-343.073269796931	0.881787824712926	0
8T	-342.537588412542	0.43355810208255	0
neutral	-342.823267419	1	0
