posterior_mean	posterior_var	posterior_sd	posterior_quant	is_contained	PESL
1.79263519337936	0.060124646281652	0.245203275430105	0.111318574158593	1	0.14576000268571
