posterior_mean	posterior_var	posterior_sd	posterior_quant	is_contained	PESL
2.12527472360196	0.0164753341479904	0.1283562781791	0.164625106668365	1	0.0321690905215164
