lik	gamma	delta
-1079.29498097465	0.00213054232605872	0.348907606269344
-1257.26118043247	0.00213054232605872	6.61069613519961e-05
-1257.25658895128	0.00213054232605872	6.61069613519961e-05
-1257.25688614464	0.00213054232605872	6.61069613519961e-05
-1257.25662026039	0.00213054232605872	6.61069613519961e-05
-1257.25658679665	0.00213054232605872	6.61069613519961e-05
-1129.04820651692	0.00213054232605872	0.227444366332478
-1257.25658679665	0.00213054232605872	6.61069613519961e-05
-1257.25658678866	0.00213054232605872	6.61069613519961e-05
-1257.25658678866	0.00213054232605872	6.61069613519961e-05
-1129.16595957559	0.00213054232605872	0.227240465196262
-1257.25658678866	0.00213054232605872	6.61069613519961e-05
-1257.25663203007	0.00213054232605872	6.61069613519961e-05
-1257.25658680324	0.00213054232605872	6.61069613519961e-05
-1129.00555817458	0.00213054232605872	0.227520073193004
-1257.25658680324	0.00213054232605872	6.61069613519961e-05
-1248.51176026835	0.00213054232605872	0.177713461809771
-1257.25677847473	0.00213054232605872	6.61069613519961e-05
-1257.25659251811	0.00213054232605872	6.61069613519961e-05
-1134.11071211729	0.00213054232605872	0.242783987666095
-1144.2833017308	0.00213054232605872	0.218984263820559
-1257.25658695598	0.00213054232605872	6.61069613519961e-05
-1240.48703167336	0.00213054232605872	0.370045306205137
-1257.25662018373	0.00213054232605872	6.61069613519961e-05
-1257.25658678866	0.00213054232605872	6.61069613519961e-05
-1129.16595957559	0.00213054232605872	0.227240465196262
-1257.25658678866	0.00213054232605872	6.61069613519961e-05
-1257.25658678866	0.00213054232605872	6.61069613519961e-05
-1249.65943366966	0.00213054232605872	0.999935304128172
-1131.03690853693	0.00213054232605872	0.230773831062367
-1257.25744198661	0.00213054232605872	6.61069613519961e-05
-1256.20512380521	0.00213054232605872	0.198713434796368
-1252.45975577445	0.00213054232605872	0.62041739109877
-1256.14377090672	0.00213054232605872	0.808042332853938
-1257.25658686452	0.00213054232605872	6.61069613519961e-05
-1133.60775108096	0.00213054232605872	0.223834595126463
-1257.25658700937	0.00213054232605872	6.61069613519961e-05
-1257.25658700937	0.00213054232605872	6.61069613519961e-05
-1257.25738398698	0.00213054232605872	6.61069613519961e-05
-1125.47278601998	0.00213054232605872	0.234380157653783
-1257.2565863354	0.00213054232605872	0
