posterior_mean	posterior_var	posterior_sd	posterior_quant	is_contained	PESL
2.52195239764908	0.0096116731419092	0.0980391408668456	0.416216281381711	1	0.0100935809044448
