posterior_mean	posterior_var	posterior_sd	posterior_quant	is_contained	PESL
2.48925950758789	0.00792178331026909	0.0890044005107	0.552679060400879	1	0.00803714148752344
