posterior_mean	posterior_var	posterior_sd	posterior_quant	is_contained	PESL
1.93960012450103	0.0468856808434815	0.2165310158926	0.623072825024672	1	0.0505338258037719
