posterior_mean	posterior_var	posterior_sd	posterior_quant	is_contained	PESL
2.59409743889167	0.00566980555375822	0.0752981112230461	0.104666855960169	1	0.0145241335596305
