model	lik	mode	convergence
1A	-480.858357526896	1.79536874378074	0
1C	-497.261452169467	0.433558103034758	0
1G	-513.146738666215	1.12511498326729	0
1T	-497.261452169433	0.433558222017055	0
2A	-497.287494043129	0.355763047888753	0
2C	-499.597632890771	1.49823534113576	0
2G	-497.261452180634	0.43355814900119	0
2T	-497.261452180603	0.433557989592919	0
3A	-497.261452148832	0.433558128919872	0
3C	-497.31013652943	0.409203433816271	0
3G	-499.826786541824	1.49278819598338	0
3T	-497.261452148743	0.433558120765043	0
4A	-497.261452169337	0.433558103514265	0
4C	-497.261452169159	0.433558030504111	0
4G	-497.316788532459	0.380930759673061	0
4T	-499.714525139663	1.49540134376578	0
5A	-497.244417457607	0.337090378755325	0
5C	-499.498361749767	1.50065911029692	0
5G	-497.261452173536	0.433558035831859	0
5T	-497.261452173521	0.433558049876947	0
6A	-497.522687630003	0.646703758584893	0
6C	-499.910603003745	1.49246953270496	0
6G	-497.261452158505	0.43355803775347	0
6T	-497.261452158484	0.433558230889645	0
neutral	-497.547132030783	1	0
