posterior_mean	posterior_var	posterior_sd	posterior_quant	is_contained	PESL
1.80953323617149	0.025514484798283	0.159732541450648	0.881418977479913	1	0.0617920729216137
