posterior_mean	posterior_var	posterior_sd	posterior_quant	is_contained	PESL
2.78716213478936	0.0489471791124039	0.221240093817563	0.832701626382615	1	0.0942471359798388
