model	lik	mode	convergence
1A	-497.581506787715	2.62577579352536	0
1C	-516.832363798279	0.433558168181161	0
1G	-516.832363798321	0.433558074260591	0
1T	-530.500979200991	1.08586238225474	0
2A	-516.832363814603	0.433558140093788	0
2C	-517.054726141962	0.960487420912486	0
2G	-516.832363814561	0.433558261272111	0
2T	-524.081732879657	1.3181792622039	0
3A	-524.294527367916	1.31498072719847	0
3C	-517.162338301656	1.24797286841671	0
3G	-516.832363817821	0.43355804143658	0
3T	-516.832363817807	0.4335581461995	0
4A	-516.832363827634	0.433558061065917	0
4C	-523.676762412597	1.32740246600411	0
4G	-516.858220366004	0.355660649220543	0
4T	-516.832363827759	0.433558149476814	0
5A	-524.526548877988	1.31747655577803	0
5C	-516.832363823752	0.433558106835844	0
5G	-517.464359946465	1.26484305761288	0
5T	-516.832363823754	0.433558120065468	0
neutral	-517.118041440314	1	0
