posterior_mean	posterior_var	posterior_sd	posterior_quant	is_contained	PESL
2.67160058483816	0.121087921951399	0.347976898588683	0.322723918520882	1	0.15053468266821
