posterior_mean	posterior_var	posterior_sd	posterior_quant	is_contained	PESL
1.95125376212552	0.00244197648144236	0.0494163584397147	0.838121652023757	1	0.00481817218833596
