posterior_mean	posterior_var	posterior_sd	posterior_quant	is_contained	PESL
3.06473507317039	0.0484320335320433	0.220072791439658	0.392755927330298	1	0.0526226632272798
