model	lik	mode	convergence
1A	-987.796331350711	2.06205355739986	0
1C	-1037.25356836371	0.43355814654178	0
1G	-1052.7097015762	0.963458157810347	0
1T	-1037.25356836368	0.433558107391003	0
2A	-1037.45991412424	0.454919682242231	0
2C	-1037.25356834345	0.433558188563606	0
2G	-1037.25356834345	0.433558212023915	0
2T	-1028.6308850425	1.44886461614198	0
3A	-1037.25356832351	0.433558470069437	0
3C	-1029.1630376946	1.44192814696879	0
3G	-1037.27637364202	0.425121882044679	0
3T	-1037.25356832397	0.433558280821897	0
4A	-1037.25356833729	0.433558093811185	0
4C	-1029.34414342526	1.44050254164375	0
4G	-1037.3767333014	0.745020419751482	0
4T	-1037.25356833737	0.433557907408229	0
5A	-1037.2535683637	0.433558104236799	0
5C	-1029.3201183735	1.44296521057431	0
5G	-1037.80707309329	1.00737215002218	0
5T	-1037.25356836384	0.433558209120282	0
6A	-1029.22798829626	1.4419039360198	0
6C	-1037.47777629557	0.66375011518097	0
6G	-1037.25356835324	0.433558124177086	0
6T	-1037.25356835322	0.433558235321968	0
7A	-1037.25356835327	0.43355809665438	0
7C	-1037.25356835318	0.433557929757971	0
7G	-1037.30820160355	0.37964180670775	0
7T	-1029.00944727897	1.44377920549175	0
8A	-1037.25356834119	0.433558115897631	0
8C	-1037.25356834095	0.433558085383908	0
8G	-1037.69451413791	0.987834994330884	0
8T	-1029.37838491147	1.44147277997418	0
9A	-1037.31093502091	0.386103749782657	0
9C	-1037.25356834854	0.433558163805966	0
9G	-1029.03362217437	1.44348283867989	0
9T	-1037.25356834853	0.433557926186176	0
10A	-1037.30440137069	0.407021055366481	0
10C	-1037.25356833312	0.433558250668491	0
10G	-1037.25356833315	0.43355828116061	0
10T	-1029.1065630552	1.44259976487048	0
11A	-1037.25356832391	0.43355793861702	0
11C	-1037.27283716409	0.426631617489751	0
11G	-1037.25356832389	0.433558282986607	0
11T	-1029.16750515657	1.44187548862744	0
12A	-1037.25356832512	0.433558062079042	0
12C	-1029.77013773467	1.4361436841741	0
12G	-1037.25356832531	0.433558390568323	0
12T	-1036.69070061665	1.51468986276499	0
13A	-1037.25356835329	0.433558119454327	0
13C	-1037.25356835317	0.433558209133763	0
13G	-1037.73652167237	0.646615117617497	0
13T	-1028.87407185093	1.44674308341692	0
neutral	-1037.53924771473	1	0
