posterior_mean	posterior_var	posterior_sd	posterior_quant	is_contained	PESL
2.07047636743015	0.01736763569084	0.131786325887172	0.301660571589741	1	0.0223345540569983
