posterior_mean	posterior_var	posterior_sd	posterior_quant	is_contained	PESL
0.703547431499502	0.10962956743394	0.331103559983792	0.97471253817622	1	0.743966261305015
