posterior_mean	posterior_var	posterior_sd	posterior_quant	is_contained	PESL
1.38657596095323	0.00269034650798076	0.0518685502783793	0.983909945534669	0	0.0155553591417445
