posterior_mean	posterior_var	posterior_sd	posterior_quant	is_contained	PESL
1.49191751629539	0.00380879693453274	0.0617154513435067	0.557459907469068	1	0.00387412347737273
