posterior_mean	posterior_var	posterior_sd	posterior_quant	is_contained	PESL
3.0032368072873	0.00581433194961896	0.0762517668622765	0.486440864401642	1	0.00582480887103393
