model	lik	mode	convergence
1A	-292.227396239089	2.48005239269169	0
1C	-311.504060108943	1.04979825127259	0
1G	-295.877546247401	0.433558222804976	0
1T	-295.877546247362	0.433558132334289	0
2A	-296.079233202827	0.454376102037146	0
2C	-310.517690187397	1.16192304104161	0
2G	-295.877546268653	0.433557925270291	0
2T	-295.877546268627	0.43355805361856	0
3A	-297.335478496722	1.12126213115338	0
3C	-295.877546257207	0.433557888785472	0
3G	-310.73065233084	1.15414475727785	0
3T	-295.877546257169	0.433557917148793	0
4A	-295.877546271499	0.433558128794229	0
4C	-295.93235819916	0.379948760015981	0
4G	-295.877546271507	0.433558058203672	0
4T	-310.635674091029	1.15192630247023	0
neutral	-296.163225913504	1	0
