posterior_mean	posterior_var	posterior_sd	posterior_quant	is_contained	PESL
1.97297430529937	0.0241239619431497	0.155318904010908	0.579075040529153	1	0.0248543501172574
