model	lik	mode	convergence
1A	-866.229166678533	2.1063035959242	0
1C	-947.073403028966	0.91893955643	0
1G	-932.649356098904	0.433558166325472	0
1T	-932.64935609885	0.43355822312997	0
2A	-932.64935608685	0.433557833875192	0
2C	-932.649356086782	0.43355770227151	0
2G	-904.969007929494	1.65003753296943	0
2T	-932.67372321678	0.424424322276302	0
3A	-904.674586899633	1.65327971130119	0
3C	-932.649356122217	0.433558105232156	0
3G	-932.649356122189	0.433558121689815	0
3T	-932.693834543531	0.368111504717705	0
4A	-932.649356107368	0.433558129616464	0
4C	-932.589361965046	1.49096461251291	0
4G	-932.649356107311	0.433558187501192	0
4T	-906.018857683652	1.64567816857406	0
5A	-904.747718326252	1.65245257497848	0
5C	-932.649356114868	0.43355814975	0
5G	-932.649356114818	0.43355823912854	0
5T	-932.704430064036	0.380442621934153	0
6A	-904.922986961366	1.65052792054874	0
6C	-932.649356090973	0.433558219045601	0
6G	-932.691855612682	0.414261315899277	0
6T	-932.64935609096	0.433557943369409	0
7A	-932.649356104386	0.433558183818095	0
7C	-904.827727577964	1.65267477256648	0
7G	-932.953892817293	0.594977750410766	0
7T	-932.649356104583	0.433557927728335	0
8A	-932.649356125616	0.433558037221204	0
8C	-932.649356125515	0.433558208223085	0
8G	-904.552042266864	1.65469341921656	0
8T	-932.662970514783	0.349459699558782	0
9A	-932.649355923009	0.433557545330056	0
9C	-904.019307821763	1.66114328968216	0
9G	-932.41342785941	0.288071121680549	0
9T	-932.649355923139	0.43355763852783	0
10A	-901.825996502834	1.69774391977428	0
10C	-932.649356114512	0.433557990505527	0
10G	-933.733254081269	0.81471140706208	0
10T	-932.649356114504	0.433557921661486	0
11A	-905.94941492445	1.645243482682	0
11C	-932.649356086334	0.433558267043359	0
11G	-932.588101420938	1.47568868891254	0
11T	-932.649356086355	0.433558106089323	0
neutral	-932.935034936177	1	0
