posterior_mean	posterior_var	posterior_sd	posterior_quant	is_contained	PESL
1.60119684164512	0.00167097884163949	0.0408776080714062	0.00584707087870439	0	0.011911779600612
