posterior_mean	posterior_var	posterior_sd	posterior_quant	is_contained	PESL
1.52182659102013	0.00166054849958334	0.0407498282153844	0.298310027711439	1	0.00213694857514084
