posterior_mean	posterior_var	posterior_sd	posterior_quant	is_contained	PESL
1.53482839111315	0.00201517823077628	0.0448907365809059	0.220050176390666	1	0.00322819505826785
