posterior_mean	posterior_var	posterior_sd	posterior_quant	is_contained	PESL
2.98445731900061	0.10050426002131	0.317024068520531	0.533741566430231	1	0.100745834953957
