posterior_mean	posterior_var	posterior_sd	posterior_quant	is_contained	PESL
2.46522179300343	0.00409579778536531	0.0639984201786678	0.70868097980885	1	0.00530532131940053
