model	lik	mode	convergence
1A	-222.394692462357	2.01997328169648	0
1C	-233.317730338001	0.433558199648389	0
1G	-233.317730337997	0.433558139413736	0
1T	-246.400820189567	1.17584859229406	0
2A	-237.394779948568	1.62520946548518	0
2C	-233.31773033794	0.433558104476678	0
2G	-233.36785795343	0.373582635191995	0
2T	-233.31773033794	0.433557915014429	0
3A	-237.191927698305	1.63450303627607	0
3C	-233.317730341544	0.433558069276573	0
3G	-233.314937995294	0.342413727327634	0
3T	-233.317730341527	0.433557968318355	0
neutral	-233.603408869349	1	0
