posterior_mean	posterior_var	posterior_sd	posterior_quant	is_contained	PESL
2.56892056537405	0.0253145697190057	0.159105530133323	0.338573107135414	1	0.0300646140504654
