posterior_mean	posterior_var	posterior_sd	posterior_quant	is_contained	PESL
1.55849853119754	0.00464741017989183	0.0681719163577777	0.196427957053492	1	0.00806948833212229
