model	lik	mode	convergence
1A	-307.485404815426	2.44743952761683	0
1C	-364.892693105144	0.433558003913761	0
1G	-380.219404055754	0.60315495462107	0
1T	-364.892693105164	0.433558003753484	0
2A	-361.453278090175	2.59276463082568	0
2C	-364.892693104962	0.433558294183579	0
2G	-331.906398691877	2.28567918237948	0
2T	-364.892693104936	0.433558208239309	0
3A	-364.72972404826	0.300531837187297	0
3C	-364.892693028024	0.433557718574368	0
3G	-364.892693028005	0.4335577851862	0
3T	-325.243443449127	2.36967309703046	0
4A	-327.468770613006	2.32346699220294	0
4C	-364.892693124383	0.433558133411792	0
4G	-364.958519878388	0.764219299305299	0
4T	-364.892693124357	0.433558187188975	0
neutral	-365.178373053251	1	0
