model	lik	mode	convergence
1A	-338.455962645651	2.59631956585881	0
1C	-392.053800154449	0.43355812626218	0
1G	-392.053800154484	0.433558123497352	0
1T	-406.211233611716	0.958440580266883	0
2A	-392.053800162065	0.433558098304785	0
2C	-392.053800161876	0.43355796575417	0
2G	-392.111799302369	0.390566628820556	0
2T	-367.603193747119	2.00863763302768	0
3A	-392.099164979072	0.368880028185531	0
3C	-392.053800176304	0.433558103542577	0
3G	-392.053800176299	0.433558060421014	0
3T	-367.400930840047	2.01312573998407	0
4A	-392.053800157366	0.43355816335251	0
4C	-367.655341738911	2.00750947089587	0
4G	-392.053800157437	0.433558164652818	0
4T	-392.110923135894	0.396710703436923	0
neutral	-392.339478900844	1	0
