model	lik	mode	convergence
1A	-530.434979099781	1.48218666679814	0
1C	-539.024133491591	0.433558222868697	0
1G	-555.068615433227	1.03345513046073	0
1T	-539.024133491574	0.433558095495883	0
2A	-539.076024200216	0.405857243451026	0
2C	-539.024133477427	0.433558177517509	0
2G	-546.839218921135	1.36589408961464	0
2T	-539.024133477395	0.43355801209942	0
3A	-537.089687393801	2.14053050130461	0
3C	-548.565793936561	1.33035019154963	0
3G	-539.024133486636	0.43355821932287	0
3T	-539.024133486622	0.433558133153867	0
4A	-539.024133497463	0.433558089047464	0
4C	-539.0995532043	0.74676839924413	0
4G	-547.050128558655	1.36165491838557	0
4T	-539.024133497401	0.43355803730245	0
5A	-539.024133492326	0.433558136530372	0
5C	-539.603379562636	0.660687190510687	0
5G	-539.024133492269	0.433558109856791	0
5T	-546.437309145386	1.37927678770908	0
6A	-546.839367648571	1.36589026737949	0
6C	-539.02413347761	0.433558148191433	0
6G	-539.024133477599	0.433558184431199	0
6T	-539.075978449466	0.405911451202331	0
neutral	-539.309813333217	1	0
