posterior_mean	posterior_var	posterior_sd	posterior_quant	is_contained	PESL
1.4238276756361	0.00994920427615619	0.0997456980333297	0.780458313378649	1	0.0157514272751691
