model	lik	mode	convergence
1A	-1010.41376345507	1.46340300882017	0
1C	-1044.78745070106	0.984909461466916	0
1G	-1030.19915160426	0.433558165902047	0
1T	-1030.19915160423	0.433558443954931	0
2A	-1030.19915159989	0.433558528462541	0
2C	-1027.92111176373	1.37681916293414	0
2G	-1030.19915160011	0.433556805369548	0
2T	-1030.53416099285	1.35270107580859	0
3A	-1030.19915161312	0.433558087199473	0
3C	-1030.19915161306	0.433558141779616	0
3G	-1026.89683771573	1.38177995481333	0
3T	-1030.25326017315	0.402904727819848	0
4A	-1030.19915161883	0.433558119837994	0
4C	-1030.25666121861	0.395287097271344	0
4G	-1030.19915161882	0.433557949454643	0
4T	-1026.87438821289	1.38206680854542	0
5A	-1030.19915163859	0.43355808000848	0
5C	-1026.77341267193	1.38337749860136	0
5G	-1030.19915163864	0.433558007446366	0
5T	-1030.23900588582	0.364457031494337	0
6A	-1030.20625061621	0.431224795835703	0
6C	-1030.19915159999	0.433557870382509	0
6G	-1030.19915160073	0.433560904336304	0
6T	-1026.97265596906	1.38082427943227	0
7A	-1030.19915162067	0.433558177427857	0
7C	-1026.86617408621	1.38217219261528	0
7G	-1030.25708968941	0.392586562688616	0
7T	-1030.19915162078	0.433557866874635	0
8A	-1029.86324054001	1.31629319913468	0
8C	-1030.19915162495	0.433558276751328	0
8G	-1027.42108536074	1.3763768018193	0
8T	-1030.19915162493	0.433558034721646	0
9A	-1030.19915161511	0.433558122115187	0
9C	-1030.19915161504	0.433558061516764	0
9G	-1026.88848842689	1.38188644144049	0
9T	-1030.25493113517	0.400028515503279	0
10A	-1030.45427967447	1.12015456403608	0
10C	-1030.19915162838	0.433558082640779	0
10G	-1030.1991516284	0.433558214680245	0
10T	-1027.30450893942	1.37841546562736	0
11A	-1026.83840920288	1.38253006791956	0
11C	-1030.19915162732	0.433558101877591	0
11G	-1030.1991516273	0.433558065560949	0
11T	-1030.25575233578	0.383715309362691	0
12A	-1030.237513562	0.417037593489127	0
12C	-1030.19915160417	0.433558315758076	0
12G	-1030.19915160421	0.433557754206013	0
12T	-1026.9361075683	1.3812823873546	0
neutral	-1030.48483083441	1	0
