posterior_mean	posterior_var	posterior_sd	posterior_quant	is_contained	PESL
1.46763184391993	0.00619428397092075	0.0787037735494351	0.665001078973038	1	0.00724198149904279
