posterior_mean	posterior_var	posterior_sd	posterior_quant	is_contained	PESL
2.55149091241968	0.0164409954963341	0.128222445368719	0.34919176493753	1	0.0190923095581308
