model	lik	mode	convergence
1A	-312.719669430572	1.21001410670301	0
1C	-327.000256209572	1.09094831865379	0
1G	-312.120155973039	0.433558076823932	0
1T	-312.120155972995	0.433558133925687	0
2A	-312.154186269116	0.360467031427665	0
2C	-326.747687028612	1.11912252298807	0
2G	-312.120155987033	0.43355796808643	0
2T	-312.120155987006	0.433558028794501	0
3A	-312.120155984584	0.433558116501436	0
3C	-326.755664265101	1.1183457253362	0
3G	-312.120155984639	0.433558112572666	0
3T	-312.163645665452	0.367283273078132	0
4A	-326.806316560353	1.11333405654457	0
4C	-312.120155951124	0.433558208121145	0
4G	-312.120155951133	0.433558101806677	0
4T	-312.156379289251	0.418316236778055	0
5A	-312.120155960914	0.433557924551185	0
5C	-312.692880818622	0.789672695281728	0
5G	-312.120155960896	0.433557717175474	0
5T	-326.798890408286	1.11422834666683	0
neutral	-312.40583536124	1	0
