posterior_mean	posterior_var	posterior_sd	posterior_quant	is_contained	PESL
1.37638721665791	0.21547570156347	0.464193603535712	0.980043385118401	0	1.47798138845274
