model	lik	mode	convergence
1A	-916.814662236695	3.14208386477387	0
1C	-1268.23752798112	0.433558227004585	0
1G	-1268.23752798114	0.433558049029453	0
1T	-1282.19102933674	0.889281994887091	0
2A	-966.902387034742	2.83989987355081	0
2C	-1268.23752797404	0.43355826253181	0
2G	-1268.27507850881	0.417531157433079	0
2T	-1268.23752797401	0.4335579887711	0
3A	-1268.35163126143	0.739576041706966	0
3C	-1268.23752799341	0.433558267108247	0
3G	-967.208605391504	2.84065101578635	0
3T	-1268.23752799339	0.43355823637456	0
4A	-1268.2375279711	0.433558558132538	0
4C	-967.007030476526	2.83929918481444	0
4G	-1268.25924908551	0.425594714627954	0
4T	-1268.23752797114	0.433558384074986	0
5A	-966.975948160958	2.8394758062102	0
5C	-1268.23752797173	0.433558261747613	0
5G	-1268.2646490938	0.423142038914938	0
5T	-1268.23752797164	0.433558025460495	0
6A	-1268.23752799455	0.43355809663788	0
6C	-1268.23752799435	0.433558208921823	0
6G	-1268.29523884382	0.38768671396499	0
6T	-966.447293090423	2.84267853065654	0
7A	-1268.23752797184	0.433558001177508	0
7C	-1268.2375279717	0.433558021235	0
7G	-1251.40172482842	2.36104844331313	0
7T	-985.477246243224	2.88012250291766	0
8A	-1268.28714839011	0.40829014948524	0
8C	-1268.23752797929	0.433558204619189	0
8G	-1268.23752797933	0.433557860198501	0
8T	-966.773638805712	2.84066096841337	0
9A	-966.609056558684	2.8416644159567	0
9C	-1268.23752798699	0.433558234699373	0
9G	-1268.29440107738	0.397462920812467	0
9T	-1268.23752798698	0.433558291289604	0
10A	-966.862098509853	2.84013556541236	0
10C	-1268.27960434866	0.414562320124712	0
10G	-1268.23752797577	0.433558253940109	0
10T	-1268.2375279757	0.433558295498194	0
11A	-1268.23752798674	0.433558107318189	0
11C	-1268.23752798668	0.433557933280686	0
11G	-967.335532075168	2.83984167028966	0
11T	-1268.32497803025	0.761905677263603	0
neutral	-1268.52320666808	1	0
