model	lik	mode	convergence
1A	-666.071278585759	1.18671417271812	0
1C	-665.430175137572	0.433558126603469	0
1G	-679.449613912862	0.898826201463848	0
1T	-665.43017513754	0.433558158816035	0
2A	-679.823816713624	0.91783785828324	0
2C	-665.101475565496	0.274967686291221	0
2G	-665.430174791735	0.433557350276109	0
2T	-665.430174791734	0.433557260918224	0
3A	-665.690283668099	0.493525085304708	0
3C	-665.43017512704	0.433557994874262	0
3G	-665.430175127017	0.433557941469764	0
3T	-679.750454700083	0.91389613915129	0
4A	-665.382639722979	0.327292263123604	0
4C	-665.430175119141	0.433557957094424	0
4G	-679.777435710297	0.915384478722787	0
4T	-665.430175119113	0.433557903960795	0
5A	-665.430175135313	0.43355808644987	0
5C	-665.430175135133	0.43355805672714	0
5G	-665.476040899035	0.369326243306584	0
5T	-679.746725303052	0.913801530069934	0
neutral	-665.715853932946	1	0
