posterior_mean	posterior_var	posterior_sd	posterior_quant	is_contained	PESL
2.54074300811852	0.0169139045524412	0.130053468052341	0.382910619659052	1	0.0185738972630117
