model	lik	mode	convergence
1A	-591.714104282876	1.67374352225467	0
1C	-599.109371129115	0.433558212241331	0
1G	-599.109371129139	0.433557970149017	0
1T	-614.691132087062	1.02811546752936	0
2A	-610.94810517443	1.22617390358199	0
2C	-599.167372254537	0.391364430820283	0
2G	-599.109371137831	0.433558141026901	0
2T	-599.109371137814	0.433558168203922	0
3A	-599.10937114362	0.433557968927776	0
3C	-599.109371143496	0.433558062324642	0
3G	-611.833066936254	1.20644550674811	0
3T	-599.532243913097	1.316667221122	0
4A	-610.866848020022	1.22886941261883	0
4C	-599.109371156709	0.433558087887415	0
4G	-599.12728438814	0.351523155164666	0
4T	-599.109371156692	0.433558018381275	0
5A	-610.93447156035	1.22662375927037	0
5C	-599.109371143152	0.433558201266106	0
5G	-599.166098540338	0.384054330529435	0
5T	-599.109371143135	0.433558116915893	0
6A	-610.965561517513	1.22559938108077	0
6C	-599.109371130506	0.433558193041071	0
6G	-599.109371130493	0.433558100742922	0
6T	-599.164557235821	0.401144960002363	0
7A	-610.967884056036	1.22552306760776	0
7C	-599.109371129488	0.433558179123341	0
7G	-599.163748310522	0.402491857794476	0
7T	-599.109371129453	0.433558147694827	0
8A	-610.877489327134	1.22851449227478	0
8C	-599.109371156673	0.433558082310037	0
8G	-599.136325600799	0.356271988233632	0
8T	-599.109371156653	0.433558142507294	0
neutral	-599.39505065825	1	0
