model	lik	mode	convergence
1A	-336.973461309924	1.99135540792626	0
1C	-340.349392043017	0.433558222429792	0
1G	-357.485894352643	0.9878489461119	0
1T	-340.349392043	0.433558246597472	0
2A	-356.792947734483	1.12804435269719	0
2C	-340.349392045034	0.433558121374208	0
2G	-340.405561856215	0.382663179045613	0
2T	-340.349392045018	0.433558035804362	0
3A	-340.34939202541	0.433558190547071	0
3C	-356.821246112261	1.12541383765011	0
3G	-340.397943984838	0.409329283908261	0
3T	-340.349392025739	0.433558331217815	0
4A	-340.349392017553	0.433557611942449	0
4C	-340.349392017684	0.433557317417456	0
4G	-340.382116450053	1.43792072498187	0
4T	-357.266229343546	1.07067440468336	0
5A	-340.558133738917	0.695001660509303	0
5C	-354.049472864589	1.13155511463002	0
5G	-340.34939202613	0.433558062155956	0
5T	-340.349392026097	0.433558142006277	0
6A	-340.349392033015	0.433558175382596	0
6C	-340.405589392586	0.399149458451853	0
6G	-340.349392033022	0.433557975753361	0
6T	-356.810941296017	1.12637554410473	0
neutral	-340.635071989346	1	0
