model	lik	mode	convergence
1A	-679.996044796246	2.17237507954662	0
1C	-687.863120370188	0.433558080943357	0
1G	-687.863120370174	0.433558058184719	0
1T	-702.000118021899	1.10840806839475	0
2A	-698.832360506138	1.23031370195002	0
2C	-687.86312034716	0.433558102475025	0
2G	-687.863120347135	0.433558102384874	0
2T	-687.920249653537	0.396690342995818	0
3A	-688.138020261404	0.588889103550207	0
3C	-687.863120370133	0.433558032204842	0
3G	-698.856431311402	1.23017428548282	0
3T	-687.863120370096	0.433558110271085	0
4A	-687.863120366955	0.433558083168449	0
4C	-699.12723694399	1.22181427537659	0
4G	-687.863120366984	0.433558113360938	0
4T	-687.766551457841	1.13747069483493	0
5A	-687.898572841631	0.418760010947082	0
5C	-698.870159641364	1.22908777722871	0
5G	-687.863120332913	0.433558240799345	0
5T	-687.863120332954	0.433557848091967	0
6A	-687.863120331445	0.433557977161337	0
6C	-687.863120331459	0.433557709403559	0
6G	-701.278645402149	1.18969482313922	0
6T	-687.312979956557	1.24154594512931	0
7A	-687.863120334482	0.433558109304335	0
7C	-688.80586761373	0.7658017940496	0
7G	-697.936287359819	1.26574073147463	0
7T	-687.86312033427	0.433558053085678	0
8A	-688.67028427898	1.17172700807241	0
8C	-687.863120332058	0.433558134053319	0
8G	-687.863120332125	0.433558033662583	0
8T	-699.217441220879	1.22367606641499	0
9A	-687.863120367245	0.433558089518682	0
9C	-687.473152632218	1.59170616885313	0
9G	-687.863120367216	0.433558053176977	0
9T	-699.743356269005	1.20505488721342	0
10A	-698.839483760034	1.23865809228665	0
10C	-689.039547818342	1.03110312624595	0
10G	-687.863120335487	0.433557888989494	0
10T	-687.863120335476	0.433558069507927	0
11A	-698.856431311369	1.23017429282618	0
11C	-687.863120370155	0.433558093869907	0
11G	-688.13802026142	0.588889108562291	0
11T	-687.863120370144	0.43355809381372	0
12A	-698.793591275189	1.23246645985185	0
12C	-688.069549823272	0.527511817506719	0
12G	-687.863120264691	0.433557621522369	0
12T	-687.863120264682	0.433557824494052	0
13A	-687.863120353079	0.433557942228498	0
13C	-687.863120352955	0.433557987631986	0
13G	-698.684264998191	1.23523087556172	0
13T	-687.821794484357	0.329127197204956	0
neutral	-688.148799292358	1	0
