posterior_mean	posterior_var	posterior_sd	posterior_quant	is_contained	PESL
2.26602877330999	0.033243534421156	0.182328095534276	0.897614203308761	1	0.0879860693400429
