posterior_mean	posterior_var	posterior_sd	posterior_quant	is_contained	PESL
1.98258289753458	0.0250249291402421	0.158192696229131	0.554290773592993	1	0.0253282845985001
