lik	gamma	delta
-827.592883609287	0.00211660045269308	0.191308234309845
-835.872306918419	0.00211660045269308	6.61069613519961e-05
-835.659512337216	0.00211660045269308	0.0080315028092443
-835.874761152533	0.00211660045269308	6.61069613519961e-05
-835.450972193201	0.00211660045269308	0.0234863378371903
-835.097546823858	0.00211660045269308	0.0159180380079204
-835.872244348982	0.00211660045269308	6.61069613519961e-05
-835.872244348982	0.00211660045269308	6.61069613519961e-05
-834.665333161181	0.00211660045269308	0.0178095608078427
-835.872244383651	0.00211660045269308	6.61069613519961e-05
-835.872405012628	0.00211660045269308	6.61069613519961e-05
-835.872244383651	0.00211660045269308	6.61069613519961e-05
-835.872244604139	0.00211660045269308	6.61069613519961e-05
-835.872244604139	0.00211660045269308	6.61069613519961e-05
-834.982360149627	0.00211660045269308	0.016029558614926
-835.531348380391	0.00211660045269308	0.0309743357045426
-835.872412807645	0.00211660045269308	6.61069613519961e-05
-835.872568540715	0.00211660045269308	6.61069613519961e-05
-835.872245147897	0.00211660045269308	6.61069613519961e-05
-834.572401763945	0.00211660045269308	0.0185449632924571
-834.442319882725	0.00211660045269308	0.019726818024256
-835.872379444621	0.00211660045269308	6.61069613519961e-05
-835.87224474285	0.00211660045269308	6.61069613519961e-05
-835.872975320088	0.00211660045269308	6.61069613519961e-05
-835.872244208547	0.00211660045269308	6.61069613519961e-05
-835.872244208547	0.00211660045269308	6.61069613519961e-05
-834.800316769606	0.00211660045269308	0.0167420497699542
-835.345297307197	0.00211660045269308	0.295979184206015
-835.872244670754	0.00211660045269308	6.61069613519961e-05
-835.872244670754	0.00211660045269308	6.61069613519961e-05
-834.28737049888	0.00211660045269308	0.0207912844577893
-835.873658406376	0.00211660045269308	6.61069613519961e-05
-835.872244199533	0.00211660045269308	6.61069613519961e-05
-835.872244199533	0.00211660045269308	6.61069613519961e-05
-834.70863103417	0.00211660045269308	0.0174717361826852
-835.872244199533	0.00211660045269308	6.61069613519961e-05
-835.872244199925	0.00211660045269308	6.61069613519961e-05
-832.514548935223	0.00211660045269308	0.0596130662282025
-835.872244199925	0.00211660045269308	6.61069613519961e-05
-835.864285487298	0.00211660045269308	0.00166097987126791
-835.872243575567	0.00211660045269308	0
