posterior_mean	posterior_var	posterior_sd	posterior_quant	is_contained	PESL
2.32624136353279	0.0317998442444447	0.178325108283844	0.0289032059829822	1	0.138233271524174
