posterior_mean	posterior_var	posterior_sd	posterior_quant	is_contained	PESL
1.6670005896864	0.00610197195247604	0.0781151198710982	0.0139707207163296	0	0.0339911689080951
