lik	gamma	delta
-1010.23465375903	0.00109876882604231	0.193480852778765
-1078.84001571187	0.00109876882604231	6.61069613519961e-05
-1078.83863454365	0.00109876882604231	6.61069613519961e-05
-1078.83863454365	0.00109876882604231	6.61069613519961e-05
-1078.83863454161	0.00109876882604231	6.61069613519961e-05
-1078.83863454161	0.00109876882604231	6.61069613519961e-05
-1031.84779211067	0.00109876882604231	0.120868193732443
-1078.83863454161	0.00109876882604231	6.61069613519961e-05
-1078.83863454161	0.00109876882604231	6.61069613519961e-05
-1031.84779211067	0.00109876882604231	0.120868193732323
-1078.83863454161	0.00109876882604231	6.61069613519961e-05
-1078.83863454161	0.00109876882604231	6.61069613519961e-05
-1078.83876411019	0.00109876882604231	6.61069613519961e-05
-1031.50761875414	0.00109876882604231	0.121568439129914
-1078.83863461275	0.00109876882604231	6.61069613519961e-05
-1078.83868447066	0.00109876882604231	6.61069613519961e-05
-1078.83863528591	0.00109876882604231	6.61069613519961e-05
-1078.83973973511	0.00109876882604231	6.61069613519961e-05
-1021.94851297924	0.00109876882604231	0.151563199165105
-1078.83863528591	0.00109876882604231	6.61069613519961e-05
-1078.83863476334	0.00109876882604231	6.61069613519961e-05
-1078.83887968404	0.00109876882604231	6.61069613519961e-05
-1031.36314778191	0.00109876882604231	0.121901646863387
-1078.83863476334	0.00109876882604231	6.61069613519961e-05
-1078.4574381657	0.00109876882604231	0.120782656616819
-1078.83863459416	0.00109876882604231	6.61069613519961e-05
-1078.83863459416	0.00109876882604231	6.61069613519961e-05
-1032.21330009266	0.00109876882604231	0.12093302868376
-1078.83863454161	0.00109876882604231	6.61069613519961e-05
-1078.83863454161	0.00109876882604231	6.61069613519961e-05
-1031.84779211067	0.00109876882604231	0.120868193732443
-1078.83863454161	0.00109876882604231	6.61069613519961e-05
-1076.92958396845	0.00109876882604231	0.37893444206887
-1078.83872142744	0.00109876882604231	6.61069613519961e-05
-1078.83863463093	0.00109876882604231	6.61069613519961e-05
-1032.98012531459	0.00109876882604231	0.119789565368923
-1078.83863470369	0.00109876882604231	6.61069613519961e-05
-1078.68573821443	0.00109876882604231	0.0270067850317854
-1030.75054814384	0.00109876882604231	0.126402247430152
-1078.83863470369	0.00109876882604231	6.61069613519961e-05
-1078.83863406367	0.00109876882604231	0
