posterior_mean	posterior_var	posterior_sd	posterior_quant	is_contained	PESL
1.51675778056725	0.0292749299421961	0.171099181594174	0.475949424558088	1	0.0295557531517348
