posterior_mean	posterior_var	posterior_sd	posterior_quant	is_contained	PESL
2.01402013580048	0.00259161461493532	0.05090790326595	0.394500116520095	1	0.00278817882279724
