model	lik	mode	convergence
1A	-383.697141542513	1.14776815886844	0
1C	-383.472428793432	0.433558200884359	0
1G	-398.267273792879	0.956050995357505	0
1T	-383.4724287934	0.433558203516532	0
2A	-383.938793674597	1.07118707609708	0
2C	-398.265304091845	0.956821883522298	0
2G	-383.472428814872	0.433558056471574	0
2T	-383.472428814841	0.433557996574425	0
3A	-398.297169589204	0.971577460525203	0
3C	-384.243151899227	0.792735154481759	0
3G	-383.472428634405	0.433557518506525	0
3T	-383.472428634397	0.43355765784836	0
4A	-383.472428801819	0.433558101288404	0
4C	-383.472428801633	0.433558183083206	0
4G	-383.528997119229	0.383631012754472	0
4T	-398.327419062784	0.973795498149452	0
5A	-384.517120908589	0.851229221873144	0
5C	-383.472428815015	0.433558146862505	0
5G	-398.282608638631	0.973851597876675	0
5T	-383.472428814985	0.433558025120988	0
6A	-383.472428791464	0.433558098636513	0
6C	-383.472428791393	0.433558267855405	0
6G	-398.325750934561	0.972794358660664	0
6T	-383.529357692005	0.397302902359653	0
7A	-383.50053114291	0.42266837928662	0
7C	-398.322583195866	0.971091252546315	0
7G	-383.472428776224	0.433558338850072	0
7T	-383.472428776246	0.433558345003374	0
neutral	-383.758107783165	1	0
