model	lik	mode	convergence
1A	-462.404044436357	1.89014149553399	0
1C	-489.950769970289	0.43355804629029	0
1G	-489.950769970264	0.433558064070436	0
1T	-505.544869585206	0.682270603134116	0
2A	-488.327000472315	1.60825131371632	0
2C	-489.995901436875	0.368675167686167	0
2G	-489.950769966812	0.433558154661472	0
2T	-489.9507699668	0.433557988247713	0
3A	-488.474717642558	1.60492339263892	0
3C	-489.950769947768	0.433558130940372	0
3G	-489.950769947744	0.433558215116799	0
3T	-490.007901826826	0.396681831368288	0
4A	-488.284895245152	1.60921939349967	0
4C	-489.986404570664	0.361512339987257	0
4G	-489.95076996967	0.433558042000309	0
4T	-489.950769969646	0.43355803275026	0
5A	-489.95076997026	0.433558074367364	0
5C	-489.145561575347	1.59895187959636	0
5G	-490.142725284516	1.24871639909461	0
5T	-489.950769970488	0.43355799012176	0
6A	-489.950769931653	0.433557843382326	0
6C	-489.950769931714	0.433557885613377	0
6G	-489.753387505226	1.44303855834614	0
6T	-489.391268869074	1.59119041385774	0
neutral	-490.236449942682	1	0
