posterior_mean	posterior_var	posterior_sd	posterior_quant	is_contained	PESL
2.94279917805961	0.0112374402342318	0.106006793340011	0.708201995419481	1	0.0145093742648507
