model	lik	mode	convergence
1A	-501.648225981275	1.99491955233077	0
1C	-540.347721042835	0.872395214064053	0
1G	-526.93806567502	0.433558020141438	0
1T	-526.938065675013	0.433558080722948	0
2A	-526.994527034106	0.398536899947297	0
2C	-528.839644881153	1.4609554991154	0
2G	-526.938065674291	0.433558178793122	0
2T	-526.938065674269	0.433558147461584	0
3A	-526.996000412394	0.392626461027059	0
3C	-528.817851926494	1.46147374728426	0
3G	-526.93806567874	0.433558125540447	0
3T	-526.938065678702	0.433558209852297	0
4A	-528.838958480926	1.46097178073257	0
4C	-526.938065674466	0.433558178806846	0
4G	-526.938065674428	0.433558208700977	0
4T	-526.994604420864	0.398347353506209	0
5A	-526.938065690395	0.433558092966639	0
5C	-526.938065690127	0.433558265378718	0
5G	-526.990665937769	0.376594900485376	0
5T	-528.755064148104	1.46298197991073	0
6A	-526.93828137626	0.343622813251183	0
6C	-526.93806569624	0.43355802005814	0
6G	-526.938065696217	0.433558112558366	0
6T	-528.60518312037	1.46666601389485	0
7A	-526.984272511027	0.411402861433049	0
7C	-528.884562891734	1.45989624830176	0
7G	-526.938065665457	0.433558043481918	0
7T	-526.938065665398	0.433558009523448	0
neutral	-527.223744302135	1	0
