model	lik	mode	convergence
1A	-306.188299502659	1.20175938149142	0
1C	-322.09185051489	1.01941083791876	0
1G	-305.529480081777	0.433558144777256	0
1T	-305.529480081747	0.433557987631667	0
2A	-321.967026582045	1.05686196277023	0
2C	-305.529480081979	0.433558010049927	0
2G	-305.52948008194	0.43355805597588	0
2T	-305.718199173127	0.448373563182643	0
3A	-305.529480062093	0.43355812788112	0
3C	-305.52948006197	0.433557867040868	0
3G	-322.059259391731	1.03632943784669	0
3T	-306.143215410257	0.974004797981068	0
neutral	-305.815159935576	1	0
