posterior_mean	posterior_var	posterior_sd	posterior_quant	is_contained	PESL
1.34898144374832	0.186918779756699	0.432341045653428	0.673953455285284	1	0.209725384089053
