posterior_mean	posterior_var	posterior_sd	posterior_quant	is_contained	PESL
2.47515278475742	0.00426028496920791	0.0652708584990876	0.651066510111667	1	0.0048776690003584
