posterior_mean	posterior_var	posterior_sd	posterior_quant	is_contained	PESL
3.08994754047317	0.0126829629846995	0.112618661795901	0.213483322373949	1	0.0207735230218797
