posterior_mean	posterior_var	posterior_sd	posterior_quant	is_contained	PESL
2.52128741982688	0.171448275328662	0.414063129641679	0.501663129148439	1	0.171901429571567
