posterior_mean	posterior_var	posterior_sd	posterior_quant	is_contained	PESL
2.55911261335097	0.033168742114953	0.182122876418513	0.380858915395369	1	0.0366630431721442
