model	lik	mode	convergence
1A	-207.611303113023	3.30311769838151	0
1C	-234.353824039788	0.433558074804073	0
1G	-248.066786398216	1.01699605969959	0
1T	-234.353824039768	0.433558102679355	0
2A	-234.35382405878	0.433558083392842	0
2C	-234.353824058631	0.433558080803547	0
2G	-236.76489908864	1.68953696110468	0
2T	-234.442141919608	1.03094960347899	0
3A	-234.353823976714	0.433557761348783	0
3C	-234.218226475803	0.305907148396945	0
3G	-234.353823976695	0.433557777951276	0
3T	-235.472940682563	1.73659478651378	0
neutral	-234.639501936777	1	0
