model	lik	mode	convergence
1A	-594.179030307954	1.3759493669208	0
1C	-610.885845607348	0.900699512116908	0
1G	-596.775499682791	0.433557876961954	0
1T	-596.775499682761	0.433557760267203	0
2A	-596.775499742625	0.433558065069591	0
2C	-596.775499742489	0.433557989749932	0
2G	-610.957365653742	1.08583995450168	0
2T	-597.413073626592	1.04091157293889	0
3A	-596.775499703969	0.433558089216758	0
3C	-596.775499704062	0.433557953454429	0
3G	-596.841347490032	0.786791583038165	0
3T	-610.932506888142	1.08725246677786	0
4A	-596.775499738588	0.433558101676648	0
4C	-596.82084611601	0.368863773940211	0
4G	-610.832155266188	1.09345922750451	0
4T	-596.775499738506	0.433558061141288	0
5A	-596.775499735846	0.433558115667776	0
5C	-596.554336971969	1.51694122017019	0
5G	-611.249170199889	1.06372861888485	0
5T	-596.77549973576	0.433558153946797	0
6A	-610.780750105887	1.09663435065462	0
6C	-597.010689238915	0.467777971752583	0
6G	-596.775499731569	0.433558144190835	0
6T	-596.775499731552	0.433558214752413	0
neutral	-597.061178346124	1	0
