model	lik	mode	convergence
1A	-342.638547976133	1.08769106609406	0
1C	-341.763000273775	0.433558055882239	0
1G	-356.742933995329	1.13541458763453	0
1T	-341.763000273737	0.433558026668762	0
2A	-341.817802857356	0.379932637401759	0
2C	-341.763000263207	0.43355801680772	0
2G	-356.562427378702	1.14900355230804	0
2T	-341.763000263188	0.43355800532322	0
3A	-341.763000241857	0.433558161294502	0
3C	-341.763000241797	0.433557800154987	0
3G	-356.764379937959	1.13193058908636	0
3T	-341.850883752455	1.07070718807324	0
4A	-341.763000240169	0.433558103367675	0
4C	-341.807709461274	0.41261046986659	0
4G	-341.763000240123	0.433558097912692	0
4T	-356.602279931097	1.14565596689735	0
5A	-356.56663704935	1.1493867379036	0
5C	-341.763000269786	0.433558004126714	0
5G	-341.763000269741	0.433558069928585	0
5T	-342.227433812112	0.672511873688044	0
6A	-341.763000272775	0.433558103259558	0
6C	-356.536984544241	1.1511232743048	0
6G	-341.763000272801	0.433558013898726	0
6T	-341.799149454956	0.361855560528366	0
neutral	-342.048679907816	1	0
