posterior_mean	posterior_var	posterior_sd	posterior_quant	is_contained	PESL
1.21964018632517	0.151327185458386	0.389007950379406	0.96261933690538	1	0.760288624257395
