posterior_mean	posterior_var	posterior_sd	posterior_quant	is_contained	PESL
3.05333639894145	0.0120537059714279	0.109789370940123	0.31680569127979	1	0.0148984774234534
