posterior_mean	posterior_var	posterior_sd	posterior_quant	is_contained	PESL
2.69328765416081	0.0494689399288543	0.222416141340628	0.912616878353803	1	0.143541403019144
