model	lik	mode	convergence
1A	-614.788161738934	2.49364342503651	0
1C	-636.464583412443	0.433558084085084	0
1G	-650.184580388054	0.875608059306806	0
1T	-636.464583412393	0.43355808901735	0
2A	-636.467753791241	0.344843276251519	0
2C	-636.464583442523	0.433558072025931	0
2G	-649.228664560186	1.15923000420753	0
2T	-636.464583442487	0.433558109926218	0
3A	-636.464583443586	0.433558042843449	0
3C	-636.636857804678	0.649629273589632	0
3G	-649.368506516673	1.15372895195511	0
3T	-636.464583443504	0.433558090311452	0
4A	-617.872962612096	2.31280022144065	0
4C	-636.464583443579	0.433558114929181	0
4G	-650.381620266426	0.886183976819557	0
4T	-636.46458344355	0.433558109554842	0
5A	-649.376678659798	1.15333800773637	0
5C	-636.698478937427	0.671259266693092	0
5G	-636.464583420153	0.433558190121356	0
5T	-636.464583420115	0.433557956600666	0
6A	-636.464583428121	0.433558128786471	0
6C	-636.464583428024	0.433557903055351	0
6G	-644.652309908888	1.39614472893209	0
6T	-638.137429936717	0.892175635586114	0
7A	-636.897186516316	0.606821128808432	0
7C	-648.824371417087	1.17710155137299	0
7G	-636.464583425792	0.433558074127509	0
7T	-636.464583425765	0.433558209322351	0
8A	-636.46458344354	0.433558033948832	0
8C	-636.464583443314	0.433557981880383	0
8G	-636.636857804387	0.649629210895043	0
8T	-649.368506516615	1.15372895527844	0
9A	-649.406880669827	1.15242093818626	0
9C	-636.464583436963	0.433557950660863	0
9G	-636.46458343693	0.433558042419798	0
9T	-636.771900607145	0.839718685653721	0
10A	-636.464583411146	0.433558126135568	0
10C	-636.618721515711	0.732234454434665	0
10G	-636.464583411144	0.433558045378524	0
10T	-649.408056660534	1.15200502451615	0
11A	-636.464583441275	0.43355809680928	0
11C	-636.507815028971	0.367071731089773	0
11G	-649.262828414714	1.15779712892681	0
11T	-636.464583441175	0.433558100068818	0
neutral	-636.750262134125	1	0
