posterior_mean	posterior_var	posterior_sd	posterior_quant	is_contained	PESL
2.51937763006693	0.0040114957589548	0.0633363699540383	0.382719957690887	1	0.00438698830596299
