posterior_mean	posterior_var	posterior_sd	posterior_quant	is_contained	PESL
2.40631271569548	0.0234130708936402	0.153013302995655	0.734246741716952	1	0.0321903781339862
