posterior_mean	posterior_var	posterior_sd	posterior_quant	is_contained	PESL
2.06952367549658	0.0121564819832584	0.110256437377862	0.267649134744358	1	0.0169900234380451
