posterior_mean	posterior_var	posterior_sd	posterior_quant	is_contained	PESL
2.72730578487096	0.0106727101418785	0.103308809604401	0.994898736298183	0	0.0850348451061071
