model	lik	mode	convergence
1A	-202.752893107722	2.1871787085516	0
1C	-239.76112342448	0.672839929002029	0
1G	-220.400550316989	0.433558033072192	0
1T	-220.400550316964	0.433557785703947	0
2A	-220.400550307551	0.43355813022962	0
2C	-220.554293673591	0.720054257697895	0
2G	-220.400550307518	0.4335580372016	0
2T	-233.611089201562	1.53736173743556	0
neutral	-220.686230354042	1	0
