posterior_mean	posterior_var	posterior_sd	posterior_quant	is_contained	PESL
2.69055296534553	0.0908959603109123	0.301489569157728	0.270995924119354	1	0.127206392910527
