posterior_mean	posterior_var	posterior_sd	posterior_quant	is_contained	PESL
2.38709602452986	0.0813386396070274	0.285199298047922	0.666343567621444	1	0.0940859472839824
