model	lik	mode	convergence
1A	-1322.06524500936	2.37289087654365	0
1C	-1531.42240946533	0.43355817912539	0
1G	-1531.42240946533	0.433558118868086	0
1T	-1547.59246672108	1.00130214535101	0
2A	-1531.47239058502	0.407923597679317	0
2C	-1531.42240945251	0.433558278217832	0
2G	-1360.39217143558	2.16816957030959	0
2T	-1531.42240945252	0.433558163411174	0
3A	-1531.4798240969	0.386292108320922	0
3C	-1531.42240946834	0.43355807328578	0
3G	-1360.18353277816	2.16931153354028	0
3T	-1531.4224094683	0.433558104026708	0
4A	-1531.42240945442	0.433558184761555	0
4C	-1360.36650647522	2.16830716516596	0
4G	-1531.47491555232	0.405104607996631	0
4T	-1531.42240945458	0.433558149383109	0
5A	-1531.42240945	0.433558301834595	0
5C	-1360.42715478316	2.16798345154019	0
5G	-1531.46799793707	0.411911453303339	0
5T	-1531.42240945022	0.433558377995889	0
6A	-1360.30781329896	2.17001992599059	0
6C	-1531.42240948092	0.433558141475475	0
6G	-1531.42240948088	0.433558094303924	0
6T	-1531.67534816269	0.626184731309364	0
7A	-1531.45032890624	0.806598287454086	0
7C	-1531.42240944535	0.433558182748415	0
7G	-1361.00115293711	2.16625686342585	0
7T	-1531.42240944534	0.433558091785117	0
8A	-1531.46829892355	0.411665550671817	0
8C	-1531.42240945008	0.433558209188181	0
8G	-1360.42502623349	2.16799472497473	0
8T	-1531.42240945009	0.433558135416328	0
9A	-1531.42240944387	0.433558064028221	0
9C	-1530.90984601874	1.72717321769808	0
9G	-1362.20436275543	2.16489698871789	0
9T	-1531.42240944357	0.433558086786433	0
10A	-1531.437809608	0.350303728094675	0
10C	-1531.42240948339	0.43355807429406	0
10G	-1359.75759904335	2.17177446494215	0
10T	-1531.42240948336	0.433558011979325	0
11A	-1368.68022630867	2.15320080561255	0
11C	-1524.72845230012	2.52115744298799	0
11G	-1531.42240944865	0.433558174800146	0
11T	-1531.42240944863	0.433558166798492	0
12A	-1531.42240945445	0.433558140746842	0
12C	-1360.84120218237	2.1670967371757	0
12G	-1531.42240945444	0.433558235999162	0
12T	-1531.53693462913	0.752436944954762	0
13A	-1361.28231101354	2.16719800512495	0
13C	-1531.5211243462	1.24201383538086	0
13G	-1531.42240944521	0.433558491537586	0
13T	-1531.42240944513	0.433558236768707	0
14A	-1360.08480219048	2.16986788398942	0
14C	-1531.42240947476	0.433558195954406	0
14G	-1531.47535513436	0.377066319648528	0
14T	-1531.42240947477	0.433558191959791	0
neutral	-1531.70808929448	1	0
