model	lik	mode	convergence
1A	-292.869706878191	2.33831624977294	0
1C	-343.057860042956	0.433558011206616	0
1G	-343.057860042917	0.433558027478039	0
1T	-344.506078554237	0.754467827412578	0
2A	-343.05785889647	0.433558104268907	0
2C	-343.057858896393	0.433558216537671	0
2G	-310.692136271416	2.1701160847882	0
2T	-343.115625023119	0.388017042237001	0
neutral	-343.343537807612	1	0
