model	lik	mode	convergence
1A	-305.38026980621	2.49914070431319	0
1C	-363.404009357384	0.855364485763939	0
1G	-360.028043294575	0.43355815525905	0
1T	-360.028043294534	0.433558108656325	0
2A	-360.028043121506	0.433558093570974	0
2C	-360.028043121491	0.43355738047514	0
2G	-333.596560739746	2.09981538758447	0
2T	-358.25743658115	2.38996475171009	0
3A	-360.02804312897	0.43355817358499	0
3C	-360.077841166836	0.408110682073545	0
3G	-330.755278937628	2.13094287683038	0
3T	-360.02804312881	0.433557761317089	0
neutral	-360.313722842347	1	0
