posterior_mean	posterior_var	posterior_sd	posterior_quant	is_contained	PESL
2.51324570971617	0.0353268029062929	0.187954257483817	0.481840167361606	1	0.0355022517321776
