model	lik	mode	convergence
1A	-382.399246345722	2.60936175575296	0
1C	-439.895098434819	0.433558285254995	0
1G	-454.019483828321	0.854406259275027	0
1T	-439.895098434789	0.433558130157864	0
2A	-439.89509842635	0.433558063990774	0
2C	-439.895098426331	0.433558242355943	0
2G	-412.613805289854	2.07533975076517	0
2T	-440.005104767751	0.758996331578915	0
3A	-439.895098428801	0.433558042469776	0
3C	-439.895098428745	0.43355806492412	0
3G	-412.172486162324	2.08001108840081	0
3T	-439.943681136418	0.409299607693217	0
4A	-439.895098425859	0.433558145681321	0
4C	-439.937365886559	0.414426832072358	0
4G	-439.895098425767	0.433557903906887	0
4T	-412.213700387426	2.07914642127706	0
5A	-439.89509829021	0.43355759861744	0
5C	-411.369207838728	2.10571496151934	0
5G	-440.073933265927	0.515385618255017	0
5T	-439.895098290415	0.433557552596974	0
6A	-439.89509844563	0.433558088901345	0
6C	-439.895098445443	0.433557898177783	0
6G	-439.952476480066	0.386147816401707	0
6T	-411.96608382847	2.08447108583403	0
7A	-440.07393326567	0.515385631326691	0
7C	-439.89509829027	0.433557581567265	0
7G	-411.369207838337	2.10571501319913	0
7T	-439.895098290229	0.433557604816378	0
8A	-439.89509843326	0.433558172953118	0
8C	-440.108482421535	0.688821286216312	0
8G	-439.895098433283	0.433557861883142	0
8T	-412.380424993036	2.08013338855217	0
neutral	-440.180777540564	1	0
