posterior_mean	posterior_var	posterior_sd	posterior_quant	is_contained	PESL
2.62460235476428	0.0398345280729583	0.199585891467704	0.271276762310639	1	0.0553602748857529
