model	lik	mode	convergence
1A	-802.133220227047	2.61823237494239	0
1C	-910.632603062962	0.433558115662313	0
1G	-910.632603062954	0.433558002522718	0
1T	-926.67698375977	0.912348175491594	0
2A	-910.676134210747	0.36731739014598	0
2C	-910.632603074789	0.433558203415995	0
2G	-857.066128765163	1.93019263086427	0
2T	-910.632603074758	0.433558085886958	0
3A	-910.632603043374	0.433558193216186	0
3C	-857.433522473207	1.92620712147685	0
3G	-910.632603043354	0.433558378863452	0
3T	-910.675574980736	0.413920083020663	0
4A	-910.632603040996	0.433558093816651	0
4C	-857.459061744025	1.92594289646182	0
4G	-910.669765297321	0.417763762919791	0
4T	-910.6326030414	0.433557963441577	0
5A	-910.632603076016	0.433558013072985	0
5C	-910.632603075881	0.433557905316119	0
5G	-857.436504896822	1.92856201291504	0
5T	-910.80440789096	0.644055158854409	0
6A	-911.491527710117	0.781700462227068	0
6C	-910.632603047523	0.433558137833913	0
6G	-910.632603047583	0.433558167030328	0
6T	-855.12972962023	1.96016917331051	0
7A	-910.688864421547	0.399005262476387	0
7C	-910.632603053305	0.433558178775822	0
7G	-910.632603053323	0.433558094250557	0
7T	-857.327957708818	1.92731865171206	0
8A	-857.517027953107	1.92535040577403	0
8C	-910.651308790128	0.426863735682822	0
8G	-910.632603038879	0.433557882278653	0
8T	-910.632603038618	0.433558226777547	0
9A	-910.632603043525	0.43355807381639	0
9C	-910.675057552171	0.414293802301451	0
9G	-910.632603043484	0.433557623789387	0
9T	-857.436031646304	1.92618107975303	0
10A	-910.655953178918	0.424881098029204	0
10C	-910.632603038485	0.433557887059866	0
10G	-910.632603038594	0.433557765104002	0
10T	-857.504679174708	1.92547576770595	0
11A	-857.355939060107	1.92702110006905	0
11C	-910.632603050626	0.433558235032277	0
11G	-910.686766586325	0.402821926206935	0
11T	-910.632603050592	0.433558269218139	0
12A	-910.632603043888	0.433558091205395	0
12C	-910.67595134826	0.41364379786737	0
12G	-857.431663370164	1.926226431875	0
12T	-910.632603043686	0.433558151109879	0
13A	-910.632603043241	0.433558155030436	0
13C	-910.941085361286	0.521707018078681	0
13G	-856.821916690166	1.93407618821296	0
13T	-910.632603043082	0.433558200638264	0
14A	-910.686966150583	0.379192441326835	0
14C	-910.63260306788	0.433558145859182	0
14G	-910.632603067891	0.43355815726334	0
14T	-857.170777480154	1.92902582688865	0
neutral	-910.918282881049	1	0
