posterior_mean	posterior_var	posterior_sd	posterior_quant	is_contained	PESL
1.95719507358048	0.00706642429979262	0.0840620265030092	0.698415970215604	1	0.00889868602556984
