model	lik	mode	convergence
1A	-483.622583233551	2.03959444456012	0
1C	-512.83339661174	0.433558017712142	0
1G	-527.377126317153	0.796702159085658	0
1T	-512.833396611698	0.433557991746631	0
2A	-512.833396572935	0.433558374202781	0
2C	-514.750467502913	1.49724884712495	0
2G	-512.685461351995	1.40932208936705	0
2T	-512.83339657318	0.433558073745406	0
3A	-514.039057200808	1.50848539436121	0
3C	-512.833396576631	0.43355807268728	0
3G	-512.833396576591	0.433558021289022	0
3T	-512.872400837324	0.416640643845042	0
4A	-512.834186199792	0.343857249564308	0
4C	-513.710505188237	1.51620039452879	0
4G	-512.833396610421	0.433557930431189	0
4T	-512.833396610396	0.433558076382854	0
5A	-513.891443770439	1.5118811644348	0
5C	-512.833396601899	0.433558140576141	0
5G	-512.833396601886	0.433558182565254	0
5T	-512.888220106166	0.379969087491523	0
6A	-512.889576773268	0.382687021628862	0
6C	-512.833396599933	0.43355810697707	0
6G	-513.903394641435	1.51160167040534	0
6T	-512.833396599903	0.433558042702664	0
7A	-513.979918059768	1.5098307056996	0
7C	-512.833396586348	0.433558143053348	0
7G	-512.888670653986	0.400987692260027	0
7T	-512.833396586344	0.433558137443762	0
neutral	-513.119076296837	1	0
