posterior_mean	posterior_var	posterior_sd	posterior_quant	is_contained	PESL
2.05312640600458	0.0275924771385183	0.166109834562913	0.383831196019319	1	0.0304148921534786
