posterior_mean	posterior_var	posterior_sd	posterior_quant	is_contained	PESL
1.99860590057382	0.0280768002602307	0.167561332831387	0.514520096257548	1	0.0280787437734409
