model	lik	mode	convergence
1A	-282.649970729918	1.830345461038	0
1C	-284.96671339219	0.433558136332048	0
1G	-299.66287473275	0.975298223724179	0
1T	-284.966713392184	0.433558164112785	0
2A	-284.9667134195	0.43355817105863	0
2C	-299.358277205711	1.08659506258561	0
2G	-285.568239813605	0.979181047889778	0
2T	-284.966713419607	0.433558156359456	0
neutral	-285.252392343322	1	0
