posterior_mean	posterior_var	posterior_sd	posterior_quant	is_contained	PESL
2.16139161634151	0.149291963320284	0.386383181984263	0.356549322953275	1	0.175339217145722
