lik	gamma	delta
-3354.91020575822	0.00152703202240875	0.247542473427258
-3754.45164872016	0.00152703202240875	6.61069613519961e-05
-3754.41994465031	0.00152703202240875	0.00389004879906362
-3754.45125845421	0.00152703202240875	6.61069613519961e-05
-3753.35699036095	0.00152703202240875	0.134206929650415
-3752.77802289791	0.00152703202240875	0.999933893038648
-3754.45150939888	0.00152703202240875	6.61069613519961e-05
-3414.34342489945	0.00152703202240875	0.198001119970554
-3754.45109864946	0.00152703202240875	6.61069613519961e-05
-3418.90180849322	0.00152703202240875	0.196053654288607
-3754.45109864946	0.00152703202240875	6.61069613519961e-05
-3748.93471021778	0.00152703202240875	0.345396328179225
-3754.43855936389	0.00152703202240875	0.00702330962050655
-3408.27999823565	0.00152703202240875	0.201823517773646
-3754.33692238359	0.00152703202240875	0.0858170701523949
-3754.45131957712	0.00152703202240875	6.61069613519961e-05
-3722.82198427477	0.00152703202240875	0.321920051597228
-3754.45109872176	0.00152703202240875	6.61069613519961e-05
-3442.39121416467	0.00152703202240875	0.191929297258476
-3754.45121468405	0.00152703202240875	6.61069613519961e-05
-3746.96970611143	0.00152703202240875	0.325732844801616
-3740.5644871358	0.00152703202240875	0.149293541626306
-3433.54719740471	0.00152703202240875	0.199467882473967
-3754.45109923988	0.00152703202240875	6.61069613519961e-05
-3752.30502317517	0.00152703202240875	0.159586154624793
-3417.94441511485	0.00152703202240875	0.197582120494133
-3752.17797916793	0.00152703202240875	0.222609534838384
-3754.45109929665	0.00152703202240875	6.61069613519961e-05
-3748.09909583749	0.00152703202240875	0.225326373841752
-3754.45147746215	0.00152703202240875	6.61069613519961e-05
-3754.45111525077	0.00152703202240875	6.61069613519961e-05
-3418.75463847449	0.00152703202240875	0.197555584767606
-3413.17204127053	0.00152703202240875	0.197443130373998
-3754.45109884761	0.00152703202240875	6.61069613519961e-05
-3754.45109884761	0.00152703202240875	6.61069613519961e-05
-3754.45134815203	0.00152703202240875	6.61069613519961e-05
-3754.45109965882	0.00152703202240875	6.61069613519961e-05
-3752.39640271623	0.00152703202240875	0.392655536162261
-3754.2182155882	0.00152703202240875	0.0232747451003367
-3408.71794799473	0.00152703202240875	0.203539063257103
-3754.45109819731	0.00152703202240875	0
