posterior_mean	posterior_var	posterior_sd	posterior_quant	is_contained	PESL
3.06093572230976	0.00618518114283453	0.0786459226078157	0.220225238045311	1	0.00989834339622651
