posterior_mean	posterior_var	posterior_sd	posterior_quant	is_contained	PESL
1.51255692382175	0.00199365403626012	0.0446503531482128	0.392750598036072	1	0.00215133037211211
