posterior_mean	posterior_var	posterior_sd	posterior_quant	is_contained	PESL
2.08513560751008	0.117384725247507	0.342614543251606	0.422369693722683	1	0.124632796913609
