model	lik	mode	convergence
1A	-579.586218693275	1.33393860010249	0
1C	-583.716686089971	0.433557973757451	0
1G	-596.898449690894	1.10471929324845	0
1T	-583.71668608994	0.433558082985443	0
2A	-591.70105475926	1.29606044542532	0
2C	-583.716686074234	0.433558120903463	0
2G	-583.766356956771	0.79176783894536	0
2T	-583.716686074212	0.433558018929207	0
3A	-591.545483811053	1.30041944784892	0
3C	-583.716686076982	0.433558053600191	0
3G	-583.716686076949	0.433557922816495	0
3T	-583.99845333332	0.632906857152152	0
4A	-583.716686098823	0.433558143951804	0
4C	-591.418309550073	1.30318472437271	0
4G	-583.770130410547	0.377776051070266	0
4T	-583.716686099026	0.433558224553832	0
5A	-583.716686108249	0.433558065380774	0
5C	-583.716686107972	0.433557949372033	0
5G	-583.744630269716	0.356832600932843	0
5T	-591.359682324979	1.30487037932669	0
6A	-583.716686108189	0.43355806616931	0
6C	-583.744630269857	0.356832599940939	0
6G	-591.359682325034	1.30487037841119	0
6T	-583.716686108113	0.433558077242308	0
7A	-583.716686068352	0.433558817936863	0
7C	-592.864341314333	1.28369391396191	0
7G	-583.716686067956	0.433556093433328	0
7T	-583.906490865114	1.33609864278781	0
8A	-583.613044888126	0.869542096659414	0
8C	-591.749379759199	1.29469706994382	0
8G	-583.716686071074	0.433558252722599	0
8T	-583.716686071043	0.433558061357948	0
9A	-583.773527011352	0.384372474943725	0
9C	-591.435312752734	1.30269955582885	0
9G	-583.716686094438	0.43355811195066	0
9T	-583.716686094424	0.433558229786781	0
neutral	-584.002363638112	1	0
