posterior_mean	posterior_var	posterior_sd	posterior_quant	is_contained	PESL
2.89242987843067	0.0282228891553121	0.167996693882088	0.742761532376919	1	0.0397942202164888
