posterior_mean	posterior_var	posterior_sd	posterior_quant	is_contained	PESL
2.91266108081071	0.0534846760146171	0.231267542068958	0.0321608898657059	1	0.22377384363143
