posterior_mean	posterior_var	posterior_sd	posterior_quant	is_contained	PESL
1.63945640344194	0.256426639091216	0.506385859884748	0.941075425289403	1	0.996961920668273
