model	lik	mode	convergence
1A	-177.095139119183	2.59120315816448	0
1C	-204.119168491517	0.433558176637288	0
1G	-204.119168491519	0.433558099040078	0
1T	-218.609127068034	0.915992069944092	0
2A	-204.119168476174	0.43355781717622	0
2C	-204.124543315505	0.431807502680296	0
2G	-198.102326948795	2.06681279989925	0
2T	-204.119168475019	0.433515826889707	0
3A	-204.119168478177	0.433558062826344	0
3C	-204.119168477989	0.433558076336276	0
3G	-198.713040572074	2.05051206728993	0
3T	-203.911757928357	0.914229127941299	0
neutral	-204.404847925493	1	0
