posterior_mean	posterior_var	posterior_sd	posterior_quant	is_contained	PESL
1.943554387406	0.00505657956006654	0.071109630571861	0.787680593133837	1	0.00824268674123306
