posterior_mean	posterior_var	posterior_sd	posterior_quant	is_contained	PESL
2.46984904939232	0.199520294364317	0.44667694630943	0.143022584025565	1	0.420278423579226
