model	lik	mode	convergence
1A	-354.350482767201	1.98109685140042	0
1C	-370.084043771044	1.04712622937812	0
1G	-355.474103602901	0.43355810533052	0
1T	-355.474103602885	0.433558215564464	0
2A	-369.709026172423	1.10243631367331	0
2C	-355.4793941426	0.345740539004371	0
2G	-355.474103624023	0.433557972269573	0
2T	-355.474103624017	0.43355813418365	0
3A	-369.753319875835	1.09758084355278	0
3C	-355.474103606728	0.433558174243822	0
3G	-355.47410360669	0.433558060865743	0
3T	-355.532108095991	0.390943385955218	0
4A	-355.474103593126	0.433558173686447	0
4C	-369.927897619134	1.06156023981352	0
4G	-356.627309076923	1.14662353804439	0
4T	-355.474103593425	0.433558076595973	0
5A	-355.53173680157	0.394716716919075	0
5C	-355.474103603782	0.433558273764718	0
5G	-355.474103603778	0.433557971159936	0
5T	-369.75651516755	1.09722367075473	0
6A	-355.47410359762	0.433558234418799	0
6C	-369.763306017058	1.09646120212915	0
6G	-355.528118834364	0.403044649507144	0
6T	-355.474103597723	0.433558076473752	0
neutral	-355.759782511394	1	0
