posterior_mean	posterior_var	posterior_sd	posterior_quant	is_contained	PESL
2.33367856436006	0.765328729357733	0.874830686108879	0.62646727711409	1	0.792991549311234
