posterior_mean	posterior_var	posterior_sd	posterior_quant	is_contained	PESL
2.61598943072798	0.00479889655519791	0.0692740684181167	0.0454270457927165	1	0.0182524445957411
