posterior_mean	posterior_var	posterior_sd	posterior_quant	is_contained	PESL
1.98322463446685	0.386989042529032	0.622084433601285	0.555560713702085	1	0.387270455417803
