model	lik	mode	convergence
1A	-891.577556790614	3.13406449737453	0
1C	-1254.77561385584	0.646214888781658	0
1G	-1253.15533725206	0.433558185462515	0
1T	-1253.15533725202	0.433558128638816	0
2A	-1253.11217865708	0.836884703669527	0
2C	-1253.15533679414	0.433558301648414	0
2G	-1253.15533679418	0.433558009609691	0
2T	-920.398964104347	3.01482630658205	0
3A	-919.665240482696	3.01645268956462	0
3C	-1253.15533678902	0.43355832626634	0
3G	-1253.15533678893	0.433558085185206	0
3T	-1253.18478299535	0.422003464763097	0
4A	-1253.15533679482	0.43355810634883	0
4C	-1253.15533679479	0.433557896031859	0
4G	-926.041362924741	3.00246691640289	0
4T	-1248.24731277412	3.57905216490346	0
5A	-1253.15533681104	0.433558121489153	0
5C	-1253.21308569472	0.38791026147784	0
5G	-919.100398594862	3.02000722619688	0
5T	-1253.15533681093	0.4335582543469	0
6A	-1253.15533676914	0.433557858097444	0
6C	-917.11970870409	3.03371177684726	0
6G	-1253.15533676918	0.433557960575579	0
6T	-1253.05121743652	0.31270896106139	0
7A	-1253.15533676901	0.433557874082304	0
7C	-917.119708704039	3.03371177474916	0
7G	-1253.05121743649	0.312708974515463	0
7T	-1253.15533676917	0.433557894728411	0
8A	-1252.982607018	0.901486801344125	0
8C	-1253.15533678906	0.433558067227428	0
8G	-920.643672299308	3.01338171320576	0
8T	-1253.15533678912	0.433558258188622	0
9A	-1253.15533679511	0.433558161555572	0
9C	-919.478125701002	3.01758735503613	0
9G	-1253.20365794437	0.409544375469469	0
9T	-1253.15533679519	0.433558332275581	0
10A	-1253.15533679167	0.433558040868801	0
10C	-1253.15533679151	0.433558144141065	0
10G	-1253.1948174831	0.416296818879324	0
10T	-919.582288544173	3.0169494433117	0
11A	-1253.15533681674	0.433558123766932	0
11C	-1253.21012609193	0.379909513543153	0
11G	-918.942886416832	3.02105411695296	0
11T	-1253.15533681664	0.433558046864269	0
neutral	-1253.44101413523	1	0
