posterior_mean	posterior_var	posterior_sd	posterior_quant	is_contained	PESL
1.70274661158219	0.0206355557817503	0.143650811977344	0.0744530681296564	1	0.0617417442899377
