posterior_mean	posterior_var	posterior_sd	posterior_quant	is_contained	PESL
1.50245967724554	0.00345924946690736	0.0588153846107238	0.488521035548993	1	0.0034652994790577
