posterior_mean	posterior_var	posterior_sd	posterior_quant	is_contained	PESL
2.82235586651753	0.0215323830760248	0.146739166809768	0.885577289579545	1	0.0530898212331006
