model	lik	mode	convergence
1A	-568.69667376081	1.73760846938634	0
1C	-580.032671608829	0.433558140697354	0
1G	-596.766931282297	0.906022409042497	0
1T	-580.032671608799	0.433558199556008	0
2A	-593.866274369039	1.21314929981011	0
2C	-580.504638201533	0.620357451645507	0
2G	-580.032671596734	0.433557989304144	0
2T	-580.032671596711	0.43355820826184	0
3A	-580.032671580084	0.433558123729203	0
3C	-580.03267158001	0.433558350023805	0
3G	-594.130900405466	1.20398839885434	0
3T	-580.368146107791	0.886928247626541	0
4A	-596.944527244962	0.932375916166429	0
4C	-580.032671579088	0.43355818319478	0
4G	-580.032671579059	0.433557887107124	0
4T	-573.15589952369	1.51768642617197	0
5A	-593.826210165758	1.21362959443689	0
5C	-579.977765644351	0.325156509885157	0
5G	-580.032671585362	0.433557989636039	0
5T	-580.032671585351	0.43355801593847	0
6A	-593.863271431591	1.21232247370696	0
6C	-580.032671605686	0.433558015441876	0
6G	-580.026338381689	0.341012009195834	0
6T	-580.032671605677	0.433558052426301	0
7A	-580.0326715713	0.433558003783244	0
7C	-580.032671570862	0.433558003743991	0
7G	-580.218358015514	0.715017563536899	0
7T	-594.095699263	1.20473172973029	0
neutral	-580.31835152918	1	0
