model	lik	mode	convergence
1A	-167.308911657199	2.33298341516569	0
1C	-190.836151564002	0.43355799693507	0
1G	-205.039794153806	0.736807867158629	0
1T	-190.836151563972	0.433558059332211	0
2A	-190.836151532521	0.433558191992179	0
2C	-190.83615153247	0.433558028947061	0
2G	-190.880312218926	0.413033718599439	0
2T	-186.217312153992	2.01784272260812	0
neutral	-191.121831073833	1	0
