posterior_mean	posterior_var	posterior_sd	posterior_quant	is_contained	PESL
2.35941187076855	0.0615806989047794	0.248154586709131	0.72269992771948	1	0.0813457209855873
