posterior_mean	posterior_var	posterior_sd	posterior_quant	is_contained	PESL
1.92235225199035	0.00256152784685204	0.0506115386730342	0.936088806326752	1	0.00859070253792819
