posterior_mean	posterior_var	posterior_sd	posterior_quant	is_contained	PESL
2.97994735449598	0.00599766061644642	0.0774445647960296	0.605270567885184	1	0.00639976920817136
