model	lik	mode	convergence
1A	-412.59665939821	2.63965578370267	0
1C	-466.975753885199	0.433557983859948	0
1G	-480.632055938136	0.776623270031898	0
1T	-466.975753885163	0.433557995388077	0
2A	-466.933703439746	0.836055774210901	0
2C	-466.975753859101	0.433558101090724	0
2G	-452.88568300755	1.81466917083074	0
2T	-466.975753859084	0.433558317803727	0
3A	-466.975753869459	0.433558112290237	0
3C	-466.975753869413	0.433557974009624	0
3G	-452.174851785647	1.82914695842653	0
3T	-467.287208377123	0.581881948030568	0
4A	-466.975753858041	0.433558131207008	0
4C	-464.206945048985	2.11766172880458	0
4G	-456.343184543103	1.78331324398876	0
4T	-466.975753857888	0.433557943025118	0
5A	-466.97575385219	0.433557529721203	0
5C	-466.975753852265	0.433557747054307	0
5G	-465.923211435347	2.07305410494554	0
5T	-453.841102956569	1.80097792399938	0
6A	-451.703530300681	1.83706918181891	0
6C	-466.975753874235	0.433557942390251	0
6G	-466.975753874185	0.433557904229123	0
6T	-466.933241977152	0.328757951524002	0
neutral	-467.261433171621	1	0
