posterior_mean	posterior_var	posterior_sd	posterior_quant	is_contained	PESL
2.65639219939715	0.0440982401141041	0.209995809753681	0.944802670969349	1	0.162164560749213
