posterior_mean	posterior_var	posterior_sd	posterior_quant	is_contained	PESL
1.46747580560291	0.00758980631754009	0.0871194944747735	0.6518784465766	1	0.00864762954112459
