lik	gamma	delta
-849.093758347269	0.00286064889724867	0.191298081152243
-857.371033917629	0.00286064889724867	6.61069613519961e-05
-857.158371161234	0.00286064889724867	0.00802900287150185
-857.37348423882	0.00286064889724867	6.61069613519961e-05
-857.370977608012	0.00286064889724867	6.61069613519961e-05
-857.369606329898	0.00286064889724867	0.000665539637685515
-857.372419007207	0.00286064889724867	6.61069613519961e-05
-849.489448583332	0.00286064889724867	0.133603925370775
-857.371401642437	0.00286064889724867	6.61069613519961e-05
-857.370973093714	0.00286064889724867	6.61069613519961e-05
-856.274835890776	0.00286064889724867	0.0170344549890177
-856.335990010214	0.00286064889724867	0.294000100459
-857.371547585328	0.00286064889724867	6.61069613519961e-05
-857.370971817213	0.00286064889724867	6.61069613519961e-05
-849.942048073502	0.00286064889724867	0.132755091184245
-857.370971817213	0.00286064889724867	6.61069613519961e-05
-856.276448076286	0.00286064889724867	0.0170293313547678
-857.37097398081	0.00286064889724867	6.61069613519961e-05
-857.179998175485	0.00286064889724867	0.0961393566782469
-857.37097398081	0.00286064889724867	6.61069613519961e-05
-857.339545905678	0.00286064889724867	0.036587252964608
-856.408368189956	0.00286064889724867	0.0160176472623492
-856.642261836328	0.00286064889724867	0.181886058031592
-857.370973387884	0.00286064889724867	6.61069613519961e-05
-856.040925528605	0.00286064889724867	0.0192516363740173
-857.371033944349	0.00286064889724867	6.61069613519961e-05
-857.371275689518	0.00286064889724867	6.61069613519961e-05
-857.370978129927	0.00286064889724867	6.61069613519961e-05
-856.488901493534	0.00286064889724867	0.0155724824466407
-857.370976089072	0.00286064889724867	6.61069613519961e-05
-856.20202095272	0.00286064889724867	0.141046898521962
-857.371013310517	0.00286064889724867	6.61069613519961e-05
-856.196550809066	0.00286064889724867	0.141324196185047
-857.370971409698	0.00286064889724867	6.61069613519961e-05
-856.527479256809	0.00286064889724867	0.0149643526432388
-857.370971409698	0.00286064889724867	6.61069613519961e-05
-855.992666086372	0.00286064889724867	0.0192039709257247
-857.370974044398	0.00286064889724867	6.61069613519961e-05
-857.370974044398	0.00286064889724867	6.61069613519961e-05
-857.371725450073	0.00286064889724867	6.61069613519961e-05
-857.370970189918	0.00286064889724867	0
