posterior_mean	posterior_var	posterior_sd	posterior_quant	is_contained	PESL
2.91980869065915	0.00582406395915884	0.0763155551585575	0.853143210725801	1	0.0122547100529852
