model	lik	mode	convergence
1A	-278.390064610093	1.85223780118101	0
1C	-286.090405431939	0.433558350543135	0
1G	-301.705926163377	0.817206110144737	0
1T	-286.090405431923	0.433558282325815	0
2A	-286.109939850063	0.426521441955645	0
2C	-300.679068876422	1.2283577224306	0
2G	-286.090405421903	0.433557866380546	0
2T	-286.090405421888	0.433557856336925	0
3A	-300.29789925962	1.25278083049233	0
3C	-286.090405154737	0.433557333264611	0
3G	-286.090405154695	0.433557313536872	0
3T	-285.785571651827	0.278082603475846	0
neutral	-286.376085330394	1	0
