posterior_mean	posterior_var	posterior_sd	posterior_quant	is_contained	PESL
3.02988751440608	0.0123336579464815	0.111057003140196	0.398294156977279	1	0.0132269214638567
