lik	gamma	delta
-720.164747440586	0.00197037704236299	0.175507065868866
-720.995475890516	0.00197037704236299	0.0293881558261742
-723.452188038758	0.00197037704236299	6.61069613519961e-05
-723.452188038758	0.00197037704236299	6.61069613519961e-05
-723.452410550875	0.00197037704236299	6.61069613519961e-05
-723.452187963851	0.00197037704236299	6.61069613519961e-05
-719.464877747238	0.00197037704236299	0.0369566897305328
-723.452187963851	0.00197037704236299	6.61069613519961e-05
-723.436371015525	0.00197037704236299	0.0102694470456719
-722.514816430158	0.00197037704236299	0.0237717869221418
-723.452188553796	0.00197037704236299	6.61069613519961e-05
-719.835399198158	0.00197037704236299	0.0566560934229186
-723.452475540967	0.00197037704236299	6.61069613519961e-05
-719.010740954635	0.00197037704236299	0.0402798040498121
-723.452189406243	0.00197037704236299	6.61069613519961e-05
-723.45259295013	0.00197037704236299	6.61069613519961e-05
-723.452187503649	0.00197037704236299	6.61069613519961e-05
-723.452187503649	0.00197037704236299	6.61069613519961e-05
-719.596103252009	0.00197037704236299	0.0361796163322738
-723.452187503649	0.00197037704236299	6.61069613519961e-05
-723.452188085561	0.00197037704236299	6.61069613519961e-05
-723.452484306153	0.00197037704236299	6.61069613519961e-05
-719.426253657137	0.00197037704236299	0.0371459041641919
-723.452188085561	0.00197037704236299	6.61069613519961e-05
-722.215723247892	0.00197037704236299	0.0931951377591267
-722.994359614072	0.00197037704236299	0.251948188857799
-720.292709873742	0.00197037704236299	0.0340335146865752
-723.452669431658	0.00197037704236299	6.61069613519961e-05
-723.452187503649	0.00197037704236299	6.61069613519961e-05
-723.452187503649	0.00197037704236299	6.61069613519961e-05
-719.596103252009	0.00197037704236299	0.0361796163322738
-723.452187503649	0.00197037704236299	6.61069613519961e-05
-720.088978315344	0.00197037704236299	0.034056565495099
-722.413851109091	0.00197037704236299	0.159884873205294
-723.452187958192	0.00197037704236299	6.61069613519961e-05
-723.452187958192	0.00197037704236299	6.61069613519961e-05
-719.596103252009	0.00197037704236299	0.0361796163322742
-723.452187503649	0.00197037704236299	6.61069613519961e-05
-723.452187503649	0.00197037704236299	6.61069613519961e-05
-723.452187503649	0.00197037704236299	6.61069613519961e-05
-723.452187237521	0.00197037704236299	0
