posterior_mean	posterior_var	posterior_sd	posterior_quant	is_contained	PESL
1.00216668800869	0.891587351832838	0.944239033207608	0.938505120108427	1	3.13509198235881
