model	lik	mode	convergence
1A	-649.871173886179	2.92471454989601	0
1C	-800.577989623969	0.433558070463753	0
1G	-814.948479456214	0.860164597269836	0
1T	-800.577989623953	0.433558199613064	0
2A	-690.320346605305	2.49323900824562	0
2C	-800.581956069165	0.34517798772258	0
2G	-800.577989657869	0.433558063152781	0
2T	-800.577989657861	0.433557988301117	0
3A	-800.577989658561	0.433558105533131	0
3C	-801.038255893518	1.3135577404495	0
3G	-800.577989658535	0.433558003703607	0
3T	-689.865553880564	2.54161943738897	0
4A	-800.577989657982	0.433558010702972	0
4C	-800.58195606925	0.345177974805041	0
4G	-800.577989657958	0.433557869164404	0
4T	-690.320346605693	2.49323901795329	0
5A	-800.577989631428	0.433558135402724	0
5C	-800.612743058127	0.793816502033478	0
5G	-691.899963997772	2.47853352448374	0
5T	-800.577989631358	0.433558161538637	0
6A	-802.297498007425	1.06394781311096	0
6C	-800.577990744976	0.433557989663188	0
6G	-800.57799074495	0.433557989138135	0
6T	-670.658022707186	2.63474153696872	0
7A	-662.747953613318	2.71994947721646	0
7C	-800.577989634336	0.433558237874713	0
7G	-800.577989634328	0.433558427010402	0
7T	-814.841238629713	0.85736333525903	0
8A	-800.577989655725	0.433558076628359	0
8C	-800.577989655539	0.433557934728242	0
8G	-800.405960525709	1.48388343943577	0
8T	-692.485747408707	2.48282884190014	0
9A	-800.577989628049	0.433558155665689	0
9C	-691.260689353619	2.48190944530661	0
9G	-800.577989628048	0.43355802165161	0
9T	-800.627114995117	0.408779659924227	0
10A	-800.602962748812	0.424147900796898	0
10C	-800.577989620124	0.433558281514008	0
10G	-800.577989620341	0.433558552638076	0
10T	-691.426458762294	2.48009554595109	0
11A	-800.345954756778	0.288680057309614	0
11C	-800.5779894619	0.43355752354205	0
11G	-684.443954448646	2.56793216615987	0
11T	-800.577989461868	0.433557492575446	0
12A	-800.577989659159	0.433558052107397	0
12C	-800.577989659008	0.433558156235761	0
12G	-800.705906071088	0.691242963900493	0
12T	-691.410794317228	2.48461466275969	0
13A	-800.577989656838	0.433558029004934	0
13C	-800.576219602546	0.342820997213787	0
13G	-690.275886849017	2.4938011129071	0
13T	-800.577989656763	0.433558143092701	0
neutral	-800.863668908335	1	0
