posterior_mean	posterior_var	posterior_sd	posterior_quant	is_contained	PESL
2.47375826014599	0.0108530767627261	0.104178101166829	0.604515902450583	1	0.0115417056732946
