posterior_mean	posterior_var	posterior_sd	posterior_quant	is_contained	PESL
1.59710106335273	0.070839333582688	0.266156595978172	0.927266950261112	1	0.233166886732665
