model	lik	mode	convergence
1A	-794.814728991537	2.36112014849153	0
1C	-902.813656792917	0.941299089341717	0
1G	-884.886259195241	0.433558106484199	0
1T	-884.886259195238	0.433558147926852	0
2A	-884.886259196477	0.433558210271433	0
2C	-839.485029523834	1.87036517594596	0
2G	-884.88625919655	0.433558161567794	0
2T	-885.506832811535	0.771863993989209	0
3A	-884.886259226204	0.433558121474073	0
3C	-836.791680464342	1.89951766236128	0
3G	-885.136927531793	0.55123884767032	0
3T	-884.886259226329	0.433558353752798	0
4A	-884.886259220992	0.433558166458468	0
4C	-839.850713920917	1.86206195641935	0
4G	-884.940137209508	0.378424999396681	0
4T	-884.886259221163	0.433558028023769	0
5A	-884.848426974661	1.46199678483061	0
5C	-841.220972953509	1.85596277825034	0
5G	-884.886259196377	0.43355809940456	0
5T	-884.886259196356	0.433558055933904	0
6A	-884.886259189853	0.433557970142928	0
6C	-884.886259190721	0.433556874538436	0
6G	-840.203330738681	1.85833026319258	0
6T	-884.892284068152	0.431587255584315	0
7A	-844.200484048086	1.83964547183583	0
7C	-884.886259213829	0.433558213267451	0
7G	-881.860643724103	2.2389997234938	0
7T	-884.886259213824	0.433558242359543	0
8A	-884.88625920242	0.433558215124698	0
8C	-840.036028921796	1.8600588109824	0
8G	-884.886259202459	0.433558080800998	0
8T	-884.939529612884	0.404104740671907	0
9A	-884.886259209628	0.433558117750968	0
9C	-884.886259209525	0.433558141309351	0
9G	-841.069295389723	1.85283977999252	0
9T	-884.434575948527	1.4016379825594	0
10A	-840.058640719627	1.85982043359589	0
10C	-884.886259199961	0.433558138626199	0
10G	-884.936626817412	0.407521448460071	0
10T	-884.886259199929	0.433558098175161	0
11A	-884.886259211464	0.433558201029586	0
11C	-840.76093505076	1.85596632156263	0
11G	-884.896918445208	1.10932211068774	0
11T	-884.886259211628	0.433558064040255	0
neutral	-885.171939219877	1	0
