posterior_mean	posterior_var	posterior_sd	posterior_quant	is_contained	PESL
2.36839673344446	0.0171990399095446	0.131145110124414	0.842278026355625	1	0.0345184596776508
