model	lik	mode	convergence
1A	-557.686248751787	2.04793811874136	0
1C	-593.266228394405	0.993764576000135	0
1G	-576.019191537721	0.433558084792114	0
1T	-576.019191537703	0.433557888627876	0
2A	-575.979433133625	1.14460065689053	0
2C	-586.09915029059	1.32754268250666	0
2G	-576.019191534175	0.433558089602162	0
2T	-576.019191534136	0.433558118548381	0
3A	-576.019191524974	0.433558114049035	0
3C	-576.315589777999	1.36349502439519	0
3G	-586.514981892627	1.32349525246172	0
3T	-576.019191524809	0.433558318568166	0
4A	-576.019191536542	0.433558097118802	0
4C	-576.849260230181	1.08439645685188	0
4G	-576.019191536486	0.433558294614146	0
4T	-585.925035349583	1.33792120783418	0
5A	-576.019191522975	0.433558204660674	0
5C	-585.718211289733	1.33577353163996	0
5G	-576.066848172937	0.410151566773259	0
5T	-576.019191523006	0.433558095787038	0
6A	-584.10032866704	1.38920325023797	0
6C	-576.801588706229	0.720795802993755	0
6G	-576.01919139238	0.433557655995299	0
6T	-576.019191392377	0.433557561185792	0
7A	-576.073411310701	0.378960757256738	0
7C	-576.019191545339	0.433558176711495	0
7G	-585.634351646515	1.3380280842225	0
7T	-576.019191545306	0.433558153018732	0
8A	-576.054213627722	0.419004272052507	0
8C	-576.019191518062	0.433558411326801	0
8G	-576.019191518174	0.43355792280072	0
8T	-585.739542722815	1.33520698944661	0
9A	-576.019191555588	0.433558050178068	0
9C	-576.019191555464	0.43355814233523	0
9G	-593.072513535608	0.981331907524483	0
9T	-564.615553625244	1.63081167563361	0
neutral	-576.304871484518	1	0
