lik	gamma	delta
-2489.74223629435	0.00175940537858312	0.212837128703501
-2672.80271114701	0.00175940537858312	0.0178345835284103
-2673.49284964811	0.00175940537858312	0.145282512410896
-2673.98284008344	0.00175940537858312	6.61069613519961e-05
-2672.17702234029	0.00175940537858312	0.586559287784222
-2673.98277586874	0.00175940537858312	6.61069613519961e-05
-2535.50371800598	0.00175940537858312	0.135568223396965
-2673.98277586873	0.00175940537858312	6.61069613519961e-05
-2534.63411782376	0.00175940537858312	0.136874101802012
-2673.63793220976	0.00175940537858312	0.220394829387543
-2673.65541023111	0.00175940537858312	0.068459645653508
-2673.98277681651	0.00175940537858312	6.61069613519961e-05
-2673.23161301376	0.00175940537858312	0.631980268593198
-2669.84384636262	0.00175940537858312	0.494589843191047
-2673.98277594395	0.00175940537858312	6.61069613519961e-05
-2537.54066398437	0.00175940537858312	0.134679229641859
-2673.98277629442	0.00175940537858312	6.61069613519961e-05
-2671.79297934593	0.00175940537858312	0.207326027531177
-2534.02537984199	0.00175940537858312	0.14321963119494
-2672.64853176345	0.00175940537858312	0.0443124057213859
-2673.9829467812	0.00175940537858312	6.61069613519961e-05
-2672.15326657827	0.00175940537858312	0.153748375004544
-2673.66617061443	0.00175940537858312	0.184670267924372
-2536.13181936897	0.00175940537858312	0.136168076160433
-2672.42308891617	0.00175940537858312	0.0734263684259239
-2673.7233191173	0.00175940537858312	0.0691776107724177
-2530.78839362056	0.00175940537858312	0.145352072490191
-2673.94329424414	0.00175940537858312	0.00950615302403489
-2673.53720013251	0.00175940537858312	0.135827242976219
-2673.9827760352	0.00175940537858312	6.61069613519961e-05
-2669.73172404226	0.00175940537858312	0.155741615263153
-2539.02083679151	0.00175940537858312	0.135657677297643
-2673.98292874507	0.00175940537858312	6.61069613519961e-05
-2673.98277665258	0.00175940537858312	6.61069613519961e-05
-2530.42124842081	0.00175940537858312	0.141693118482088
-2673.9143300787	0.00175940537858312	0.0132840165071996
-2536.87100780376	0.00175940537858312	0.135968100984784
-2673.98277641612	0.00175940537858312	6.61069613519961e-05
-2673.22206245969	0.00175940537858312	0.104013842141211
-2671.85630075678	0.00175940537858312	0.237334516341159
-2673.98277556334	0.00175940537858312	0
