posterior_mean	posterior_var	posterior_sd	posterior_quant	is_contained	PESL
1.7875910554492	0.279423392093062	0.528605138163698	0.688045373106265	1	0.32454095181825
