lik	gamma	delta
-1024.15240008839	0.00229302677150104	0.255281126780766
-1110.48708176005	0.00229302677150104	0.0135587480496583
-1110.76643789235	0.00229302677150104	0.033655984297013
-1110.81415298959	0.00229302677150104	6.61069613519961e-05
-1110.81423701164	0.00229302677150104	6.61069613519961e-05
-1096.29370883693	0.00229302677150104	0.0820175134322509
-1110.59110619566	0.00229302677150104	0.0538418110553645
-1053.79476756236	0.00229302677150104	0.263975204149504
-1110.81401362461	0.00229302677150104	6.61069613519961e-05
-1052.59076064002	0.00229302677150104	0.138672216394307
-1110.81401362461	0.00229302677150104	6.61069613519961e-05
-1110.81401362461	0.00229302677150104	6.61069613519961e-05
-1054.08244514108	0.00229302677150104	0.137619484419481
-1109.01135152886	0.00229302677150104	0.263731721937666
-1110.81401391811	0.00229302677150104	6.61069613519961e-05
-1110.81401391811	0.00229302677150104	6.61069613519961e-05
-1051.86413656063	0.00229302677150104	0.140154751969518
-1110.81401403381	0.00229302677150104	6.61069613519961e-05
-1110.8141634952	0.00229302677150104	6.61069613519961e-05
-1110.8141892277	0.00229302677150104	6.61069613519961e-05
-1110.81401497484	0.00229302677150104	6.61069613519961e-05
-1051.56940049336	0.00229302677150104	0.140892919147252
-1110.81443263782	0.00229302677150104	6.61069613519961e-05
-1110.81401497484	0.00229302677150104	6.61069613519961e-05
-1110.81401364388	0.00229302677150104	6.61069613519961e-05
-1052.48273875812	0.00229302677150104	0.138885537030737
-1110.81401364388	0.00229302677150104	6.61069613519961e-05
-1110.81406383243	0.00229302677150104	6.61069613519961e-05
-1110.8140137176	0.00229302677150104	6.61069613519961e-05
-1053.41201696639	0.00229302677150104	0.138920597845166
-1109.96875666497	0.00229302677150104	0.129348374323353
-1110.8140137176	0.00229302677150104	6.61069613519961e-05
-1110.81424762531	0.00229302677150104	6.61069613519961e-05
-1110.8140138852	0.00229302677150104	6.61069613519961e-05
-1052.07056222899	0.00229302677150104	0.139728695440363
-1110.8140138852	0.00229302677150104	6.61069613519961e-05
-1110.81401407166	0.00229302677150104	6.61069613519961e-05
-1110.81401407166	0.00229302677150104	6.61069613519961e-05
-1052.03811005764	0.00229302677150104	0.139823835666941
-1110.81425473579	0.00229302677150104	6.61069613519961e-05
-1110.81401328768	0.00229302677150104	0
