posterior_mean	posterior_var	posterior_sd	posterior_quant	is_contained	PESL
3.22823066897876	0.0297136078289796	0.172376355191133	0.0903333866024913	1	0.0818028460914491
