model	lik	mode	convergence
1A	-1263.56186887041	1.38537997673404	0
1C	-1269.80440203074	0.433558153385247	0
1G	-1286.73132150668	0.873476284457826	0
1T	-1269.80440203075	0.433558284592073	0
2A	-1288.57440856353	1.04643376693787	0
2C	-1269.83906688973	0.419204901620124	0
2G	-1269.80440202473	0.433558168948709	0
2T	-1269.80440202464	0.433558066941803	0
3A	-1271.1401092509	0.851169073764491	0
3C	-1269.80440202363	0.433558007441073	0
3G	-1288.31980540756	1.05959073645194	0
3T	-1269.80440202364	0.433557885799831	0
4A	-1269.80440202304	0.433558375527779	0
4C	-1288.55320390416	1.04759708532911	0
4G	-1270.11505036101	0.524357199065526	0
4T	-1269.80440202354	0.433558253956935	0
5A	-1269.84652150888	0.414531662191913	0
5C	-1269.8044020266	0.433557928890616	0
5G	-1288.57282317066	1.04652236116905	0
5T	-1269.8044020266	0.433558126609753	0
6A	-1269.80440204731	0.433557950971965	0
6C	-1269.80440204716	0.433558004151654	0
6G	-1288.5370663548	1.04848174732353	0
6T	-1269.76866490534	0.330851305762168	0
7A	-1269.8044020345	0.43355812588389	0
7C	-1269.80799912909	0.808148719023381	0
7G	-1288.6095692252	1.04440997084339	0
7T	-1269.80440203435	0.433557939961546	0
8A	-1269.80440204993	0.433558191932585	0
8C	-1288.55408420515	1.04746772473186	0
8G	-1270.81454167974	0.881570192068063	0
8T	-1269.80440205005	0.433558216010485	0
9A	-1288.53599071274	1.04853961539497	0
9C	-1269.80440204413	0.433558013430904	0
9G	-1269.76211276811	0.328829443084117	0
9T	-1269.80440204412	0.433557920663751	0
10A	-1269.87420837155	0.409241363008398	0
10C	-1269.80440169042	0.433557200721123	0
10G	-1269.8044016904	0.433557202731319	0
10T	-1288.51455514886	1.04967366624818	0
11A	-1269.80440203495	0.433558194628502	0
11C	-1288.52477325025	1.04912290860134	0
11G	-1270.3627521685	0.642575178081409	0
11T	-1269.80440203508	0.433557863016435	0
12A	-1269.80440205017	0.433558008611165	0
12C	-1288.43128075719	1.05394196280674	0
12G	-1269.80440205019	0.433557827050644	0
12T	-1269.88941853105	0.494189229392313	0
13A	-1288.57518982714	1.04637331732585	0
13C	-1270.05572316727	0.585316492108732	0
13G	-1269.80440205697	0.433558030486745	0
13T	-1269.80440205697	0.433558045605313	0
14A	-1288.57089756457	1.04662976060794	0
14C	-1269.85332991913	0.408970755722644	0
14G	-1269.80440203026	0.433558227289832	0
14T	-1269.80440203021	0.43355832181534	0
neutral	-1270.09008206337	1	0
