posterior_mean	posterior_var	posterior_sd	posterior_quant	is_contained	PESL
1.39329248247362	0.0109810267018257	0.104790394129547	0.845738440069059	1	0.022367520998478
