posterior_mean	posterior_var	posterior_sd	posterior_quant	is_contained	PESL
1.54885277585054	0.11779878587993	0.343218277310416	0.899148648831843	1	0.321332603737453
