posterior_mean	posterior_var	posterior_sd	posterior_quant	is_contained	PESL
1.50071155039986	0.0316142794356315	0.177804047860648	0.514387078740943	1	0.0316147857396109
