posterior_mean	posterior_var	posterior_sd	posterior_quant	is_contained	PESL
0.932929613288096	0.256517826063623	0.506475888926238	0.872821883309173	1	0.578086649524812
