lik	gamma	delta
-2157.18292474186	0.00210419891844128	0.336949447257595
-2582.6378528495	0.00210419891844128	6.61069613519961e-05
-2582.63500984954	0.00210419891844128	0.00292344987039179
-2582.02790943685	0.00210419891844128	0.10066904709729
-2579.50533264863	0.00210419891844128	0.685765196017248
-2191.39219815333	0.00210419891844128	0.311233221045743
-2582.6377649553	0.00210419891844128	6.61069613519961e-05
-2566.22500564828	0.00210419891844128	0.489231518557509
-2180.35586364306	0.00210419891844128	0.313400839105375
-2582.63760574117	0.00210419891844128	6.61069613519961e-05
-2576.06043169523	0.00210419891844128	0.491039590326029
-2582.63756496471	0.00210419891844128	6.61069613519961e-05
-2582.63756537242	0.00210419891844128	6.61069613519961e-05
-2582.30297655265	0.00210419891844128	0.109476205490577
-2172.02360326209	0.00210419891844128	0.317747488213441
-2582.63796817476	0.00210419891844128	6.61069613519961e-05
-2582.63762146638	0.00210419891844128	6.61069613519961e-05
-2174.12547848573	0.00210419891844128	0.314881607009416
-2582.63756496367	0.00210419891844128	6.61069613519961e-05
-2582.63756496367	0.00210419891844128	6.61069613519961e-05
-2177.06618937605	0.00210419891844128	0.31379703948192
-2579.50425713744	0.00210419891844128	0.685987124500574
-2582.637564952	0.00210419891844128	6.61069613519961e-05
-2582.637564952	0.00210419891844128	6.61069613519961e-05
-2582.63763157674	0.00210419891844128	6.61069613519961e-05
-2178.48049542496	0.00210419891844128	0.315091066691305
-2582.63756515535	0.00210419891844128	6.61069613519961e-05
-2578.03165386228	0.00210419891844128	0.330038347956842
-2582.63770399628	0.00210419891844128	6.61069613519961e-05
-2582.63756527715	0.00210419891844128	6.61069613519961e-05
-2582.63773330381	0.00210419891844128	6.61069613519961e-05
-2172.76130124663	0.00210419891844128	0.316144281850027
-2572.16647336545	0.00210419891844128	0.354675448351725
-2580.76914476433	0.00210419891844128	0.368850885685464
-2582.03239799455	0.00210419891844128	0.319195868454857
-2186.17132428608	0.00210419891844128	0.315477333052731
-2174.49805747675	0.00210419891844128	0.315057118344211
-2582.30931182945	0.00210419891844128	0.191805127444287
-2582.63758920093	0.00210419891844128	6.61069613519961e-05
-2582.6375650035	0.00210419891844128	6.61069613519961e-05
-2582.63756484724	0.00210419891844128	0
