posterior_mean	posterior_var	posterior_sd	posterior_quant	is_contained	PESL
1.34653404639343	0.00576088108697239	0.0759004682921811	0.97548692686624	0	0.0293126800033871
