model	lik	mode	convergence
1A	-241.245090966423	2.47371166555133	0
1C	-269.120709210826	1.05146984976785	0
1G	-253.84252416857	0.433558052163815	0
1T	-253.842524168566	0.43355833599013	0
2A	-263.450069334003	1.43417806847477	0
2C	-253.896693677454	0.402812910015972	0
2G	-253.842524177852	0.433558199664912	0
2T	-253.842524177811	0.433558319844975	0
3A	-263.162446474529	1.4482491497313	0
3C	-253.842524195324	0.433557966060069	0
3G	-253.842524195296	0.433557931042068	0
3T	-253.817837295504	0.334438594523948	0
neutral	-254.128203770149	1	0
