posterior_mean	posterior_var	posterior_sd	posterior_quant	is_contained	PESL
2.39748482881816	0.30341671767394	0.550832749275077	0.862036275371443	1	0.666441249178205
