posterior_mean	posterior_var	posterior_sd	posterior_quant	is_contained	PESL
3.03289420365134	0.0392615675813332	0.198145319352573	0.442464883253075	1	0.0403435962146771
