posterior_mean	posterior_var	posterior_sd	posterior_quant	is_contained	PESL
1.54123459187014	0.00265218378807143	0.05149935716173	0.212793261731675	1	0.00435247535480004
