posterior_mean	posterior_var	posterior_sd	posterior_quant	is_contained	PESL
2.37494372955116	0.0152225264227026	0.123379602944338	0.844606534072345	1	0.0308615972013374
