posterior_mean	posterior_var	posterior_sd	posterior_quant	is_contained	PESL
3.0177768415145	0.00587701247924235	0.076661675426789	0.411430240818096	1	0.00619302857348372
