lik	gamma	delta
-681.799551960572	0.00173909464352823	0.0624737630797968
-682.014652649628	0.00173909464352823	6.61069613519961e-05
-681.390553354604	0.00173909464352823	0.0146332169638137
-682.014820304372	0.00173909464352823	6.61069613519961e-05
-681.492565113639	0.00173909464352823	0.0127513404016168
-681.995365991283	0.00173909464352823	0.0149206748526471
-682.014552551437	0.00173909464352823	6.61069613519961e-05
-682.014296733956	0.00173909464352823	6.61069613519961e-05
-682.014295746246	0.00173909464352823	6.61069613519961e-05
-682.014295746246	0.00173909464352823	6.61069613519961e-05
-681.523983577435	0.00173909464352823	0.0121399285131741
-682.014295746246	0.00173909464352823	6.61069613519961e-05
-681.488366717453	0.00173909464352823	0.0126055877382898
-682.014484499797	0.00173909464352823	6.61069613519961e-05
-682.014295954285	0.00173909464352823	6.61069613519961e-05
-682.014295954285	0.00173909464352823	6.61069613519961e-05
-682.014295746246	0.00173909464352823	6.61069613519961e-05
-682.014295746246	0.00173909464352823	6.61069613519961e-05
-681.523983577435	0.00173909464352823	0.0121399285131741
-682.014295746246	0.00173909464352823	6.61069613519961e-05
-681.992679821188	0.00173909464352823	0.00935598782115839
-681.46337722379	0.00173909464352823	0.013767628522843
-682.014600334229	0.00173909464352823	6.61069613519961e-05
-682.014203120566	0.00173909464352823	0.000833885997927171
-681.523983577435	0.00173909464352823	0.0121399285129107
-682.014295746246	0.00173909464352823	6.61069613519961e-05
-682.014295746246	0.00173909464352823	6.61069613519961e-05
-682.014295746246	0.00173909464352823	6.61069613519961e-05
-681.523983577435	0.00173909464352823	0.0121399285129107
-682.014295746246	0.00173909464352823	6.61069613519961e-05
-682.014295746246	0.00173909464352823	6.61069613519961e-05
-682.014295746246	0.00173909464352823	6.61069613519961e-05
-682.014297043327	0.00173909464352823	6.61069613519961e-05
-682.014297043327	0.00173909464352823	6.61069613519961e-05
-681.431193773433	0.00173909464352823	0.013337009059948
-682.014767514312	0.00173909464352823	6.61069613519961e-05
-682.014295746246	0.00173909464352823	6.61069613519961e-05
-681.523983577435	0.00173909464352823	0.0121399285130396
-682.014295746246	0.00173909464352823	6.61069613519961e-05
-682.014295746246	0.00173909464352823	6.61069613519961e-05
-682.01429416204	0.00173909464352823	0
