posterior_mean	posterior_var	posterior_sd	posterior_quant	is_contained	PESL
2.12006321781456	0.060395932069661	0.245755838322635	0.323185478835263	1	0.0748111083416521
