posterior_mean	posterior_var	posterior_sd	posterior_quant	is_contained	PESL
1.50356179736286	0.00730145064720624	0.0854485263021326	0.490934395802348	1	0.0073141370476612
