model	lik	mode	convergence
1A	-430.746855811432	2.30597326546075	0
1C	-491.062223862977	1.04228955336187	0
1G	-476.860538148108	0.433558092283296	0
1T	-476.860538148109	0.43355806625687	0
2A	-450.907144321778	2.0653018607566	0
2C	-476.860538133519	0.433558264713539	0
2G	-476.825315998734	1.33314498463737	0
2T	-476.86053813345	0.433557755123653	0
3A	-476.860538141212	0.433558109147602	0
3C	-476.860538141066	0.433558356942366	0
3G	-449.881553970692	2.07348657123424	0
3T	-476.908727576148	0.409666359352548	0
4A	-476.860537986885	0.43355758749066	0
4C	-476.86053798662	0.433557523298765	0
4G	-476.636776353742	0.289993016282728	0
4T	-448.324360280396	2.11015304503856	0
5A	-469.241014146424	2.82139739797717	0
5C	-458.050505623349	1.98897922397385	0
5G	-476.860538138637	0.433557998436232	0
5T	-476.860538138587	0.433558189381962	0
6A	-451.228112844252	2.05463179658389	0
6C	-476.860538137279	0.433558214696796	0
6G	-476.860538137485	0.433561897538935	0
6T	-476.164599535293	1.61263687671073	0
7A	-449.747779572711	2.07634939706683	0
7C	-476.860538151999	0.433558193208131	0
7G	-476.91828453903	0.394101190955015	0
7T	-476.860538151971	0.433558223337765	0
8A	-476.860538303012	0.433558100182801	0
8C	-476.860538302911	0.433558111392678	0
8G	-438.622406397656	2.08262442818449	0
8T	-477.030826406622	0.376292676613209	0
9A	-476.860538149428	0.433558086088928	0
9C	-476.860538149158	0.433557918708083	0
9G	-476.91726417481	0.397866821101285	0
9T	-449.781480127312	2.0756197970554	0
10A	-449.580728798017	2.0968497512098	0
10C	-476.860538149664	0.433558205212223	0
10G	-476.860538149619	0.433558258949655	0
10T	-477.476374339942	0.972188650991718	0
neutral	-477.146217583804	1	0
