model	lik	mode	convergence
1A	-698.509665693212	1.16422409243903	0
1C	-697.360757215788	0.433558059786133	0
1G	-712.905208048779	0.999109465029684	0
1T	-697.360757215757	0.433558036596329	0
2A	-697.360757184134	0.433558159407554	0
2C	-697.360757184105	0.433557981342334	0
2G	-712.813471976447	1.04774358919743	0
2T	-697.409667732908	0.408987669107754	0
3A	-697.36075719229	0.433558093344623	0
3C	-697.360757192143	0.43355803797511	0
3G	-697.663336558438	0.600553389985592	0
3T	-712.817880831092	1.04712611266472	0
4A	-697.360757215473	0.433558099117953	0
4C	-712.791225570714	1.04999894554771	0
4G	-697.360757215536	0.433558051583364	0
4T	-697.391243509557	0.358276379400289	0
5A	-697.360757211018	0.433557982579369	0
5C	-697.36075721078	0.433557839282212	0
5G	-697.35080691649	0.339643322090773	0
5T	-712.781260478044	1.05097873276962	0
6A	-712.832195155226	1.04557856781421	0
6C	-697.360757214942	0.433558065734257	0
6G	-697.360757214904	0.433558172927735	0
6T	-697.556650093386	0.65867097988875	0
7A	-698.360113341137	1.14921597464855	0
7C	-697.360757208978	0.433558177035152	0
7G	-712.904274333643	1.03287972952867	0
7T	-697.360757208948	0.433558167210368	0
8A	-712.798151067572	1.04930736683812	0
8C	-697.360757209697	0.433558092671866	0
8G	-697.409956565285	0.372576431200792	0
8T	-697.360757209678	0.433558123254314	0
9A	-697.360757208675	0.433558124301662	0
9C	-712.834458412927	1.04499299916297	0
9G	-697.925637348958	0.858439457795942	0
9T	-697.360757208873	0.43355811774867	0
10A	-697.360757180334	0.433558120737317	0
10C	-697.416904143534	1.09477313539958	0
10G	-697.360757180344	0.433557860461184	0
10T	-712.87299306716	1.04077230681327	0
11A	-712.807133328303	1.04839646615042	0
11C	-697.360757195504	0.433558148473876	0
11G	-697.360757195466	0.433558286511549	0
11T	-697.418650914771	0.393044199220022	0
neutral	-697.646436601168	1	0
