posterior_mean	posterior_var	posterior_sd	posterior_quant	is_contained	PESL
1.18497325030702	0.0242803699821168	0.155821596648593	0.971789200405665	1	0.123522223004225
