posterior_mean	posterior_var	posterior_sd	posterior_quant	is_contained	PESL
1.49414115434532	0.00687552077934523	0.082918760117028	0.535496668248082	1	0.00690984685175236
