model	lik	mode	convergence
1A	-733.41055599688	2.10584479180762	0
1C	-815.970609665055	0.43355812128797	0
1G	-815.970609665071	0.433558128119051	0
1T	-818.258245053794	0.67605155577586	0
2A	-815.97060955033	0.433558139098841	0
2C	-816.020225396886	0.408294863140951	0
2G	-815.970609550361	0.433558102692902	0
2T	-754.997885514864	2.00024788827974	0
3A	-816.162105268682	1.17394873283022	0
3C	-815.97060955381	0.433558001632838	0
3G	-755.699086430414	1.99901065589918	0
3T	-815.970609553787	0.433558185257513	0
4A	-815.970609549504	0.433558137879829	0
4C	-815.842436908451	1.21514793526799	0
4G	-815.970609549445	0.433557777805332	0
4T	-755.920894176427	1.99483205371589	0
5A	-815.970609545802	0.433558077209531	0
5C	-815.970609545648	0.433557855334229	0
5G	-816.238874990125	1.12331481928569	0
5T	-755.589337650991	2.00006499653165	0
6A	-816.059011185732	0.773365057698466	0
6C	-755.467342398606	1.9974381238557	0
6G	-815.970609544313	0.433558057144715	0
6T	-815.970609544301	0.43355793859521	0
7A	-815.970609543627	0.433558268148932	0
7C	-816.002267033497	0.420869185722087	0
7G	-815.970609543673	0.433558017471542	0
7T	-755.08902426266	1.99930177781715	0
8A	-815.970609553634	0.433558233398891	0
8C	-755.762491830805	1.9964509445195	0
8G	-815.993049942556	1.11107558316371	0
8T	-815.970609553836	0.433557899024981	0
neutral	-816.256289283031	1	0
