model	lik	mode	convergence
1A	-217.815934091746	2.58856476265993	0
1C	-241.479674386521	0.43355810836343	0
1G	-241.479674386526	0.433558077165133	0
1T	-255.645393300744	1.24786322250533	0
2A	-241.479674376689	0.433558044343622	0
2C	-241.479674376223	0.433558079035817	0
2G	-241.522808763636	0.413801281633136	0
2T	-235.356831665159	2.08093999078418	0
3A	-241.735888728398	0.653874592913598	0
3C	-241.47967438526	0.433558170665518	0
3G	-235.381345090794	2.08863063856584	0
3T	-241.479674385239	0.433558176133847	0
4A	-235.928641157282	2.07478057787053	0
4C	-241.479674382695	0.433558098506069	0
4G	-241.629479400193	1.0251628491214	0
4T	-241.479674382686	0.433558197278585	0
5A	-241.479674385216	0.433558138916939	0
5C	-241.535183456595	0.400553548218684	0
5G	-241.479674385244	0.433558043088275	0
5T	-235.244944311874	2.08566834687393	0
neutral	-241.765353956904	1	0
