posterior_mean	posterior_var	posterior_sd	posterior_quant	is_contained	PESL
2.62441058467504	0.0931776330984398	0.305250115640338	0.353845466061781	1	0.108655626678086
