posterior_mean	posterior_var	posterior_sd	posterior_quant	is_contained	PESL
2.30353454956291	0.0999140936438215	0.316091906957172	0.742337349346454	1	0.138512766859237
