lik	gamma	delta
-1204.42917205218	0.00228841012837505	6.61069613519961e-05
-1203.75307565621	0.00228841012837505	0.0748864942702253
-1203.85551980135	0.00228841012837505	0.0104358718915619
-1204.42915112549	0.00228841012837505	6.61069613519961e-05
-1204.42953970792	0.00228841012837505	6.61069613519961e-05
-1204.42894807523	0.00228841012837505	6.61069613519961e-05
-1204.4295405714	0.00228841012837505	6.61069613519961e-05
-1203.50095106059	0.00228841012837505	0.0131516972959803
-1204.42894651034	0.00228841012837505	6.61069613519961e-05
-1204.42898114513	0.00228841012837505	6.61069613519961e-05
-1203.72071965819	0.00228841012837505	0.0113437706758996
-1204.42894651034	0.00228841012837505	6.61069613519961e-05
-1204.4296086258	0.00228841012837505	6.61069613519961e-05
-1203.52491043109	0.00228841012837505	0.0128642613048612
-1204.42942350083	0.00228841012837505	6.61069613519961e-05
-1204.42894986085	0.00228841012837505	6.61069613519961e-05
-1203.24938297126	0.00228841012837505	0.0149019316415671
-1204.42919609599	0.00228841012837505	6.61069613519961e-05
-1204.4299677011	0.00228841012837505	6.61069613519961e-05
-1204.43009217009	0.00228841012837505	6.61069613519961e-05
-1204.42935352226	0.00228841012837505	6.61069613519961e-05
-1203.84469929296	0.00228841012837505	0.0105398254643901
-1203.72530042434	0.00228841012837505	0.0844686451551844
-1204.4289486575	0.00228841012837505	6.61069613519961e-05
-1204.40023217871	0.00228841012837505	0.0189169019357522
-1204.42894671868	0.00228841012837505	6.61069613519961e-05
-1204.42894671868	0.00228841012837505	6.61069613519961e-05
-1203.75850386676	0.00228841012837505	0.0110522700080162
-1204.42894589616	0.00228841012837505	6.61069613519961e-05
-1204.42894589616	0.00228841012837505	6.61069613519961e-05
-1204.42913017319	0.00228841012837505	6.61069613519961e-05
-1203.70411007346	0.00228841012837505	0.0114131256026903
-1202.7005195265	0.00228841012837505	0.196294740000375
-1204.42999332292	0.00228841012837505	6.61069613519961e-05
-1204.42925606846	0.00228841012837505	6.61069613519961e-05
-1203.75186829753	0.00228841012837505	0.0113552830752962
-1203.68193487692	0.00228841012837505	0.011599972834214
-1204.42925480783	0.00228841012837505	6.61069613519961e-05
-1204.4289463675	0.00228841012837505	6.61069613519961e-05
-1204.4289463675	0.00228841012837505	6.61069613519961e-05
-1204.42894406415	0.00228841012837505	0
