model	lik	mode	convergence
1A	-492.317672132179	2.92941616349338	0
1C	-655.978667975069	0.937346376586343	0
1G	-653.316420318892	0.433557930481209	0
1T	-653.316420318865	0.433557913603153	0
2A	-653.316419929481	0.433558441321057	0
2C	-510.766980280631	2.84937732931202	0
2G	-653.316419929596	0.433558120593437	0
2T	-653.246372953896	0.856444227632525	0
3A	-650.667772728886	2.93794204187534	0
3C	-653.316419929522	0.43355876884704	0
3G	-514.055507404111	2.83484361029566	0
3T	-653.316419929498	0.433558071631473	0
4A	-653.316419936958	0.433558230746341	0
4C	-510.737665293426	2.86307773072592	0
4G	-653.356629660028	1.37071732035714	0
4T	-653.316419937057	0.433557970387454	0
5A	-653.316419947746	0.4335581338512	0
5C	-653.374048768894	0.394737893985253	0
5G	-653.316419947734	0.433557907460238	0
5T	-509.577511006773	2.85852292177081	0
6A	-653.316419937017	0.433558173261017	0
6C	-653.36444641766	0.409815776097616	0
6G	-509.810559255286	2.85566961091185	0
6T	-653.316419936846	0.433557917949076	0
neutral	-653.602099650704	1	0
