model	lik	mode	convergence
1A	-635.336380379344	1.4528536397471	0
1C	-655.883762128639	1.00596020324666	0
1G	-641.748668524644	0.433558039940018	0
1T	-641.748668524599	0.433558062268392	0
2A	-641.748668534085	0.433558140383493	0
2C	-641.748668533955	0.433558137873511	0
2G	-641.983518098912	0.666694617990964	0
2T	-650.602060421919	1.28153066246628	0
3A	-650.907369752782	1.27413194150595	0
3C	-641.748668549337	0.433558113507762	0
3G	-641.773222149881	1.26386844412724	0
3T	-641.748668549317	0.433558085730909	0
4A	-641.748668549634	0.433558087894263	0
4C	-643.384840019154	1.08900021556731	0
4G	-641.748668549627	0.433558326031548	0
4T	-649.746831382768	1.36493088542928	0
5A	-641.748668515417	0.433557673128277	0
5C	-641.748668515173	0.433557788704842	0
5G	-641.760149438244	0.429665282919892	0
5T	-650.552418245119	1.28218543640779	0
6A	-650.515539999462	1.2832490599215	0
6C	-641.795407393429	0.410953702650557	0
6G	-641.748668521147	0.433558219111243	0
6T	-641.748668521078	0.433558279679982	0
7A	-641.779786837785	0.358656113390123	0
7C	-641.748668553437	0.433558069168858	0
7G	-650.390345628249	1.28692187791373	0
7T	-641.748668553405	0.433558191244318	0
8A	-641.780134959813	0.35886720766778	0
8C	-641.748668553375	0.433558055488539	0
8G	-641.748668553359	0.4335579987834	0
8T	-650.390927056284	1.28690461133964	0
9A	-641.947584145694	0.69617825819941	0
9C	-641.748668529849	0.433558125058226	0
9G	-650.631773816266	1.28066543177908	0
9T	-641.748668529837	0.433558160216747	0
10A	-641.7486685404	0.433558126123298	0
10C	-650.128448385031	1.29583340988056	0
10G	-642.112229687991	0.540965388240946	0
10T	-641.748668540609	0.433558195263484	0
11A	-650.487734865292	1.28405668774372	0
11C	-641.805341448244	0.398006255435947	0
11G	-641.74866852999	0.433558077659328	0
11T	-641.748668529923	0.433558187245269	0
12A	-641.748668519618	0.433558153984781	0
12C	-641.792344698051	0.41339995217675	0
12G	-650.520567968524	1.28310353221373	0
12T	-641.748668519555	0.433558233765305	0
neutral	-642.034346842921	1	0
