posterior_mean	posterior_var	posterior_sd	posterior_quant	is_contained	PESL
1.46360873416922	0.0156682867590118	0.125173027282285	0.624350908046285	1	0.0169926109877021
