posterior_mean	posterior_var	posterior_sd	posterior_quant	is_contained	PESL
2.34842780843046	0.0351865635194551	0.187580818634143	0.0266868871662342	1	0.156588501207078
