lik	gamma	delta
-825.483598144787	0.00222365444355373	0.19130692427469
-833.762725181621	0.00222365444355373	6.61069613519961e-05
-833.549951654433	0.00222365444355373	0.00803110132056951
-833.765178861097	0.00222365444355373	6.61069613519961e-05
-833.762662530724	0.00222365444355373	6.61069613519961e-05
-832.575589954725	0.00222365444355373	0.0176473187464766
-833.762750075352	0.00222365444355373	6.61069613519961e-05
-833.762662530724	0.00222365444355373	6.61069613519961e-05
-833.761361054076	0.00222365444355373	0.00258752249583443
-832.554244994777	0.00222365444355373	0.0182906396175431
-833.762663565599	0.00222365444355373	6.61069613519961e-05
-833.762663565599	0.00222365444355373	6.61069613519961e-05
-832.569140966467	0.00222365444355373	0.0176999070335947
-833.76266256542	0.00222365444355373	6.61069613519961e-05
-833.76266256542	0.00222365444355373	6.61069613519961e-05
-833.76277404002	0.00222365444355373	6.61069613519961e-05
-833.7629274599	0.00222365444355373	6.61069613519961e-05
-833.763065529609	0.00222365444355373	6.61069613519961e-05
-833.763310283076	0.00222365444355373	6.61069613519961e-05
-832.131713542265	0.00222365444355373	0.0216495472806517
-833.762662481342	0.00222365444355373	6.61069613519961e-05
-833.762662481342	0.00222365444355373	6.61069613519961e-05
-833.609045571684	0.00222365444355373	0.0624543708126527
-832.678460778476	0.00222365444355373	0.0169160536100937
-833.762662472477	0.00222365444355373	6.61069613519961e-05
-833.762662472477	0.00222365444355373	6.61069613519961e-05
-833.762662472477	0.00222365444355373	6.61069613519961e-05
-832.599001792682	0.00222365444355373	0.0174721455695781
-833.762666573986	0.00222365444355373	6.61069613519961e-05
-833.763405478016	0.00222365444355373	6.61069613519961e-05
-832.383531647837	0.00222365444355373	0.0191998362836391
-833.762666573986	0.00222365444355373	6.61069613519961e-05
-833.763531258043	0.00222365444355373	6.61069613519961e-05
-832.156875010587	0.00222365444355373	0.021330574200151
-833.76309041793	0.00222365444355373	6.61069613519961e-05
-833.762664181229	0.00222365444355373	6.61069613519961e-05
-833.762662641536	0.00222365444355373	6.61069613519961e-05
-833.762662641536	0.00222365444355373	6.61069613519961e-05
-833.713716678773	0.00222365444355373	0.004608898389715
-831.84222412421	0.00222365444355373	0.0355865443090597
-833.762661791989	0.00222365444355373	0
