posterior_mean	posterior_var	posterior_sd	posterior_quant	is_contained	PESL
2.54047407535302	0.00666092686511404	0.0816145015613894	0.312829125474855	1	0.00829907776156008
