posterior_mean	posterior_var	posterior_sd	posterior_quant	is_contained	PESL
2.06893470533252	0.0271935902474821	0.164904791463081	0.346071616967816	1	0.0319455838467564
