posterior_mean	posterior_var	posterior_sd	posterior_quant	is_contained	PESL
2.91477161545818	0.427168163798542	0.653581030782368	0.581692992236009	1	0.434432041329859
