lik	gamma	delta
-780.812608356391	0.0027731031654016	0.218568562379206
-786.029151718878	0.0027731031654016	0.00194088975882187
-786.030889241769	0.0027731031654016	6.61069613519961e-05
-784.317996173782	0.0027731031654016	0.0235450179775264
-786.030639902173	0.0027731031654016	6.61069613519961e-05
-786.030639902173	0.0027731031654016	6.61069613519961e-05
-783.071268297666	0.0027731031654016	0.0282427053857184
-786.030639902173	0.0027731031654016	6.61069613519961e-05
-786.030642291209	0.0027731031654016	6.61069613519961e-05
-785.641513322984	0.0027731031654016	0.0325804955599861
-786.030642291209	0.0027731031654016	6.61069613519961e-05
-783.436543075968	0.0027731031654016	0.0279639675931402
-783.192924699694	0.0027731031654016	0.028519741012324
-785.902979842725	0.0027731031654016	0.0243505362931271
-786.030640295758	0.0027731031654016	6.61069613519961e-05
-786.030640295758	0.0027731031654016	6.61069613519961e-05
-786.030639902173	0.0027731031654016	6.61069613519961e-05
-786.030639902173	0.0027731031654016	6.61069613519961e-05
-786.030639902173	0.0027731031654016	6.61069613519961e-05
-783.071268297666	0.0027731031654016	0.0282427053857184
-783.487218059691	0.0027731031654016	0.0274263355805365
-786.030643846309	0.0027731031654016	6.61069613519961e-05
-786.030943621735	0.0027731031654016	6.61069613519961e-05
-785.339459253749	0.0027731031654016	0.0508581829735403
-786.0306981319	0.0027731031654016	6.61069613519961e-05
-786.030640342878	0.0027731031654016	6.61069613519961e-05
-782.953912361607	0.0027731031654016	0.0289017542763581
-786.030848666177	0.0027731031654016	6.61069613519961e-05
-783.825139856764	0.0027731031654016	0.028806507316329
-785.455357978477	0.0027731031654016	0.0259828294723563
-785.494840423105	0.0027731031654016	0.0672463613177191
-786.031040045114	0.0027731031654016	6.61069613519961e-05
-786.03072634749	0.0027731031654016	6.61069613519961e-05
-783.033897257588	0.0027731031654016	0.0284516826129394
-786.030639971615	0.0027731031654016	6.61069613519961e-05
-786.030639971615	0.0027731031654016	6.61069613519961e-05
-784.012436633222	0.0027731031654016	0.0253428663100613
-785.093574949502	0.0027731031654016	0.0454829805507152
-785.450350252541	0.0027731031654016	0.120953322547843
-786.030879601809	0.0027731031654016	6.61069613519961e-05
-786.03063931583	0.0027731031654016	0
