posterior_mean	posterior_var	posterior_sd	posterior_quant	is_contained	PESL
2.01015190008954	0.106035601541365	0.325631081964492	0.509572213512074	1	0.106138662616794
