posterior_mean	posterior_var	posterior_sd	posterior_quant	is_contained	PESL
2.03139355663677	0.00334346587658127	0.0578227107335973	0.295894400655101	1	0.00432902127491244
