model	lik	mode	convergence
1A	-1064.59147669482	3.00922440035889	0
1C	-1379.33299363104	0.43355809390733	0
1G	-1379.33299363103	0.433558057849822	0
1T	-1395.29430890513	0.956097751656968	0
2A	-1379.36452038979	0.420937132668536	0
2C	-1133.23235910777	2.55150935409985	0
2G	-1379.33299359873	0.433558178818218	0
2T	-1379.33299359869	0.433558291189583	0
3A	-1140.31336737379	2.53132459380249	0
3C	-1379.33299359821	0.433557960154787	0
3G	-1371.94292018789	4.66218837708275	0
3T	-1379.33299359811	0.433557726146418	0
4A	-1379.37175701314	0.416788683886524	0
4C	-1379.33299360059	0.433558202782343	0
4G	-1379.33299360063	0.433558153028888	0
4T	-1133.18619596602	2.55176300717867	0
5A	-1378.90657691059	1.4188030016239	0
5C	-1379.33299360026	0.433558159788782	0
5G	-1379.33299360033	0.433558591252788	0
5T	-1134.59351737915	2.54780957407673	0
6A	-1379.61581549591	0.622659798286797	0
6C	-1379.33299361757	0.433558275658854	0
6G	-1379.33299361757	0.433558140974692	0
6T	-1132.86723316981	2.55531369717565	0
7A	-1379.39046412215	0.395452417205784	0
7C	-1379.33299361479	0.433558198693698	0
7G	-1379.3329936148	0.433558059665782	0
7T	-1132.9244255529	2.55325546322848	0
8A	-1379.38243788311	0.408466088916222	0
8C	-1379.33299360545	0.433558139249389	0
8G	-1379.33299360545	0.43355833539973	0
8T	-1133.08951372003	2.55230410000424	0
9A	-1134.26657605392	2.54955929821623	0
9C	-1379.33299360492	0.433558142892656	0
9G	-1379.33299360491	0.433557968339271	0
9T	-1379.1875623106	1.22641808595156	0
10A	-1132.8475642849	2.553708775038	0
10C	-1379.39096004904	0.389818242638583	0
10G	-1379.33299361922	0.433558008144696	0
10T	-1379.33299361918	0.433558094182895	0
11A	-1379.33299363634	0.433558038420033	0
11C	-1380.71034200217	0.879424611675362	0
11G	-1116.32088387209	2.68197121616849	0
11T	-1379.33299363623	0.433557968080733	0
12A	-1133.04170205721	2.5525762624286	0
12C	-1379.33299360817	0.433558160984193	0
12G	-1379.38590729904	0.4045814588099	0
12T	-1379.33299360816	0.433558130072571	0
13A	-1379.33299360337	0.433558156577582	0
13C	-1379.33299360304	0.433557698871171	0
13G	-1379.74923419335	1.01202928515725	0
13T	-1133.11527452746	2.55733642024731	0
neutral	-1379.61867338015	1	0
