posterior_mean	posterior_var	posterior_sd	posterior_quant	is_contained	PESL
3.01335214364524	0.0124326632665513	0.111501853197834	0.457168505348694	1	0.0126109430064746
