posterior_mean	posterior_var	posterior_sd	posterior_quant	is_contained	PESL
3.0765866756637	0.0129608505131416	0.113845731202982	0.252699722501169	1	0.0188263694023081
