model	lik	mode	convergence
1A	-518.004611905699	1.99633127421165	0
1C	-536.578751590821	0.433558234956631	0
1G	-550.839921976936	1.03576664818405	0
1T	-536.578751590776	0.433558024852939	0
2A	-536.578751581707	0.433557781864628	0
2C	-536.57875158162	0.433556773030925	0
2G	-541.55447513255	1.38576733147362	0
2T	-535.835383173864	1.64612477448489	0
3A	-536.578751603874	0.433558119958423	0
3C	-536.794640525924	0.680095910927891	0
3G	-541.050258624091	1.39710297525069	0
3T	-536.57875160376	0.43355817941652	0
4A	-536.421843850611	1.20052996354746	0
4C	-541.386941778244	1.39000339125556	0
4G	-536.578751610944	0.433558195436224	0
4T	-536.578751610904	0.433558167524106	0
5A	-536.877432009786	0.900491887394494	0
5C	-536.578751613108	0.433558132446875	0
5G	-541.15250249843	1.39580238314531	0
5T	-536.578751613069	0.433558135584625	0
6A	-536.578751592214	0.433558065296187	0
6C	-536.628965699858	0.407682148136707	0
6G	-540.914632154537	1.39920755955296	0
6T	-536.578751592138	0.433558230514173	0
7A	-536.578751588868	0.433558089209071	0
7C	-536.578751588775	0.433558008493617	0
7G	-536.622847007611	0.413083484817591	0
7T	-540.930421899448	1.39881713819775	0
8A	-536.578751613572	0.433558076091669	0
8C	-536.578751613439	0.433557955280367	0
8G	-550.829138540428	1.03932677169694	0
8T	-518.012774649842	2.00393991501328	0
neutral	-536.864429931791	1	0
