lik	gamma	delta
-1058.13785725029	0.00291681516756891	0.255280878256733
-1144.47345308073	0.00291681516756891	0.0135590878563157
-1144.75268353925	0.00291681516756891	0.0337084378735777
-1144.80051205312	0.00291681516756891	6.61069613519961e-05
-1144.80037231044	0.00291681516756891	6.61069613519961e-05
-1144.80037231044	0.00291681516756891	6.61069613519961e-05
-1088.13910225517	0.00291681516756891	0.137455138830264
-1142.9444110941	0.00291681516756891	0.26380089608209
-1144.80051654363	0.00291681516756891	6.61069613519961e-05
-1144.80037282572	0.00291681516756891	6.61069613519961e-05
-1144.80037282572	0.00291681516756891	6.61069613519961e-05
-1082.47163710741	0.00291681516756891	0.151197758322813
-1144.80037446535	0.00291681516756891	6.61069613519961e-05
-1144.60793588143	0.00291681516756891	0.0489919692785174
-1141.19654139233	0.00291681516756891	0.2990939686217
-1089.00202262525	0.00291681516756891	0.13927314165702
-1139.10735248776	0.00291681516756891	0.141795050414627
-1144.80037253221	0.00291681516756891	6.61069613519961e-05
-1144.80037253221	0.00291681516756891	6.61069613519961e-05
-1092.20721057214	0.00291681516756891	0.138601258729292
-1090.96901339671	0.00291681516756891	0.141929439847375
-1139.80119595978	0.00291681516756891	0.124900511185489
-1144.80052364327	0.00291681516756891	6.61069613519961e-05
-1144.80037379456	0.00291681516756891	6.61069613519961e-05
-1144.80055138491	0.00291681516756891	6.61069613519961e-05
-1085.54764473294	0.00291681516756891	0.140808146914334
-1144.80064311088	0.00291681516756891	6.61069613519961e-05
-1144.80037310519	0.00291681516756891	6.61069613519961e-05
-1144.80039132563	0.00291681516756891	6.61069613519961e-05
-1086.53332089886	0.00291681516756891	0.138760316006927
-1144.80037214327	0.00291681516756891	6.61069613519961e-05
-1144.80037214327	0.00291681516756891	6.61069613519961e-05
-1144.80037227346	0.00291681516756891	6.61069613519961e-05
-1139.85639566696	0.00291681516756891	0.11742009785531
-1144.80044770592	0.00291681516756891	6.61069613519961e-05
-1091.10744762283	0.00291681516756891	0.142220836229173
-1144.80055114493	0.00291681516756891	6.61069613519961e-05
-1144.72630306504	0.00291681516756891	0.0124880571539818
-1081.91901786669	0.00291681516756891	0.15660829350789
-1143.20504594848	0.00291681516756891	0.999933893038648
-1144.80037163506	0.00291681516756891	0
