posterior_mean	posterior_var	posterior_sd	posterior_quant	is_contained	PESL
1.08533089468748	0.0477384061752852	0.218491203885386	0.960811386799126	1	0.219688873075986
