model	lik	mode	convergence
1A	-247.156134477289	1.94408760084768	0
1C	-269.367520654001	1.32009215453351	0
1G	-256.563033727664	0.433558008217633	0
1T	-256.563033727697	0.433558131736707	0
2A	-256.563033737702	0.433558138278398	0
2C	-256.769594285508	0.982727797961285	0
2G	-260.371533723185	1.66139187117723	0
2T	-256.56303373764	0.433558047960944	0
3A	-252.838215352068	2.35722538276611	0
3C	-256.563033723055	0.433558308935223	0
3G	-256.56303372318	0.43355788548788	0
3T	-263.833875972598	1.55706503686096	0
4A	-256.563033738547	0.433558109169378	0
4C	-256.873442275923	0.58635994720692	0
4G	-259.823360992433	1.67989237593062	0
4T	-256.563033738479	0.433558052295649	0
neutral	-256.848712792554	1	0
