posterior_mean	posterior_var	posterior_sd	posterior_quant	is_contained	PESL
2.15605491753783	0.0301423025788848	0.17361538693009	0.185531405310123	1	0.0544954398667141
