model	lik	mode	convergence
1A	-257.427699721692	3.29084875543531	0
1C	-338.876081022415	0.433558173126454	0
1G	-338.876081022427	0.433558082743396	0
1T	-354.139497296642	0.881408907258334	0
2A	-338.876081030808	0.433557988457465	0
2C	-338.876081030577	0.433557885443993	0
2G	-338.85741713076	0.336482119427198	0
2T	-298.635638893994	2.357188113399	0
neutral	-339.161760737609	1	0
