posterior_mean	posterior_var	posterior_sd	posterior_quant	is_contained	PESL
1.94168272116574	0.00671959864634791	0.081973158084509	0.763766046412509	1	0.0101205036569589
