posterior_mean	posterior_var	posterior_sd	posterior_quant	is_contained	PESL
3.04379263044915	0.103131177969964	0.321140433408757	0.459551286354154	1	0.105048972451625
