model	lik	mode	convergence
1A	-380.879133930278	2.26504092707973	0
1C	-438.098988810527	0.979744007991398	0
1G	-424.394524066954	0.433557627136363	0
1T	-424.394524066932	0.433557654708725	0
2A	-424.394524157601	0.433558186869842	0
2C	-402.534410864505	1.97198895486559	0
2G	-424.485387008459	1.33893810726538	0
2T	-424.394524157937	0.433558186838794	0
3A	-401.630396669472	1.97533363002007	0
3C	-424.437304489744	0.414059188092529	0
3G	-424.394524154122	0.43355833554399	0
3T	-424.394524154043	0.433558054234672	0
4A	-401.163116921692	1.98555569511865	0
4C	-424.394524187949	0.433558123507838	0
4G	-424.394524187904	0.433557967577109	0
4T	-424.427779173684	0.359974522771168	0
5A	-424.394524151505	0.433558132066733	0
5C	-402.715508250271	1.96085892996397	0
5G	-423.969411426679	1.41874029082261	0
5T	-424.394524151486	0.43355803280694	0
neutral	-424.680202953375	1	0
