posterior_mean	posterior_var	posterior_sd	posterior_quant	is_contained	PESL
2.27817802219839	0.0297217267789145	0.172399903651117	0.048537463757977	1	0.107104738813112
