model	lik	mode	convergence
1A	-276.131049719934	2.11552968515053	0
1C	-279.231023709717	0.433558110303693	0
1G	-294.551371434012	1.06795428594375	0
1T	-279.231023709685	0.433558092549159	0
2A	-279.231023710971	0.433558049279533	0
2C	-279.231023710843	0.43355807676031	0
2G	-293.452451984191	1.17989215121096	0
2T	-279.679377401043	0.742780863842045	0
3A	-279.466680629721	0.951603969858961	0
3C	-279.231023698065	0.433558074834305	0
3G	-279.231023698071	0.433558270161142	0
3T	-293.582737208579	1.16993892713889	0
neutral	-279.51670325968	1	0
