posterior_mean	posterior_var	posterior_sd	posterior_quant	is_contained	PESL
2.54326326280933	0.0103823901176716	0.101894014140535	0.339570156889364	1	0.0122541000265726
