model	lik	mode	convergence
1A	-669.223359376998	1.80789670480879	0
1C	-673.911796171516	0.433557971647307	0
1G	-687.972919493352	1.08943258201242	0
1T	-673.911796171486	0.433557902260735	0
2A	-684.667671275309	1.24835897940538	0
2C	-673.911796152678	0.433558257510857	0
2G	-675.607981999281	0.956833149138089	0
2T	-673.911796152667	0.433558336971025	0
3A	-673.911796142598	0.433557869266126	0
3C	-673.911796142416	0.433557926456741	0
3G	-673.822547768808	0.316202707264754	0
3T	-685.463811812896	1.1993552054368	0
4A	-674.142172488667	0.674383985258892	0
4C	-685.709778075234	1.19082159555469	0
4G	-673.911796164238	0.433558146705544	0
4T	-673.911796164189	0.433558146718443	0
5A	-673.822547768838	0.316202721609957	0
5C	-673.911796142453	0.433557897491321	0
5G	-685.463811812807	1.19935517655018	0
5T	-673.911796142412	0.433557823862593	0
6A	-673.911796170916	0.433558132174616	0
6C	-673.969796348214	0.390612854641836	0
6G	-685.60870373521	1.19404147296796	0
6T	-673.911796170812	0.433558156715951	0
7A	-673.911796153002	0.433558312196427	0
7C	-685.646203729059	1.19268077143724	0
7G	-673.951748339292	0.415994645416015	0
7T	-673.911796153315	0.433558155676261	0
8A	-673.911796155109	0.43355814232183	0
8C	-673.911796155066	0.433557880241972	0
8G	-685.642242628186	1.19282420950787	0
8T	-673.955797100608	0.413155569966786	0
9A	-685.792086909907	1.18865055254998	0
9C	-673.911796150235	0.433558015201051	0
9G	-674.371903578522	0.977103680907558	0
9T	-673.911796150247	0.433558278473091	0
10A	-673.911796184403	0.433558083302762	0
10C	-673.911796184227	0.433558084614995	0
10G	-674.117616354236	0.666152405076882	0
10T	-685.706012166387	1.190986695283	0
11A	-673.911796163737	0.43355814719159	0
11C	-673.967486828207	0.400203718824881	0
11G	-685.623468786646	1.19350497868401	0
11T	-673.911796163633	0.433558083472328	0
12A	-673.911796171926	0.433558105322996	0
12C	-673.96971362826	0.38920458125713	0
12G	-685.60647528601	1.19412252798219	0
12T	-673.911796171813	0.433558045262827	0
13A	-673.911796157412	0.433558175223562	0
13C	-673.911796157359	0.433558144716952	0
13G	-685.730414904686	1.19136695236141	0
13T	-674.566001424521	0.936029577260639	0
neutral	-674.197474656277	1	0
