posterior_mean	posterior_var	posterior_sd	posterior_quant	is_contained	PESL
2.47841922178726	0.0183402986457135	0.135426358755279	0.57029990176035	1	0.018806028633977
