model	lik	mode	convergence
1A	-224.02374160027	3.01394891398282	0
1C	-260.637336755235	1.09317270736165	0
1G	-247.219279376215	0.433558177728443	0
1T	-247.219279376198	0.433558012232342	0
2A	-247.274332918599	1.08558973209898	0
2C	-250.930719360449	1.66038563657013	0
2G	-247.219279365393	0.433558031187246	0
2T	-247.219279365353	0.433558291128025	0
3A	-247.462477934977	0.652170315627491	0
3C	-247.219279376514	0.43355801784295	0
3G	-250.451317850108	1.67624552291969	0
3T	-247.219279376481	0.433558213838827	0
4A	-247.219279369624	0.433558112399696	0
4C	-247.236366384517	0.791069180735579	0
4G	-250.744267793326	1.66388607449386	0
4T	-247.219279369503	0.433558197983488	0
5A	-250.081982343013	1.04022409909918	0
5C	-247.219280363565	0.433557028731373	0
5G	-247.219280363536	0.433556983072103	0
5T	-227.07094618217	2.59932689455106	0
neutral	-247.50495828793	1	0
