posterior_mean	posterior_var	posterior_sd	posterior_quant	is_contained	PESL
1.14565317407193	0.0771130280642721	0.277692326261048	0.893030643707591	1	0.202674701109394
