posterior_mean	posterior_var	posterior_sd	posterior_quant	is_contained	PESL
2.43308397800517	0.03674707986756	0.191695278678323	0.645137260257844	1	0.0412248338671729
