model	lik	mode	convergence
1A	-331.888187106641	2.53956161855206	0
1C	-386.187550247009	0.433558229938606	0
1G	-386.187550247044	0.433558004726039	0
1T	-401.411451326482	1.00743546183964	0
2A	-386.187550236323	0.433558282016327	0
2C	-386.187550236148	0.43355815029298	0
2G	-356.993271403375	2.12725106690903	0
2T	-386.210495781621	0.425060191294457	0
3A	-386.18755026195	0.433558134860603	0
3C	-356.628530348208	2.13507443671959	0
3G	-386.187550262042	0.433557994652799	0
3T	-386.244327517565	0.384192229313237	0
4A	-386.187550241982	0.433558115657272	0
4C	-385.979183879016	1.2698325632943	0
4G	-386.187550241955	0.433558347983207	0
4T	-357.923022046998	2.11749711728752	0
neutral	-386.473229920999	1	0
