posterior_mean	posterior_var	posterior_sd	posterior_quant	is_contained	PESL
2.55447633915028	0.0379397499621553	0.194781287505128	0.398922902699098	1	0.0409074214893738
