model	lik	mode	convergence
1A	-603.858129529063	2.98029113091079	0
1C	-758.692075206609	0.433558098469793	0
1G	-758.692075206625	0.433558121411062	0
1T	-772.587290152373	0.93757958042787	0
2A	-758.692075142148	0.433557768777922	0
2C	-758.553906058127	0.305382720350751	0
2G	-758.69207514213	0.433557746067178	0
2T	-639.670510402246	2.5808784305201	0
3A	-758.741099428018	0.408877830304902	0
3C	-758.692075198626	0.433558137514293	0
3G	-758.692075198682	0.433558036571787	0
3T	-641.595930907395	2.55661958616151	0
4A	-758.692075221515	0.43355814272693	0
4C	-641.164446771856	2.56171793295141	0
4G	-758.692075221518	0.433558018587744	0
4T	-758.745227521316	0.377356084036729	0
5A	-758.719535310402	0.422979471813696	0
5C	-641.756777656639	2.55483251008832	0
5G	-758.692075191346	0.433558194026075	0
5T	-758.692075191354	0.433558070698505	0
6A	-758.692075225074	0.433558109483264	0
6C	-642.494296139394	2.5652904940731	0
6G	-758.692075225134	0.4335579640862	0
6T	-758.714356319141	1.42005416928703	0
7A	-641.732937462369	2.55895249488754	0
7C	-758.692075213941	0.433558131128446	0
7G	-758.692075213898	0.433558212729639	0
7T	-758.900763627483	0.682196345336165	0
8A	-758.692075190539	0.433558318024045	0
8C	-641.78950381127	2.55447831039999	0
8G	-758.692075190794	0.433558281497248	0
8T	-758.712737919665	0.426047498553156	0
9A	-642.595108634605	2.55331527047494	0
9C	-758.610849974187	1.16341722831836	0
9G	-758.692075214011	0.433558238662711	0
9T	-758.692075213995	0.433558206815437	0
10A	-758.692075192207	0.433558137182335	0
10C	-641.740425671768	2.55501073982194	0
10G	-758.692075192335	0.433557916133228	0
10T	-758.72256681987	0.421473078051928	0
neutral	-758.977753677136	1	0
