posterior_mean	posterior_var	posterior_sd	posterior_quant	is_contained	PESL
2.98844722157464	0.0243537499044552	0.156056880349619	0.536401637788435	1	0.0244872165938013
