posterior_mean	posterior_var	posterior_sd	posterior_quant	is_contained	PESL
2.60333059264519	0.00449410718696977	0.0670381025012625	0.0601348591416957	1	0.0151713185634254
