posterior_mean	posterior_var	posterior_sd	posterior_quant	is_contained	PESL
1.43502248578122	0.00566566311311902	0.0752705992610595	0.80730025527283	1	0.00988774047115472
