model	lik	mode	convergence
1A	-310.761728476129	1.35304973223458	0
1C	-312.171893957534	0.433558132045523	0
1G	-312.171893957523	0.433558010193825	0
1T	-326.574794659638	0.816252963503568	0
2A	-312.171893926962	0.433558181987411	0
2C	-326.277919890308	1.17283146071862	0
2G	-312.171893927189	0.433558422042437	0
2T	-311.986040992036	1.43459941393379	0
3A	-312.229270065116	0.386140208083615	0
3C	-312.171893949981	0.433558168360511	0
3G	-312.171893949976	0.4335580907251	0
3T	-325.90049536681	1.19848929931788	0
4A	-312.682815292311	1.05009289076714	0
4C	-326.118447519445	1.18558045055127	0
4G	-312.171893960269	0.433558032636059	0
4T	-312.171893960251	0.433558233840112	0
5A	-312.171893935402	0.433558244526856	0
5C	-326.246541394082	1.17470960319293	0
5G	-311.647661947451	1.4702221828246	0
5T	-312.171893935445	0.433558046896553	0
neutral	-312.457573397599	1	0
