posterior_mean	posterior_var	posterior_sd	posterior_quant	is_contained	PESL
3.03798066885215	0.00615355836005258	0.0784446197011151	0.316472689137191	1	0.00759608956652459
