posterior_mean	posterior_var	posterior_sd	posterior_quant	is_contained	PESL
2.38215128079377	0.00838407540978493	0.0915645969236196	0.899582341716264	1	0.0222723960284005
