posterior_mean	posterior_var	posterior_sd	posterior_quant	is_contained	PESL
1.96294108310109	0.0200532084381717	0.141609351520907	0.611863703386303	1	0.0214265717598894
