posterior_mean	posterior_var	posterior_sd	posterior_quant	is_contained	PESL
2.55220266998004	0.0044748948800165	0.0668946550930379	0.218578743178271	1	0.00720001363302523
