model	lik	mode	convergence
1A	-197.420236454588	2.98915938458976	0
1C	-217.889195810547	0.433557892265702	0
1G	-217.889195810523	0.433558005227044	0
1T	-230.244691373051	1.23863277681069	0
2A	-217.889195806157	0.433558166527485	0
2C	-217.662663217102	1.78684758785233	0
2G	-218.066112244266	0.717119674638101	0
2T	-217.889195806447	0.433558200984961	0
3A	-217.705055428659	1.79057055435814	0
3C	-217.889195799307	0.433558711316984	0
3G	-218.2055638411	0.907400088556598	0
3T	-217.88919579851	0.433562699060095	0
neutral	-218.174873323484	1	0
