posterior_mean	posterior_var	posterior_sd	posterior_quant	is_contained	PESL
3.05210510130834	0.188286143011612	0.433919512135156	0.471167060211174	1	0.191001084571077
