lik	gamma	delta
-1064.36841662305	0.00292178347970739	0.255280876840821
-1150.70401972529	0.00292178347970739	0.0135590918484768
-1150.98324929019	0.00292178347970739	0.0337088340030062
-1151.03107865401	0.00292178347970739	6.61069613519961e-05
-1151.03097177674	0.00292178347970739	6.61069613519961e-05
-1151.03106008943	0.00292178347970739	6.61069613519961e-05
-1092.69555612944	0.00292178347970739	0.139400111319667
-1150.76437921548	0.00292178347970739	0.168614906728924
-1151.01664914775	0.00292178347970739	0.00713691426375355
-1151.03094106606	0.00292178347970739	6.61069613519961e-05
-1088.70469639215	0.00292178347970739	0.151194527767213
-1151.03134932763	0.00292178347970739	6.61069613519961e-05
-1151.03093894418	0.00292178347970739	6.61069613519961e-05
-1151.03113473134	0.00292178347970739	6.61069613519961e-05
-1092.37538878051	0.00292178347970739	0.139542329161467
-1151.03093894418	0.00292178347970739	6.61069613519961e-05
-1147.40852322657	0.00292178347970739	0.0656724919413429
-1091.54623018857	0.00292178347970739	0.182128986199296
-1143.69616343935	0.00292178347970739	0.393754595762195
-1151.0315770064	0.00292178347970739	6.61069613519961e-05
-1151.03093873596	0.00292178347970739	6.61069613519961e-05
-1092.80618538437	0.00292178347970739	0.138676266047299
-1151.03093873596	0.00292178347970739	6.61069613519961e-05
-1151.03093873596	0.00292178347970739	6.61069613519961e-05
-1092.67640641406	0.00292178347970739	0.138932339222779
-1151.03093876095	0.00292178347970739	6.61069613519961e-05
-1151.03094967187	0.00292178347970739	6.61069613519961e-05
-1151.03098805469	0.00292178347970739	6.61069613519961e-05
-1092.80618538437	0.00292178347970739	0.138676266047327
-1151.03093873596	0.00292178347970739	6.61069613519961e-05
-1151.03093873596	0.00292178347970739	6.61069613519961e-05
-1151.03093873596	0.00292178347970739	6.61069613519961e-05
-1151.03093950334	0.00292178347970739	6.61069613519961e-05
-1149.12961535932	0.00292178347970739	0.0354117835712789
-1151.03093950334	0.00292178347970739	6.61069613519961e-05
-1079.65577781521	0.00292178347970739	0.211622544725593
-1099.64813730768	0.00292178347970739	0.137219142464706
-1144.6942180127	0.00292178347970739	0.157474691040718
-1150.0108928567	0.00292178347970739	0.285400758409286
-1151.03094061205	0.00292178347970739	6.61069613519961e-05
-1151.03093823013	0.00292178347970739	0
