model	lik	mode	convergence
1A	-309.681318741003	2.92066819370267	0
1C	-392.362399541307	1.04972866754345	0
1G	-378.024692983082	0.433558421093044	0
1T	-378.02469298304	0.433558110384741	0
2A	-337.822489430709	2.3329719079778	0
2C	-378.024692991525	0.4335581369409	0
2G	-378.074082405569	0.408520465994023	0
2T	-378.024692991528	0.433558279793632	0
3A	-378.024692985366	0.433558113582769	0
3C	-378.024692985338	0.433557885943597	0
3G	-340.778734361213	2.33389510961888	0
3T	-376.722869052455	1.87831716625919	0
4A	-378.024692993705	0.433558138687255	0
4C	-378.342422386206	0.569578753144849	0
4G	-337.308545432741	2.34920981943811	0
4T	-378.024692993634	0.433558104310874	0
5A	-378.024692990265	0.433558180425735	0
5C	-338.659941779188	2.32136176360436	0
5G	-378.024692990449	0.433558347892044	0
5T	-377.889421965073	0.877749305804316	0
neutral	-378.310372144055	1	0
