posterior_mean	posterior_var	posterior_sd	posterior_quant	is_contained	PESL
2.93814500633487	0.0511100713740812	0.226075366579557	0.616919453997061	1	0.0549361116154022
