posterior_mean	posterior_var	posterior_sd	posterior_quant	is_contained	PESL
1.98245776878203	0.00695149592920971	0.0833756315071119	0.58854599638939	1	0.00725922580530978
