posterior_mean	posterior_var	posterior_sd	posterior_quant	is_contained	PESL
2.0996942767648	0.0932054018138764	0.305295597436118	0.388725687912615	1	0.103144350633549
