model	lik	mode	convergence
1A	-223.793769805361	1.90870863708727	0
1C	-234.444061384853	0.433558165489281	0
1G	-234.444061384883	0.43355818554701	0
1T	-248.746997980334	0.896901366960618	0
2A	-234.444061410215	0.433558094033038	0
2C	-234.49283036208	0.372115183291008	0
2G	-234.444061410193	0.433558302232525	0
2T	-242.423366447664	1.47717253359872	0
neutral	-234.729740516312	1	0
