posterior_mean	posterior_var	posterior_sd	posterior_quant	is_contained	PESL
2.65682579798593	0.0581234291165405	0.241088011142281	0.263301993746707	1	0.0827177600303859
