posterior_mean	posterior_var	posterior_sd	posterior_quant	is_contained	PESL
2.28926099603613	0.0067008920769623	0.0818589767646915	0.993983637377091	0	0.0511118198686915
