model	lik	mode	convergence
1A	-832.515713692172	2.38400549087056	0
1C	-928.126160728295	0.433558152531304	0
1G	-943.660129630602	0.909099788136744	0
1T	-928.126160728262	0.433558242975036	0
2A	-928.37255860183	0.477542977846246	0
2C	-873.576853713858	1.93776236511732	0
2G	-928.126160750597	0.433557978712251	0
2T	-928.126160750567	0.43355805343627	0
3A	-928.126160730767	0.433558123208942	0
3C	-928.183374520663	0.396410569660545	0
3G	-874.393833730056	1.92721882399106	0
3T	-928.126160730679	0.433558009936393	0
4A	-928.245576991544	0.751022448989531	0
4C	-874.872681071428	1.9241086189756	0
4G	-928.126160722569	0.433558188820225	0
4T	-928.126160722559	0.43355822162962	0
5A	-928.126160721597	0.433558129284568	0
5C	-929.233482687387	0.884143548548146	0
5G	-871.453466157383	1.97510269449815	0
5T	-928.126160721424	0.433558274338096	0
6A	-874.436413021038	1.92676469729661	0
6C	-928.126160726323	0.433558133888339	0
6G	-928.180751523832	0.402151957075424	0
6T	-928.126160726328	0.433558245755331	0
7A	-928.126160726878	0.433558114477539	0
7C	-874.432500066637	1.92680623563994	0
7G	-928.126160726784	0.433557835700835	0
7T	-928.181077207794	0.401612392617118	0
8A	-928.181591621864	0.400700233372528	0
8C	-874.42582330972	1.92687720399648	0
8G	-928.126160727465	0.433558066235544	0
8T	-928.126160727438	0.433558216591946	0
9A	-928.183667371222	0.395299695260124	0
9C	-928.126160731387	0.433558208227668	0
9G	-874.385407264682	1.92730924823037	0
9T	-928.126160731369	0.433558323042783	0
10A	-873.576853713738	1.93776236405011	0
10C	-928.126160750562	0.433558036465113	0
10G	-928.126160750522	0.433558109111976	0
10T	-928.372558601889	0.477542973424659	0
11A	-928.126160677928	0.433557823637482	0
11C	-873.478522037737	1.93778740187662	0
11G	-928.001863694137	0.308264847436878	0
11T	-928.126160678108	0.433557973464331	0
12A	-928.126160735025	0.433558081630752	0
12C	-928.126160734719	0.43355808549108	0
12G	-928.184164842391	0.390902608389473	0
12T	-874.351372801972	1.92767624743016	0
13A	-880.101042215612	1.8897571645363	0
13C	-928.126160719739	0.433558146586573	0
13G	-928.126160719694	0.433558114990571	0
13T	-921.298316300046	3.75746034413017	0
14A	-928.126160727453	0.433558157270845	0
14C	-928.181488135575	0.400890786069995	0
14G	-874.427221400795	1.92686233352944	0
14T	-928.126160727383	0.433558153150108	0
neutral	-928.411840431655	1	0
