model	lik	mode	convergence
1A	-1046.03208101304	2.63487214335528	0
1C	-1101.22061755323	1.11581722834103	0
1G	-1085.93523731702	0.433558075368737	0
1T	-1085.93523731699	0.433558129383168	0
2A	-1086.15252452267	0.66339074449299	0
2C	-1085.93523732865	0.433558183203677	0
2G	-1086.49506039323	1.35103977471514	0
2T	-1085.93523732861	0.433558142498015	0
3A	-1085.93523733272	0.433558108273747	0
3C	-1086.55429463644	1.35028698541276	0
3G	-1086.04893300092	0.711638489519164	0
3T	-1085.93523733286	0.433558159468111	0
4A	-1085.84183582452	0.315206567916655	0
4C	-1085.93523728615	0.433557826450913	0
4G	-1086.07621676009	1.356128034198	0
4T	-1085.93523728612	0.433557951138234	0
5A	-1085.93523732502	0.433558118908379	0
5C	-1085.76529634699	1.20583697159879	0
5G	-1085.93523732501	0.43355811973574	0
5T	-1086.8199923401	1.34731770833306	0
6A	-1085.93523731587	0.433558132661318	0
6C	-1085.93523731564	0.433558053292951	0
6G	-1085.99311725311	0.393165935793289	0
6T	-1086.35020882908	1.35236953221008	0
7A	-1086.33568595042	1.35358013807256	0
7C	-1086.42402745513	0.701214736278712	0
7G	-1085.93523730311	0.433558098195805	0
7T	-1085.93523730305	0.433558170584704	0
8A	-1085.93523731506	0.433558117833158	0
8C	-1085.93523731499	0.433557951517316	0
8G	-1086.35237866752	1.35234070405408	0
8T	-1085.99301098957	0.393933804205194	0
9A	-1085.93523731783	0.433558111138496	0
9C	-1086.34115412827	1.35248999513488	0
9G	-1085.99321251792	0.389962313405978	0
9T	-1085.93523731802	0.433558172691721	0
10A	-1085.93523732723	0.433558141438929	0
10C	-1086.30235883841	1.35300926550907	0
10G	-1085.98798998932	0.376801053390801	0
10T	-1085.93523732746	0.433557782350538	0
11A	-1086.13203359396	0.665085277094112	0
11C	-1085.93523733348	0.433558052006556	0
11G	-1085.93523733347	0.43355806684405	0
11T	-1086.49863140642	1.35101228300313	0
12A	-1085.93523732953	0.433558087092091	0
12C	-1086.18020799278	0.641703965747216	0
12G	-1085.93523732952	0.433557998868491	0
12T	-1086.46482549725	1.35143343842204	0
13A	-1085.93523742391	0.433558135906729	0
13C	-1085.93523742382	0.433557894928753	0
13G	-1087.71324073208	0.903600164708264	0
13T	-1072.04953658713	1.37808740420495	0
14A	-1085.9352373232	0.433557963038273	0
14C	-1087.28397397131	0.896361840465965	0
14G	-1085.0217685893	1.37966928906152	0
14T	-1085.93523732312	0.43355780925331	0
neutral	-1086.2209171577	1	0
