posterior_mean	posterior_var	posterior_sd	posterior_quant	is_contained	PESL
2.65739757311862	0.0594252585024442	0.243772965077025	0.916102150871181	1	0.176801681407133
