posterior_mean	posterior_var	posterior_sd	posterior_quant	is_contained	PESL
2.55848977354284	0.0041812892155264	0.0646628890131457	0.183242136648538	1	0.00760234282462591
