posterior_mean	posterior_var	posterior_sd	posterior_quant	is_contained	PESL
2.56298420720851	0.00935224331880858	0.0967069972587743	0.259759472189605	1	0.0133192506490623
