posterior_mean	posterior_var	posterior_sd	posterior_quant	is_contained	PESL
1.38718546514866	0.017848979101541	0.133600071487784	0.803592410727787	1	0.030576098374558
