model	lik	mode	convergence
1A	-260.736091844066	3.03185073532448	0
1C	-343.740383782643	0.433558116853146	0
1G	-357.876768426483	0.907701736269163	0
1T	-343.74038378261	0.433558377036568	0
2A	-343.787696702642	0.410455742138307	0
2C	-343.740383784855	0.433558016092238	0
2G	-278.243870856421	2.87860973097938	0
2T	-343.740383784831	0.433558222079081	0
3A	-343.74038378634	0.43355816589233	0
3C	-278.696251531385	2.87755697222005	0
3G	-343.873073341834	0.743647530097665	0
3T	-343.740383786424	0.43355813115404	0
4A	-277.916694511899	2.8867186915036	0
4C	-343.740383799671	0.433558148028613	0
4G	-343.740383799652	0.433558095351285	0
4T	-343.798364629512	0.390071384440701	0
neutral	-344.026063266837	1	0
