posterior_mean	posterior_var	posterior_sd	posterior_quant	is_contained	PESL
3.04771131785285	0.0481730696768947	0.219483643301488	0.422927746385184	1	0.0504494395285858
