posterior_mean	posterior_var	posterior_sd	posterior_quant	is_contained	PESL
2.58595679417116	0.103705544831577	0.322033452969683	0.896820438817563	1	0.275137321124593
