posterior_mean	posterior_var	posterior_sd	posterior_quant	is_contained	PESL
1.54886005791428	0.00407613918195369	0.0638446488122042	0.223713594667304	1	0.00646344444130462
