model	lik	mode	convergence
1A	-293.69689745127	2.72741610734831	0
1C	-295.596831375173	0.43355828521014	0
1G	-309.834973616569	1.09259060306895	0
1T	-295.596831375142	0.433558174274166	0
2A	-295.596831397572	0.433558089069662	0
2C	-295.177177113842	1.64564161891311	0
2G	-295.596831397543	0.433558087698629	0
2T	-309.868863754325	1.08741839987778	0
3A	-309.328120297658	1.14290257816483	0
3C	-295.596831351866	0.433557819336011	0
3G	-295.507872744726	0.316273127368256	0
3T	-295.59683135185	0.433558048545809	0
neutral	-295.882510189902	1	0
