posterior_mean	posterior_var	posterior_sd	posterior_quant	is_contained	PESL
2.64295280594082	0.552954223837198	0.743608918610581	0.461998035017964	1	0.573389728563323
