posterior_mean	posterior_var	posterior_sd	posterior_quant	is_contained	PESL
1.99687176668944	0.00252001801368095	0.0501997810122808	0.528167934007543	1	0.002529803857325
