posterior_mean	posterior_var	posterior_sd	posterior_quant	is_contained	PESL
2.02438891891752	0.0957305841899741	0.309403594339132	0.489266775021647	1	0.0963254035559381
