posterior_mean	posterior_var	posterior_sd	posterior_quant	is_contained	PESL
1.9038808767929	0.00945715923892253	0.0972479266561634	0.838715567925659	1	0.0186960450850564
