posterior_mean	posterior_var	posterior_sd	posterior_quant	is_contained	PESL
1.22676783719626	0.0377427748289699	0.19427499795128	0.913906869753933	1	0.112398589619377
