posterior_mean	posterior_var	posterior_sd	posterior_quant	is_contained	PESL
1.95490785877515	0.00274480632120104	0.0523908992211533	0.805951656376507	1	0.00477810752140688
