posterior_mean	posterior_var	posterior_sd	posterior_quant	is_contained	PESL
2.56139125281085	0.0362459482772199	0.190383687003955	0.382025745181087	1	0.0400148341989052
