model	lik	mode	convergence
1A	-516.902706110602	2.88259964782528	0
1C	-670.367924632139	0.433558018349508	0
1G	-670.367924632138	0.433558039417602	0
1T	-683.517027060704	0.668024081504713	0
2A	-670.36792463043	0.433558026708857	0
2C	-670.368622393683	0.343819925257931	0
2G	-670.367924630403	0.433558081615472	0
2T	-550.992247469852	2.58858531096763	0
3A	-670.367924603016	0.433558165759869	0
3C	-659.48753342404	3.06218860873486	0
3G	-564.603564497676	2.53187525964343	0
3T	-670.367924602954	0.433558131287649	0
4A	-559.767587755724	2.54222368175608	0
4C	-670.367924592864	0.433558263136462	0
4G	-664.088737673439	3.18759490563557	0
4T	-670.367924592715	0.433557756808475	0
5A	-552.576558564989	2.57352523688521	0
5C	-670.471620492024	0.76306184978431	0
5G	-670.367924597984	0.433558199258775	0
5T	-670.367924597935	0.433558036036644	0
neutral	-670.653603839814	1	0
