posterior_mean	posterior_var	posterior_sd	posterior_quant	is_contained	PESL
2.89018172410595	0.0218073623493837	0.14767316055866	0.773807888118405	1	0.0338674160697535
