posterior_mean	posterior_var	posterior_sd	posterior_quant	is_contained	PESL
1.7460632123634	0.0101163164208975	0.100579900680492	0.00534463271290204	0	0.0706634208994432
