posterior_mean	posterior_var	posterior_sd	posterior_quant	is_contained	PESL
2.10311930681969	0.00353169949713459	0.0594281035969901	0.0396352560573824	1	0.0141652909362016
