posterior_mean	posterior_var	posterior_sd	posterior_quant	is_contained	PESL
2.8749756944314	0.260091997679051	0.50999215452696	0.618676661747461	1	0.275723074661888
