lik	gamma	delta
-2229.72838037621	0.00197994685427668	0.33682019881263
-2554.31508061267	0.00197994685427668	0.0318292547097477
-2553.6404349144	0.00197994685427668	0.0168691600079779
-2553.79967551101	0.00197994685427668	0.0441256133446176
-2327.8777889875	0.00197994685427668	0.204991496940146
-2554.27599270939	0.00197994685427668	0.0264049876733463
-2551.67667495151	0.00197994685427668	0.999944975806418
-2527.90414017914	0.00197994685427668	0.675603220037038
-2554.40545628713	0.00197994685427668	6.61069613519961e-05
-2308.60985967519	0.00197994685427668	0.210351423067894
-2554.40522692043	0.00197994685427668	6.61069613519961e-05
-2554.40529796679	0.00197994685427668	6.61069613519961e-05
-2319.4033222524	0.00197994685427668	0.205859170404972
-2546.51345839181	0.00197994685427668	0.373801168511215
-2554.40522686354	0.00197994685427668	6.61069613519961e-05
-2551.61320529831	0.00197994685427668	0.602437810097396
-2554.40548576925	0.00197994685427668	6.61069613519961e-05
-2548.11112537227	0.00197994685427668	0.3220683227716
-2552.20449822809	0.00197994685427668	0.456328486339842
-2317.01191749835	0.00197994685427668	0.207598894256681
-2554.40522683515	0.00197994685427668	6.61069613519961e-05
-2310.03208023022	0.00197994685427668	0.208905568958307
-2554.40525976591	0.00197994685427668	6.61069613519961e-05
-2554.405284955	0.00197994685427668	6.61069613519961e-05
-2313.64143359081	0.00197994685427668	0.207535137427981
-2554.40522694497	0.00197994685427668	6.61069613519961e-05
-2550.72228651109	0.00197994685427668	0.614669555931162
-2553.68603950989	0.00197994685427668	0.423736126208869
-2554.40522872641	0.00197994685427668	6.61069613519961e-05
-2554.40522872641	0.00197994685427668	6.61069613519961e-05
-2554.40584886893	0.00197994685427668	6.61069613519961e-05
-2307.89294564818	0.00197994685427668	0.210904630342318
-2554.35977544302	0.00197994685427668	0.0474624373218376
-2554.40522716815	0.00197994685427668	6.61069613519961e-05
-2554.40527141454	0.00197994685427668	6.61069613519961e-05
-2309.82115951738	0.00197994685427668	0.209432101114403
-2308.1584574166	0.00197994685427668	0.210614490321252
-2554.40580647939	0.00197994685427668	6.61069613519961e-05
-2554.40522814778	0.00197994685427668	6.61069613519961e-05
-2554.40522814778	0.00197994685427668	6.61069613519961e-05
-2554.40522615765	0.00197994685427668	0
