posterior_mean	posterior_var	posterior_sd	posterior_quant	is_contained	PESL
1.61323515627681	0.0132435394779927	0.115080578196291	0.162542648420335	1	0.0260657400947581
