posterior_mean	posterior_var	posterior_sd	posterior_quant	is_contained	PESL
3.0933667034331	0.0272180033241795	0.164978796589681	0.289831781863818	1	0.035935344634165
