posterior_mean	posterior_var	posterior_sd	posterior_quant	is_contained	PESL
1.48020976928422	0.00587833415994912	0.07667029516018	0.608055087183829	1	0.00626998739173496
