model	lik	mode	convergence
1A	-421.424529421371	2.78715587506702	0
1C	-476.727842417167	0.433558024849202	0
1G	-490.395462394398	1.14110667418921	0
1T	-476.727842417132	0.433558137386625	0
2A	-476.727842400186	0.433558258182036	0
2C	-449.441390234709	2.0635000493491	0
2G	-476.782284612871	0.402389790502198	0
2T	-476.727842400433	0.433558224092116	0
3A	-476.727842393686	0.433558101124055	0
3C	-476.727842393554	0.43355834055145	0
3G	-477.446761107036	0.840988895855017	0
3T	-448.457480141141	2.10040692327736	0
4A	-476.727842394228	0.433558137723924	0
4C	-476.727842394144	0.433558127128528	0
4G	-476.296026742506	1.60089142038878	0
4T	-450.880781888783	2.0467441312969	0
5A	-449.617480646965	2.05981963188837	0
5C	-476.727842388202	0.433558143979291	0
5G	-476.751160287402	0.424895259032405	0
5T	-476.72784238825	0.433558474491383	0
6A	-476.727842389342	0.433558094435436	0
6C	-476.758573703183	0.421349720560196	0
6G	-449.591549647796	2.06035060084177	0
6T	-476.727842389184	0.433557996103864	0
7A	-476.727842424119	0.433558047866226	0
7C	-476.727842423902	0.43355801915521	0
7G	-476.772334286168	0.368122961403653	0
7T	-449.113879651367	2.07074367012548	0
8A	-476.727842418657	0.433558092393157	0
8C	-476.727842418469	0.433558157023542	0
8G	-477.212470905932	0.658645571344035	0
8T	-448.66173938683	2.08809040064621	0
neutral	-477.013521021205	1	0
