model	lik	mode	convergence
1A	-211.416223787454	3.16726547486152	0
1C	-300.902703702852	0.433558076635561	0
1G	-301.497484883321	0.435079739966356	0
1T	-300.902703702848	0.433558042274295	0
2A	-300.902702992927	0.433558147506957	0
2C	-300.902702992932	0.433557971378459	0
2G	-227.695367854326	3.02220048110619	0
2T	-300.942875559744	0.415852111873931	0
neutral	-301.188377253779	1	0
