posterior_mean	posterior_var	posterior_sd	posterior_quant	is_contained	PESL
3.18352402266456	0.0515890205706855	0.227132165425079	0.211812936804233	1	0.0852700874656546
