lik	gamma	delta
-1015.83487502601	0.0023280287869054	0.198480873668351
-1052.82106122841	0.0023280287869054	0.00278546473543658
-1052.84418762176	0.0023280287869054	6.61069613519961e-05
-1052.84361542618	0.0023280287869054	6.61069613519961e-05
-1052.84392984185	0.0023280287869054	6.61069613519961e-05
-1052.84361366233	0.0023280287869054	6.61069613519961e-05
-1052.84361366233	0.0023280287869054	6.61069613519961e-05
-1037.5374941332	0.0023280287869054	0.0638492132600152
-1035.4454402482	0.0023280287869054	0.0724013735765381
-1052.84443451839	0.0023280287869054	6.61069613519961e-05
-1052.8437500705	0.0023280287869054	6.61069613519961e-05
-1052.84372690125	0.0023280287869054	6.61069613519961e-05
-1052.8436153615	0.0023280287869054	6.61069613519961e-05
-1036.94354300072	0.0023280287869054	0.0655719792243375
-1052.84418801	0.0023280287869054	6.61069613519961e-05
-1052.84392482566	0.0023280287869054	6.61069613519961e-05
-1052.84286132296	0.0023280287869054	0.000533178772227992
-1052.84361342648	0.0023280287869054	6.61069613519961e-05
-1052.84361342648	0.0023280287869054	6.61069613519961e-05
-1022.4625922758	0.0023280287869054	0.150049983640995
-1052.84362659136	0.0023280287869054	6.61069613519961e-05
-1052.84361359318	0.0023280287869054	6.61069613519961e-05
-1052.84361359318	0.0023280287869054	6.61069613519961e-05
-1037.72629811175	0.0023280287869054	0.0635429672968275
-1052.84410990395	0.0023280287869054	6.61069613519961e-05
-1052.84380283529	0.0023280287869054	6.61069613519961e-05
-1037.00387658888	0.0023280287869054	0.0657043756932925
-1052.84361661599	0.0023280287869054	6.61069613519961e-05
-1052.84361328566	0.0023280287869054	6.61069613519961e-05
-1052.75331215089	0.0023280287869054	0.0689373094273212
-1037.93959458595	0.0023280287869054	0.0629399825340791
-1052.84361328566	0.0023280287869054	6.61069613519961e-05
-1052.84361378999	0.0023280287869054	6.61069613519961e-05
-1052.84383658728	0.0023280287869054	6.61069613519961e-05
-1037.57727538915	0.0023280287869054	0.0642012864733635
-1052.81623478552	0.0023280287869054	0.0223556118714381
-1052.84361326833	0.0023280287869054	6.61069613519961e-05
-1052.84361326833	0.0023280287869054	6.61069613519961e-05
-1052.84361326833	0.0023280287869054	6.61069613519961e-05
-1037.8497774107	0.0023280287869054	0.0629679501809262
-1052.84361185497	0.0023280287869054	0
