posterior_mean	posterior_var	posterior_sd	posterior_quant	is_contained	PESL
2.60273501645105	0.0102450783406678	0.101217974395202	0.154897072679027	1	0.0207995621450536
