model	lik	mode	convergence
1A	-471.423110008426	1.93724108294413	0
1C	-489.174672632352	0.855897951439174	0
1G	-473.433975750125	0.433557978958621	0
1T	-473.433975750096	0.43355819039289	0
2A	-473.433975750137	0.433558117640574	0
2C	-490.078100590609	0.946588470928729	0
2G	-473.480186874998	0.369639161944242	0
2T	-473.433975750274	0.433558046846221	0
3A	-473.433974172462	0.433555198874674	0
3C	-473.433974172344	0.433555239152369	0
3G	-490.13138372062	0.961568026480609	0
3T	-472.651364729988	0.233267261326668	0
4A	-473.433975752725	0.433558073970703	0
4C	-473.433975752516	0.433557948865017	0
4G	-473.692660928502	0.619172991108332	0
4T	-490.044936796821	0.940839072493741	0
5A	-473.433975754599	0.43355806394035	0
5C	-473.43397575446	0.433558128779919	0
5G	-490.082659300958	0.947565527239073	0
5T	-473.462188167552	0.356945560968854	0
6A	-473.456870539225	0.354062534327725	0
6C	-473.433975754674	0.433558064126795	0
6G	-473.433975754669	0.433558131055104	0
6T	-490.083723922153	0.947798379635996	0
7A	-473.491238547725	0.385717270917103	0
7C	-473.433975739806	0.433558125640324	0
7G	-473.433975739793	0.433558040543232	0
7T	-490.072495350068	0.94542802453416	0
8A	-473.433975754789	0.433558038522906	0
8C	-473.433975754649	0.433558268716375	0
8G	-490.099754933815	0.953265589684647	0
8T	-473.761549815157	0.526095399897003	0
9A	-490.056667632791	0.943051710881063	0
9C	-473.433975754584	0.433558045830926	0
9G	-473.719169626366	0.566990211672539	0
9T	-473.43397575457	0.433558067071177	0
10A	-473.491966442271	0.391735703560959	0
10C	-490.070438648822	0.94501259779452	0
10G	-473.433975735377	0.433558042809188	0
10T	-473.43397573534	0.43355817857255	0
11A	-490.131383720544	0.961568027205126	0
11C	-473.433974172395	0.433555217388769	0
11G	-473.433974172352	0.433555156719432	0
11T	-472.651364730061	0.233267259900135	0
12A	-489.926211295954	0.945950994401738	0
12C	-473.433975747239	0.433558103848184	0
12G	-473.433975747201	0.433558150147211	0
12T	-473.48522626357	0.374881881372327	0
13A	-473.43397571525	0.433558011845868	0
13C	-490.059628766161	0.942910154659223	0
13G	-473.457466783857	0.42481912240777	0
13T	-473.433975715338	0.433558164407309	0
neutral	-473.719655620284	1	0
