posterior_mean	posterior_var	posterior_sd	posterior_quant	is_contained	PESL
2.98903735010464	0.0117020305087582	0.108175923886779	0.545101207780203	1	0.0118222102014858
