posterior_mean	posterior_var	posterior_sd	posterior_quant	is_contained	PESL
3.11003793042558	0.0427134253880916	0.206672265648034	0.302735395181479	1	0.0548217715082386
