posterior_mean	posterior_var	posterior_sd	posterior_quant	is_contained	PESL
2.06649415121709	0.00780439940062339	0.0883425118537128	0.227647340176516	1	0.0122258715466756
