model	lik	mode	convergence
1A	-703.965398804909	1.36122264701754	0
1C	-719.745476540589	0.99681920646992	0
1G	-703.688695462436	0.433558058789011	0
1T	-703.688695462409	0.433558151458794	0
2A	-703.745609545038	0.397346778134156	0
2C	-703.68869543871	0.433558276408506	0
2G	-719.694304771466	1.02652300802244	0
2T	-703.688695438667	0.433558134076473	0
3A	-719.701210554283	1.02535766376251	0
3C	-703.688695421899	0.433558103620551	0
3G	-703.70227803446	0.428882078394479	0
3T	-703.688695421718	0.433558387086927	0
4A	-703.852417296896	0.702019105204679	0
4C	-703.688695452022	0.433558029262027	0
4G	-719.711130891005	1.02315429554538	0
4T	-703.688695452001	0.433558110251424	0
5A	-703.688695411906	0.433557851442185	0
5C	-703.688695411796	0.433557851448953	0
5G	-719.667226787907	1.02971900402175	0
5T	-704.241017812988	0.649838581473809	0
6A	-703.688695432789	0.433558136047829	0
6C	-703.688695432728	0.433558263589258	0
6G	-719.696284726242	1.02619430355033	0
6T	-703.740631503042	0.405804090881527	0
7A	-703.688695430368	0.433558130002103	0
7C	-703.736566515929	0.409957323923716	0
7G	-703.68869543041	0.433558093926747	0
7T	-719.697228645203	1.02603610852369	0
8A	-703.688695442838	0.433558097153244	0
8C	-703.746663939821	0.392176518178255	0
8G	-719.693038196154	1.02673113237624	0
8T	-703.688695442736	0.433558045239724	0
9A	-719.712112407783	1.02255847360571	0
9C	-703.688695429015	0.433558087406233	0
9G	-704.083974434766	0.835229651083573	0
9T	-703.688695428978	0.433558420164703	0
10A	-703.688695433779	0.433558141931906	0
10C	-704.005946397968	0.544155692099876	0
10G	-719.688699747769	1.02709553934539	0
10T	-703.688695433695	0.433557745983117	0
neutral	-703.974375054197	1	0
