posterior_mean	posterior_var	posterior_sd	posterior_quant	is_contained	PESL
1.44729097128523	0.119481914752716	0.345661560999652	0.592459565656998	1	0.122260156460767
