posterior_mean	posterior_var	posterior_sd	posterior_quant	is_contained	PESL
2.66433770632824	0.00467266766170043	0.0683569137812733	0.00720581833399847	0	0.0316795493830239
