model	lik	mode	convergence
1A	-562.963165160365	2.30490306460736	0
1C	-578.036447995691	0.433558037967855	0
1G	-591.571107206909	1.12203120835643	0
1T	-578.036447995653	0.433558127291449	0
2A	-579.074928310907	0.84025919818327	0
2C	-578.036447991278	0.433558106433862	0
2G	-583.976589471287	1.36782192225047	0
2T	-578.036447991257	0.433558133533454	0
3A	-578.080877916923	0.368070170453327	0
3C	-578.03644799201	0.433558171585307	0
3G	-584.615776220776	1.3426740331661	0
3T	-578.036447991976	0.43355814806709	0
4A	-584.46885341409	1.34673049930148	0
4C	-578.036447974703	0.433557931050571	0
4G	-578.036447974671	0.433558084045769	0
4T	-577.987487610224	0.326859689378767	0
5A	-584.54837657408	1.3445209406307	0
5C	-578.036447995055	0.433558030845476	0
5G	-578.036447995021	0.433558005803918	0
5T	-578.046699348176	0.34791666526918	0
6A	-578.03644799602	0.433558066748494	0
6C	-578.059957423126	0.354388332449937	0
6G	-578.036447996002	0.433558009139797	0
6T	-584.570844643423	1.34390253736887	0
7A	-578.036447970546	0.43355818823502	0
7C	-584.706834458132	1.34021969230688	0
7G	-578.036447970619	0.433558101663435	0
7T	-578.092410967601	0.399651324376906	0
8A	-584.694189804652	1.34055755783882	0
8C	-578.09403675531	0.394931250548671	0
8G	-578.036447974166	0.433558156951003	0
8T	-578.036447974141	0.433558163496198	0
9A	-578.048844035774	0.429327667033848	0
9C	-578.036447955093	0.433558288498849	0
9G	-584.779181950203	1.33834662236288	0
9T	-578.036447955062	0.433557973960485	0
neutral	-578.322126277841	1	0
