model	lik	mode	convergence
1A	-345.35799764017	2.92001352041327	0
1C	-408.817199159103	0.433557961828313	0
1G	-408.817199159083	0.433557983167135	0
1T	-423.18086929512	0.919684140944246	0
2A	-408.817199168621	0.433558080062226	0
2C	-408.817199168531	0.433558205161571	0
2G	-383.141008425307	2.04162800916304	0
2T	-409.11875585549	0.57664904107727	0
3A	-408.860419418253	0.413738212526654	0
3C	-408.817199140464	0.433558110778982	0
3G	-408.817199140544	0.433558112676743	0
3T	-383.488449566369	2.03006134833624	0
4A	-408.817199160149	0.433558196789685	0
4C	-383.255624554607	2.03505016673126	0
4G	-408.874506511271	0.385879553048576	0
4T	-408.817199160342	0.433558114145579	0
neutral	-409.102878149587	1	0
