posterior_mean	posterior_var	posterior_sd	posterior_quant	is_contained	PESL
1.1685089484507	0.799356146423495	0.894067193461148	0.754406852716897	1	0.909242463676672
