posterior_mean	posterior_var	posterior_sd	posterior_quant	is_contained	PESL
3.07437082295485	0.0137823428149339	0.117398223218812	0.265686541126582	1	0.0193133621218687
