model	lik	mode	convergence
1A	-265.905821970752	1.37690405951181	0
1C	-281.594778307042	0.795005402457473	0
1G	-267.851265735043	0.433558078451658	0
1T	-267.851265735029	0.433558138360038	0
2A	-267.851265409889	0.433557289323077	0
2C	-280.448126825667	1.25955137497628	0
2G	-267.530234612984	0.275958261705166	0
2T	-267.851265410106	0.433557202446214	0
neutral	-268.136945055798	1	0
