model	lik	mode	convergence
1A	-225.833772157569	2.03291219824301	0
1C	-242.047724545902	0.43355799454965	0
1G	-242.047724545942	0.433558351057896	0
1T	-255.084745891639	0.930247334597209	0
2A	-242.047724564636	0.433558166054554	0
2C	-240.523408398672	1.84936506568579	0
2G	-242.105266173908	0.386833493891029	0
2T	-242.047724564849	0.433558250036107	0
3A	-242.047724564101	0.433558128297125	0
3C	-240.988171534968	1.83657770525425	0
3G	-242.047724564134	0.433558252211016	0
3T	-242.178440002359	0.729647460545925	0
4A	-240.765199156779	1.83918082253179	0
4C	-242.074323286871	0.423390577795118	0
4G	-242.047724541913	0.433558231888088	0
4T	-242.047724541862	0.433558225401047	0
neutral	-242.333402932002	1	0
