posterior_mean	posterior_var	posterior_sd	posterior_quant	is_contained	PESL
2.36616158691458	0.00726973968620273	0.0852627684643346	0.939788888807112	1	0.0251824605034806
