posterior_mean	posterior_var	posterior_sd	posterior_quant	is_contained	PESL
2.92946805785027	0.0111612020284036	0.105646590235575	0.749952625516225	1	0.01613595689186
