posterior_mean	posterior_var	posterior_sd	posterior_quant	is_contained	PESL
2.97312549871412	0.00604470063851886	0.0777476728816937	0.638084085711414	1	0.00676693945787152
