posterior_mean	posterior_var	posterior_sd	posterior_quant	is_contained	PESL
2.0252946092859	0.00765339203535454	0.0874836672491188	0.391308410135848	1	0.00829320929427441
