model	lik	mode	convergence
1A	-592.948016193027	1.59263293220523	0
1C	-617.451015193081	0.857893065051825	0
1G	-603.500236561746	0.433557890904158	0
1T	-603.500236561719	0.433558095104816	0
2A	-613.716184855668	1.25360898454997	0
2C	-603.500236570866	0.433558158105417	0
2G	-603.500236570815	0.433558128803158	0
2T	-603.557649670726	0.386285987781223	0
3A	-603.500236582098	0.433558067548938	0
3C	-603.54568379725	0.368952820482652	0
3G	-613.678035198113	1.25479969006903	0
3T	-603.500236582005	0.433557934145735	0
4A	-603.500236546104	0.433557783169841	0
4C	-603.500236545947	0.433558017243787	0
4G	-613.815263477674	1.25119255236167	0
4T	-603.780274657222	0.639352039453566	0
5A	-603.500236453803	0.433557658442989	0
5C	-603.320227889616	0.297396166331934	0
5G	-603.500236453794	0.4335574608893	0
5T	-613.471925233056	1.26136335537088	0
6A	-603.53568643321	0.418761462877181	0
6C	-603.500236548712	0.433558146516372	0
6G	-603.50023654873	0.433558132141946	0
6T	-613.778999612564	1.2516668021344	0
7A	-603.500236552912	0.433558222274617	0
7C	-613.765614508277	1.25207868169536	0
7G	-603.500236552914	0.433558000793917	0
7T	-603.546498966401	0.41135679600802	0
8A	-603.500236570877	0.433558143897566	0
8C	-603.500236570731	0.43355819479757	0
8G	-613.716429451812	1.25360137471942	0
8T	-603.557678130622	0.386402106444286	0
neutral	-603.785915498932	1	0
