model	lik	mode	convergence
1A	-1038.72290269542	2.98137181289968	0
1C	-1357.15781661799	0.433558173341684	0
1G	-1371.31230426553	1.03928844083783	0
1T	-1357.15781661798	0.433558034094634	0
2A	-1357.15781663823	0.433558095245986	0
2C	-1357.15781663814	0.433558000016632	0
2G	-1083.79755970662	2.6883204304526	0
2T	-1357.21410528823	0.382939957878244	0
3A	-1357.15781662241	0.433558109571385	0
3C	-1357.15781662235	0.433558068584885	0
3G	-1084.1141668369	2.68640414230864	0
3T	-1357.21097417012	0.404257484680946	0
4A	-1084.07479254422	2.68663670576714	0
4C	-1357.15781662455	0.433558202288135	0
4G	-1357.15781662448	0.433558084510273	0
4T	-1357.21286533447	0.401385878918365	0
5A	-1084.20006120293	2.68590344966931	0
5C	-1357.15781661831	0.433558130287466	0
5G	-1357.15781661827	0.43355809298817	0
5T	-1357.20483880558	0.410709601322137	0
6A	-1357.15781661472	0.433558042050066	0
6C	-1357.15781661435	0.433558269937735	0
6G	-1357.05732750959	0.867368362340003	0
6T	-1085.12166056773	2.68286082298861	0
7A	-1356.20429095751	1.98735148315358	0
7C	-1357.15781661547	0.433558132622983	0
7G	-1357.15781661552	0.433558207606875	0
7T	-1086.41696050758	2.67976632545802	0
8A	-1084.66777813315	2.68743927522739	0
8C	-1357.15781663366	0.433558138020671	0
8G	-1357.34677182597	0.988296043646697	0
8T	-1357.15781663364	0.433558081498238	0
9A	-1357.15781662965	0.433558130880152	0
9C	-1085.76241149712	2.68730158102177	0
9G	-1357.15781662975	0.433557995465652	0
9T	-1356.84273364808	1.61297180660463	0
10A	-1084.2266390655	2.68575047708795	0
10C	-1357.157816617	0.433558105325825	0
10G	-1357.15781661698	0.433558026970699	0
10T	-1357.20229940203	0.412786375607701	0
11A	-1357.15781662122	0.433558046554673	0
11C	-1357.15781662093	0.433558312349515	0
11G	-1355.69917020368	2.29583060350614	0
11T	-1087.15888438596	2.67967673700782	0
12A	-1356.86852327076	1.56547556671592	0
12C	-1357.15781663691	0.43355816479172	0
12G	-1085.6699434432	2.68597553300859	0
12T	-1357.15781663688	0.433558103938137	0
13A	-1357.21560924814	0.393810982031609	0
13C	-1357.15781663	0.433558160963988	0
13G	-1083.96588160528	2.68728907702471	0
13T	-1357.15781662998	0.4335581583796	0
neutral	-1357.44349527348	1	0
