model	lik	mode	convergence
1A	-174.733367229339	3.09988843055728	0
1C	-205.63894082406	0.433558076455275	0
1G	-205.638940824043	0.433558175453094	0
1T	-220.2028583968	1.04343731654398	0
2A	-205.6389408032	0.433558173752524	0
2C	-200.418844860092	2.02984140851307	0
2G	-205.638940803246	0.433558045235575	0
2T	-205.69268605016	0.403440148736245	0
3A	-205.638940824199	0.433558104336767	0
3C	-220.202858396957	1.04343733513944	0
3G	-205.638940824216	0.433558071427989	0
3T	-174.733367229846	3.09988844723584	0
neutral	-205.924620149925	1	0
