posterior_mean	posterior_var	posterior_sd	posterior_quant	is_contained	PESL
3.1452414738651	0.140702147361648	0.375102849044963	0.362059679216888	1	0.161797233092158
