posterior_mean	posterior_var	posterior_sd	posterior_quant	is_contained	PESL
2.51767092879055	0.019225535299833	0.138656176565752	0.45647310690385	1	0.0195377970241632
