posterior_mean	posterior_var	posterior_sd	posterior_quant	is_contained	PESL
2.45358220400073	0.118247747085532	0.343871701489861	0.0863127750071741	1	0.32398456287174
