posterior_mean	posterior_var	posterior_sd	posterior_quant	is_contained	PESL
1.43104705529854	0.00452839963465699	0.0672933847763433	0.847145333818381	1	0.00928290821763479
