model	lik	mode	convergence
1A	-257.517171922338	2.97979300563778	0
1C	-270.510828912117	0.433558032236997	0
1G	-270.5108289121	0.433557928987013	0
1T	-285.371682371969	1.27776497799915	0
2A	-278.281318532712	1.58641100434835	0
2C	-270.510828882797	0.433558335503885	0
2G	-270.795683533886	0.930995260238486	0
2T	-270.510828882778	0.433558239337922	0
3A	-270.510828889307	0.4335582225331	0
3C	-278.315974800207	1.59252776450652	0
3G	-270.979401032633	1.0918373862006	0
3T	-270.510828889382	0.433558032492948	0
4A	-270.510828890344	0.433558112578483	0
4C	-270.510828890263	0.43355801019332	0
4G	-277.931340670656	1.59390334701473	0
4T	-270.563351608232	0.40508365812862	0
5A	-270.510828886731	0.433558110917718	0
5C	-270.562449597411	0.789820296298631	0
5G	-270.510828886749	0.433558288650599	0
5T	-278.301692410013	1.58182045830745	0
6A	-270.510828893403	0.433558113438954	0
6C	-270.80527682593	0.614484922632788	0
6G	-277.944866613852	1.5971285657804	0
6T	-270.510828893329	0.433557905357794	0
neutral	-270.79650883895	1	0
