model	lik	mode	convergence
1A	-376.662954472653	2.77320503873595	0
1C	-432.139705158918	0.43355810725421	0
1G	-432.13970515918	0.433558117590629	0
1T	-447.33663158168	1.05175538024616	0
2A	-432.18413182776	0.412829712965513	0
2C	-432.139705164854	0.433558264980407	0
2G	-432.139705164903	0.433558309611545	0
2T	-409.224888146107	1.99735232281002	0
3A	-410.036267979047	1.99641494568152	0
3C	-432.139705173763	0.4335581384256	0
3G	-432.139705173727	0.433558256737095	0
3T	-432.298824526837	1.29473739194699	0
4A	-409.211083713945	1.99763997671927	0
4C	-432.13970516599	0.433558044080614	0
4G	-432.18643164498	0.410964294268175	0
4T	-432.139705165986	0.433558143294587	0
5A	-432.139705158183	0.433559858824973	0
5C	-409.18000790818	2.00585041233315	0
5G	-432.139705158695	0.433519093188046	0
5T	-432.566205802363	0.805520173021259	0
6A	-432.19605830484	0.398794371529644	0
6C	-409.116318301244	1.99964205531848	0
6G	-432.139705174354	0.433558126103399	0
6T	-432.139705174333	0.433558067635883	0
7A	-432.139705160928	0.433558173500921	0
7C	-432.169967049014	0.421590647034748	0
7G	-432.139705160944	0.433558402073401	0
7T	-409.287466684698	1.99606180446197	0
neutral	-432.425384749529	1	0
