posterior_mean	posterior_var	posterior_sd	posterior_quant	is_contained	PESL
2.79190684153355	0.0519763783046327	0.227983285143084	0.820717782245925	1	0.0952791409051822
