posterior_mean	posterior_var	posterior_sd	posterior_quant	is_contained	PESL
2.44950549200149	0.00424718601728784	0.0651704382161716	0.781834321354971	1	0.00679688845521565
