posterior_mean	posterior_var	posterior_sd	posterior_quant	is_contained	PESL
1.01164262791972	0.910414118253827	0.954156233671314	0.81130848964773	1	1.14890704112484
