posterior_mean	posterior_var	posterior_sd	posterior_quant	is_contained	PESL
2.12975568149462	0.00697617478047657	0.0835234983730721	0.0578448972592324	1	0.0238127116605859
