posterior_mean	posterior_var	posterior_sd	posterior_quant	is_contained	PESL
2.20163973948233	0.043582829733235	0.208765010797391	0.919305374932473	1	0.13260167478939
