lik	gamma	delta
-839.458458151918	0.00255075298372792	0.191302607977429
-847.736653434452	0.00255075298372792	6.61069613519961e-05
-847.523939898092	0.00255075298372792	0.00802996146841063
-847.739105401852	0.00255075298372792	6.61069613519961e-05
-847.736590858478	0.00255075298372792	6.61069613519961e-05
-847.736702130989	0.00255075298372792	6.61069613519961e-05
-846.542951288054	0.00255075298372792	0.0177009432890896
-847.736590858478	0.00255075298372792	6.61069613519961e-05
-847.736914729539	0.00255075298372792	6.61069613519961e-05
-847.7365916494	0.00255075298372792	6.61069613519961e-05
-846.483677088735	0.00255075298372792	0.0181780121969097
-847.736591649401	0.00255075298372792	6.61069613519961e-05
-847.736591326455	0.00255075298372792	6.61069613519961e-05
-846.390462335949	0.00255075298372792	0.0192486651134615
-847.73709167634	0.00255075298372792	6.61069613519961e-05
-847.736591326455	0.00255075298372792	6.61069613519961e-05
-847.736595445608	0.00255075298372792	6.61069613519961e-05
-847.737333191207	0.00255075298372792	6.61069613519961e-05
-847.736595445608	0.00255075298372792	6.61069613519961e-05
-846.357106099002	0.00255075298372792	0.0192026161934922
-847.738104644091	0.00255075298372792	6.61069613519961e-05
-845.826096827594	0.00255075298372792	0.0235486166229837
-847.736825466075	0.00255075298372792	6.61069613519961e-05
-847.73702181076	0.00255075298372792	6.61069613519961e-05
-846.486179583308	0.00255075298372792	0.0182420874610752
-847.736991006403	0.00255075298372792	6.61069613519961e-05
-847.736592272606	0.00255075298372792	6.61069613519961e-05
-847.70478408724	0.00255075298372792	0.0368269072797448
-838.128222601091	0.00255075298372792	0.173796921384579
-847.736592219053	0.00255075298372792	6.61069613519961e-05
-847.605778449731	0.00255075298372792	0.0588425559100579
-847.738054931189	0.00255075298372792	6.61069613519961e-05
-847.737101216284	0.00255075298372792	6.61069613519961e-05
-847.736593300871	0.00255075298372792	6.61069613519961e-05
-846.114535903008	0.00255075298372792	0.0210827946907563
-847.737600578474	0.00255075298372792	6.61069613519961e-05
-847.736590752299	0.00255075298372792	6.61069613519961e-05
-847.736590752299	0.00255075298372792	6.61069613519961e-05
-847.736590752299	0.00255075298372792	6.61069613519961e-05
-846.572772090039	0.00255075298372792	0.0174735075659272
-847.73658988401	0.00255075298372792	0
