posterior_mean	posterior_var	posterior_sd	posterior_quant	is_contained	PESL
2.60680075856034	0.00947701780800309	0.0973499759013996	0.135678519242336	1	0.0208834201134088
