model	lik	mode	convergence
1A	-161.269552174791	2.73645689125146	0
1C	-189.711775844207	0.433558029544189	0
1G	-202.304002514333	1.27315127192846	0
1T	-189.711775844155	0.433558115664602	0
2A	-189.711775861887	0.433558096743622	0
2C	-189.711775861759	0.433557828110314	0
2G	-176.231855803128	2.32502626200384	0
2T	-189.762826184834	0.374642955340005	0
neutral	-189.99745379757	1	0
