posterior_mean	posterior_var	posterior_sd	posterior_quant	is_contained	PESL
2.45041975064896	0.00422678444916046	0.0650137250829428	0.778269039545702	1	0.00668498470344316
