lik	gamma	delta
-639.832398997647	0.00226586860373245	0.297338854759097
-699.37996721845	0.00226586860373245	0.047652421274817
-699.37942668381	0.00226586860373245	0.00526676175408305
-699.414126697552	0.00226586860373245	6.61069613519961e-05
-663.854288587796	0.00226586860373245	0.140392878164295
-699.414126229896	0.00226586860373245	6.61069613519961e-05
-699.414126229896	0.00226586860373245	6.61069613519961e-05
-699.414126229896	0.00226586860373245	6.61069613519961e-05
-661.903131679946	0.00226586860373245	0.147885052552383
-699.414764016228	0.00226586860373245	6.61069613519961e-05
-699.414127634667	0.00226586860373245	6.61069613519961e-05
-699.414127634667	0.00226586860373245	6.61069613519961e-05
-699.414126229896	0.00226586860373245	6.61069613519961e-05
-663.854288587796	0.00226586860373245	0.14039287816413
-699.414126229896	0.00226586860373245	6.61069613519961e-05
-699.414126229896	0.00226586860373245	6.61069613519961e-05
-699.414126970163	0.00226586860373245	6.61069613519961e-05
-699.414141058382	0.00226586860373245	6.61069613519961e-05
-699.414126970163	0.00226586860373245	6.61069613519961e-05
-663.344238660304	0.00226586860373245	0.143008194168907
-699.4141262893	0.00226586860373245	6.61069613519961e-05
-699.047320349522	0.00226586860373245	0.0451245818498464
-699.4141262893	0.00226586860373245	6.61069613519961e-05
-663.164577630833	0.00226586860373245	0.149109740091579
-699.41412624565	0.00226586860373245	6.61069613519961e-05
-699.412229849571	0.00226586860373245	0.00773284078394214
-663.52702422831	0.00226586860373245	0.14217537218009
-699.41412624565	0.00226586860373245	6.61069613519961e-05
-699.028568114483	0.00226586860373245	0.0558524020764241
-699.414126331458	0.00226586860373245	6.61069613519961e-05
-663.663969822935	0.00226586860373245	0.145764362390545
-699.414126331458	0.00226586860373245	6.61069613519961e-05
-699.414126229896	0.00226586860373245	6.61069613519961e-05
-663.854288587796	0.00226586860373245	0.14039287816413
-699.414126229896	0.00226586860373245	6.61069613519961e-05
-699.414126229896	0.00226586860373245	6.61069613519961e-05
-699.414126349721	0.00226586860373245	6.61069613519961e-05
-699.414126349721	0.00226586860373245	6.61069613519961e-05
-695.330683019385	0.00226586860373245	0.723186205950551
-666.139355370662	0.00226586860373245	0.136004842274496
-699.414125943462	0.00226586860373245	0
