posterior_mean	posterior_var	posterior_sd	posterior_quant	is_contained	PESL
1.852322084527	0.0222314494818235	0.149102144457494	0.839393017315157	1	0.0440402162003093
