posterior_mean	posterior_var	posterior_sd	posterior_quant	is_contained	PESL
2.20853056059955	0.0290616269794543	0.170474710674206	0.952051866645914	1	0.114016061083871
