model	lik	mode	convergence
1A	-237.663626884509	3.25158667000067	0
1C	-255.219287016066	0.433558296608619	0
1G	-273.315445602374	0.994608528971416	0
1T	-255.219287016042	0.433558020751995	0
2A	-255.51580631418	0.598333526539205	0
2C	-255.219287021524	0.433558095943254	0
2G	-255.219287021517	0.43355824443125	0
2T	-268.76979233776	1.37408662483557	0
3A	-255.21928703291	0.433558104901698	0
3C	-268.632892210939	1.37897159490129	0
3G	-255.258385636996	0.363906283042213	0
3T	-255.219287033067	0.433557879673143	0
neutral	-255.504967030433	1	0
