posterior_mean	posterior_var	posterior_sd	posterior_quant	is_contained	PESL
3.34277210008331	0.298259019860271	0.54613095486364	0.0501735671958237	1	1.00852383253847
