model	lik	mode	convergence
1A	-391.188647621314	2.48755024184882	0
1C	-435.48205581228	0.4335580535746	0
1G	-450.942890301731	0.981989769425048	0
1T	-435.482055812255	0.433558082880909	0
2A	-435.48205577259	0.433558579634973	0
2C	-424.130067860401	1.77310628988165	0
2G	-434.646542876307	1.70958065908813	0
2T	-435.482055772734	0.433557845970287	0
3A	-435.482055802367	0.433558118421154	0
3C	-435.531404000601	0.759393797143809	0
3G	-423.368847410546	1.78615782754922	0
3T	-435.482055802243	0.433558228670477	0
4A	-435.536844164488	0.379907590047735	0
4C	-422.813119960336	1.79460746491172	0
4G	-435.482055801796	0.433558097390433	0
4T	-435.482055801756	0.433558111462774	0
5A	-432.004939105103	2.51407456592918	0
5C	-426.911427999874	1.74210391199354	0
5G	-435.482055787797	0.433558201090403	0
5T	-435.48205578776	0.433558288289793	0
neutral	-435.767735414364	1	0
