posterior_mean	posterior_var	posterior_sd	posterior_quant	is_contained	PESL
0.936726018001668	0.170025053357454	0.412340943101038	0.904239138156849	1	0.48730263214917
