model	lik	mode	convergence
1A	-475.971949352144	2.09530017927727	0
1C	-499.414607529122	0.433557980434936	0
1G	-511.395194005246	1.24166116565609	0
1T	-499.414607529081	0.433557981329746	0
2A	-499.414607491379	0.433557892828859	0
2C	-499.330193020635	0.317383356570984	0
2G	-499.414607491345	0.433557761244005	0
2T	-491.983896161575	1.65477018809708	0
3A	-492.573346657597	1.64118437929583	0
3C	-499.414607503131	0.433558135389343	0
3G	-499.464408103332	0.408108108274874	0
3T	-499.414607503102	0.433557904255278	0
4A	-499.472451550233	0.388555693163411	0
4C	-499.414607517421	0.433558170012382	0
4G	-499.414607517434	0.433558223647555	0
4T	-492.473364129451	1.64337751834456	0
5A	-496.906686471838	2.4665014705977	0
5C	-499.414607534397	0.433558082959431	0
5G	-499.414607534386	0.433557934588479	0
5T	-495.159304260622	1.60487548449245	0
6A	-499.414607509583	0.433558224964108	0
6C	-493.014683946218	1.63407848532103	0
6G	-499.347350033322	0.836263973885348	0
6T	-499.414607509762	0.433558147297446	0
7A	-492.461476144101	1.64364182414776	0
7C	-499.41460751913	0.433558164715063	0
7G	-499.414607519094	0.43355817212867	0
7T	-499.472043066595	0.386377368697145	0
8A	-492.487416449404	1.64510297075899	0
8C	-499.729494332536	0.58947879773748	0
8G	-499.414607495265	0.433558056547666	0
8T	-499.414607494934	0.43355938215666	0
neutral	-499.700285267439	1	0
