posterior_mean	posterior_var	posterior_sd	posterior_quant	is_contained	PESL
1.37119833632074	0.0401683197507613	0.20042035762557	0.749329957102076	1	0.0567581883172976
