posterior_mean	posterior_var	posterior_sd	posterior_quant	is_contained	PESL
1.60675457483428	0.962932575090697	0.981291279432716	0.731162345575753	1	1.11757453951027
