posterior_mean	posterior_var	posterior_sd	posterior_quant	is_contained	PESL
1.24849043203444	0.0698348870806865	0.264262912798384	0.832830121733612	1	0.133091949858922
