model	lik	mode	convergence
1A	-779.95478386825	3.09755273472735	0
1C	-899.14824697542	0.433557940188468	0
1G	-899.148246975391	0.433557922116649	0
1T	-914.358508754533	0.946341939378691	0
2A	-857.883337366497	1.79618488965855	0
2C	-899.059985648225	0.382707175786931	0
2G	-899.148247008513	0.433558002190418	0
2T	-899.148247008491	0.433558002976183	0
3A	-899.148246978894	0.433558260978465	0
3C	-859.502214685419	1.77801728156606	0
3G	-899.200534507193	0.405376807955481	0
3T	-899.148246979129	0.433558165597067	0
4A	-898.8317719532	1.52439942648932	0
4C	-899.148246969126	0.433558722018893	0
4G	-860.613976669065	1.77081088441789	0
4T	-899.148246969143	0.433558552312903	0
5A	-779.95478386825	3.09755273472466	0
5C	-914.358508754626	0.946341940030194	0
5G	-899.148246975496	0.433557939594439	0
5T	-899.148246975468	0.433557937562423	0
6A	-859.908814191441	1.77525620300682	0
6C	-899.242120339681	0.76778018327235	0
6G	-899.148246974845	0.433558409338093	0
6T	-899.148246974812	0.433558260863402	0
7A	-899.148246987723	0.433558108216598	0
7C	-899.148246987606	0.43355787971117	0
7G	-900.271203823115	0.812659254996247	0
7T	-854.243900858241	1.85466485708178	0
8A	-899.037182715688	0.311142956499248	0
8C	-899.148246944407	0.433557840789342	0
8G	-858.730614617568	1.78684035297639	0
8T	-899.148246944365	0.433557835956402	0
9A	-860.664671322749	1.77591461488445	0
9C	-899.148246984114	0.433558182784506	0
9G	-899.148246984083	0.433558213864313	0
9T	-899.211386100184	1.44321249315949	0
10A	-899.14824698989	0.433558085034098	0
10C	-899.148246989623	0.433558110825263	0
10G	-899.573527272501	1.30188084011976	0
10T	-859.68919120942	1.81604913269777	0
11A	-899.683412272799	1.01771379035339	0
11C	-859.622495556321	1.78279818018206	0
11G	-899.148247007435	0.433558102339281	0
11T	-899.148247007406	0.433557935987621	0
neutral	-899.433926293297	1	0
