posterior_mean	posterior_var	posterior_sd	posterior_quant	is_contained	PESL
3.10926202135571	0.0362938299682169	0.19050939601032	0.287791118006986	1	0.0482320192789832
