model	lik	mode	convergence
1A	-557.031825507447	2.65387590056058	0
1C	-703.18706539513	1.1583263200228	0
1G	-690.064682652781	0.433558152716877	0
1T	-690.064682652729	0.433558516159638	0
2A	-690.109709258153	0.368583676705321	0
2C	-690.064682688475	0.43355811946111	0
2G	-690.064682688458	0.433558076289385	0
2T	-573.466675837964	2.55127383056324	0
3A	-690.064682651797	0.433558415354608	0
3C	-574.245392668822	2.54218576966526	0
3G	-690.080560600895	0.427997780365255	0
3T	-690.064682652076	0.433557932807318	0
4A	-690.623444873297	1.02381571392886	0
4C	-573.520167390657	2.56379414376782	0
4G	-690.064682659321	0.433558286281166	0
4T	-690.064682659275	0.433558182679714	0
5A	-690.064682656441	0.433558289355261	0
5C	-579.378938267412	2.55738777163742	0
5G	-686.605980772605	2.06658461233717	0
5T	-690.064682656812	0.433558165293594	0
6A	-574.660341591735	2.54132253212451	0
6C	-690.06468265905	0.433558173332678	0
6G	-690.125237302992	0.785593847125965	0
6T	-690.064682659038	0.433557919142994	0
neutral	-690.35036095827	1	0
