model	lik	mode	convergence
1A	-660.688717949206	2.99965822670951	0
1C	-789.577003190329	0.43355790169509	0
1G	-805.056611412229	1.06531245445224	0
1T	-789.577003190289	0.433557922169664	0
2A	-718.397861016629	2.09940050112778	0
2C	-789.57700319731	0.433558291034728	0
2G	-789.614417789354	0.417612866529178	0
2T	-789.577003197296	0.433558096813179	0
3A	-789.57700319926	0.433558066523617	0
3C	-789.577003198931	0.433557728080874	0
3G	-789.61898042265	0.414631830410872	0
3T	-718.374260668551	2.09964636091199	0
4A	-789.768747960017	0.469133199039757	0
4C	-789.577003036843	0.433557550646601	0
4G	-789.577003036822	0.43355755758495	0
4T	-717.10753823969	2.11743175602499	0
5A	-789.577003227032	0.433558090291547	0
5C	-789.577003226886	0.433558147835127	0
5G	-717.999812130288	2.10373482763766	0
5T	-789.627635012976	0.374153885520111	0
6A	-718.291464519283	2.10052118482858	0
6C	-789.629852669956	0.404665097601484	0
6G	-789.577003205274	0.433558330312862	0
6T	-789.577003205218	0.433558209628737	0
7A	-789.267928086454	1.3401139378394	0
7C	-789.577003197205	0.433558272011159	0
7G	-719.46124504326	2.09305853383463	0
7T	-789.577003197203	0.433558060620973	0
8A	-789.577003208835	0.433558118281726	0
8C	-790.300452005873	0.768559465128039	0
8G	-789.577003208877	0.433558171985698	0
8T	-716.686408780472	2.1255952465899	0
9A	-789.577003204567	0.433558139433089	0
9C	-790.721295651222	1.00496498061683	0
9G	-789.577003204562	0.433557867086173	0
9T	-715.184417996136	2.15961830021835	0
neutral	-789.862682825879	1	0
