posterior_mean	posterior_var	posterior_sd	posterior_quant	is_contained	PESL
3.00963749314093	0.0299570762239337	0.173081126134347	0.48543990109607	1	0.0300499574979762
