posterior_mean	posterior_var	posterior_sd	posterior_quant	is_contained	PESL
1.48409789917327	0.0204481166742836	0.14299691141519	0.556890067151501	1	0.0207009934850079
