posterior_mean	posterior_var	posterior_sd	posterior_quant	is_contained	PESL
2.43887834251544	0.0134865417806649	0.116131570990256	0.7046558949763	1	0.017222398794299
