posterior_mean	posterior_var	posterior_sd	posterior_quant	is_contained	PESL
2.93385823586255	0.00772797720082475	0.0879089142284487	0.775409523882297	1	0.0121027101639029
