posterior_mean	posterior_var	posterior_sd	posterior_quant	is_contained	PESL
1.66319341482061	0.0621243653102631	0.249247598404204	0.265414995399119	1	0.088756455951964
