lik	gamma	delta
-3143.8364406493	0.00236376885892183	0.365595069719022
-3642.8949593326	0.00236376885892183	6.61069613519961e-05
-3640.23723267102	0.00236376885892183	0.0251921842299185
-3642.89553069988	0.00236376885892183	6.61069613519961e-05
-3642.89578262547	0.00236376885892183	6.61069613519961e-05
-3262.43718964234	0.00236376885892183	0.227625468584426
-3642.89495750144	0.00236376885892183	6.61069613519961e-05
-3642.15359906031	0.00236376885892183	0.444228236412545
-3642.89494748092	0.00236376885892183	6.61069613519961e-05
-3631.73633532781	0.00236376885892183	0.373183466111058
-3375.18150131113	0.00236376885892183	0.355972838997695
-3511.57066361701	0.00236376885892183	0.15568786244163
-3642.89480083643	0.00236376885892183	6.61069613519961e-05
-3633.68018617405	0.00236376885892183	0.346886503929965
-3377.04921301163	0.00236376885892183	0.349450856737253
-3510.50588701918	0.00236376885892183	0.15764741631403
-3642.8946947318	0.00236376885892183	6.61069613519961e-05
-3642.89572033477	0.00236376885892183	6.61069613519961e-05
-3263.47983987317	0.00236376885892183	0.227260029690397
-3642.19635710378	0.00236376885892183	0.228860474544795
-3642.89468808569	0.00236376885892183	6.61069613519961e-05
-3642.89511791492	0.00236376885892183	6.61069613519961e-05
-3265.93722304862	0.00236376885892183	0.22583480010798
-3641.46981914163	0.00236376885892183	0.418222315998224
-3642.89521585811	0.00236376885892183	6.61069613519961e-05
-3642.0128994206	0.00236376885892183	0.172059686757593
-3263.14102026156	0.00236376885892183	0.22832306750132
-3642.89469295907	0.00236376885892183	6.61069613519961e-05
-3639.68151874946	0.00236376885892183	0.999933893038648
-3626.34670425949	0.00236376885892183	0.264273032373543
-3642.89476641514	0.00236376885892183	6.61069613519961e-05
-3285.58456904806	0.00236376885892183	0.222145171525271
-3642.89468829167	0.00236376885892183	6.61069613519961e-05
-3639.3817416425	0.00236376885892183	0.223014073248555
-3642.89479463554	0.00236376885892183	6.61069613519961e-05
-3270.79044080268	0.00236376885892183	0.224242646264234
-3628.0493500224	0.00236376885892183	0.594079164389829
-3275.04253261316	0.00236376885892183	0.225310979344158
-3642.78441298691	0.00236376885892183	0.0444644607877169
-3642.8947549147	0.00236376885892183	6.61069613519961e-05
-3642.89468714845	0.00236376885892183	0
