model	lik	mode	convergence
1A	-564.861637672142	1.56023137233921	0
1C	-569.264085129016	0.433558145392962	0
1G	-585.000068102349	1.0459279906978	0
1T	-569.264085128982	0.433558006642056	0
2A	-569.264084998203	0.433557634136961	0
2C	-582.115890707143	1.19942399495386	0
2G	-569.068656421951	0.294680424160312	0
2T	-569.264084998353	0.433557552119716	0
3A	-582.399144700838	1.18943331998015	0
3C	-569.264085127355	0.433558112782341	0
3G	-569.517253971079	0.653200128267496	0
3T	-569.264085127339	0.433558224485327	0
4A	-582.312763705669	1.19214191167895	0
4C	-569.264085131159	0.433558172608096	0
4G	-569.322031804995	0.389538871428882	0
4T	-569.264085131149	0.433558115036661	0
5A	-569.264085126228	0.433557952738763	0
5C	-582.19366760866	1.19652908760623	0
5G	-569.264085126279	0.433557818827282	0
5T	-569.212154678447	0.326002421937884	0
6A	-569.535914180695	0.489591389127758	0
6C	-569.264085138563	0.43355807692896	0
6G	-582.209995195448	1.1962830254713	0
6T	-569.264085138534	0.433558120860447	0
7A	-569.264085148344	0.43355808458307	0
7C	-569.296936788572	0.35972137219778	0
7G	-582.262140562988	1.19399965720866	0
7T	-569.264085148262	0.433558068883577	0
neutral	-569.549764752107	1	0
