model	lik	mode	convergence
1A	-294.200398632724	2.1586531515234	0
1C	-316.255609157146	1.01281466902976	0
1G	-299.395831183115	0.433558085225199	0
1T	-299.395831183085	0.433558110396458	0
2A	-299.395831204706	0.433558074162901	0
2C	-314.735952576357	1.1970890916099	0
2G	-299.4293236127	0.36012450186134	0
2T	-299.395831204881	0.433558078315461	0
3A	-299.395831182405	0.433557922809518	0
3C	-299.395831182279	0.433557889888335	0
3G	-314.661657370604	1.20235352676611	0
3T	-299.342889399694	0.32571342593092	0
4A	-299.865450000327	0.734255214145656	0
4C	-299.395831189186	0.433558147682195	0
4G	-314.833919921882	1.1915197986526	0
4T	-299.395831189159	0.433558089150986	0
neutral	-299.68151111277	1	0
