posterior_mean	posterior_var	posterior_sd	posterior_quant	is_contained	PESL
2.24682662136439	0.193167931298846	0.43950873859213	0.302662720643532	1	0.254091312312983
