model	lik	mode	convergence
1A	-387.008710065724	2.51572511886183	0
1C	-394.857092852577	0.433557771161968	0
1G	-411.597019607901	0.99978505202434	0
1T	-394.857092852541	0.433557836533103	0
2A	-394.857092899067	0.433557947597336	0
2C	-409.667031061476	1.22444871816278	0
2G	-394.796364435724	0.323537353833294	0
2T	-394.85709289925	0.433557727499961	0
3A	-394.857092921621	0.433558103903929	0
3C	-394.857092921515	0.433558130836911	0
3G	-409.778064174787	1.21702780038839	0
3T	-394.904933121348	0.371180933854984	0
4A	-387.494593125593	3.78128753322563	0
4C	-411.305999603474	1.08888496422753	0
4G	-394.857092908181	0.433558225737688	0
4T	-394.857092908158	0.433558027351081	0
5A	-395.306061799642	1.20981542106352	0
5C	-397.158157511129	0.42291729477822	0
5G	-394.857093114073	0.433558111277963	0
5T	-394.857093114032	0.433558099510897	0
6A	-394.857092906599	0.433558105599276	0
6C	-394.857092906482	0.433558075667501	0
6G	-409.819458439007	1.21427096541527	0
6T	-394.914974791169	0.393153337463612	0
7A	-394.857092921621	0.433558103903929	0
7C	-394.857092921515	0.433558130836911	0
7G	-409.778064174787	1.21702780038839	0
7T	-394.904933121348	0.371180933854984	0
8A	-394.857092915261	0.433558189167469	0
8C	-409.797564683909	1.21572885890773	0
8G	-394.912575867094	0.38121348300668	0
8T	-394.857092915357	0.433557951006769	0
9A	-394.857092925724	0.433558078192942	0
9C	-394.857092925516	0.433558169585467	0
9G	-394.969186421962	1.4168282520986	0
9T	-410.340847299788	1.18220651166001	0
10A	-394.857092891655	0.433558225432674	0
10C	-409.85528062591	1.21188630601087	0
10G	-394.857092891695	0.433557942620408	0
10T	-394.89912941567	0.414590231604731	0
neutral	-395.142772818185	1	0
