posterior_mean	posterior_var	posterior_sd	posterior_quant	is_contained	PESL
2.28160850244078	0.0153524487619439	0.123904998938477	0.957931806196718	1	0.0630472949680689
