lik	gamma	delta
-668.303705123955	0.00200159775152778	0.220392403872094
-709.895831563896	0.00200159775152778	0.0174697222742284
-710.287585933604	0.00200159775152778	6.61069613519961e-05
-710.288489288368	0.00200159775152778	6.61069613519961e-05
-683.237814239956	0.00200159775152778	0.112887995381925
-710.287583697818	0.00200159775152778	6.61069613519961e-05
-710.287583697818	0.00200159775152778	6.61069613519961e-05
-710.287923750228	0.00200159775152778	6.61069613519961e-05
-683.089203049305	0.00200159775152778	0.113441417454728
-710.287584055645	0.00200159775152778	6.61069613519961e-05
-710.28799445039	0.00200159775152778	6.61069613519961e-05
-710.287584055645	0.00200159775152778	6.61069613519961e-05
-710.287671654739	0.00200159775152778	6.61069613519961e-05
-710.287582971037	0.00200159775152778	6.61069613519961e-05
-683.718965562751	0.00200159775152778	0.111203694940234
-710.287582971037	0.00200159775152778	6.61069613519961e-05
-710.287582918139	0.00200159775152778	6.61069613519961e-05
-710.287582918139	0.00200159775152778	6.61069613519961e-05
-683.871848967349	0.00200159775152778	0.110708591645947
-710.287582918139	0.00200159775152778	6.61069613519961e-05
-710.288063900162	0.00200159775152778	6.61069613519961e-05
-682.665937227717	0.00200159775152778	0.115426298401235
-710.287584314198	0.00200159775152778	6.61069613519961e-05
-710.287584314198	0.00200159775152778	6.61069613519961e-05
-710.287634898768	0.00200159775152778	6.61069613519961e-05
-683.585068927783	0.00200159775152778	0.111639948656215
-710.287583023005	0.00200159775152778	6.61069613519961e-05
-710.287696488494	0.00200159775152778	6.61069613519961e-05
-710.287692745469	0.00200159775152778	6.61069613519961e-05
-683.681388479739	0.00200159775152778	0.111328747256474
-710.287582999218	0.00200159775152778	6.61069613519961e-05
-710.287582999218	0.00200159775152778	6.61069613519961e-05
-683.871848967349	0.00200159775152778	0.110708591645722
-710.287582918139	0.00200159775152778	6.61069613519961e-05
-710.287582918139	0.00200159775152778	6.61069613519961e-05
-710.287582918139	0.00200159775152778	6.61069613519961e-05
-683.440557766842	0.00200159775152778	0.112157231464532
-710.287583302011	0.00200159775152778	6.61069613519961e-05
-710.287821986864	0.00200159775152778	6.61069613519961e-05
-710.287583302011	0.00200159775152778	6.61069613519961e-05
-710.287582573023	0.00200159775152778	0
