model	lik	mode	convergence
1A	-522.263657626035	1.64694090844458	0
1C	-537.579876515115	0.433558095468595	0
1G	-555.8574680609	1.10775553116528	0
1T	-537.579876515083	0.43355814856487	0
2A	-537.579876497627	0.433557985539369	0
2C	-537.579876497551	0.433557755885021	0
2G	-541.096658564713	1.52547270364964	0
2T	-537.596469786026	0.427715819748859	0
3A	-540.901419443621	1.52990135270874	0
3C	-537.579876527226	0.433558128673219	0
3G	-537.634438852564	0.379522229637162	0
3T	-537.579876527204	0.433558166266981	0
4A	-537.579876513417	0.433558113459476	0
4C	-537.636359283527	0.398484974417228	0
4G	-540.984850282294	1.52798187465552	0
4T	-537.579876513347	0.433558114877099	0
5A	-537.57987650338	0.433558113081712	0
5C	-544.950932308745	1.47352563821433	0
5G	-534.459826466637	1.89626562118897	0
5T	-537.579876503464	0.433558191862487	0
6A	-537.579876505099	0.433558151704249	0
6C	-537.62697703341	0.410641612903604	0
6G	-537.579876505137	0.433558438967899	0
6T	-541.033720965951	1.52687582556503	0
7A	-541.073491352076	1.52598632024824	0
7C	-537.579876499632	0.433558266751494	0
7G	-537.579876499551	0.433557957158908	0
7T	-537.610828331984	0.421235959916899	0
8A	-537.579876529869	0.433558139196749	0
8C	-541.28735745469	1.52309429762922	0
8G	-537.65038205686	0.744126667949665	0
8T	-537.579876530064	0.433558153346018	0
neutral	-537.865556550366	1	0
