model	lik	mode	convergence
1A	-415.152091296423	2.48969341534125	0
1C	-461.724038628125	0.433558116683899	0
1G	-461.724038628119	0.433558117243502	0
1T	-477.237176329895	0.954957241338838	0
2A	-461.742029586409	0.35156163371978	0
2C	-461.724038630942	0.433558068024058	0
2G	-446.374349364911	1.85188526512744	0
2T	-461.724038630909	0.433558096056802	0
3A	-461.724039015606	0.433558146411455	0
3C	-427.09533698919	2.08836595615337	0
3G	-461.72403901561	0.433558109496264	0
3T	-464.128478127512	0.995989113534127	0
4A	-446.320842778833	1.85987689820539	0
4C	-462.176972252746	0.678559827397403	0
4G	-461.724038616097	0.433557960149486	0
4T	-461.724038616093	0.43355800234591	0
5A	-461.724038602023	0.433558134573919	0
5C	-461.776467886249	0.405200994698378	0
5G	-446.792730359266	1.84266143552847	0
5T	-461.724038601895	0.433558005390956	0
6A	-461.724038631187	0.433558074236443	0
6C	-461.546557128152	0.369333896116039	0
6G	-461.724038631176	0.4335580488286	0
6T	-444.791649227407	1.88692244327531	0
7A	-461.791712227407	0.781480610735962	0
7C	-447.250922834975	1.83643405481544	0
7G	-461.724038598003	0.433558190821015	0
7T	-461.724038597972	0.433558229670745	0
neutral	-462.009718287272	1	0
