posterior_mean	posterior_var	posterior_sd	posterior_quant	is_contained	PESL
2.50610700804406	0.0408804174671806	0.202189063668589	0.498741087761923	1	0.0409177130144795
