posterior_mean	posterior_var	posterior_sd	posterior_quant	is_contained	PESL
1.06283205041242	0.219411389328729	0.468413694642598	0.958053929465906	1	1.09769515505925
