posterior_mean	posterior_var	posterior_sd	posterior_quant	is_contained	PESL
2.92370537763109	0.326989174843698	0.571829672930409	0.579294884976057	1	0.332810044246365
