posterior_mean	posterior_var	posterior_sd	posterior_quant	is_contained	PESL
2.16845958941285	0.0576836785177807	0.24017426697667	0.247286127108341	1	0.0860623117829313
