posterior_mean	posterior_var	posterior_sd	posterior_quant	is_contained	PESL
2.46454353213909	0.00713159057250647	0.0844487452393845	0.666140388299332	1	0.00838875168561695
