posterior_mean	posterior_var	posterior_sd	posterior_quant	is_contained	PESL
1.72161781159762	0.0174976238350615	0.132278584189057	0.978601275247675	0	0.0949942666546656
