posterior_mean	posterior_var	posterior_sd	posterior_quant	is_contained	PESL
2.55344052883841	0.00893149295373693	0.0945065762459784	0.288731020726976	1	0.011787379961064
