posterior_mean	posterior_var	posterior_sd	posterior_quant	is_contained	PESL
2.40288714034385	0.0045790945928186	0.0676690076240121	0.923004625132237	1	0.0140100021033623
