posterior_mean	posterior_var	posterior_sd	posterior_quant	is_contained	PESL
2.46628811692529	0.0171884353558762	0.131104673280079	0.607847885222194	1	0.0183249264163159
