posterior_mean	posterior_var	posterior_sd	posterior_quant	is_contained	PESL
2.64203467251081	0.223731834389455	0.473002996173867	0.0765757722793391	1	0.635940355033155
