model	lik	mode	convergence
1A	-182.98941272349	2.630741069544	0
1C	-226.261079169129	0.777022193084781	0
1G	-211.507757522821	0.433558062385212	0
1T	-211.507757522815	0.433558199972096	0
2A	-206.712692720591	2.04048089896684	0
2C	-211.50775752141	0.433558264476325	0
2G	-211.541301833624	0.419863587697013	0
2T	-211.507757521366	0.433557953884804	0
neutral	-211.793437237227	1	0
