posterior_mean	posterior_var	posterior_sd	posterior_quant	is_contained	PESL
2.66189668781703	0.0823892169281792	0.287035218968299	0.878391836786407	1	0.196703066635952
