posterior_mean	posterior_var	posterior_sd	posterior_quant	is_contained	PESL
2.05138178314007	0.0038328446224775	0.0619099719146883	0.204149063964444	1	0.00647293226109639
