posterior_mean	posterior_var	posterior_sd	posterior_quant	is_contained	PESL
1.93044635571021	0.00340553827525465	0.0583569899434048	0.882561368611423	1	0.00824324770922632
