lik	gamma	delta
-807.782162937271	0.00191937872549973	0.191310515676111
-816.062120885929	0.00191937872549973	6.61069613519961e-05
-815.84928569059	0.00191937872549973	0.00803227902974049
-816.06457613447	0.00191937872549973	6.61069613519961e-05
-814.146054737879	0.00191937872549973	0.0278982312217165
-816.062058602113	0.00191937872549973	6.61069613519961e-05
-816.062058602113	0.00191937872549973	6.61069613519961e-05
-816.062589330605	0.00191937872549973	6.61069613519961e-05
-816.062058651672	0.00191937872549973	6.61069613519961e-05
-814.288829803254	0.00191937872549973	0.703102793174384
-816.062289198226	0.00191937872549973	6.61069613519961e-05
-815.041827060854	0.00191937872549973	0.0163759266907978
-814.89852712612	0.00191937872549973	0.0174710287666649
-816.062058147915	0.00191937872549973	6.61069613519961e-05
-816.062058147915	0.00191937872549973	6.61069613519961e-05
-816.062058147915	0.00191937872549973	6.61069613519961e-05
-815.254212166823	0.00191937872549973	0.15852100585776
-816.062058215578	0.00191937872549973	6.61069613519961e-05
-815.106813572353	0.00191937872549973	0.0158659943532858
-816.062058215578	0.00191937872549973	6.61069613519961e-05
-816.062058147915	0.00191937872549973	6.61069613519961e-05
-814.89852712612	0.00191937872549973	0.0174710287666686
-816.062058147915	0.00191937872549973	6.61069613519961e-05
-816.062058147915	0.00191937872549973	6.61069613519961e-05
-814.854967807132	0.00191937872549973	0.0183380556039824
-814.287715233206	0.00191937872549973	0.703354789159296
-816.062822613572	0.00191937872549973	6.61069613519961e-05
-816.0620583714	0.00191937872549973	6.61069613519961e-05
-814.89852712612	0.00191937872549973	0.0174710287666649
-816.062058147915	0.00191937872549973	6.61069613519961e-05
-816.062058147915	0.00191937872549973	6.61069613519961e-05
-816.062058147915	0.00191937872549973	6.61069613519961e-05
-816.062060007318	0.00191937872549973	6.61069613519961e-05
-816.06247386904	0.00191937872549973	6.61069613519961e-05
-814.744163195784	0.00191937872549973	0.0198992198478874
-816.040174504294	0.00191937872549973	0.00704747631669875
-814.290742626099	0.00191937872549973	0.702969346262169
-815.052271640762	0.00191937872549973	0.0164347024190862
-816.062059547038	0.00191937872549973	6.61069613519961e-05
-816.062170789286	0.00191937872549973	6.61069613519961e-05
-816.062057621719	0.00191937872549973	0
