posterior_mean	posterior_var	posterior_sd	posterior_quant	is_contained	PESL
1.07354600218366	1.04188071322307	1.02072558174226	0.92542755773424	1	3.07665172112249
