model	lik	mode	convergence
1A	-697.746450293818	2.03051453976927	0
1C	-769.699469644027	0.433558044729343	0
1G	-771.965472691059	0.918026267116535	0
1T	-769.699469644001	0.433558056705285	0
2A	-769.699468659011	0.433558086771872	0
2C	-769.699468658932	0.433558458072915	0
2G	-722.216291927009	1.88659298387046	0
2T	-769.061192323898	1.65027952563317	0
3A	-770.502008301634	0.789477174872809	0
3C	-769.699468691557	0.433558125877942	0
3G	-769.69946869154	0.433558128583158	0
3T	-718.495582718112	1.91301550588699	0
4A	-769.699468669227	0.433558128676606	0
4C	-769.754435026185	0.401527726048926	0
4G	-769.699468669211	0.433558132809069	0
4T	-720.00292252418	1.88915371280654	0
5A	-769.971816749505	0.935743620194366	0
5C	-769.699468668441	0.433558277014132	0
5G	-720.443527725577	1.88802084477878	0
5T	-769.699468668414	0.433558417528234	0
neutral	-769.985148447829	1	0
