posterior_mean	posterior_var	posterior_sd	posterior_quant	is_contained	PESL
2.03599142979398	0.0111193000001912	0.105448091496201	0.372205199787448	1	0.0124146830188024
