model	lik	mode	convergence
1A	-1181.08310444398	2.85065154818606	0
1C	-1488.5228158442	0.87298367627983	0
1G	-1474.2300621522	0.433558178839827	0
1T	-1474.23006215218	0.433558083964657	0
2A	-1474.23006215445	0.433558097798322	0
2C	-1474.28465536558	0.402148049129761	0
2G	-1243.97180463442	2.46291712346849	0
2T	-1474.23006215427	0.43355813044379	0
3A	-1474.1480118196	0.858710021950688	0
3C	-1244.88953180535	2.45968427314283	0
3G	-1474.23006214499	0.433558222107047	0
3T	-1474.23006214501	0.433558083900936	0
4A	-1474.23006216364	0.433558150515512	0
4C	-1243.81555916556	2.46381602103589	0
4G	-1474.23006216363	0.433558314716543	0
4T	-1474.28801291426	0.389592703313484	0
5A	-1252.2824342053	2.45288635568191	0
5C	-1474.23006214189	0.433558149061501	0
5G	-1474.23006214181	0.433556926705715	0
5T	-1468.09011337913	2.52802670892759	0
6A	-1244.25042908993	2.46139094366134	0
6C	-1474.24575729506	0.428069340319787	0
6G	-1474.23006214181	0.43355841697305	0
6T	-1474.23006214167	0.433558674228822	0
7A	-1243.4506802532	2.46600297394832	0
7C	-1474.2300621792	0.43355811441679	0
7G	-1474.26952286754	0.364168779730776	0
7T	-1474.23006217919	0.433558110935717	0
8A	-1474.23006214098	0.43355835533439	0
8C	-1256.71307374712	2.45361464522617	0
8G	-1463.95627038304	2.47935564716037	0
8T	-1474.23006214112	0.433558004951209	0
9A	-1474.23006216865	0.433557992497724	0
9C	-1474.23006216857	0.43355794026935	0
9G	-1242.87868878196	2.46958343119701	0
9T	-1474.19863238279	0.332204732280748	0
10A	-1474.92197548577	0.887053480402202	0
10C	-1474.2300621584	0.433558075555239	0
10G	-1242.68446052037	2.47606946461072	0
10T	-1474.23006215837	0.433558132447429	0
11A	-1244.1420222052	2.46197158929472	0
11C	-1474.26788088958	0.417369104355674	0
11G	-1474.23006214499	0.433558446838155	0
11T	-1474.2300621449	0.433558127514009	0
12A	-1243.9579392966	2.46299577552945	0
12C	-1474.23006215499	0.433558146784487	0
12G	-1474.28534027309	0.400980196930002	0
12T	-1474.23006215497	0.433558104337164	0
13A	-1474.28502982274	0.401525276060259	0
13C	-1243.9644390188	2.46295887682266	0
13G	-1474.23006215469	0.433558066650083	0
13T	-1474.23006215465	0.433558219737458	0
14A	-1474.23006217	0.433558129243147	0
14C	-1474.23006216986	0.433558378964466	0
14G	-1243.69847901842	2.4645058867031	0
14T	-1474.2853851488	0.380905295493373	0
15A	-1474.23006214053	0.433557761700913	0
15C	-1474.24031284392	0.430112712160168	0
15G	-1244.2701452844	2.46128733813286	0
15T	-1474.2300621402	0.433558795447289	0
neutral	-1474.51574126947	1	0
