posterior_mean	posterior_var	posterior_sd	posterior_quant	is_contained	PESL
2.85451479378203	0.0109837972717097	0.104803612875271	0.915812157311001	1	0.0321497424999971
