posterior_mean	posterior_var	posterior_sd	posterior_quant	is_contained	PESL
2.88376197557869	0.0133476536593864	0.115532046027872	0.842843559808202	1	0.0268589319807724
