model	lik	mode	convergence
1A	-339.553703803432	0.626356937645557	0
1C	-339.093815402188	0.433558022867771	0
1G	-339.093815402168	0.433558011049659	0
1T	-352.941850329236	1.20826837238618	0
2A	-339.15040628271	0.398219097390978	0
2C	-353.036500631528	1.20010987324185	0
2G	-339.09381538385	0.433558106905013	0
2T	-339.093815383833	0.433558081169624	0
3A	-339.093815402173	0.433558091893382	0
3C	-339.093815402078	0.433558086761314	0
3G	-353.422045994819	1.17572298550278	0
3T	-339.405249062952	1.29898390896766	0
4A	-339.093815368414	0.433558156385401	0
4C	-339.093815367773	0.43355891687421	0
4G	-338.795385637154	0.95746921659792	0
4T	-353.257139134168	1.18521087897653	0
5A	-339.093816037415	0.433558117933785	0
5C	-339.947437435964	1.20481116243395	0
5G	-339.093816037414	0.433558016416575	0
5T	-340.185144118603	0.388027250636523	0
6A	-339.568905405559	0.724406537408562	0
6C	-339.093815390878	0.433558136026785	0
6G	-339.093815390881	0.433558109171597	0
6T	-353.058539421381	1.20005663463164	0
neutral	-339.379494966807	1	0
