posterior_mean	posterior_var	posterior_sd	posterior_quant	is_contained	PESL
0.945986856333235	0.285112543369101	0.533959308720338	0.984462933552032	0	2.70006939398418
