posterior_mean	posterior_var	posterior_sd	posterior_quant	is_contained	PESL
2.45805952363092	0.00840391048798222	0.091672844877762	0.679875303857705	1	0.0101629140460289
