posterior_mean	posterior_var	posterior_sd	posterior_quant	is_contained	PESL
2.03221676692634	0.00688013460977884	0.0829465768418374	0.35314672893483	1	0.00791805468091693
