posterior_mean	posterior_var	posterior_sd	posterior_quant	is_contained	PESL
1.8962217133357	0.048993680144853	0.221345160653792	0.691319225107947	1	0.0597636129278446
