posterior_mean	posterior_var	posterior_sd	posterior_quant	is_contained	PESL
2.96775610791315	0.00561757439629268	0.0749504796268355	0.668968997255877	1	0.00665724297322337
