posterior_mean	posterior_var	posterior_sd	posterior_quant	is_contained	PESL
3.19028849819226	0.0133261814457127	0.115439081102167	0.0474350784127512	1	0.0495358939899542
