posterior_mean	posterior_var	posterior_sd	posterior_quant	is_contained	PESL
3.05257910594499	0.0268818763372476	0.163956934398175	0.380342539869194	1	0.0296464387192148
