lik	gamma	delta
-1086.47794000595	0.00134475840887324	6.61069613519961e-05
-1084.98308176032	0.00134475840887324	0.0170027616892959
-1086.47798312871	0.00134475840887324	6.61069613519961e-05
-1086.47809245137	0.00134475840887324	6.61069613519961e-05
-1086.47782428702	0.00134475840887324	6.61069613519961e-05
-1086.47782428702	0.00134475840887324	6.61069613519961e-05
-1086.47786529654	0.00134475840887324	6.61069613519961e-05
-1085.14527187956	0.00134475840887324	0.0157691984555277
-1086.47782427945	0.00134475840887324	6.61069613519961e-05
-1085.15507401389	0.00134475840887324	0.0157066957835481
-1086.47782427945	0.00134475840887324	6.61069613519961e-05
-1086.47782427945	0.00134475840887324	6.61069613519961e-05
-1085.28157101387	0.00134475840887324	0.014968789420391
-1086.47782434597	0.00134475840887324	6.61069613519961e-05
-1085.95778605478	0.00134475840887324	0.155494222535979
-1086.47782434597	0.00134475840887324	6.61069613519961e-05
-1086.10463614301	0.00134475840887324	0.0615594815298189
-1086.4779696885	0.00134475840887324	6.61069613519961e-05
-1085.29907391323	0.00134475840887324	0.0149872309423803
-1086.47782445368	0.00134475840887324	6.61069613519961e-05
-1086.47782434151	0.00134475840887324	6.61069613519961e-05
-1086.47794108554	0.00134475840887324	6.61069613519961e-05
-1086.47782434151	0.00134475840887324	6.61069613519961e-05
-1085.1269779271	0.00134475840887324	0.0158857606193435
-1086.47789037705	0.00134475840887324	6.61069613519961e-05
-1084.94604227453	0.00134475840887324	0.0171110391574017
-1086.47852416407	0.00134475840887324	6.61069613519961e-05
-1086.4778249397	0.00134475840887324	6.61069613519961e-05
-1086.47782462338	0.00134475840887324	6.61069613519961e-05
-1083.58997669031	0.00134475840887324	0.0284438903157154
-1086.48076440886	0.00134475840887324	6.61069613519961e-05
-1086.47289449189	0.00134475840887324	0.00722666123431982
-1086.47782427945	0.00134475840887324	6.61069613519961e-05
-1086.47782427945	0.00134475840887324	6.61069613519961e-05
-1085.15507401389	0.00134475840887324	0.0157066957835481
-1086.47782427945	0.00134475840887324	6.61069613519961e-05
-1084.31394673179	0.00134475840887324	0.0343908698608846
-1086.47782436699	0.00134475840887324	6.61069613519961e-05
-1086.37741645103	0.00134475840887324	0.00532659382539789
-1086.47782436699	0.00134475840887324	6.61069613519961e-05
-1086.47782407976	0.00134475840887324	0
