posterior_mean	posterior_var	posterior_sd	posterior_quant	is_contained	PESL
3.19058788123923	0.0271903208363186	0.164894878138524	0.122542717103983	1	0.063514061311593
