lik	gamma	delta
-1258.31115986878	0.00240892272608921	0.356293432778227
-1456.16313285148	0.00240892272608921	6.61069613519961e-05
-1456.09357930632	0.00240892272608921	0.00642412799606473
-1456.16331816728	0.00240892272608921	6.61069613519961e-05
-1456.16294181633	0.00240892272608921	6.61069613519961e-05
-1451.73393643116	0.00240892272608921	0.999952051035916
-1456.16294181633	0.00240892272608921	6.61069613519961e-05
-1315.16625303787	0.00240892272608921	0.216863078038127
-1456.08326514572	0.00240892272608921	0.0475863414467416
-1456.16294379264	0.00240892272608921	6.61069613519961e-05
-1311.08986180338	0.00240892272608921	0.222743008920224
-1456.16303083516	0.00240892272608921	6.61069613519961e-05
-1302.66787119973	0.00240892272608921	0.240416750073709
-1456.16295834717	0.00240892272608921	6.61069613519961e-05
-1456.16294463328	0.00240892272608921	6.61069613519961e-05
-1456.16316420776	0.00240892272608921	6.61069613519961e-05
-1456.16294182339	0.00240892272608921	6.61069613519961e-05
-1456.16298231199	0.00240892272608921	6.61069613519961e-05
-1312.42581954889	0.00240892272608921	0.219123061094456
-1456.16294182339	0.00240892272608921	6.61069613519961e-05
-1311.75573942113	0.00240892272608921	0.22017183504073
-1456.16298370363	0.00240892272608921	6.61069613519961e-05
-1456.1631233562	0.00240892272608921	6.61069613519961e-05
-1456.16294209027	0.00240892272608921	6.61069613519961e-05
-1456.16294187308	0.00240892272608921	6.61069613519961e-05
-1312.00244214918	0.00240892272608921	0.219748671580821
-1456.16310575142	0.00240892272608921	6.61069613519961e-05
-1456.16294187308	0.00240892272608921	6.61069613519961e-05
-1456.16297713678	0.00240892272608921	6.61069613519961e-05
-1314.44131413423	0.00240892272608921	0.217913320061113
-1453.77570167419	0.00240892272608921	0.469644883794333
-1456.16294182245	0.00240892272608921	6.61069613519961e-05
-1312.83742430079	0.00240892272608921	0.219098516697705
-1456.16294183274	0.00240892272608921	6.61069613519961e-05
-1455.86682170283	0.00240892272608921	0.171740482961769
-1456.16294183274	0.00240892272608921	6.61069613519961e-05
-1456.1629418152	0.00240892272608921	6.61069613519961e-05
-1456.16296020603	0.00240892272608921	6.61069613519961e-05
-1452.10556890667	0.00240892272608921	0.65116049272054
-1315.50730161687	0.00240892272608921	0.21692961403592
-1456.16294153375	0.00240892272608921	0
