lik	gamma	delta
-771.460424745213	0.00199230810129681	0.0214201749703418
-771.103104859513	0.00199230810129681	0.0106963562712203
-771.509897161886	0.00199230810129681	6.61069613519961e-05
-771.509544166059	0.00199230810129681	6.61069613519961e-05
-770.962755545011	0.00199230810129681	0.0124511363425416
-771.509512390233	0.00199230810129681	6.61069613519961e-05
-771.510440029807	0.00199230810129681	6.61069613519961e-05
-771.509512390233	0.00199230810129681	6.61069613519961e-05
-771.510027180036	0.00199230810129681	6.61069613519961e-05
-771.509705688896	0.00199230810129681	6.61069613519961e-05
-771.509888641445	0.00199230810129681	6.61069613519961e-05
-770.942569853823	0.00199230810129681	0.0125866741382328
-771.064980339924	0.00199230810129681	0.0110053766338947
-771.509512669543	0.00199230810129681	6.61069613519961e-05
-771.509512669543	0.00199230810129681	6.61069613519961e-05
-771.509936929465	0.00199230810129681	6.61069613519961e-05
-771.509512637529	0.00199230810129681	6.61069613519961e-05
-771.505177510806	0.00199230810129681	0.00520463906068581
-771.132993178245	0.00199230810129681	0.0103113672543374
-771.509512637529	0.00199230810129681	6.61069613519961e-05
-771.509512317485	0.00199230810129681	6.61069613519961e-05
-771.076818373801	0.00199230810129681	0.245391423145797
-771.509755323053	0.00199230810129681	6.61069613519961e-05
-771.148282611029	0.00199230810129681	0.00990330317746615
-771.509512236621	0.00199230810129681	6.61069613519961e-05
-771.509512236621	0.00199230810129681	6.61069613519961e-05
-771.097990999154	0.00199230810129681	0.0105609013941475
-771.509737304381	0.00199230810129681	6.61069613519961e-05
-771.509511963656	0.00199230810129681	6.61069613519961e-05
-771.061122512881	0.00199230810129681	0.0111997890485241
-771.509597854744	0.00199230810129681	6.61069613519961e-05
-771.509806957627	0.00199230810129681	6.61069613519961e-05
-771.509512390233	0.00199230810129681	6.61069613519961e-05
-771.510440029807	0.00199230810129681	6.61069613519961e-05
-771.509512390233	0.00199230810129681	6.61069613519961e-05
-770.962755545011	0.00199230810129681	0.0124511363425416
-771.50951189688	0.00199230810129681	6.61069613519961e-05
-771.133475551845	0.00199230810129681	0.0100669288420207
-771.50951189688	0.00199230810129681	6.61069613519961e-05
-771.50951189688	0.00199230810129681	6.61069613519961e-05
-771.50951155514	0.00199230810129681	0
