lik	gamma	delta
-2422.29307145848	0.00206178137209128	0.350287275821225
-2840.50359967478	0.00206178137209128	0.0169173362396657
-2841.01532233449	0.00206178137209128	6.61069613519961e-05
-2839.14674291654	0.00206178137209128	0.10936529554793
-2841.01414647762	0.00206178137209128	6.61069613519961e-05
-2841.01429388571	0.00206178137209128	6.61069613519961e-05
-2840.44090807419	0.00206178137209128	0.320560935029628
-2498.60865850226	0.00206178137209128	0.250851162335809
-2787.93632704429	0.00206178137209128	0.389524984444086
-2841.0141758842	0.00206178137209128	6.61069613519961e-05
-2841.01414650021	0.00206178137209128	6.61069613519961e-05
-2542.16815391409	0.00206178137209128	0.245948124718672
-2820.00636046227	0.00206178137209128	0.513178907740543
-2841.01415734794	0.00206178137209128	6.61069613519961e-05
-2515.72370369574	0.00206178137209128	0.246770370515385
-2841.01414779365	0.00206178137209128	6.61069613519961e-05
-2841.01421570784	0.00206178137209128	6.61069613519961e-05
-2838.09086718196	0.00206178137209128	0.42545204024738
-2501.04375481562	0.00206178137209128	0.250037436146186
-2841.01414636672	0.00206178137209128	6.61069613519961e-05
-2497.72878882746	0.00206178137209128	0.251182508373155
-2841.01414650976	0.00206178137209128	6.61069613519961e-05
-2841.01414650976	0.00206178137209128	6.61069613519961e-05
-2841.01437251317	0.00206178137209128	6.61069613519961e-05
-2838.7807015771	0.00206178137209128	0.208986686786346
-2501.53897686222	0.00206178137209128	0.251774258599477
-2839.86543996034	0.00206178137209128	0.176115504158288
-2841.01414685987	0.00206178137209128	6.61069613519961e-05
-2841.01455632258	0.00206178137209128	6.61069613519961e-05
-2832.31067271001	0.00206178137209128	0.387405275624209
-2840.33186033332	0.00206178137209128	0.204938087283034
-2505.41172230298	0.00206178137209128	0.250722895015724
-2631.2792676992	0.00206178137209128	0.217956862821021
-2697.30814067253	0.00206178137209128	0.384244641359944
-2839.41971964917	0.00206178137209128	0.162414859431748
-2840.87902023681	0.00206178137209128	0.0943387397293823
-2498.33464558173	0.00206178137209128	0.250755227239594
-2841.0142196482	0.00206178137209128	6.61069613519961e-05
-2841.01414637582	0.00206178137209128	6.61069613519961e-05
-2841.01414637582	0.00206178137209128	6.61069613519961e-05
-2841.014145943	0.00206178137209128	0
