model	lik	mode	convergence
1A	-572.730237575642	3.21360392273371	0
1C	-721.243289980842	0.433558084164322	0
1G	-721.243289980818	0.433558072981076	0
1T	-734.883396896713	1.10933478860647	0
2A	-721.243289964083	0.433558153277019	0
2C	-721.243289963992	0.43355804078271	0
2G	-627.717179413801	2.31116108945727	0
2T	-721.301202489759	0.389154201774517	0
3A	-721.243289945228	0.433558141783646	0
3C	-721.243289945198	0.433558144082664	0
3G	-629.276730603998	2.30045180211194	0
3T	-720.826701531081	1.41148173066622	0
4A	-628.080724355474	2.30718373270955	0
4C	-721.26679216375	0.424813184460754	0
4G	-721.243289942475	0.433558451552585	0
4T	-721.243289942392	0.433558162586648	0
5A	-721.243289971471	0.433558105067168	0
5C	-722.338649807844	1.06565628309875	0
5G	-624.079353962766	2.3869473792411	0
5T	-721.243289971387	0.433557929094466	0
6A	-721.273562897792	0.421584996280887	0
6C	-721.243289942862	0.433557838199703	0
6G	-628.051630769175	2.30748879865753	0
6T	-721.243289942897	0.43355840043836	0
7A	-721.242707665228	0.820927526855775	0
7C	-628.614032229385	2.30448663730378	0
7G	-721.243289943612	0.433558365773166	0
7T	-721.243289943637	0.433558146233567	0
neutral	-721.52896807896	1	0
