posterior_mean	posterior_var	posterior_sd	posterior_quant	is_contained	PESL
3.22391516951806	0.0331241304539099	0.18200035838951	0.1072825510814	1	0.0832621335942591
