model	lik	mode	convergence
1A	-589.264766276449	1.96495878348042	0
1C	-592.79947321338	0.433558170574306	0
1G	-608.302947840579	0.998728502486495	0
1T	-592.799473213351	0.433558286829665	0
2A	-592.799473191962	0.433558146267136	0
2C	-592.853865961506	0.402467436712166	0
2G	-592.799473191917	0.43355767194164	0
2T	-607.881992930417	1.06774725724091	0
3A	-607.877695729659	1.06804504736348	0
3C	-592.799473216619	0.43355803089191	0
3G	-593.080128807266	0.556037449265988	0
3T	-592.799473216605	0.433558091885596	0
4A	-592.799473200432	0.433558149326908	0
4C	-594.198276956385	1.04974063664687	0
4G	-607.929183041388	1.06227977979778	0
4T	-592.799473200339	0.433558004979838	0
5A	-592.799473218635	0.433558057882463	0
5C	-607.896531971467	1.06647461515068	0
5G	-592.799473218676	0.433557992830505	0
5T	-593.393412930908	0.802972068312501	0
6A	-592.799473077174	0.433557661160644	0
6C	-592.611237300123	0.295933523288312	0
6G	-607.80298247496	1.07371907966532	0
6T	-592.7994730771	0.43355756178564	0
neutral	-593.085152503317	1	0
