posterior_mean	posterior_var	posterior_sd	posterior_quant	is_contained	PESL
2.0530317827177	0.175054510664872	0.4183951609004	0.856939694166156	1	0.374835097925387
