posterior_mean	posterior_var	posterior_sd	posterior_quant	is_contained	PESL
1.97520696822562	0.00608440900269075	0.0780026217680582	0.629184005474836	1	0.00669910342725941
