model	lik	mode	convergence
1A	-745.886208445838	2.73247992736645	0
1C	-860.609900355991	1.01431256559087	0
1G	-844.880296862258	0.433558137201263	0
1T	-844.880296862224	0.433558139789181	0
2A	-804.050395920613	1.79578232019046	0
2C	-844.88029666882	0.43355749132527	0
2G	-844.639391823123	0.287300059022843	0
2T	-844.880296668803	0.433557553208426	0
3A	-805.198685096066	1.7825079400357	0
3C	-844.916200278972	0.418501455864851	0
3G	-844.880296841774	0.433558052474633	0
3T	-844.880296841674	0.433558257913864	0
4A	-844.880296858309	0.43355814845223	0
4C	-844.938164266646	0.393273935854782	0
4G	-844.880296858288	0.433557998492401	0
4T	-805.048225328053	1.78410258771903	0
5A	-844.932191853259	0.375676370667636	0
5C	-844.880296870653	0.433558115005089	0
5G	-804.928400584841	1.78541496415522	0
5T	-844.880296870614	0.433558063385475	0
6A	-844.880296844787	0.433558100389013	0
6C	-845.054621901475	1.18853952510133	0
6G	-805.824880411862	1.78034352734964	0
6T	-844.880296844631	0.43355828597545	0
7A	-844.880296842258	0.433558081608136	0
7C	-845.00677359696	1.38345128388921	0
7G	-806.253219909075	1.80061605961036	0
7T	-844.88029684218	0.433557854708815	0
neutral	-845.165976415741	1	0
