posterior_mean	posterior_var	posterior_sd	posterior_quant	is_contained	PESL
2.74261669757864	0.0276801483719872	0.166373520645526	0.0689922153695904	1	0.0865430103159506
