posterior_mean	posterior_var	posterior_sd	posterior_quant	is_contained	PESL
2.94346899174751	0.00623928167490769	0.0789891237760471	0.764263278735457	1	0.00943503656890711
