posterior_mean	posterior_var	posterior_sd	posterior_quant	is_contained	PESL
3.17407413430271	0.106853734331847	0.326884894621711	0.305779701594674	1	0.137155538567811
