posterior_mean	posterior_var	posterior_sd	posterior_quant	is_contained	PESL
1.82495664940112	0.0581893079526058	0.241224600637261	0.0818656909640077	1	0.163786131942656
