lik	gamma	delta
-812.473502444709	0.00297416457119497	0.0986085009605819
-834.165373221104	0.00297416457119497	6.61069613519961e-05
-834.122389723929	0.00297416457119497	0.0229938327075644
-834.166049205698	0.00297416457119497	6.61069613519961e-05
-834.165368894243	0.00297416457119497	6.61069613519961e-05
-834.165368894243	0.00297416457119497	6.61069613519961e-05
-834.151444613037	0.00297416457119497	0.00983257802558156
-813.993660305735	0.00297416457119497	0.0919830067298549
-814.609238134026	0.00297416457119497	0.0876172293121564
-834.165490065204	0.00297416457119497	6.61069613519961e-05
-834.165365934229	0.00297416457119497	6.61069613519961e-05
-834.165365934229	0.00297416457119497	6.61069613519961e-05
-834.165475239477	0.00297416457119497	6.61069613519961e-05
-834.165365977285	0.00297416457119497	6.61069613519961e-05
-814.510039703723	0.00297416457119497	0.0879370910612613
-834.165454363109	0.00297416457119497	6.61069613519961e-05
-814.485402684653	0.00297416457119497	0.0880189870192806
-834.165457122334	0.00297416457119497	6.61069613519961e-05
-834.165366017249	0.00297416457119497	6.61069613519961e-05
-834.165490148224	0.00297416457119497	6.61069613519961e-05
-834.165365951568	0.00297416457119497	6.61069613519961e-05
-834.165365951568	0.00297416457119497	6.61069613519961e-05
-814.599733683148	0.00297416457119497	0.0876490218101878
-834.165496840812	0.00297416457119497	6.61069613519961e-05
-814.840259930976	0.00297416457119497	0.0872654351880213
-834.09299824396	0.00297416457119497	0.0604799115780135
-834.16536578998	0.00297416457119497	6.61069613519961e-05
-834.16536578998	0.00297416457119497	6.61069613519961e-05
-833.966123667235	0.00297416457119497	0.0748640189841275
-829.964468502232	0.00297416457119497	0.518625977880318
-834.165365954542	0.00297416457119497	6.61069613519961e-05
-816.947643439211	0.00297416457119497	0.0827451294724519
-830.649780846375	0.00297416457119497	0.999933893038648
-817.155838065513	0.00297416457119497	0.0820887881588018
-832.214100723336	0.00297416457119497	0.22261822982753
-834.165366027124	0.00297416457119497	6.61069613519961e-05
-834.165366211075	0.00297416457119497	6.61069613519961e-05
-834.165366211075	0.00297416457119497	6.61069613519961e-05
-834.165573618282	0.00297416457119497	6.61069613519961e-05
-814.489557688031	0.00297416457119497	0.0880233295805878
-834.165365431152	0.00297416457119497	0
