model	lik	mode	convergence
1A	-141.492140092421	3.43364634692392	0
1C	-187.118380802069	0.433558117090262	0
1G	-187.118380802058	0.433558124964593	0
1T	-190.143941401852	1.4031317158413	0
2A	-187.118380691141	0.433558123875216	0
2C	-187.17631305947	0.389367369809439	0
2G	-187.118380691108	0.43355787532569	0
2T	-155.722107162975	3.13059996590084	0
3A	-187.118380688069	0.43355809685794	0
3C	-187.118380687988	0.433558155521241	0
3G	-154.883940424153	3.35155881963195	0
3T	-187.314387247792	1.3817366132443	0
4A	-187.155021546689	0.418072235041517	0
4C	-187.11838067152	0.433558133203767	0
4G	-156.237671488889	3.10387371069889	0
4T	-187.118380671559	0.433557955003711	0
neutral	-187.404059713177	1	0
