posterior_mean	posterior_var	posterior_sd	posterior_quant	is_contained	PESL
2.05788199172861	0.00299241439853179	0.0547029651712939	0.144727075255914	1	0.00634273936498382
