model	lik	mode	convergence
1A	-722.916263322064	1.03535918344488	0
1C	-721.469004147878	0.433558282577078	0
1G	-721.469004147944	0.433558361703359	0
1T	-735.703875081555	0.983922677094072	0
2A	-735.776891452266	0.997258306108107	0
2C	-721.469004177989	0.433558125074788	0
2G	-721.469004177953	0.4335581544129	0
2T	-721.512617181598	0.367385025558665	0
3A	-721.469004179679	0.433558054341712	0
3C	-721.46900417951	0.433557996346042	0
3G	-721.17726608603	0.444425768391796	0
3T	-735.736459596909	1.01345378574708	0
4A	-721.469004131034	0.433557872794263	0
4C	-735.560513794304	0.957873257738631	0
4G	-722.639043085707	1.16040468736585	0
4T	-721.469004131189	0.433557830328287	0
5A	-735.77377928688	0.996826297839975	0
5C	-721.469004103707	0.433557764239291	0
5G	-721.469004103672	0.43355783457551	0
5T	-721.704853729437	0.508296542827125	0
6A	-721.526399831836	0.386216268137739	0
6C	-721.469004166139	0.433558151895321	0
6G	-735.777290556804	0.996490247491684	0
6T	-721.469004166109	0.433558150752779	0
7A	-721.469004165284	0.433558106850554	0
7C	-721.469004165172	0.433558115562638	0
7G	-735.740729742103	0.981902392768305	0
7T	-722.034410354592	1.22674728842362	0
8A	-721.526643768493	0.39468532048979	0
8C	-721.46900415974	0.43355818778245	0
8G	-721.469004159731	0.433558131148701	0
8T	-735.777412215325	0.996164163605821	0
9A	-721.517811093783	0.409086709117124	0
9C	-735.777548548737	0.995656437731422	0
9G	-721.469004149661	0.433558355225347	0
9T	-721.469004149608	0.433558003100716	0
10A	-722.556751375531	1.11540137047955	0
10C	-721.469004158146	0.433558180203161	0
10G	-735.716224280936	0.980169244978728	0
10T	-721.469004158118	0.433557976859124	0
11A	-735.777530333081	0.995728190585942	0
11C	-721.520285035549	0.406524011918782	0
11G	-721.469004151416	0.43355815692637	0
11T	-721.469004151377	0.43355820430134	0
12A	-735.759756101987	1.00511616956095	0
12C	-721.469003512377	0.433556697338587	0
12G	-721.469003512337	0.43355659510392	0
12T	-721.4777221283	0.436243864592692	0
neutral	-721.754681584776	1	0
