model	lik	mode	convergence
1A	-1386.24725050053	2.66186881599306	0
1C	-1598.44911197429	0.433558232234657	0
1G	-1598.44911197426	0.433558084085859	0
1T	-1614.67369232328	1.00250994932944	0
2A	-1598.44911198317	0.433558083999085	0
2C	-1476.7585196363	1.92641479896798	0
2G	-1598.44911198323	0.433558210044501	0
2T	-1599.48303563535	0.835732434950614	0
3A	-1598.49834496651	0.408674499686925	0
3C	-1598.44911195321	0.433558169501461	0
3G	-1479.78848526442	1.9032189395501	0
3T	-1598.44911195322	0.433558059656674	0
4A	-1598.44911197293	0.433558139758718	0
4C	-1598.44911197274	0.433557931612031	0
4G	-1599.66269420099	0.826641344892839	0
4T	-1470.87697879807	1.96725520357472	0
5A	-1479.00548837571	1.90765900722456	0
5C	-1598.38568432535	0.322802083498671	0
5G	-1598.44911195557	0.433557872025161	0
5T	-1598.44911195555	0.433557943741973	0
6A	-1479.85401184654	1.90287829785866	0
6C	-1598.44911194771	0.433558118937915	0
6G	-1598.48470863211	0.418677608601776	0
6T	-1598.4491119477	0.433557821776191	0
7A	-1598.44911194555	0.433558051415242	0
7C	-1598.44415871928	1.44441815535749	0
7G	-1598.44911194567	0.433557885423895	0
7T	-1480.93157779856	1.90168342569123	0
8A	-1598.44911195836	0.433558105005984	0
8C	-1479.73479378197	1.90350262509737	0
8G	-1598.50440853341	0.400946867458822	0
8T	-1598.44911195864	0.433558157884938	0
9A	-1598.43778936365	0.339134934179855	0
9C	-1598.44911197945	0.433557959039999	0
9G	-1479.19186827248	1.9065570505856	0
9T	-1598.44911197941	0.433558028123046	0
10A	-1598.48780080198	0.416835236238851	0
10C	-1598.44911194838	0.43355825729087	0
10G	-1598.44911194847	0.433558444965061	0
10T	-1479.84208921557	1.90293981079186	0
11A	-1598.86569426975	1.12956540188789	0
11C	-1480.22927802738	1.90438182309632	0
11G	-1598.4491119498	0.433557987147412	0
11T	-1598.44911194981	0.433558155688483	0
12A	-1598.44911194585	0.433558057159662	0
12C	-1598.47385647036	0.424252498847343	0
12G	-1479.88862460687	1.90270094512861	0
12T	-1598.44911194564	0.433557059624334	0
13A	-1598.48525186224	0.361849310465684	0
13C	-1598.44911198353	0.433558117360568	0
13G	-1598.44911198352	0.433558162024884	0
13T	-1479.41806552822	1.90524668732223	0
neutral	-1598.73479163389	1	0
