posterior_mean	posterior_var	posterior_sd	posterior_quant	is_contained	PESL
2.00821574550888	0.00966501980555334	0.0983108325951588	0.473158685950572	1	0.00973251823542587
