model	lik	mode	convergence
1A	-740.113465148344	2.65796101143384	0
1C	-871.037912924632	0.830386252126198	0
1G	-858.008345518055	0.433558599469542	0
1T	-858.008345518083	0.433558114461074	0
2A	-794.040891760689	2.01281197979043	0
2C	-858.008345553897	0.43355813599999	0
2G	-858.008345553859	0.433558134208476	0
2T	-858.053211924855	0.368444684514617	0
3A	-858.008345530663	0.433558136913482	0
3C	-858.008345530526	0.433557927005808	0
3G	-805.104237200813	1.94452972202082	0
3T	-845.104162357857	3.63299211647087	0
4A	-794.925823853329	2.00556977078528	0
4C	-858.036910301906	0.800387666736314	0
4G	-858.008345526424	0.433558305312638	0
4T	-858.008345526392	0.433558167056887	0
5A	-858.066035957952	0.394419376570295	0
5C	-858.00834553628	0.433558040728	0
5G	-794.279183640168	2.01016949339343	0
5T	-858.008345536221	0.433558158832103	0
6A	-858.008345534484	0.433558078292524	0
6C	-858.065323932564	0.397157521475981	0
6G	-794.301963300601	2.00992352924247	0
6T	-858.00834553438	0.433558020414644	0
7A	-858.008345537036	0.433558096324727	0
7C	-858.008345536851	0.433558182658089	0
7G	-858.066147012941	0.393752115594414	0
7T	-794.273567469896	2.01023032767883	0
8A	-794.311247427751	2.00982365163726	0
8C	-858.064908038463	0.398288302924353	0
8G	-858.008345533539	0.433558119643548	0
8T	-858.00834553351	0.433558171210708	0
9A	-794.209920772365	2.01092494350413	0
9C	-858.008345542395	0.433558168073928	0
9G	-858.065787202358	0.386402184827487	0
9T	-858.008345542386	0.433557951660682	0
10A	-796.190582433951	1.99683649793395	0
10C	-858.00834554039	0.433558182884717	0
10G	-858.008345540355	0.43355809329177	0
10T	-856.483789672617	2.39464006268262	0
neutral	-858.294023528641	1	0
