posterior_mean	posterior_var	posterior_sd	posterior_quant	is_contained	PESL
2.4495611708247	0.0317468682252082	0.178176508623354	0.619990979123246	1	0.0342909437137812
