model	lik	mode	convergence
1A	-650.266026690511	2.7489099264906	0
1C	-785.655310364938	0.433558098584657	0
1G	-802.241597661981	0.903399110075708	0
1T	-785.655310364906	0.433557899896123	0
2A	-785.665804470382	0.430024807743537	0
2C	-785.655310324097	0.433557750365401	0
2G	-688.945041319287	2.37256444368113	0
2T	-785.655310324419	0.433560788136974	0
3A	-785.655310348443	0.433558126145819	0
3C	-785.15184668518	1.7012254784181	0
3G	-690.455859736435	2.36901135458282	0
3T	-785.655310348312	0.433558257768975	0
4A	-689.353257687858	2.37148405914465	0
4C	-785.675146357841	0.795467467063182	0
4G	-785.655310341374	0.433558208358369	0
4T	-785.655310341322	0.433558037636642	0
5A	-785.655310328219	0.433558216706252	0
5C	-688.83186920528	2.37375706532248	0
5G	-785.655310328217	0.43355839883015	0
5T	-785.692048890455	0.418014712013721	0
6A	-785.655310332079	0.433558058580821	0
6C	-785.655310332035	0.433558093872799	0
6G	-785.702119710199	0.410893290612608	0
6T	-688.759779740162	2.37453654683363	0
7A	-785.655310326063	0.433558288634421	0
7C	-689.522649032367	2.36956413466688	0
7G	-785.598518177347	0.849240683987494	0
7T	-785.655310326194	0.433558037969853	0
8A	-785.655310327372	0.433558045774336	0
8C	-780.899767534681	4.15721846421235	0
8G	-693.569459666856	2.34512254444951	0
8T	-785.655310327124	0.433558576900182	0
9A	-688.838994790686	2.3736808390282	0
9C	-785.690815431025	0.418729939399776	0
9G	-785.655310328	0.43355822451235	0
9T	-785.655310327869	0.433558210269901	0
10A	-785.538906294598	0.863000105988972	0
10C	-689.549348741219	2.36940132924158	0
10G	-785.655310336693	0.43355799832747	0
10T	-785.65531033666	0.433558274413896	0
neutral	-785.940990293196	1	0
