posterior_mean	posterior_var	posterior_sd	posterior_quant	is_contained	PESL
2.75647099302475	0.0207463912781154	0.144036076307692	0.951601781074038	1	0.0800527686424297
