posterior_mean	posterior_var	posterior_sd	posterior_quant	is_contained	PESL
2.57160545760381	0.0207268324119698	0.143968164578041	0.31443042031862	1	0.0258541739706121
