posterior_mean	posterior_var	posterior_sd	posterior_quant	is_contained	PESL
1.37764221700277	0.0061466431262528	0.078400530140126	0.937671092145938	1	0.0211180701862956
