model	lik	mode	convergence
1A	-300.469843708917	2.86681053979787	0
1C	-369.122072354192	0.43355811654086	0
1G	-369.122072354202	0.433558018891065	0
1T	-384.220579022595	0.841907609025907	0
2A	-369.122072380357	0.43355803909684	0
2C	-369.121454926072	0.343284666821293	0
2G	-333.271909512303	2.26647895008873	0
2T	-369.122072380264	0.433557840299681	0
3A	-369.122072369862	0.433558160996627	0
3C	-334.221674708072	2.2662680842702	0
3G	-369.562900182577	1.10577594218533	0
3T	-369.122072370026	0.433558293058756	0
4A	-333.247244846732	2.27086935654026	0
4C	-369.122072378011	0.433558110632765	0
4G	-369.12207237797	0.43355801494521	0
4T	-369.423460280274	0.526148728458184	0
neutral	-369.407752075188	1	0
