posterior_mean	posterior_var	posterior_sd	posterior_quant	is_contained	PESL
1.49380291351535	0.00241332843616121	0.049125639295191	0.554460978653534	1	0.00245173231706309
