model	lik	mode	convergence
1A	-326.68330422991	2.93414880080688	0
1C	-415.065285991037	0.727824487088202	0
1G	-403.393173523032	0.433558150032537	0
1T	-403.393173522994	0.433558119807032	0
2A	-403.393173529983	0.433558120518355	0
2C	-403.393173529878	0.433558055209671	0
2G	-348.833922406831	2.60949999499073	0
2T	-403.450332576794	0.396593546008994	0
3A	-403.450647514	0.386537429425525	0
3C	-403.393173537553	0.4335581301713	0
3G	-348.688657307193	2.61301721827402	0
3T	-403.393173537516	0.433558159333941	0
4A	-351.283645428432	2.5778639327838	0
4C	-403.393173514696	0.433558249329944	0
4G	-403.393173514671	0.433558005976299	0
4T	-402.304392068044	2.10021283029979	0
5A	-403.39317351605	0.433558129275873	0
5C	-403.450604075024	0.790159584467199	0
5G	-349.655896670906	2.59861240758165	0
5T	-403.393173515905	0.433558036505406	0
6A	-403.393173523246	0.433558047420117	0
6C	-403.393173523125	0.4335582359473	0
6G	-348.959864305209	2.6065254981454	0
6T	-403.444897233075	0.406013568127819	0
neutral	-403.678847201407	1	0
