model	lik	mode	convergence
1A	-479.42273714158	2.21874995028694	0
1C	-521.504655413071	0.889337569944392	0
1G	-507.525541733071	0.433558155392256	0
1T	-507.525541733047	0.433558097748948	0
2A	-507.525541736254	0.433558107494529	0
2C	-507.525541736161	0.433558018694197	0
2G	-512.179036791832	1.39650512777913	0
2T	-507.463752290862	0.83417505582704	0
3A	-508.349664854039	0.737018083927331	0
3C	-507.525541739561	0.433558208909812	0
3G	-507.525541739582	0.433558295531821	0
3T	-510.730323741161	1.43929993904235	0
4A	-507.525541745869	0.433558103809803	0
4C	-507.58295614544	0.386291286431839	0
4G	-511.80630832235	1.40442054743597	0
4T	-507.525541745762	0.433557942226879	0
5A	-507.52554158826	0.433557570528519	0
5C	-507.312183072319	0.291680915573548	0
5G	-507.52554158824	0.43355766945516	0
5T	-511.37239320398	1.41578034045378	0
6A	-507.525541729947	0.433558080447507	0
6C	-504.81772997233	2.42225054960959	0
6G	-507.52554172989	0.433558232987616	0
6T	-513.924528812685	1.36208618492054	0
7A	-507.525541721084	0.433557831172409	0
7C	-507.540151221109	0.428491267947432	0
7G	-507.525541721307	0.43355777477004	0
7T	-511.933484048889	1.40127823292259	0
neutral	-507.811220323693	1	0
