posterior_mean	posterior_var	posterior_sd	posterior_quant	is_contained	PESL
1.95724942259635	0.135321496037641	0.367860701947953	0.571226767470623	1	0.137149107905987
