model	lik	mode	convergence
1A	-456.302104155413	3.00957251026614	0
1C	-515.609336020164	1.08669164145157	0
1G	-500.8968861694	0.433558242172551	0
1T	-500.896886169339	0.433557706350337	0
2A	-501.355876798286	0.590285252223647	0
2C	-492.739993575068	1.69702008143739	0
2G	-500.896886201907	0.433558167806086	0
2T	-500.896886201891	0.433558147990498	0
3A	-501.087270309886	1.35397022134209	0
3C	-500.896886186478	0.43355818998271	0
3G	-500.896886186477	0.433558087957113	0
3T	-493.468028370068	1.73556561543127	0
4A	-501.196910610846	0.59503023151936	0
4C	-500.896886192424	0.433558253984087	0
4G	-494.047868885711	1.66490978854835	0
4T	-500.896886192409	0.433558148459977	0
5A	-500.896886189172	0.433558211029791	0
5C	-515.672477645387	1.03312333717631	0
5G	-470.549078049314	2.11294002462466	0
5T	-500.896886189465	0.433557960622191	0
6A	-500.896886186364	0.433558213365449	0
6C	-496.868654250195	1.61777349717342	0
6G	-496.888186857979	3.63318606372933	0
6T	-500.896886186527	0.433558264477237	0
7A	-494.178228272543	1.65980528268638	0
7C	-500.896886169723	0.4335580670248	0
7G	-500.896886169668	0.433558275964748	0
7T	-500.929070756355	0.420592604428674	0
8A	-500.896886207032	0.433558060932257	0
8C	-493.834562740623	1.66739166759034	0
8G	-500.896886207028	0.433557904374765	0
8T	-500.928711048529	0.359126719164002	0
neutral	-501.182565431888	1	0
