posterior_mean	posterior_var	posterior_sd	posterior_quant	is_contained	PESL
3.0384402025773	0.0872181667261372	0.295327219751477	0.460930652844095	1	0.0886958159003241
