model	lik	mode	convergence
1A	-412.418723334291	2.44776716357539	0
1C	-447.884465390318	0.433558342045212	0
1G	-463.304384982196	1.10585890457405	0
1T	-447.884465390289	0.433558182960936	0
2A	-447.884465410008	0.433558053301181	0
2C	-448.317191616274	0.763103144486373	0
2G	-441.021216072626	1.68613816755992	0
2T	-447.88446540991	0.433557858382367	0
3A	-448.173977331136	0.549266740191965	0
3C	-447.88446541041	0.43355806183227	0
3G	-447.884465410393	0.43355808522914	0
3T	-440.811503064021	1.68833925387709	0
4A	-440.355165792932	1.69928377776975	0
4C	-447.88446528258	0.433557676615611	0
4G	-447.884465282535	0.433557650982904	0
4T	-448.080165475163	0.459605105477592	0
5A	-447.928041679908	0.413474555854172	0
5C	-441.088402519406	1.67965660843302	0
5G	-447.884465376358	0.433558210181473	0
5T	-447.884465376351	0.433558105230424	0
neutral	-448.17014510741	1	0
