posterior_mean	posterior_var	posterior_sd	posterior_quant	is_contained	PESL
1.83079794637262	0.0267991343973559	0.16370441166125	0.849189494450659	1	0.0554284693491342
