posterior_mean	posterior_var	posterior_sd	posterior_quant	is_contained	PESL
2.95706088904525	0.00559149880700518	0.0747763251771922	0.719008772848356	1	0.00743526605660401
