lik	gamma	delta
-694.2791929007	0.00178715457389642	6.61069613519961e-05
-694.085381513042	0.00178715457389642	0.0412630113979314
-694.070728380579	0.00178715457389642	0.00824453100677208
-694.278993383597	0.00178715457389642	6.61069613519961e-05
-694.278992845338	0.00178715457389642	6.61069613519961e-05
-693.922451488428	0.00178715457389642	0.0106747745531451
-694.279624956659	0.00178715457389642	6.61069613519961e-05
-694.278992845338	0.00178715457389642	6.61069613519961e-05
-694.278992706439	0.00178715457389642	6.61069613519961e-05
-694.019650684214	0.00178715457389642	0.00899395011779954
-694.278992706439	0.00178715457389642	6.61069613519961e-05
-694.278992706439	0.00178715457389642	6.61069613519961e-05
-694.278993008615	0.00178715457389642	6.61069613519961e-05
-694.280294333569	0.00178715457389642	6.61069613519961e-05
-694.278993008615	0.00178715457389642	6.61069613519961e-05
-693.795180524539	0.00178715457389642	0.0126928636502508
-694.278992706439	0.00178715457389642	6.61069613519961e-05
-694.019650684214	0.00178715457389642	0.00899395011779954
-694.278992706439	0.00178715457389642	6.61069613519961e-05
-694.278992706439	0.00178715457389642	6.61069613519961e-05
-693.986134247187	0.00178715457389642	0.00957464526681561
-694.278993042849	0.00178715457389642	6.61069613519961e-05
-694.278993042849	0.00178715457389642	6.61069613519961e-05
-694.279229524545	0.00178715457389642	6.61069613519961e-05
-694.008198804546	0.00178715457389642	0.00924996757720806
-694.278993081123	0.00178715457389642	6.61069613519961e-05
-694.278993081123	0.00178715457389642	6.61069613519961e-05
-694.279053768887	0.00178715457389642	6.61069613519961e-05
-694.279129236441	0.00178715457389642	6.61069613519961e-05
-694.278993691049	0.00178715457389642	6.61069613519961e-05
-693.911606039368	0.00178715457389642	0.0222810939031903
-694.210615414063	0.00178715457389642	0.005279811826663
-694.278992710469	0.00178715457389642	6.61069613519961e-05
-694.278992710469	0.00178715457389642	6.61069613519961e-05
-694.110601739805	0.00178715457389642	0.00722844615660861
-693.252122030564	0.00178715457389642	0.28501570583129
-694.279298695454	0.00178715457389642	6.61069613519961e-05
-693.976029589342	0.00178715457389642	0.00974712037818057
-694.278993029769	0.00178715457389642	6.61069613519961e-05
-694.278993029769	0.00178715457389642	6.61069613519961e-05
-694.27899236273	0.00178715457389642	0
