posterior_mean	posterior_var	posterior_sd	posterior_quant	is_contained	PESL
1.52404247767251	0.0102463246325092	0.101224130682902	0.414278879758223	1	0.0108243653648894
