model	lik	mode	convergence
1A	-852.477109109949	1.82101337017225	0
1C	-917.899679177792	0.596094830397531	0
1G	-906.154187324833	0.433558043515911	0
1T	-906.154187324807	0.433558124133023	0
2A	-880.118803440176	1.64183005795578	0
2C	-906.212131346232	0.392513338326259	0
2G	-906.15418732981	0.433558165223114	0
2T	-906.154187329793	0.433558135372006	0
3A	-906.56206596691	0.821328564637308	0
3C	-906.154187319336	0.433558248759577	0
3G	-906.154187319376	0.433557989258528	0
3T	-880.331167135963	1.64174165481933	0
4A	-906.182188495967	0.422717495342231	0
4C	-880.26357158731	1.64025812619299	0
4G	-906.154187310768	0.433558112257744	0
4T	-906.15418731068	0.43355834745939	0
5A	-906.207944709389	0.378241178150119	0
5C	-906.154187339956	0.433558092677554	0
5G	-880.040863599707	1.64270086622043	0
5T	-906.154187339925	0.433558010357073	0
6A	-906.154187319261	0.433558142676868	0
6C	-906.151961981871	1.46601366696482	0
6G	-906.154187319273	0.433558298305645	0
6T	-881.5666879348	1.63847182865321	0
7A	-906.154187312275	0.43355816384939	0
7C	-880.249593196697	1.64040712376238	0
7G	-906.154187312243	0.433557951825267	0
7T	-906.188277335585	0.419564618075643	0
8A	-906.187755661481	0.419850451092029	0
8C	-880.250879709269	1.64039338503174	0
8G	-906.15418731203	0.433558251108176	0
8T	-906.154187311988	0.433558340985792	0
9A	-906.154187335687	0.433558129319136	0
9C	-897.718010084316	1.74503521568677	0
9G	-890.59764279315	1.60915406208721	0
9T	-906.154187335591	0.433557992269907	0
neutral	-906.439866864654	1	0
