posterior_mean	posterior_var	posterior_sd	posterior_quant	is_contained	PESL
1.01459044176704	0.481888939808455	0.694182209371902	0.960161898445824	1	2.68833049547752
