lik	gamma	delta
-796.623210173342	0.00291950823244281	6.61069613519961e-05
-796.623945955301	0.00291950823244281	6.61069613519961e-05
-796.355073057844	0.00291950823244281	0.00988320055478334
-796.546067236619	0.00291950823244281	0.0218960740671188
-796.618432761027	0.00291950823244281	0.0129542822892981
-796.596110574486	0.00291950823244281	0.0331046274887497
-796.560959248901	0.00291950823244281	0.00417777874790501
-796.62256276567	0.00291950823244281	6.61069613519961e-05
-796.622561546546	0.00291950823244281	6.61069613519961e-05
-796.622769492896	0.00291950823244281	6.61069613519961e-05
-796.622561546546	0.00291950823244281	6.61069613519961e-05
-796.537103026773	0.00291950823244281	0.00488041957815549
-796.622776963883	0.00291950823244281	6.61069613519961e-05
-796.444986693237	0.00291950823244281	0.00714368943946707
-796.62355289961	0.00291950823244281	6.61069613519961e-05
-796.6225620652	0.00291950823244281	6.61069613519961e-05
-796.623966415581	0.00291950823244281	6.61069613519961e-05
-796.622563069465	0.00291950823244281	6.61069613519961e-05
-796.622563069465	0.00291950823244281	6.61069613519961e-05
-796.420405852134	0.00291950823244281	0.00768035657976609
-796.623147980755	0.00291950823244281	6.61069613519961e-05
-796.505907280747	0.00291950823244281	0.00573792423114738
-796.622564480047	0.00291950823244281	6.61069613519961e-05
-796.622564480047	0.00291950823244281	6.61069613519961e-05
-796.622561309432	0.00291950823244281	6.61069613519961e-05
-796.622561309432	0.00291950823244281	6.61069613519961e-05
-796.615625675307	0.00291950823244281	0.0155494290357856
-796.555366939664	0.00291950823244281	0.00434233045577105
-796.622561273271	0.00291950823244281	6.61069613519961e-05
-796.543480400455	0.00291950823244281	0.00469617096983842
-796.622682260149	0.00291950823244281	6.61069613519961e-05
-796.62256127327	0.00291950823244281	6.61069613519961e-05
-796.622625700756	0.00291950823244281	6.61069613519961e-05
-796.529525131964	0.00291950823244281	0.00547040468396413
-796.425302260953	0.00291950823244281	0.0236323374788167
-796.623818030646	0.00291950823244281	6.61069613519961e-05
-796.622561121708	0.00291950823244281	6.61069613519961e-05
-796.622561121708	0.00291950823244281	6.61069613519961e-05
-796.622561121708	0.00291950823244281	6.61069613519961e-05
-796.551870803042	0.00291950823244281	0.00443461083967947
-796.622559468926	0.00291950823244281	0
