model	lik	mode	convergence
1A	-271.441372726895	1.35985413196733	0
1C	-273.215406408598	0.433558238488255	0
1G	-287.72377136342	1.13906869517505	0
1T	-273.215406408558	0.433558326210586	0
2A	-273.215406398965	0.433558073780173	0
2C	-273.257356658815	0.414651168077251	0
2G	-285.066788333372	1.34599511219268	0
2T	-273.215406398794	0.433558260339581	0
3A	-273.215406424744	0.433558102835415	0
3C	-273.215406424592	0.433558154405015	0
3G	-285.084435501921	1.34701573548326	0
3T	-273.490127621338	0.619001967134388	0
neutral	-273.501086159398	1	0
