posterior_mean	posterior_var	posterior_sd	posterior_quant	is_contained	PESL
1.52820614867689	0.18522504194864	0.43037778979478	0.862900494938304	1	0.407814480094968
