model	lik	mode	convergence
1A	-284.40362941135	1.35173908624742	0
1C	-284.991470713346	0.433558107234762	0
1G	-284.991470713326	0.433557988016063	0
1T	-300.486004782379	0.963836422828676	0
2A	-284.991470711045	0.433558118097725	0
2C	-300.429856485312	1.08136990433115	0
2G	-284.998346068324	1.39818180949349	0
2T	-284.991470711256	0.433558107248863	0
3A	-285.043119930723	0.375368803163444	0
3C	-299.711372486503	1.15722678557491	0
3G	-284.991470706638	0.433558209548613	0
3T	-284.991470706596	0.433558093122535	0
neutral	-285.277150356386	1	0
