posterior_mean	posterior_var	posterior_sd	posterior_quant	is_contained	PESL
1.37780840150166	0.0353949953568639	0.188135577063095	0.750759282807594	1	0.0503257821004435
