lik	gamma	delta
-810.468774352205	0.00191937872549973	0.191310515676111
-818.748732300863	0.00191937872549973	6.61069613519961e-05
-818.535897105524	0.00191937872549973	0.00803227902974049
-818.751187549405	0.00191937872549973	6.61069613519961e-05
-817.558931295745	0.00191937872549973	0.0177440166961912
-818.748669702665	0.00191937872549973	6.61069613519961e-05
-818.748669702665	0.00191937872549973	6.61069613519961e-05
-818.748729920021	0.00191937872549973	6.61069613519961e-05
-818.748738600474	0.00191937872549973	6.61069613519961e-05
-818.748669613842	0.00191937872549973	6.61069613519961e-05
-818.748669613842	0.00191937872549973	6.61069613519961e-05
-817.566583651764	0.00191937872549973	0.0176232945562132
-818.282809241571	0.00191937872549973	0.102028065275644
-818.748669583815	0.00191937872549973	6.61069613519961e-05
-817.751237981433	0.00191937872549973	0.0162383874769298
-818.748669583815	0.00191937872549973	6.61069613519961e-05
-818.74866956285	0.00191937872549973	6.61069613519961e-05
-818.74866956285	0.00191937872549973	6.61069613519961e-05
-818.74866956285	0.00191937872549973	6.61069613519961e-05
-817.585138541054	0.00191937872549973	0.0174710287666686
-817.924926060765	0.00191937872549973	0.530682560847009
-818.749843948063	0.00191937872549973	6.61069613519961e-05
-818.748671097264	0.00191937872549973	6.61069613519961e-05
-811.322024048773	0.00191937872549973	0.132715524638636
-818.748733016765	0.00191937872549973	6.61069613519961e-05
-818.748669588658	0.00191937872549973	6.61069613519961e-05
-817.568239068987	0.00191937872549973	0.0176086558009019
-818.748669588658	0.00191937872549973	6.61069613519961e-05
-818.748670419003	0.00191937872549973	6.61069613519961e-05
-818.749034325143	0.00191937872549973	6.61069613519961e-05
-818.748670419003	0.00191937872549973	6.61069613519961e-05
-817.484475133611	0.00191937872549973	0.0182688760246055
-818.749080013549	0.00191937872549973	6.61069613519961e-05
-818.748936007079	0.00191937872549973	6.61069613519961e-05
-818.748671201254	0.00191937872549973	6.61069613519961e-05
-816.745561907514	0.00191937872549973	0.0288126237538285
-818.748756527507	0.00191937872549973	6.61069613519961e-05
-818.748669611611	0.00191937872549973	6.61069613519961e-05
-817.561938699325	0.00191937872549973	0.0176442265906546
-818.748669611611	0.00191937872549973	6.61069613519961e-05
-818.748669036653	0.00191937872549973	0
