posterior_mean	posterior_var	posterior_sd	posterior_quant	is_contained	PESL
2.97281851645636	0.00623304479546717	0.0789496345492946	0.637616269818226	1	0.0069718778430773
