posterior_mean	posterior_var	posterior_sd	posterior_quant	is_contained	PESL
1.03051100659422	0.948889068653338	0.974109372018019	0.888732537838055	1	1.88879797699785
