posterior_mean	posterior_var	posterior_sd	posterior_quant	is_contained	PESL
1.49585045289625	0.0040794139785953	0.0638702902654692	0.531547019639345	1	0.00409663271975851
