posterior_mean	posterior_var	posterior_sd	posterior_quant	is_contained	PESL
1.28216852039378	0.0918026377354715	0.302989501031754	0.776797256649039	1	0.139253191242922
