model	lik	mode	convergence
1A	-1277.64410604907	2.77685778179096	0
1C	-1520.53632032892	0.433558158475126	0
1G	-1520.53632032892	0.433558120568796	0
1T	-1533.89679695809	1.21049703076826	0
2A	-1511.17115951092	2.80908139494192	0
2C	-1520.5363203303	0.433558088489258	0
2G	-1520.53632033031	0.433558091312191	0
2T	-1348.6203462854	2.20224192712718	0
3A	-1520.53632032699	0.433558132797921	0
3C	-1520.59196242192	0.400298684028875	0
3G	-1520.53632032696	0.433558062038472	0
3T	-1338.01304372979	2.22388237181701	0
4A	-1520.0984678496	1.31249577509058	0
4C	-1339.18074568429	2.22071998717767	0
4G	-1520.53632034975	0.433557986888438	0
4T	-1520.53632034973	0.433558049839671	0
5A	-1338.02231361536	2.22383169146023	0
5C	-1520.53632032621	0.433558178737222	0
5G	-1520.53632032617	0.433558082046813	0
5T	-1520.59145301771	0.401239328633405	0
6A	-1520.53632031337	0.433557957002885	0
6C	-1520.53632031341	0.433558513662358	0
6G	-1338.23444805898	2.22270327033047	0
6T	-1520.56008067555	0.424697873296469	0
7A	-1520.59378501309	0.386497988259471	0
7C	-1520.53632033706	0.433558208349842	0
7G	-1520.53632033708	0.433558044936807	0
7T	-1337.86939753168	2.22468050458099	0
8A	-1520.53632034844	0.433558092184313	0
8C	-1520.53632034823	0.433558151164394	0
8G	-1520.78627639554	0.92687503492924	0
8T	-1338.41289317203	2.22458069251881	0
9A	-1520.53632035168	0.433558094678033	0
9C	-1520.53632035155	0.4335581719276	0
9G	-1336.68363385431	2.23470676946974	0
9T	-1521.14838492534	0.732745069262139	0
10A	-1520.53632031727	0.433558100401795	0
10C	-1520.53632031717	0.433558186944643	0
10G	-1338.32608750277	2.22476564673007	0
10T	-1520.87335345683	0.888300582452791	0
11A	-1337.86939753177	2.22468050404715	0
11C	-1520.53632033718	0.433558205652919	0
11G	-1520.53632033714	0.433557930972821	0
11T	-1520.59378501318	0.386497996244475	0
12A	-1520.53632032557	0.433558181872808	0
12C	-1337.67259277257	2.22685368538202	0
12G	-1520.85258118246	0.572616879478171	0
12T	-1520.53632032566	0.4335580699488	0
13A	-1337.87692236457	2.22463813057336	0
13C	-1520.5363203366	0.43355814483302	0
13G	-1520.59393704852	0.387188648836067	0
13T	-1520.53632033659	0.433558068127799	0
14A	-1520.53632031638	0.433558368999859	0
14C	-1338.16191488996	2.22308196610101	0
14G	-1520.57594111924	0.416207831458267	0
14T	-1520.53632031644	0.43355827657772	0
neutral	-1520.8220000396	1	0
