posterior_mean	posterior_var	posterior_sd	posterior_quant	is_contained	PESL
2.78120011246602	0.0120330692005198	0.109695347214546	0.00411875732637683	0	0.0911065724515089
