model	lik	mode	convergence
1A	-327.556541743042	1.62154914850512	0
1C	-328.154298711374	0.433558189720697	0
1G	-344.893139882975	0.992680468836705	0
1T	-328.15429871136	0.433558284030549	0
2A	-328.154298703756	0.433558262300582	0
2C	-344.800678736514	1.04709327124191	0
2G	-328.15429870386	0.433558315201852	0
2T	-328.381096188417	0.974922766000724	0
3A	-344.678887904545	1.06834770550687	0
3C	-328.154298686243	0.433557867404732	0
3G	-328.055354049575	0.313901987831932	0
3T	-328.154298686234	0.433557763713625	0
4A	-327.349817825874	1.61188260083139	0
4C	-344.863370545231	0.975628383896899	0
4G	-328.154298739808	0.43355810120724	0
4T	-328.154298739785	0.433557991966223	0
5A	-328.154298739903	0.43355806550861	0
5C	-343.95026766966	1.14821327674552	0
5G	-328.15429873995	0.433557952634612	0
5T	-327.858830075019	0.565305283838626	0
neutral	-328.439978616795	1	0
