posterior_mean	posterior_var	posterior_sd	posterior_quant	is_contained	PESL
1.75705763177179	0.228342905588316	0.477852388911384	0.928322491076774	1	0.780306268096875
