model	lik	mode	convergence
1A	-230.737028275446	2.245542779193	0
1C	-237.134705496296	0.433558057858506	0
1G	-237.134705496274	0.433558019696158	0
1T	-249.818619471059	1.20957639183975	0
2A	-245.71659723063	1.41453437119026	0
2C	-237.13470546096	0.433558281290199	0
2G	-237.170428803151	0.418606252035298	0
2T	-237.134705460863	0.433558088970226	0
neutral	-237.420383541233	1	0
