posterior_mean	posterior_var	posterior_sd	posterior_quant	is_contained	PESL
2.33042619558978	0.190693828488191	0.436685044955963	0.232101619170647	1	0.299875299220095
