posterior_mean	posterior_var	posterior_sd	posterior_quant	is_contained	PESL
2.99293341859471	0.0230389656330533	0.15178592040454	0.525296595948056	1	0.0230889022058113
