posterior_mean	posterior_var	posterior_sd	posterior_quant	is_contained	PESL
2.44018862616074	0.00504493984602627	0.0710277399754932	0.800941074908923	1	0.00862234028658187
