posterior_mean	posterior_var	posterior_sd	posterior_quant	is_contained	PESL
1.98549239400033	0.00247451247093445	0.0497444717625431	0.617638968096896	1	0.00268498310277391
