model	lik	mode	convergence
1A	-641.671668033849	1.52328890665104	0
1C	-644.132867745133	0.433557974778251	0
1G	-644.132867745113	0.433557974607642	0
1T	-659.599637463082	1.00119115515815	0
2A	-644.132867514945	0.433557460130233	0
2C	-658.531983411964	1.11375330259509	0
2G	-644.132867514975	0.433557249758929	0
2T	-644.099646967731	0.385590836858378	0
3A	-644.132867757169	0.433558060894031	0
3C	-645.911286067675	1.02697588558914	0
3G	-644.132867757148	0.433557945436565	0
3T	-658.561857360811	1.11975426610941	0
4A	-658.740961545001	1.10224177122619	0
4C	-644.132867745653	0.433558146303939	0
4G	-644.13286774563	0.433558171072073	0
4T	-644.384666670411	0.644132552100654	0
5A	-644.189560606781	0.397954077874537	0
5C	-644.132867733348	0.433558096652281	0
5G	-658.700788045308	1.10437943916943	0
5T	-644.132867733306	0.433558068257487	0
6A	-658.604253417557	1.11039414157749	0
6C	-644.917982375307	0.756486207120768	0
6G	-644.132867730562	0.433557992705308	0
6T	-644.132867730505	0.43355817813787	0
7A	-658.848150188324	1.09617647030666	0
7C	-644.132867731566	0.43355808204937	0
7G	-644.132867731514	0.43355805693382	0
7T	-644.381037804762	1.13370916187785	0
8A	-658.720765076166	1.10325901680074	0
8C	-644.158903544793	0.423655537305998	0
8G	-644.132867718721	0.433558082520394	0
8T	-644.132867718661	0.433558219590203	0
9A	-644.132867757509	0.433558050165124	0
9C	-644.13286775739	0.433558033797314	0
9G	-658.660102424198	1.10664300803084	0
9T	-644.15637524877	0.354387311486263	0
neutral	-644.418547077952	1	0
