posterior_mean	posterior_var	posterior_sd	posterior_quant	is_contained	PESL
2.98700565689824	0.0143496697233943	0.11979010695126	0.548430803599339	1	0.0145185226760418
