model	lik	mode	convergence
1A	-557.518772260625	2.92145674157313	0
1C	-696.813707734114	0.433558486360132	0
1G	-711.372030656265	1.21852488962162	0
1T	-696.81370773421	0.433557993937294	0
2A	-696.813707737633	0.433558055327061	0
2C	-696.285118758643	1.48873896989648	0
2G	-696.813707737731	0.433558642029416	0
2T	-593.469465898447	2.43543621119599	0
3A	-696.813707768827	0.433558137143738	0
3C	-696.862631700173	0.372275519276459	0
3G	-696.81370776882	0.43355796759481	0
3T	-591.477507757596	2.45050192334637	0
4A	-696.8137077371	0.433558144696103	0
4C	-696.813707737025	0.433557934445066	0
4G	-697.032372159752	1.15893021726771	0
4T	-592.597194150236	2.44763827613906	0
5A	-696.81370775392	0.433558094540594	0
5C	-697.519477492186	0.732586126660909	0
5G	-696.813707753898	0.433557859217955	0
5T	-589.02085930788	2.48855706531253	0
6A	-696.8137077356	0.433558099620532	0
6C	-696.813707735381	0.433558497070676	0
6G	-696.497755871726	0.964024210476007	0
6T	-593.024912588283	2.43691018264211	0
neutral	-697.099387492349	1	0
