posterior_mean	posterior_var	posterior_sd	posterior_quant	is_contained	PESL
3.26032130245501	0.276181495844808	0.525529728792585	0.324815163367936	1	0.343948676357079
