posterior_mean	posterior_var	posterior_sd	posterior_quant	is_contained	PESL
2.9025542366315	0.0123949308959767	0.111332523980985	0.810140759319549	1	0.0218906076944829
