model	lik	mode	convergence
1A	-323.583476218789	1.72853104853187	0
1C	-337.92530439015	1.05108514283518	0
1G	-324.488321278915	0.433558018440486	0
1T	-324.488321278923	0.433558295410035	0
2A	-324.488321300549	0.433557988162236	0
2C	-324.488321300434	0.43355790685746	0
2G	-337.357610765732	1.12616942489178	0
2T	-324.461291223955	0.333665729452937	0
3A	-324.488321296585	0.433558141093491	0
3C	-324.488321296436	0.433558219915328	0
3G	-337.422227094405	1.11999696258243	0
3T	-324.545559822148	0.385630335310896	0
4A	-324.488321309815	0.433558107219972	0
4C	-337.461236894998	1.11624682833745	0
4G	-324.75397776644	0.609724820748108	0
4T	-324.488321309957	0.433557895082942	0
5A	-324.719217045788	0.666619989024487	0
5C	-324.488321294417	0.433558123150906	0
5G	-324.488321294418	0.433558149920541	0
5T	-337.489586480961	1.11338532378648	0
neutral	-324.773997806169	1	0
