posterior_mean	posterior_var	posterior_sd	posterior_quant	is_contained	PESL
1.88696493317792	0.286038798238478	0.534825951350978	0.247365981473711	1	0.435780657747871
