model	lik	mode	convergence
1A	-957.218884785967	2.32522553606337	0
1C	-1030.4055970526	1.05318010703919	0
1G	-1014.76506231213	0.433558185395881	0
1T	-1014.76506231211	0.433558277308278	0
2A	-1000.95295659522	1.51330338656082	0
2C	-1014.76506233752	0.433558101437322	0
2G	-1014.76506233747	0.433558155477544	0
2T	-1015.36388864512	0.686852789135727	0
3A	-1004.26704583083	1.48971814537667	0
3C	-1014.7650623037	0.433558190351108	0
3G	-1014.76506230367	0.433558078463333	0
3T	-1013.28458031879	1.68122659838072	0
4A	-1001.07506437568	1.50971256635888	0
4C	-1014.76506232392	0.433558000720929	0
4G	-1014.76506232387	0.433557999356977	0
4T	-1014.72214768698	0.328628853824529	0
5A	-1001.9049510586	1.5009108056689	0
5C	-1014.52254226939	0.933572569324966	0
5G	-1014.76506230267	0.433557973587195	0
5T	-1014.76506230242	0.433557983058361	0
6A	-1002.91566171818	1.50073557202683	0
6C	-1014.74470245328	1.44576224232097	0
6G	-1014.76506230978	0.433558322304401	0
6T	-1014.76506230972	0.433558112634267	0
7A	-1014.76506230249	0.433558180681875	0
7C	-1015.06018958291	0.621577110080715	0
7G	-1001.48568299013	1.50560711381579	0
7T	-1014.76506230235	0.433558034339968	0
8A	-1000.67152892823	1.51588759180438	0
8C	-1014.76506231692	0.433557951608558	0
8G	-1015.09410438672	0.526598610420432	0
8T	-1014.7650623169	0.433558013180256	0
9A	-1001.50346641973	1.50554238322294	0
9C	-1014.76506234076	0.433558077605464	0
9G	-1015.00970012367	0.626904710536443	0
9T	-1014.76506234074	0.433558135018695	0
10A	-1015.13758595279	0.669935178440162	0
10C	-1014.76506213234	0.433557533533498	0
10G	-1014.76506213231	0.433557519473915	0
10T	-1001.25668551762	1.50977082391645	0
11A	-1014.76506233689	0.433558004766442	0
11C	-1001.13897242052	1.50892087038916	0
11G	-1014.75518432612	0.339670326443759	0
11T	-1014.76506233706	0.433558037391396	0
12A	-1014.82853929845	0.78485349916721	0
12C	-1014.7650623075	0.433558066528864	0
12G	-1014.76506230754	0.433558335438202	0
12T	-1001.76274034779	1.50251253401859	0
13A	-1014.7650623421	0.433558059204487	0
13C	-1014.78693715873	0.353528252326593	0
13G	-1014.7650623421	0.433558152253423	0
13T	-1001.21309342104	1.50801431447312	0
neutral	-1015.05074187684	1	0
