posterior_mean	posterior_var	posterior_sd	posterior_quant	is_contained	PESL
3.115883032872	0.00656160793390104	0.0810037525914759	0.0749293440745449	1	0.0199904852413787
