model	lik	mode	convergence
1A	-396.470213077236	0.702421896722863	0
1C	-410.494272246176	1.0352379015814	0
1G	-395.736062487672	0.433558184625595	0
1T	-395.73606248767	0.433558117633337	0
2A	-395.736062484233	0.433557914429548	0
2C	-395.666853150772	0.321258245574192	0
2G	-410.580261738257	1.01986209169015	0
2T	-395.736062484143	0.433558097238862	0
3A	-395.736062510675	0.433558098827144	0
3C	-395.785861589555	0.373220039820069	0
3G	-410.594977352468	1.01472854604835	0
3T	-395.736062510592	0.433558041679535	0
4A	-410.598644393206	1.01323864763204	0
4C	-395.736062498131	0.433558141634888	0
4G	-395.7360624981	0.433558110743627	0
4T	-395.794066322797	0.391161365738415	0
5A	-410.567487286128	1.01613136806153	0
5C	-395.736062516893	0.433558064678707	0
5G	-395.762299553955	0.355871209148335	0
5T	-395.736062516882	0.433558029401484	0
6A	-395.736062487749	0.433558119168687	0
6C	-395.736062487604	0.433558113176411	0
6G	-410.494272246195	1.03523792495234	0
6T	-396.470213077356	0.702421920669183	0
7A	-410.59445513038	1.01493204873163	0
7C	-395.736062511797	0.433558128722763	0
7G	-395.783586810771	0.370872842085825	0
7T	-395.736062511783	0.433558035964127	0
8A	-410.59497735234	1.01472854554306	0
8C	-395.785861589427	0.373220044238806	0
8G	-395.736062510582	0.433558057236196	0
8T	-395.736062510562	0.433558235892638	0
9A	-395.736062481321	0.433558062135341	0
9C	-395.7360624813	0.433558152733017	0
9G	-410.602811381276	1.01138896280161	0
9T	-395.776513785291	0.415670341954012	0
neutral	-396.021741506747	1	0
