posterior_mean	posterior_var	posterior_sd	posterior_quant	is_contained	PESL
0.802331763325506	0.0756269891300602	0.275003616576328	0.983334342921271	0	0.562367957594603
