posterior_mean	posterior_var	posterior_sd	posterior_quant	is_contained	PESL
2.03515568834903	0.0564668659638761	0.237627578289802	0.968698161179375	1	0.272547100037833
