lik	gamma	delta
-798.77621250376	0.00169333059600061	0.19131292050983
-807.056765462308	0.00169333059600061	6.61069613519961e-05
-806.843880811934	0.00169333059600061	0.00803322682798045
-807.0592218618	0.00169333059600061	6.61069613519961e-05
-807.056702700483	0.00169333059600061	6.61069613519961e-05
-807.056702700483	0.00169333059600061	6.61069613519961e-05
-807.056702700483	0.00169333059600061	6.61069613519961e-05
-805.8932572608	0.00169333059600061	0.0174702923035943
-803.328598088966	0.00169333059600061	0.352599119368644
-806.375608347335	0.00169333059600061	0.0134576046491492
-807.056703292482	0.00169333059600061	6.61069613519961e-05
-807.056865716528	0.00169333059600061	6.61069613519961e-05
-807.056702700483	0.00169333059600061	6.61069613519961e-05
-805.8932572608	0.00169333059600061	0.0174702923035775
-807.056702700483	0.00169333059600061	6.61069613519961e-05
-807.056702700483	0.00169333059600061	6.61069613519961e-05
-805.8932572608	0.00169333059600061	0.0174702923035772
-807.056702700483	0.00169333059600061	6.61069613519961e-05
-807.056702700483	0.00169333059600061	6.61069613519961e-05
-807.056702700483	0.00169333059600061	6.61069613519961e-05
-805.846969975423	0.00169333059600061	0.0178326278921263
-807.05687447791	0.00169333059600061	6.61069613519961e-05
-807.056702868276	0.00169333059600061	6.61069613519961e-05
-807.056702868276	0.00169333059600061	6.61069613519961e-05
-807.056702812627	0.00169333059600061	6.61069613519961e-05
-807.056837316536	0.00169333059600061	6.61069613519961e-05
-805.857070102684	0.00169333059600061	0.0177504261702862
-807.056702812627	0.00169333059600061	6.61069613519961e-05
-807.056746839882	0.00169333059600061	6.61069613519961e-05
-807.057301151075	0.00169333059600061	6.61069613519961e-05
-805.803111866937	0.00169333059600061	0.0187686205700643
-806.235325132402	0.00169333059600061	0.529972186571227
-807.056702746651	0.00169333059600061	6.61069613519961e-05
-805.869213664215	0.00169333059600061	0.0176504132506835
-807.056702746651	0.00169333059600061	6.61069613519961e-05
-807.056792806443	0.00169333059600061	6.61069613519961e-05
-807.056217095365	0.00169333059600061	0.000655360321396992
-807.056702718966	0.00169333059600061	6.61069613519961e-05
-805.507850226127	0.00169333059600061	0.0238599717653443
-807.056702718966	0.00169333059600061	6.61069613519961e-05
-807.056702276236	0.00169333059600061	0
