posterior_mean	posterior_var	posterior_sd	posterior_quant	is_contained	PESL
1.5848038415128	0.0043562076016708	0.066001572721192	0.097728361734408	1	0.0115478991370186
