model	lik	mode	convergence
1A	-309.019192766852	1.34317095811818	0
1C	-309.25322423899	0.433558147109386	0
1G	-309.25322423898	0.433558160224134	0
1T	-323.112462076787	1.06444262134489	0
2A	-322.669980171056	1.13824388569117	0
2C	-308.116887477509	1.98674120556412	0
2G	-309.253224214841	0.433558039282498	0
2T	-309.253224214815	0.433558202387864	0
3A	-321.977968565362	1.19273186866437	0
3C	-309.253224242773	0.433558121847426	0
3G	-309.253224242733	0.433558125232413	0
3T	-309.859661845526	0.778087383563075	0
4A	-309.253224219267	0.433558165745027	0
4C	-321.989106604955	1.18987323742375	0
4G	-309.25322421922	0.433558194473009	0
4T	-309.309365004229	0.399275173763902	0
5A	-322.478704445485	1.15581609366874	0
5C	-309.426382002707	1.40250123579382	0
5G	-309.253224219097	0.433558145953033	0
5T	-309.253224219056	0.433558152780967	0
neutral	-309.538902451338	1	0
