posterior_mean	posterior_var	posterior_sd	posterior_quant	is_contained	PESL
1.37438973684308	0.042263807243368	0.205581631580664	0.740025144510425	1	0.0580417454538265
