posterior_mean	posterior_var	posterior_sd	posterior_quant	is_contained	PESL
1.98197667558724	0.0026340901784491	0.051323388220665	0.640105807350405	1	0.00295893040132326
