model	lik	mode	convergence
1A	-856.572405630905	2.07227706697616	0
1C	-938.186460524403	0.975768424534508	0
1G	-923.019395455862	0.433558173211018	0
1T	-923.019395455826	0.433558174428344	0
2A	-923.067848723146	0.4094210930586	0
2C	-923.019395426058	0.433558174773801	0
2G	-923.019395426118	0.433558166474731	0
2T	-888.90968808013	1.72252477810746	0
3A	-923.01939541886	0.433558203763198	0
3C	-889.350503543161	1.72050047945093	0
3G	-923.019395419094	0.433557950986571	0
3T	-923.248257612268	0.97451799703488	0
4A	-923.019395454672	0.433558117113498	0
4C	-889.179853846537	1.72119877579855	0
4G	-923.108508456355	0.72321833274707	0
4T	-923.019395454865	0.433558024000335	0
5A	-923.019395458068	0.433558067458047	0
5C	-888.472453185072	1.72855979131547	0
5G	-923.309597884011	0.516998178815207	0
5T	-923.019395458213	0.433557996964009	0
6A	-923.063982794777	0.412705302366939	0
6C	-923.01939542399	0.433558239136952	0
6G	-923.019395424028	0.433558077635841	0
6T	-888.927067739278	1.72234062910715	0
7A	-888.449485085319	1.72767684067287	0
7C	-923.019395453977	0.433558025947586	0
7G	-923.019395453941	0.433558032495725	0
7T	-923.012178505696	0.340673910608632	0
8A	-923.019395454127	0.433557998939276	0
8C	-923.012178505775	0.340673926357299	0
8G	-923.019395454094	0.433557933981656	0
8T	-888.449485085435	1.72767684004841	0
9A	-923.019395446037	0.43355810250067	0
9C	-923.019395445769	0.433557977406104	0
9G	-923.075375684583	0.382239555395108	0
9T	-888.751018784703	1.7242449140435	0
10A	-923.074709782934	0.400914813981977	0
10C	-888.862864758194	1.72302525786116	0
10G	-923.019395432005	0.43355801499552	0
10T	-923.019395431992	0.43355807477555	0
11A	-889.113209543825	1.72191479535511	0
11C	-923.019395456438	0.433558085366648	0
11G	-923.157094495391	0.694064637330331	0
11T	-923.019395456414	0.433558113785334	0
neutral	-923.305074808368	1	0
