posterior_mean	posterior_var	posterior_sd	posterior_quant	is_contained	PESL
2.07869186198902	0.0132965581935231	0.115310702857641	0.250580596473436	1	0.0194889673368207
