posterior_mean	posterior_var	posterior_sd	posterior_quant	is_contained	PESL
2.95952711273313	0.259112217147611	0.5090306642508	0.185078870674392	1	0.470277384463928
