posterior_mean	posterior_var	posterior_sd	posterior_quant	is_contained	PESL
1.23760856307796	0.0333559046756243	0.182635989541011	0.918357289271332	1	0.102205170845719
