posterior_mean	posterior_var	posterior_sd	posterior_quant	is_contained	PESL
2.17733940289306	0.0326456734311937	0.180681137452678	0.958330583592	1	0.136755534356582
