posterior_mean	posterior_var	posterior_sd	posterior_quant	is_contained	PESL
1.52637955623936	0.158051565029407	0.397556995950778	0.511019998989214	1	0.158747446016799
