posterior_mean	posterior_var	posterior_sd	posterior_quant	is_contained	PESL
2.40670315005201	0.00415790047844549	0.0644817840823708	0.924709898352061	1	0.0128622026887254
