model	lik	mode	convergence
1A	-578.480004934538	1.85650833600927	0
1C	-602.709296005595	1.11196448879337	0
1G	-588.786110581394	0.433558021315723	0
1T	-588.786110581377	0.433558142427627	0
2A	-596.37166836451	1.32206902345874	0
2C	-588.78611059989	0.433558180672575	0
2G	-588.786110599862	0.43355810632328	0
2T	-588.83652884035	0.373909533636675	0
3A	-588.786110595223	0.433558104581462	0
3C	-595.996156164556	1.33297311956251	0
3G	-588.88910858686	0.422254248287669	0
3T	-588.786110595354	0.433557941266359	0
4A	-588.841137957699	0.401423023726461	0
4C	-588.786110580129	0.433558170094304	0
4G	-588.786110580139	0.433558267004707	0
4T	-596.444684377367	1.32005291797733	0
5A	-589.038896837795	0.661064733090588	0
5C	-596.553127995629	1.31799729941256	0
5G	-588.786110574718	0.433558127943589	0
5T	-588.786110574689	0.433558089009551	0
6A	-596.466059263086	1.31946889779229	0
6C	-588.833582699316	0.410314988284085	0
6G	-588.786110574284	0.433558015329531	0
6T	-588.786110574217	0.43355820101637	0
7A	-588.792753628009	0.346322807615553	0
7C	-588.786110605446	0.433558014193544	0
7G	-588.786110605435	0.433558013735732	0
7T	-596.286122825816	1.32448535985667	0
8A	-588.786110586092	0.433558124850158	0
8C	-598.838791047594	1.26275332003616	0
8G	-588.786110586211	0.433558178453139	0
8T	-584.97269164853	2.32307886361509	0
9A	-596.342539187472	1.32288205729933	0
9C	-588.825334181462	0.363996604247316	0
9G	-588.7861106048	0.433558144043024	0
9T	-588.786110604785	0.433558188646051	0
neutral	-589.071789243228	1	0
