model	lik	mode	convergence
1A	-539.000891025823	2.21642876174552	0
1C	-582.236102967659	0.943293263063902	0
1G	-566.751762292597	0.433558089025211	0
1T	-566.751762292571	0.433558132468165	0
2A	-567.184113173021	0.585388562490539	0
2C	-569.911384296709	1.46039615261827	0
2G	-566.751762294644	0.433558082540489	0
2T	-566.751762294618	0.433558062437431	0
3A	-567.071114415337	0.545092092205353	0
3C	-570.201748259951	1.45188565858547	0
3G	-566.751762259737	0.433558065410671	0
3T	-566.751762259737	0.43355860359623	0
4A	-566.964063837869	0.491163589771215	0
4C	-566.751762266278	0.433558304246254	0
4G	-566.751762266327	0.433557832774375	0
4T	-569.442688154871	1.47085017874555	0
5A	-566.793791363908	0.366109541182012	0
5C	-566.751762294627	0.433558168023844	0
5G	-570.198902869133	1.45076468481339	0
5T	-566.751762294591	0.433558164710717	0
6A	-570.578889839754	1.44446117404969	0
6C	-567.099995799022	0.876532393821236	0
6G	-566.751762267301	0.433558008921135	0
6T	-566.751762267277	0.433558145232826	0
7A	-566.783119451631	0.358800807780541	0
7C	-566.751762296988	0.433558111841357	0
7G	-566.751762296971	0.433557984433309	0
7T	-570.167244883092	1.45154690110935	0
8A	-566.807407518158	0.400292587781288	0
8C	-570.330166913177	1.44757921342017	0
8G	-566.751762271808	0.433558130698212	0
8T	-566.75176227179	0.433558134850585	0
9A	-570.263001273374	1.4491971634598	0
9C	-566.807625930645	0.381988746816668	0
9G	-566.751762285472	0.433558072575471	0
9T	-566.751762285444	0.43355812713952	0
10A	-567.178404027893	0.656234870468534	0
10C	-566.751762296818	0.433558103458417	0
10G	-567.259514365664	1.53418628451883	0
10T	-566.751762296794	0.433558130680987	0
neutral	-567.037441853365	1	0
