model	lik	mode	convergence
1A	-288.650736500413	2.90514379065432	0
1C	-379.262559590063	0.759657844592561	0
1G	-363.682665069918	0.43355813470092	0
1T	-363.682665069889	0.433558170272947	0
2A	-361.31246321759	2.29465576386085	0
2C	-363.682665044635	0.433558338740473	0
2G	-363.682665045132	0.433560229273749	0
2T	-320.78947901788	2.48996122792159	0
3A	-363.682665047427	0.433557937527567	0
3C	-363.682665047384	0.433558159696096	0
3G	-317.52546339285	2.50629411510838	0
3T	-363.717627994297	1.11096821355666	0
neutral	-363.968344971017	1	0
