posterior_mean	posterior_var	posterior_sd	posterior_quant	is_contained	PESL
2.92088150224817	0.0457123125301155	0.213804379118192	0.65217820982981	1	0.051972049216624
