posterior_mean	posterior_var	posterior_sd	posterior_quant	is_contained	PESL
2.52350592631702	0.00452937114830121	0.0673006028821526	0.366380721191042	1	0.00508189972030607
