posterior_mean	posterior_var	posterior_sd	posterior_quant	is_contained	PESL
2.53708135534618	0.00701534482654664	0.0837576553310003	0.332191599688591	1	0.00839037192758131
