posterior_mean	posterior_var	posterior_sd	posterior_quant	is_contained	PESL
1.52880013105221	0.0203822194805033	0.142766310733672	0.431849722536155	1	0.0212116670291314
