posterior_mean	posterior_var	posterior_sd	posterior_quant	is_contained	PESL
1.43812765126626	0.0283463075894948	0.168363617178697	0.656108467307237	1	0.0321744951272904
