model	lik	mode	convergence
1A	-136.846471589317	2.7424798887072	0
1C	-171.619238085081	0.433558131729283	0
1G	-174.970789476391	0.375313678638412	0
1T	-171.619238085076	0.433558282680294	0
2A	-171.619238052169	0.433558087273905	0
2C	-153.514760285453	2.54274349344998	0
2G	-171.663334285498	0.413082727317855	0
2T	-171.619238052306	0.433558431281136	0
neutral	-171.904917136411	1	0
