posterior_mean	posterior_var	posterior_sd	posterior_quant	is_contained	PESL
2.77132911186879	0.0793174727481114	0.281633578871752	0.795144313857935	1	0.131607847824153
