model	lik	mode	convergence
1A	-288.050956067553	1.32283258121836	0
1C	-287.629205425296	0.433558096781145	0
1G	-287.629205425281	0.43355805533291	0
1T	-301.288400220572	1.10330946702442	0
2A	-300.706660495831	1.15793351124624	0
2C	-287.629205424447	0.433558077503493	0
2G	-287.629205424418	0.433558033743088	0
2T	-287.66337887398	0.360558859552402	0
3A	-287.629205386123	0.433558058657717	0
3C	-287.629205386106	0.43355804395106	0
3G	-300.790416023805	1.15145885297597	0
3T	-287.930200429643	0.61356145480913	0
neutral	-287.914883472023	1	0
