posterior_mean	posterior_var	posterior_sd	posterior_quant	is_contained	PESL
2.59345814209446	0.0384416640402074	0.196065458559654	0.323776404452232	1	0.0471760883639459
