posterior_mean	posterior_var	posterior_sd	posterior_quant	is_contained	PESL
2.50863144592304	0.196236068008183	0.442985403831981	0.119507558042225	1	0.454942015789975
