posterior_mean	posterior_var	posterior_sd	posterior_quant	is_contained	PESL
1.40084883008316	0.0825202879869752	0.287263447008099	0.658014294054645	1	0.0923512424828568
