posterior_mean	posterior_var	posterior_sd	posterior_quant	is_contained	PESL
2.80764748991712	0.0404665580833039	0.201163013706058	0.0587781593110371	1	0.135113536135691
