posterior_mean	posterior_var	posterior_sd	posterior_quant	is_contained	PESL
1.02259551567621	0.480836748469038	0.693423931278001	0.811037301335186	1	0.708751790114863
