posterior_mean	posterior_var	posterior_sd	posterior_quant	is_contained	PESL
2.86114361086776	0.0512127953055691	0.226302442111368	0.735742380437247	1	0.0704938921080822
