model	lik	mode	convergence
1A	-516.748557529567	2.0879791240431	0
1C	-526.882119123886	0.433558155286564	0
1G	-526.882119123884	0.433558111769669	0
1T	-542.573811729729	1.01053906637955	0
2A	-539.335372220652	1.20589656120234	0
2C	-526.882119106392	0.433558201158308	0
2G	-526.882119106365	0.433558230381559	0
2T	-526.918006786577	0.515807897805469	0
3A	-540.226026554066	1.17169525752313	0
3C	-526.882119089172	0.433558303552342	0
3G	-526.882119089204	0.433558282553827	0
3T	-526.601493515856	0.949636482000987	0
neutral	-527.16779860583	1	0
