posterior_mean	posterior_var	posterior_sd	posterior_quant	is_contained	PESL
2.12879871888117	0.0855218389455603	0.292441171768888	0.893841936650983	1	0.223312230049836
