posterior_mean	posterior_var	posterior_sd	posterior_quant	is_contained	PESL
1.49969471255315	0.0168305369602621	0.129732559368349	0.512500722383644	1	0.0168306301606796
