posterior_mean	posterior_var	posterior_sd	posterior_quant	is_contained	PESL
2.9287938228528	0.0060206845662808	0.0775930703496182	0.820996239015104	1	0.0110910042301784
