posterior_mean	posterior_var	posterior_sd	posterior_quant	is_contained	PESL
3.03181439693482	0.0595720039844594	0.244073767505767	0.458675888908123	1	0.0605841598398255
