model	lik	mode	convergence
1A	-741.432688008861	2.3417199977045	0
1C	-864.857659965099	0.562532657467815	0
1G	-848.975085351844	0.4335581260487	0
1T	-848.975085351804	0.433558112186239	0
2A	-848.97508532632	0.43355811777671	0
2C	-848.975085325997	0.433558146485473	0
2G	-849.02645794057	0.406419281126225	0
2T	-761.500794073865	2.29869271097342	0
3A	-761.703379485935	2.29654051951093	0
3C	-848.97508531566	0.433558244035089	0
3G	-848.990687356589	0.428105694347529	0
3T	-848.975085315574	0.433557985409476	0
4A	-848.975085317127	0.43355796697744	0
4C	-848.975085317161	0.433558235248107	0
4G	-761.664786728127	2.2969411920448	0
4T	-849.001015266455	0.423705005392124	0
5A	-849.005357054645	0.421585756318493	0
5C	-848.975085317593	0.433558295316864	0
5G	-761.645765920118	2.29714036349673	0
5T	-848.975085317609	0.433557726621229	0
6A	-848.975085320561	0.433558182283773	0
6C	-763.593432293909	2.29078772124212	0
6G	-848.975085320563	0.433558132583701	0
6T	-848.258183512756	1.84323520245699	0
7A	-848.975085323455	0.43355815854417	0
7C	-761.539141231062	2.29827644065787	0
7G	-849.022603238228	0.410274397955977	0
7T	-848.975085323636	0.433558271223164	0
8A	-762.396677605467	2.29217782544646	0
8C	-848.975085317433	0.433558884417293	0
8G	-848.975085317278	0.433557631734407	0
8T	-848.815162669992	0.898930322352743	0
9A	-848.975085342134	0.433558104887853	0
9C	-848.975085342023	0.433557971521755	0
9G	-761.263495217496	2.30134730552361	0
9T	-849.032075830898	0.384816260633927	0
10A	-848.975085325073	0.433558146990998	0
10C	-761.518215368839	2.2985031157366	0
10G	-848.975085325073	0.433558072922512	0
10T	-849.024836953814	0.408157762994132	0
11A	-760.879033099644	2.30766370292968	0
11C	-849.295588386634	0.549449717453884	0
11G	-848.975085316764	0.433558241834666	0
11T	-848.975085316662	0.433558088432472	0
12A	-763.541821513763	2.28590045747657	0
12C	-848.975085319621	0.433558035628927	0
12G	-847.887416405408	2.09590630606797	0
12T	-848.975085319606	0.433558256655939	0
13A	-848.975085316277	0.433558306866966	0
13C	-761.679960389051	2.2967831067249	0
13G	-848.975085316501	0.433557820290759	0
13T	-848.997212044866	0.425418831004674	0
neutral	-849.260765371224	1	0
