posterior_mean	posterior_var	posterior_sd	posterior_quant	is_contained	PESL
2.3476817232996	0.0139605506944033	0.118154774319125	0.899540817902474	1	0.0371614081114295
