posterior_mean	posterior_var	posterior_sd	posterior_quant	is_contained	PESL
2.58690621908861	0.00864550755844168	0.0929812215366183	0.175326143500461	1	0.0161981988351853
