posterior_mean	posterior_var	posterior_sd	posterior_quant	is_contained	PESL
2.33681428534357	0.115952239592282	0.340517605407242	0.966754153711313	1	0.555767531716552
