posterior_mean	posterior_var	posterior_sd	posterior_quant	is_contained	PESL
4.88683605669979	1.21797043947062	1.10361698041966	0.0265007293047587	1	4.77812074433267
