model	lik	mode	convergence
1A	-732.556225861654	2.9654049584314	0
1C	-857.41585430542	0.4335579934761	0
1G	-872.061746283286	1.13572592900498	0
1T	-857.415854305369	0.433558160753897	0
2A	-857.415854291861	0.433558249029248	0
2C	-783.623244382401	2.12356855537748	0
2G	-857.415854291846	0.433558235777423	0
2T	-857.458720478438	0.413996950541429	0
3A	-857.415854299727	0.433558083702814	0
3C	-857.415854299666	0.433558203306428	0
3G	-857.470762533475	0.40162632899692	0
3T	-783.516918312164	2.12469921392407	0
4A	-782.093433143093	2.15760649094917	0
4C	-858.327747257022	1.02769843345861	0
4G	-857.415854301368	0.433558076737603	0
4T	-857.415854301339	0.433558194842616	0
5A	-857.417504798503	0.344211256913879	0
5C	-857.415854324243	0.433558048877916	0
5G	-857.415854324225	0.433557986392747	0
5T	-782.881133269722	2.13195529319389	0
6A	-857.415854306941	0.43355795284666	0
6C	-781.576644304934	2.16669159661561	0
6G	-858.370012112241	1.02825653776291	0
6T	-857.415854307104	0.433557965406794	0
7A	-857.415854306803	0.433558172920706	0
7C	-857.473810994254	0.392346932580704	0
7G	-783.430759577521	2.12563648149541	0
7T	-857.415854306704	0.433558172947924	0
8A	-855.304419258605	2.13830575794004	0
8C	-857.415854287958	0.433558124717032	0
8G	-787.261717658438	2.11129084707124	0
8T	-857.415854288049	0.433558431908979	0
9A	-857.307932817787	0.378219239905515	0
9C	-857.41585431556	0.433558056089023	0
9G	-781.031696871589	2.15317930136825	0
9T	-857.415854315524	0.433557897687138	0
10A	-857.54483633422	0.747115923100299	0
10C	-857.415854293286	0.433558547370151	0
10G	-783.998170864153	2.12205053806724	0
10T	-857.415854293244	0.43355807391411	0
11A	-857.473257228737	0.395723906361767	0
11C	-783.462806525869	2.12528579240163	0
11G	-857.415854304078	0.433558035191424	0
11T	-857.415854304049	0.433558064292698	0
12A	-856.696142679009	1.73307244918228	0
12C	-785.036829076215	2.11651478650183	0
12G	-857.415854323848	0.433558116558199	0
12T	-857.415854323821	0.433558134109418	0
neutral	-857.701533818832	1	0
