model	lik	mode	convergence
1A	-230.22196377874	2.52422454559593	0
1C	-245.535603774324	0.433558319525006	0
1G	-260.320982638162	0.992028349478819	0
1T	-245.535603774288	0.433558007484295	0
2A	-245.760620964393	0.528239328073505	0
2C	-253.732487758558	1.47805236336308	0
2G	-245.535603728375	0.433557805688558	0
2T	-245.535603728349	0.433557804220915	0
3A	-245.535603802398	0.433558078628815	0
3C	-245.606283781328	0.459229283934959	0
3G	-252.688507319559	1.52661133888169	0
3T	-245.535603802287	0.433558037488527	0
neutral	-245.821283031278	1	0
