model	lik	mode	convergence
1A	-1180.15094034871	2.45637184306129	0
1C	-1414.68592306562	0.43355788850025	0
1G	-1414.68592306561	0.433557882704731	0
1T	-1429.77500422721	0.695523318159598	0
2A	-1414.68592309577	0.433558116751253	0
2C	-1219.18257264414	2.29583863887122	0
2G	-1414.73918193241	0.377507802270123	0
2T	-1414.68592309599	0.433558183410352	0
3A	-1414.68592309026	0.433558121511962	0
3C	-1414.8841938484	0.687398578463833	0
3G	-1414.68592309025	0.433558294330415	0
3T	-1219.72186838798	2.29437941606624	0
4A	-1219.35767171475	2.29483748917729	0
4C	-1414.74387418868	0.392422947148523	0
4G	-1414.68592308529	0.433558347363519	0
4T	-1414.68592308526	0.43355821117281	0
5A	-1414.68592307207	0.433558129350368	0
5C	-1414.73207191239	0.411451185886322	0
5G	-1414.68592307202	0.433558383747017	0
5T	-1219.55566265206	2.2937463628648	0
6A	-1414.74151737056	0.400391756507891	0
6C	-1414.68592307919	0.433558115374656	0
6G	-1414.68592307918	0.433558294108878	0
6T	-1219.44400877875	2.29435579010852	0
7A	-1414.6859231046	0.433558091661431	0
7C	-1216.35678479134	2.31595028694748	0
7G	-1414.68592310466	0.433558081334559	0
7T	-1415.32723877788	0.676976849888819	0
8A	-1414.89377179787	0.699457683060531	0
8C	-1219.79055998455	2.29388019353844	0
8G	-1414.68592306658	0.433558279513216	0
8T	-1414.68592306659	0.433558267975316	0
9A	-1414.68592306583	0.43355804125079	0
9C	-1414.68592306578	0.433557875356107	0
9G	-1414.91806136765	0.972156586363213	0
9T	-1220.03539087	2.29398235382409	0
10A	-1414.6859230822	0.433558093881699	0
10C	-1414.68592308196	0.433558013867497	0
10G	-1413.33040149656	2.22793357285947	0
10T	-1222.08200299823	2.28767579649866	0
11A	-1405.87715220311	3.28339971359483	0
11C	-1228.84739976899	2.2717481084538	0
11G	-1414.68592308619	0.433558010698513	0
11T	-1414.68592308617	0.433558207963592	0
12A	-1414.68592306517	0.433558108134599	0
12C	-1414.8347749809	0.739678852352571	0
12G	-1219.95166265377	2.29305256917421	0
12T	-1414.68592306506	0.433558677289617	0
neutral	-1414.97160303047	1	0
