posterior_mean	posterior_var	posterior_sd	posterior_quant	is_contained	PESL
2.45954446293484	0.00780736596519558	0.0883593003887852	0.679871690953755	1	0.00944401644443848
