posterior_mean	posterior_var	posterior_sd	posterior_quant	is_contained	PESL
1.59229345272776	0.17313810128511	0.416098667728113	0.839824449776654	1	0.339362729973758
