posterior_mean	posterior_var	posterior_sd	posterior_quant	is_contained	PESL
3.14237394269262	0.0302196593734024	0.173838026258361	0.20805517006802	1	0.050489998931267
