model	lik	mode	convergence
1A	-651.960220868251	1.42500106082385	0
1C	-653.055311207273	0.433558075628863	0
1G	-671.13639013038	0.981192122765574	0
1T	-653.055311207245	0.433557993722189	0
2A	-653.098091132021	0.414059461269795	0
2C	-653.055311172541	0.433558226790656	0
2G	-653.055311172609	0.433558189833445	0
2T	-670.847856208602	1.0633047949922	0
3A	-653.055311190358	0.433558171091186	0
3C	-670.834875994902	1.06436960981401	0
3G	-653.055311190361	0.43355797415078	0
3T	-653.113186809006	0.388811701156054	0
4A	-653.055311190144	0.433558112696626	0
4C	-670.851848105541	1.06291394048273	0
4G	-653.353160068004	0.601113963177187	0
4T	-653.055311190401	0.433558476904121	0
5A	-670.843956718319	1.06362632974626	0
5C	-653.106973235034	0.406126642382481	0
5G	-653.055311177707	0.433558121569765	0
5T	-653.055311177659	0.433558089877481	0
6A	-653.055310453372	0.433556566725387	0
6C	-670.838671556809	1.06357605900279	0
6G	-653.05531045341	0.433556512868225	0
6T	-653.923598776691	0.901071646088469	0
7A	-653.055311189654	0.433558157114491	0
7C	-653.113282244976	0.389890341310294	0
7G	-653.055311189659	0.433557799090417	0
7T	-670.835467021114	1.06432146015057	0
8A	-653.055311193109	0.433558131354372	0
8C	-653.112450937288	0.385292561264179	0
8G	-653.055311193065	0.433557856916042	0
8T	-670.832923483302	1.06452845438695	0
9A	-653.055311172285	0.43355813796337	0
9C	-653.66990046919	0.70603764541975	0
9G	-670.812839884721	1.06602278632807	0
9T	-653.05531117216	0.433558166522545	0
10A	-653.05531120763	0.433558069419852	0
10C	-653.055311207435	0.433558060175821	0
10G	-653.481748483994	0.974468648591477	0
10T	-670.902851988904	1.05834906568783	0
neutral	-653.340991184044	1	0
