posterior_mean	posterior_var	posterior_sd	posterior_quant	is_contained	PESL
1.47443173812705	0.00198891258379365	0.0445972261894576	0.719079771331175	1	0.00264264859913404
