posterior_mean	posterior_var	posterior_sd	posterior_quant	is_contained	PESL
3.00820166072976	0.138979364801841	0.372799362662868	0.507980677886021	1	0.139046632040673
