model	lik	mode	convergence
1A	-656.637179682609	3.05429874173723	0
1C	-814.822509351151	0.433558038720789	0
1G	-828.382883490029	0.915157928554494	0
1T	-814.822509351122	0.433558178333329	0
2A	-697.417253149751	2.56692622238055	0
2C	-815.072434108692	0.498861106580268	0
2G	-814.82250934044	0.433557838992933	0
2T	-814.822509340427	0.433557908099634	0
3A	-814.880462192654	0.389620879358278	0
3C	-814.822509352857	0.43355815061084	0
3G	-814.822509352855	0.433558182710237	0
3T	-700.827658178373	2.52151834545999	0
4A	-702.539026293743	2.51327713958901	0
4C	-814.82250933461	0.433558160911804	0
4G	-814.556951870665	1.48771732712195	0
4T	-814.822509334596	0.433557901729266	0
5A	-814.822509332834	0.433558171462898	0
5C	-814.822509332113	0.433557820037003	0
5G	-814.852786412894	0.421582859785062	0
5T	-701.214056515592	2.51713368039972	0
6A	-814.822509333822	0.433558014446627	0
6C	-814.822509333676	0.433557732123555	0
6G	-701.18293006903	2.51747382889981	0
6T	-814.858111223432	0.418674624346483	0
7A	-814.88030749672	0.393774296930386	0
7C	-700.883577992906	2.52084551446282	0
7G	-814.822509349832	0.433558242284117	0
7T	-814.822509349809	0.433558159864385	0
8A	-814.822509361642	0.433558112585986	0
8C	-814.875844708799	0.377617600411582	0
8G	-814.822509361633	0.433557939085124	0
8T	-700.656316701619	2.52357640291881	0
9A	-814.822509361044	0.433558103586204	0
9C	-814.822509360886	0.43355814636651	0
9G	-700.669278663864	2.52341583467451	0
9T	-814.876426641404	0.378485534954367	0
10A	-721.08810361533	2.44176902362392	0
10C	-814.822509333265	0.433557950316714	0
10G	-795.830926897224	3.19408927882483	0
10T	-814.822509333184	0.433558239484618	0
11A	-814.865119292136	0.414182105846483	0
11C	-814.82250933572	0.433558244239704	0
11G	-814.822509335762	0.433557961648083	0
11T	-701.133051447323	2.51802483951852	0
12A	-701.25173960694	2.5167258515504	0
12C	-814.822509331522	0.433558191151214	0
12G	-814.82250933158	0.433558025144378	0
12T	-814.845192731695	0.425175500101315	0
13A	-814.853679419652	0.358687414277704	0
13C	-700.35116268579	2.52732541307909	0
13G	-814.822509370264	0.433558125278862	0
13T	-814.822509370254	0.433558142507014	0
neutral	-815.108187135098	1	0
