posterior_mean	posterior_var	posterior_sd	posterior_quant	is_contained	PESL
2.39582997731413	0.00387808885652689	0.0622743033403577	0.951315155949385	1	0.0147294824828421
