posterior_mean	posterior_var	posterior_sd	posterior_quant	is_contained	PESL
2.38907994620106	0.0181124944198767	0.134582667605738	0.796865991995253	1	0.0304157527546508
