lik	gamma	delta
-695.070684522604	0.00306492986469795	0.0728400739847015
-697.223374672302	0.00306492986469795	6.61069613519961e-05
-697.031042275058	0.00306492986469795	0.00935056612578965
-697.19585648162	0.00306492986469795	0.010635699436646
-697.223551893871	0.00306492986469795	6.61069613519961e-05
-696.91506466249	0.00306492986469795	0.010711956964442
-697.223351855982	0.00306492986469795	6.61069613519961e-05
-694.370029559402	0.00306492986469795	0.121382114728548
-697.223351649163	0.00306492986469795	6.61069613519961e-05
-695.959683230958	0.00306492986469795	0.0210876846669337
-697.223644844765	0.00306492986469795	6.61069613519961e-05
-697.223657028166	0.00306492986469795	6.61069613519961e-05
-697.223350305479	0.00306492986469795	6.61069613519961e-05
-695.942615874564	0.00306492986469795	0.0215799050490428
-697.223881954736	0.00306492986469795	6.61069613519961e-05
-697.223350305479	0.00306492986469795	6.61069613519961e-05
-695.857046400934	0.00306492986469795	0.0224952582777599
-697.223350056894	0.00306492986469795	6.61069613519961e-05
-697.224095738431	0.00306492986469795	6.61069613519961e-05
-697.223350056894	0.00306492986469795	6.61069613519961e-05
-697.223812646671	0.00306492986469795	6.61069613519961e-05
-696.699837733713	0.00306492986469795	0.0143880733207814
-697.223351796525	0.00306492986469795	6.61069613519961e-05
-695.629384364516	0.00306492986469795	0.0781286958451601
-697.223349798426	0.00306492986469795	6.61069613519961e-05
-697.223349798426	0.00306492986469795	6.61069613519961e-05
-697.223349798426	0.00306492986469795	6.61069613519961e-05
-696.146855158968	0.00306492986469795	0.0192766912048386
-697.223352633458	0.00306492986469795	6.61069613519961e-05
-697.223777299124	0.00306492986469795	6.61069613519961e-05
-695.914631826315	0.00306492986469795	0.0215187241164491
-697.223658012461	0.00306492986469795	6.61069613519961e-05
-697.22335024118	0.00306492986469795	6.61069613519961e-05
-697.22335024118	0.00306492986469795	6.61069613519961e-05
-697.03792551691	0.00306492986469795	0.129371529574263
-696.208935845224	0.00306492986469795	0.0187334381982755
-697.031218831827	0.00306492986469795	0.0200360207766849
-697.223350047044	0.00306492986469795	6.61069613519961e-05
-697.223350047044	0.00306492986469795	6.61069613519961e-05
-696.338009291789	0.00306492986469795	0.0191445497074524
-697.223349242739	0.00306492986469795	0
