model	lik	mode	convergence
1A	-334.429686740841	1.3660448260516	0
1C	-334.381057448022	0.433558245598428	0
1G	-334.381057448082	0.433558284804723	0
1T	-348.338977139442	1.0437188621546	0
2A	-335.236162493617	1.05605216932692	0
2C	-334.381057467816	0.433558014902121	0
2G	-334.381057467798	0.433557956793861	0
2T	-348.26961922651	1.05380833180263	0
3A	-334.986801022687	1.27626518137717	0
3C	-334.381057478104	0.433558148666073	0
3G	-334.381057478103	0.433558075599462	0
3T	-348.364407699892	1.01462872970651	0
4A	-348.166498855874	1.07444637071586	0
4C	-334.381057472868	0.433557973451729	0
4G	-334.357835613506	0.334927996042902	0
4T	-334.38105747285	0.43355794230032	0
5A	-334.803242368126	1.30740225807544	0
5C	-348.358491562383	1.03366635416871	0
5G	-334.381057454511	0.433558004035912	0
5T	-334.381057454488	0.433558242534265	0
neutral	-334.666735253037	1	0
