posterior_mean	posterior_var	posterior_sd	posterior_quant	is_contained	PESL
3.23634733398811	0.0271605537349011	0.164804592578305	0.0730338076951837	1	0.0830206160181827
