posterior_mean	posterior_var	posterior_sd	posterior_quant	is_contained	PESL
2.57853017998546	0.00449710215370132	0.0670604365755348	0.120107198977097	1	0.0106640913222796
