model	lik	mode	convergence
1A	-808.132172062032	2.04568175055043	0
1C	-889.567291249489	1.11139708466188	0
1G	-876.113020483415	0.433558096598504	0
1T	-876.113020483392	0.433558110943407	0
2A	-829.232735039926	1.84075577122019	0
2C	-876.113020491348	0.433558183787363	0
2G	-876.113020491291	0.433558210522657	0
2T	-876.165372565076	0.405296880982376	0
3A	-869.432905729325	2.3820682632328	0
3C	-876.113020496613	0.433558175044712	0
3G	-876.113020496632	0.433557947394413	0
3T	-836.681653609944	1.80307680106845	0
4A	-876.113020488213	0.433558144387299	0
4C	-876.160807942984	0.410033057704448	0
4G	-876.113020488229	0.433558284241189	0
4T	-829.262912634099	1.84043796783622	0
5A	-876.113020482084	0.433558405453516	0
5C	-829.326736077811	1.83977448105118	0
5G	-876.145140470581	0.420626500383588	0
5T	-876.113020482514	0.433558075275352	0
6A	-876.11302049782	0.433558125429875	0
6C	-874.726274860926	1.99313033798509	0
6G	-831.823585820227	1.82819707504202	0
6T	-876.113020497697	0.43355794689665	0
7A	-876.113020482763	0.433558104525259	0
7C	-876.144994980085	0.420703056500979	0
7G	-829.327186647064	1.83976983989254	0
7T	-876.113020482552	0.433558204459214	0
8A	-829.673949031162	1.83784005112949	0
8C	-876.113020491908	0.433558195916327	0
8G	-876.113020491876	0.433557965828407	0
8T	-876.186466413579	0.774337565768265	0
9A	-875.22919767542	1.96006457965585	0
9C	-830.881384486561	1.83015906211165	0
9G	-876.113020488683	0.433558075437834	0
9T	-876.113020488654	0.433558179901081	0
10A	-829.235549317577	1.84072602591108	0
10C	-876.113020490896	0.433558093025771	0
10G	-876.165011994539	0.405736652019572	0
10T	-876.113020490868	0.433558148422621	0
neutral	-876.398698380999	1	0
