posterior_mean	posterior_var	posterior_sd	posterior_quant	is_contained	PESL
2.04413163512575	0.00962769428126453	0.0981208147197348	0.331059084533989	1	0.0115752955001323
