model	lik	mode	convergence
1A	-825.367004009201	2.03473625753988	0
1C	-882.475011699288	0.433558112334559	0
1G	-885.192049308494	1.08729477707751	0
1T	-882.475011699282	0.433558082392882	0
2A	-882.47501131432	0.433558219318235	0
2C	-852.758610063912	1.66341000464163	0
2G	-882.69652465051	0.96771230182751	0
2T	-882.475011314473	0.433558044493341	0
3A	-882.475011295197	0.433558085218998	0
3C	-882.475011295136	0.433558072949907	0
3G	-852.599061334417	1.66502345222521	0
3T	-882.827355924549	0.876507796689154	0
4A	-882.475011297075	0.433558108973716	0
4C	-880.424084477052	2.33377421688266	0
4G	-854.810413373899	1.64842264715637	0
4T	-882.475011296914	0.433558018054575	0
5A	-882.475011303383	0.433558176922691	0
5C	-852.340314842339	1.66546458130844	0
5G	-882.525534287306	0.407355814851392	0
5T	-882.475011303457	0.433558042204828	0
6A	-882.5257183273	0.374240687924341	0
6C	-882.475011326969	0.433558156313115	0
6G	-882.475011326963	0.433558093729655	0
6T	-852.157627887201	1.66748578605423	0
7A	-876.083920239784	3.58612816930174	0
7C	-882.475011308542	0.433558096045482	0
7G	-856.716603207941	1.63236401736399	0
7T	-882.475011308542	0.433558102956082	0
8A	-851.930912184339	1.67010540660913	0
8C	-882.468201401899	0.34082934308817	0
8G	-882.475011330059	0.433558095123973	0
8T	-882.475011330042	0.433558021986861	0
9A	-882.47501130614	0.433558293558795	0
9C	-852.319306142064	1.66569233472724	0
9G	-882.528912064392	0.403213974125936	0
9T	-882.475011306231	0.433558205778627	0
neutral	-882.760687860247	1	0
