posterior_mean	posterior_var	posterior_sd	posterior_quant	is_contained	PESL
2.39649145236712	0.0830816668299771	0.28823890582289	0.653340815921999	1	0.0937956862630475
