posterior_mean	posterior_var	posterior_sd	posterior_quant	is_contained	PESL
1.61345992149763	0.00470279519169022	0.0685769290045145	0.0464080336994908	1	0.017575948977889
