posterior_mean	posterior_var	posterior_sd	posterior_quant	is_contained	PESL
2.01097427573086	0.0039325695342577	0.0627102027923503	0.434506029698176	1	0.0040530042620733
