posterior_mean	posterior_var	posterior_sd	posterior_quant	is_contained	PESL
1.09459493406649	0.381758684765686	0.6178662353339	0.789712242187365	1	0.546111952240369
