posterior_mean	posterior_var	posterior_sd	posterior_quant	is_contained	PESL
2.46220166090234	0.0155066333550815	0.124525633325358	0.625086252987015	1	0.016935347793621
