model	lik	mode	convergence
1A	-396.866309578228	2.07270152063225	0
1C	-443.722665994147	0.9584531271751	0
1G	-430.301119438864	0.433558066739989	0
1T	-430.301119438828	0.433558050897252	0
2A	-417.563652559943	1.76608208810778	0
2C	-430.30111942033	0.433558174476733	0
2G	-430.653781786234	0.868390718288016	0
2T	-430.301119420325	0.433558171847776	0
3A	-430.301119443203	0.433558076778107	0
3C	-430.556600159798	0.607121259286212	0
3G	-430.301119443176	0.433557957576477	0
3T	-417.277161127761	1.76980634809863	0
4A	-418.977869468002	1.76123852251057	0
4C	-430.061953428614	1.54285818661165	0
4G	-430.301119416097	0.433558029881309	0
4T	-430.301119416055	0.43355821398012	0
neutral	-430.586796896219	1	0
