posterior_mean	posterior_var	posterior_sd	posterior_quant	is_contained	PESL
2.08525260580651	0.0260359865434948	0.161356705914241	0.305113627187589	1	0.0333039933402917
