model	lik	mode	convergence
1A	-365.503747951922	0.84705872778851	0
1C	-364.803133040707	0.433558015245358	0
1G	-378.231835331569	1.00876283110285	0
1T	-364.803133040666	0.433558077932134	0
2A	-364.803133030908	0.433558110368509	0
2C	-365.11206868969	0.564425036359328	0
2G	-378.239109324242	1.0130363364679	0
2T	-364.803133030805	0.433558234699019	0
3A	-364.803133040376	0.433558093421393	0
3C	-364.803133040248	0.433558016691469	0
3G	-365.402177486644	1.22813114138132	0
3T	-378.220986704228	0.982449319655059	0
4A	-366.891760633468	1.11013793126877	0
4C	-364.803133727281	0.433558073456629	0
4G	-364.803133727263	0.433558005483112	0
4T	-367.150828639577	0.873346632351497	0
5A	-364.803133027654	0.433558138255088	0
5C	-366.11623147726	1.06979011367147	0
5G	-364.803133027652	0.433557989109694	0
5T	-378.151408883469	0.983343891569543	0
6A	-364.803133011138	0.433558118319064	0
6C	-365.953969049085	1.08798623121295	0
6G	-364.803133011162	0.433558282860445	0
6T	-378.182777339165	0.985199728961024	0
7A	-364.803133036423	0.433558136133097	0
7C	-378.215801317284	1.02183638292417	0
7G	-365.012263859787	0.456219976474709	0
7T	-364.803133036604	0.433558219678254	0
neutral	-365.088808776764	1	0
