model	lik	mode	convergence
1A	-1133.72146307907	1.41468695640747	0
1C	-1142.57128506633	0.433558417946695	0
1G	-1142.57128506649	0.433558035234742	0
1T	-1160.36748783856	1.02435164815349	0
2A	-1142.5712851028	0.43355812881753	0
2C	-1154.46945363288	1.19869318987987	0
2G	-1142.85195192255	0.597745647086906	0
2T	-1142.57128510298	0.433557923386472	0
3A	-1142.57128507421	0.433558194588423	0
3C	-1154.58979940212	1.19650740141179	0
3G	-1142.6572044043	0.76987409946122	0
3T	-1142.57128507454	0.433558227529159	0
4A	-1144.07448239644	1.05181696538695	0
4C	-1154.41127173524	1.2073115602171	0
4G	-1142.57128509194	0.433558063810559	0
4T	-1142.57128509189	0.433558116917215	0
5A	-1142.58770465164	1.28208896819571	0
5C	-1154.76289246163	1.19387349460486	0
5G	-1142.57128509152	0.433558148382979	0
5T	-1142.5712850915	0.433558148308041	0
6A	-1142.93063290326	1.30220202533312	0
6C	-1154.87669576609	1.19277725614089	0
6G	-1142.57128509855	0.433558084853536	0
6T	-1142.57128509853	0.433558125900594	0
7A	-1154.29934653705	1.20152925687111	0
7C	-1142.57128507662	0.433557929594833	0
7G	-1142.57128507658	0.433557817153841	0
7T	-1142.508796081	0.323056684878335	0
8A	-1142.57128508379	0.433558169847348	0
8C	-1154.43482710589	1.19903772318043	0
8G	-1142.57128508384	0.433558121213858	0
8T	-1142.62890466858	0.394783286360502	0
9A	-1154.38853744537	1.19988024615933	0
9C	-1142.61451045619	0.367066608917906	0
9G	-1142.5712851022	0.433558239964142	0
9T	-1142.57128510218	0.433558064344513	0
10A	-1142.57128510425	0.433558042580039	0
10C	-1143.28790065604	0.696657317150313	0
10G	-1153.89147371654	1.21054720676091	0
10T	-1142.57128510416	0.433558266984074	0
11A	-1142.57128509393	0.433558073556956	0
11C	-1143.53480820847	0.978767287612718	0
11G	-1142.57128509392	0.433558041937721	0
11T	-1154.50062044818	1.1999215244726	0
neutral	-1142.85696506124	1	0
