posterior_mean	posterior_var	posterior_sd	posterior_quant	is_contained	PESL
1.42158295742363	0.00977339562144151	0.0988604856423511	0.788776789138999	1	0.0159226281859779
