posterior_mean	posterior_var	posterior_sd	posterior_quant	is_contained	PESL
2.4758078527012	0.00675108247610625	0.0821649711014752	0.619642655633915	1	0.00733634246704586
