posterior_mean	posterior_var	posterior_sd	posterior_quant	is_contained	PESL
1.93610851103013	0.0023554805077928	0.0485332927771524	0.904998324962173	1	0.00643760517463068
