posterior_mean	posterior_var	posterior_sd	posterior_quant	is_contained	PESL
2.15262548850935	0.0545238144911356	0.233503350064053	0.263303894270415	1	0.0778183542338446
