posterior_mean	posterior_var	posterior_sd	posterior_quant	is_contained	PESL
2.17864330152771	0.0193084973938852	0.13895501931879	0.0965946186858273	1	0.0512219265745984
