posterior_mean	posterior_var	posterior_sd	posterior_quant	is_contained	PESL
1.84763625608581	0.00909873018946512	0.0953872642938517	0.942077083551655	1	0.0323134406490458
