posterior_mean	posterior_var	posterior_sd	posterior_quant	is_contained	PESL
1.85407024755343	0.0463027196441967	0.215180667449929	0.757996572439363	1	0.0675982122933248
