posterior_mean	posterior_var	posterior_sd	posterior_quant	is_contained	PESL
1.53732295981782	0.00267147288491379	0.051686293008048	0.236750153061469	1	0.0040644762144582
