model	lik	mode	convergence
1A	-1056.9954492034	1.46369248067196	0
1C	-1078.94197512961	1.10641077482765	0
1G	-1065.80185518346	0.433558063645622	0
1T	-1065.80185518344	0.433558094357929	0
2A	-1065.80185521219	0.43355805791211	0
2C	-1071.5649312003	1.2412373019464	0
2G	-1065.82197431234	0.352626354758082	0
2T	-1065.80185521232	0.433557947979479	0
3A	-1071.67499675477	1.23944278673053	0
3C	-1065.85309910445	0.406565385024867	0
3G	-1065.80185518218	0.43355804030184	0
3T	-1065.80185518214	0.433558144373111	0
4A	-1065.85553615795	0.403532209160639	0
4C	-1065.80185518403	0.433558005451922	0
4G	-1071.66954277945	1.23953062202098	0
4T	-1065.80185518403	0.433558221043381	0
5A	-1065.75712430064	0.328091365420003	0
5C	-1065.80185519327	0.433557928913563	0
5G	-1071.50333522847	1.24226050559433	0
5T	-1065.80185519323	0.433557861246177	0
6A	-1071.44029857024	1.24332050296858	0
6C	-1065.66801386858	0.306267890443795	0
6G	-1065.80185512797	0.433557826610355	0
6T	-1065.80185512796	0.433557663677906	0
7A	-1065.80185507403	0.433557660964327	0
7C	-1071.46582285725	1.24328411368318	0
7G	-1065.98128994625	0.44978565867948	0
7T	-1065.80185507416	0.433557401378622	0
8A	-1065.80185517407	0.433558112164313	0
8C	-1065.83045748213	0.422423014181335	0
8G	-1065.80185517398	0.433557870161272	0
8T	-1071.70188621016	1.23901148135062	0
9A	-1065.8018552077	0.433558018533795	0
9C	-1065.80185520764	0.433557921200776	0
9G	-1071.53483357606	1.24173566021156	0
9T	-1065.79339317713	0.340201706869566	0
10A	-1071.47580694603	1.24305459605639	0
10C	-1065.8018550524	0.433557629304196	0
10G	-1065.99315104839	0.4600544641755	0
10T	-1065.8018550524	0.433557762857396	0
neutral	-1066.08753260628	1	0
