posterior_mean	posterior_var	posterior_sd	posterior_quant	is_contained	PESL
1.5254442836218	0.221490924100273	0.47062822280466	0.522400005032218	1	0.222138335669297
