posterior_mean	posterior_var	posterior_sd	posterior_quant	is_contained	PESL
2.42507303478914	0.00913137710049824	0.0955582393124645	0.785023547019009	1	0.0147454272161694
