posterior_mean	posterior_var	posterior_sd	posterior_quant	is_contained	PESL
2.60490663702548	0.066701722193273	0.258266765560869	0.352572256250183	1	0.0777071246852716
