posterior_mean	posterior_var	posterior_sd	posterior_quant	is_contained	PESL
1.3761796047141	0.0616816265229366	0.24835785979698	0.707221391105523	1	0.077013116811656
