posterior_mean	posterior_var	posterior_sd	posterior_quant	is_contained	PESL
2.56272105657465	0.328768787988139	0.573383630729147	0.486854491919802	1	0.332702718925105
