posterior_mean	posterior_var	posterior_sd	posterior_quant	is_contained	PESL
2.72148797997183	0.0415326638892362	0.203795642468715	0.137263911878183	1	0.0905895891611917
