model	lik	mode	convergence
1A	-1369.33770137156	2.47658763885881	0
1C	-1577.54461574286	0.433558150269052	0
1G	-1577.54461574289	0.433558387385031	0
1T	-1591.24084412676	0.958371906675943	0
2A	-1577.54461575746	0.433558205216959	0
2C	-1438.22035341273	2.00030626135817	0
2G	-1576.77338496231	1.87710200918467	0
2T	-1577.54461575763	0.433557721396133	0
3A	-1577.54461576336	0.433558132955189	0
3C	-1573.56340758211	2.25703116755085	0
3G	-1577.54461576333	0.433558274077364	0
3T	-1441.98091265558	1.99488802702752	0
4A	-1577.54461574977	0.433558141253813	0
4C	-1438.2089305336	1.99936462063957	0
4G	-1577.54461574981	0.433558116668411	0
4T	-1576.43352205289	2.09783691553238	0
5A	-1574.78086296685	2.66727695761374	0
5C	-1577.54461573954	0.433558403335717	0
5G	-1577.54461573968	0.433557663496359	0
5T	-1440.03466590941	1.99496985123626	0
6A	-1577.54461573701	0.433558382244806	0
6C	-1437.04705419085	2.00322296019211	0
6G	-1577.54461573743	0.433557351724406	0
6T	-1577.5828032509	0.802944194055054	0
7A	-1577.54461573747	0.433558225261857	0
7C	-1436.64055787692	2.00429025007299	0
7G	-1577.54461573761	0.433557829111178	0
7T	-1577.56188917755	0.427444550354282	0
8A	-1577.54461577667	0.433558035321967	0
8C	-1577.5446157765	0.433558192887362	0
8G	-1577.55207778685	0.346679340386731	0
8T	-1435.92414452133	2.00822759071454	0
9A	-1577.54461577701	0.433558043128807	0
9C	-1577.5446157769	0.433557922402589	0
9G	-1436.99503105587	2.01564592426907	0
9T	-1577.84763851662	1.36264119466682	0
10A	-1577.81768973996	0.496953743786363	0
10C	-1577.54461577749	0.43355800065757	0
10G	-1577.54461577747	0.43355819210487	0
10T	-1435.67773944309	2.01039991875119	0
11A	-1577.57712432515	0.420420812902056	0
11C	-1577.54461573957	0.433558113775788	0
11G	-1577.54461573966	0.433558036644114	0
11T	-1436.59251917128	2.00453547736765	0
12A	-1577.77003921599	0.470984755765285	0
12C	-1577.54461573274	0.43355786619755	0
12G	-1435.45422084981	2.01193001549052	0
12T	-1577.5446157327	0.433557930571478	0
neutral	-1577.83029229089	1	0
