model	lik	mode	convergence
1A	-213.152822612849	2.23145402909263	0
1C	-230.590219840618	0.433558233568857	0
1G	-246.475132915036	0.925698927784319	0
1T	-230.59021984061	0.433557974257308	0
2A	-236.209365127604	1.6595396015616	0
2C	-230.590219858461	0.433558107566662	0
2G	-229.877287091225	1.76616149967601	0
2T	-230.590219858431	0.43355824208874	0
3A	-230.590219858127	0.433558118243162	0
3C	-230.590219857903	0.433558064334041	0
3G	-231.209062148121	0.739605256366279	0
3T	-234.498078365556	1.73182083003517	0
neutral	-230.875899710869	1	0
