posterior_mean	posterior_var	posterior_sd	posterior_quant	is_contained	PESL
3.1328229853842	0.0627954446467495	0.250590192638797	0.30472985801887	1	0.0804373900931305
