posterior_mean	posterior_var	posterior_sd	posterior_quant	is_contained	PESL
2.89683254306558	0.0253278565176311	0.159147279328398	0.745054735414665	1	0.0359713806833703
