posterior_mean	posterior_var	posterior_sd	posterior_quant	is_contained	PESL
1.54580091694965	0.00433224841646442	0.0658198178094138	0.245534733411152	1	0.00642997240986985
