posterior_mean	posterior_var	posterior_sd	posterior_quant	is_contained	PESL
1.42099603367304	0.0104746080345417	0.10234553255781	0.782895979758622	1	0.0167162347298961
