posterior_mean	posterior_var	posterior_sd	posterior_quant	is_contained	PESL
2.0686820437814	0.0223683025530573	0.149560364244867	0.329902921853361	1	0.0270855256910435
