posterior_mean	posterior_var	posterior_sd	posterior_quant	is_contained	PESL
1.66845402187847	0.00815729949666364	0.0903177695509784	0.0278222613408246	1	0.0365340570201425
