posterior_mean	posterior_var	posterior_sd	posterior_quant	is_contained	PESL
2.57315289185742	0.0172847254612018	0.131471386473262	0.292984022071442	1	0.0226360710475975
