lik	gamma	delta
-871.417552940555	0.00135321243918107	0.00108771137725263
-870.676033292526	0.00135321243918107	0.0163662601492305
-871.419383388615	0.00135321243918107	6.61069613519961e-05
-871.41915573657	0.00135321243918107	6.61069613519961e-05
-871.419104897322	0.00135321243918107	6.61069613519961e-05
-871.38051398319	0.00135321243918107	0.0438149533511199
-870.980898558937	0.00135321243918107	0.0102537182138576
-871.418939445964	0.00135321243918107	6.61069613519961e-05
-870.887943386624	0.00135321243918107	0.0113242788528102
-871.419555785098	0.00135321243918107	6.61069613519961e-05
-871.418940715281	0.00135321243918107	6.61069613519961e-05
-871.418940715281	0.00135321243918107	6.61069613519961e-05
-871.419287236256	0.00135321243918107	6.61069613519961e-05
-871.099991841014	0.00135321243918107	0.00921184323350153
-870.625792084274	0.00135321243918107	0.0908503000872552
-871.418939712669	0.00135321243918107	6.61069613519961e-05
-870.555741467792	0.00135321243918107	0.0149004296188833
-871.421137935862	0.00135321243918107	6.61069613519961e-05
-871.418939076485	0.00135321243918107	6.61069613519961e-05
-871.418939076485	0.00135321243918107	6.61069613519961e-05
-871.418939028261	0.00135321243918107	6.61069613519961e-05
-871.418939028261	0.00135321243918107	6.61069613519961e-05
-871.419030838575	0.00135321243918107	6.61069613519961e-05
-870.975897274962	0.00135321243918107	0.0102703364016616
-870.990094955976	0.00135321243918107	0.0100948484635704
-871.418938989986	0.00135321243918107	6.61069613519961e-05
-871.418938989986	0.00135321243918107	6.61069613519961e-05
-871.418938989986	0.00135321243918107	6.61069613519961e-05
-870.990094955976	0.00135321243918107	0.0100948484635704
-871.418938989986	0.00135321243918107	6.61069613519961e-05
-871.418938989986	0.00135321243918107	6.61069613519961e-05
-871.418938989986	0.00135321243918107	6.61069613519961e-05
-871.418938989986	0.00135321243918107	6.61069613519961e-05
-871.418938989986	0.00135321243918107	6.61069613519961e-05
-871.418938989986	0.00135321243918107	6.61069613519961e-05
-870.990094955976	0.00135321243918107	0.0100948484635704
-870.938630654024	0.00135321243918107	0.010723486157615
-871.418939466906	0.00135321243918107	6.61069613519961e-05
-871.418939466906	0.00135321243918107	6.61069613519961e-05
-871.419261987255	0.00135321243918107	6.61069613519961e-05
-871.418938799506	0.00135321243918107	0
