posterior_mean	posterior_var	posterior_sd	posterior_quant	is_contained	PESL
2.90988063214444	0.0284214347967976	0.168586579527546	0.708310714205214	1	0.0365429352623733
