posterior_mean	posterior_var	posterior_sd	posterior_quant	is_contained	PESL
1.99710385169935	0.00271845332064055	0.0521387890216157	0.52560495608898	1	0.00272684099584507
