posterior_mean	posterior_var	posterior_sd	posterior_quant	is_contained	PESL
2.99742906510231	0.0119345501921649	0.109245366913956	0.514233553997484	1	0.0119411598984139
