model	lik	mode	convergence
1A	-704.966318185656	1.29122545504911	0
1C	-719.236837816621	1.00863458804284	0
1G	-704.420786873722	0.433558268024672	0
1T	-704.420786873737	0.433558142266803	0
2A	-719.179031306998	1.02878925954659	0
2C	-704.420786909045	0.433558019341429	0
2G	-704.801348022221	0.803945021927822	0
2T	-704.42078690904	0.433558026300932	0
3A	-704.420786874041	0.433558134658574	0
3C	-719.24676840136	1.01157895551824	0
3G	-704.267062288738	1.53841935298584	0
3T	-704.420786874253	0.433558061400156	0
4A	-704.420786882987	0.433558146534056	0
4C	-704.475925818642	0.401228522266704	0
4G	-704.420786882986	0.433557934990858	0
4T	-719.161484320562	1.0320932355479	0
5A	-704.420786885636	0.433558174314183	0
5C	-719.159082072757	1.03154782562597	0
5G	-704.420786885709	0.433558109764722	0
5T	-705.040698678488	0.765175710238891	0
6A	-704.420786909185	0.433558061615462	0
6C	-704.420786909032	0.433557914354557	0
6G	-719.179031307126	1.02878926276168	0
6T	-704.801348022324	0.803945067377458	0
7A	-704.420786909103	0.433558099466575	0
7C	-719.170395418693	1.03045067391046	0
7G	-704.663923060639	0.619294689109921	0
7T	-704.420786909323	0.433558069879688	0
8A	-704.420786897483	0.433558201126358	0
8C	-719.189101048612	1.02645679517034	0
8G	-705.016015144815	0.986258957240176	0
8T	-704.420786897627	0.433557835016571	0
9A	-719.142830821811	1.03462345005076	0
9C	-704.420786907371	0.433558093830012	0
9G	-704.420786907335	0.433558228056221	0
9T	-704.423792721343	0.344774423448994	0
10A	-704.420786881402	0.43355811046441	0
10C	-704.47453062129	0.40344230292585	0
10G	-704.420786881408	0.433558069998325	0
10T	-719.162092154121	1.03200664776668	0
11A	-704.420786909191	0.433558085087815	0
11C	-704.448791057818	0.356866870467435	0
11G	-704.420786909185	0.433558073896914	0
11T	-719.147385117555	1.0340172934861	0
neutral	-704.706465444571	1	0
