lik	gamma	delta
-810.38990117883	0.0020140767880167	0.191309441597018
-818.669604220722	0.0020140767880167	6.61069613519961e-05
-818.45678882194	0.0020140767880167	0.008031900410021
-818.672058983367	0.0020140767880167	6.61069613519961e-05
-817.683950340688	0.0020140767880167	0.0172170084514197
-818.669541978658	0.0020140767880167	6.61069613519961e-05
-818.46218642782	0.0020140767880167	0.0224453079226287
-818.669529374077	0.0020140767880167	0.000429981065963536
-818.669584819582	0.0020140767880167	6.61069613519961e-05
-818.669777652585	0.0020140767880167	6.61069613519961e-05
-817.390975041911	0.0020140767880167	0.0186617255250616
-818.669545166881	0.0020140767880167	6.61069613519961e-05
-818.669541886889	0.0020140767880167	6.61069613519961e-05
-811.241225056465	0.0020140767880167	0.132733188637352
-818.67011979525	0.0020140767880167	6.61069613519961e-05
-818.669541886889	0.0020140767880167	6.61069613519961e-05
-818.669527088235	0.0020140767880167	0.00043809436966957
-817.487057208506	0.0020140767880167	0.0177602968477167
-818.669541629454	0.0020140767880167	6.61069613519961e-05
-818.669541629454	0.0020140767880167	6.61069613519961e-05
-818.669708098893	0.0020140767880167	6.61069613519961e-05
-818.669545890078	0.0020140767880167	6.61069613519961e-05
-818.670285536231	0.0020140767880167	6.61069613519961e-05
-817.228843803773	0.0020140767880167	0.0197979934907237
-818.670396266427	0.0020140767880167	6.61069613519961e-05
-818.669542621712	0.0020140767880167	6.61069613519961e-05
-818.669770168857	0.0020140767880167	6.61069613519961e-05
-809.147064119902	0.0020140767880167	0.172667161409152
-818.669541634327	0.0020140767880167	6.61069613519961e-05
-818.248262137662	0.0020140767880167	0.0234865215352185
-818.669541634327	0.0020140767880167	6.61069613519961e-05
-817.894880669959	0.0020140767880167	0.0159176125433662
-818.669541492083	0.0020140767880167	6.61069613519961e-05
-818.669541492083	0.0020140767880167	6.61069613519961e-05
-817.50597189924	0.0020140767880167	0.0174713608806102
-818.669541492083	0.0020140767880167	6.61069613519961e-05
-818.669541492083	0.0020140767880167	6.61069613519961e-05
-818.669541492083	0.0020140767880167	6.61069613519961e-05
-818.669541492083	0.0020140767880167	6.61069613519961e-05
-817.50597189924	0.0020140767880167	0.0174713608806065
-818.669540919969	0.0020140767880167	0
