posterior_mean	posterior_var	posterior_sd	posterior_quant	is_contained	PESL
3.06508157631623	0.0134243798932518	0.115863626273528	0.290096351566768	1	0.0176599914690386
