posterior_mean	posterior_var	posterior_sd	posterior_quant	is_contained	PESL
1.65094696005478	0.0585355047002401	0.241941118250371	0.919189287452598	1	0.180373529395208
