posterior_mean	posterior_var	posterior_sd	posterior_quant	is_contained	PESL
1.63581006522704	0.069612945398127	0.263842652727202	0.317442290242569	1	0.0880573192149215
