posterior_mean	posterior_var	posterior_sd	posterior_quant	is_contained	PESL
3.07713803909071	0.0629462300194226	0.250890872730402	0.388713288781916	1	0.068896507094166
