posterior_mean	posterior_var	posterior_sd	posterior_quant	is_contained	PESL
0.745626129702722	0.0580831566152343	0.241004474263932	0.99417293156709	0	0.627163092802499
