posterior_mean	posterior_var	posterior_sd	posterior_quant	is_contained	PESL
1.11200029758353	0.0287393997993455	0.169526988409945	0.982726917269799	0	0.179283168874552
