posterior_mean	posterior_var	posterior_sd	posterior_quant	is_contained	PESL
1.51197173020528	0.0087035490785506	0.0932928136490191	0.456985074956677	1	0.00884687140243591
