posterior_mean	posterior_var	posterior_sd	posterior_quant	is_contained	PESL
2.35888994013432	0.0396087925364143	0.199019578274134	0.7653068771138	1	0.0595208415316562
