model	lik	mode	convergence
1A	-268.734022202976	2.64410594364918	0
1C	-304.894783990681	0.844023860639705	0
1G	-290.685826411434	0.433557893068259	0
1T	-290.685826411408	0.433557900388967	0
2A	-290.685826419503	0.433558133886627	0
2C	-290.739601904226	0.403396484540204	0
2G	-296.368149157116	1.58118528179551	0
2T	-290.685826419416	0.433558324307097	0
3A	-283.278725846979	1.61872303928493	0
3C	-290.685827444382	0.433558036940549	0
3G	-290.685827444356	0.433558052773314	0
3T	-291.550999260167	0.357504577978857	0
4A	-290.685826419248	0.433558227628393	0
4C	-296.368149157121	1.58118528063857	0
4G	-290.685826419427	0.433558071824078	0
4T	-290.739601904165	0.403396497871072	0
5A	-290.685826441018	0.43355813903977	0
5C	-296.214905539709	1.58804356007888	0
5G	-290.735185863145	0.372746040260742	0
5T	-290.685826441167	0.433558169484404	0
6A	-290.685826447167	0.43355805535858	0
6C	-301.37514284384	1.40002476433474	0
6G	-290.685826447181	0.433557925724966	0
6T	-283.635939254318	2.73765415428848	0
neutral	-290.971505632423	1	0
