posterior_mean	posterior_var	posterior_sd	posterior_quant	is_contained	PESL
2.50019414677132	0.122453991938769	0.349934268025823	0.518632376453548	1	0.122454029631731
