lik	gamma	delta
-891.919076700953	0.0022396561140054	0.123050346038486
-915.214758813636	0.0022396561140054	6.61069613519961e-05
-915.214614877936	0.0022396561140054	6.61069613519961e-05
-915.219118777934	0.0022396561140054	6.61069613519961e-05
-911.160920565166	0.0022396561140054	0.16848658694276
-907.807908840715	0.0022396561140054	0.0472019382650397
-915.03320224132	0.0022396561140054	0.116652492693418
-915.214764350115	0.0022396561140054	6.61069613519961e-05
-915.111157918392	0.0022396561140054	0.0282142800236936
-915.214593991596	0.0022396561140054	6.61069613519961e-05
-905.41702357231	0.0022396561140054	0.0540012391135473
-915.214593991596	0.0022396561140054	6.61069613519961e-05
-907.439462605904	0.0022396561140054	0.0493574130317477
-915.214596193763	0.0022396561140054	6.61069613519961e-05
-915.214596790253	0.0022396561140054	6.61069613519961e-05
-912.443554567111	0.0022396561140054	0.106653253417864
-915.216348858514	0.0022396561140054	6.61069613519961e-05
-903.680839524632	0.0022396561140054	0.0593786593548394
-915.214596209976	0.0022396561140054	6.61069613519961e-05
-915.214596209976	0.0022396561140054	6.61069613519961e-05
-905.382408174331	0.0022396561140054	0.0530821429278022
-915.214593854559	0.0022396561140054	6.61069613519961e-05
-915.214593854559	0.0022396561140054	6.61069613519961e-05
-915.214593854559	0.0022396561140054	6.61069613519961e-05
-905.382408174331	0.0022396561140054	0.0530821429278022
-915.214593854559	0.0022396561140054	6.61069613519961e-05
-915.214593854559	0.0022396561140054	6.61069613519961e-05
-915.214593854559	0.0022396561140054	6.61069613519961e-05
-915.215082207748	0.0022396561140054	6.61069613519961e-05
-915.214678138162	0.0022396561140054	6.61069613519961e-05
-903.892853411566	0.0022396561140054	0.0609284674095694
-915.214596862023	0.0022396561140054	6.61069613519961e-05
-915.214594230911	0.0022396561140054	6.61069613519961e-05
-912.713715966056	0.0022396561140054	0.0907170161201911
-907.494088568469	0.0022396561140054	0.0492546535959768
-915.214594230911	0.0022396561140054	6.61069613519961e-05
-915.214594794494	0.0022396561140054	6.61069613519961e-05
-915.215089741975	0.0022396561140054	6.61069613519961e-05
-915.215952048474	0.0022396561140054	6.61069613519961e-05
-902.718378238983	0.0022396561140054	0.0648637873236659
-915.214592962222	0.0022396561140054	0
