posterior_mean	posterior_var	posterior_sd	posterior_quant	is_contained	PESL
1.36670445986182	0.00452637791142619	0.0672783613907636	0.973595553901263	1	0.0222940789321945
