lik	gamma	delta
-2404.50106323912	0.00133790430769806	0.360249858067948
-2924.72727856519	0.00133790430769806	6.61069613519961e-05
-2924.69334437583	0.00133790430769806	0.00589529377466096
-2924.72726004379	0.00133790430769806	6.61069613519961e-05
-2437.17061882503	0.00133790430769806	0.328605782004836
-2923.14156337713	0.00133790430769806	0.4746972916664
-2924.72773946217	0.00133790430769806	6.61069613519961e-05
-2924.72726704932	0.00133790430769806	6.61069613519961e-05
-2924.72733513998	0.00133790430769806	6.61069613519961e-05
-2446.16014598711	0.00133790430769806	0.315739094715651
-2924.72720535558	0.00133790430769806	6.61069613519961e-05
-2924.72720535558	0.00133790430769806	6.61069613519961e-05
-2921.37375323162	0.00133790430769806	0.757120756204308
-2924.72733699036	0.00133790430769806	6.61069613519961e-05
-2924.72720536154	0.00133790430769806	6.61069613519961e-05
-2448.91841949286	0.00133790430769806	0.314980328842099
-2924.72720527978	0.00133790430769806	6.61069613519961e-05
-2924.72720527978	0.00133790430769806	6.61069613519961e-05
-2924.72720527978	0.00133790430769806	6.61069613519961e-05
-2446.84384274661	0.00133790430769806	0.315206758496377
-2924.72720535913	0.00133790430769806	6.61069613519961e-05
-2924.72724676332	0.00133790430769806	6.61069613519961e-05
-2924.72733157092	0.00133790430769806	6.61069613519961e-05
-2445.97509393781	0.00133790430769806	0.315873960708033
-2924.72720527978	0.00133790430769806	6.61069613519961e-05
-2924.72720527978	0.00133790430769806	6.61069613519961e-05
-2924.72720527978	0.00133790430769806	6.61069613519961e-05
-2446.84384274661	0.00133790430769806	0.315206758496377
-2919.67477002487	0.00133790430769806	0.190603509804532
-2459.91412797914	0.00133790430769806	0.316462800503348
-2913.59802724756	0.00133790430769806	0.65969360608754
-2924.72731041098	0.00133790430769806	6.61069613519961e-05
-2444.24946689541	0.00133790430769806	0.319713421565347
-2922.90706584862	0.00133790430769806	0.207322156272783
-2924.72720699922	0.00133790430769806	6.61069613519961e-05
-2924.72781220411	0.00133790430769806	6.61069613519961e-05
-2924.72720528996	0.00133790430769806	6.61069613519961e-05
-2447.80515890099	0.00133790430769806	0.314929064962572
-2924.72720528996	0.00133790430769806	6.61069613519961e-05
-2923.42430309517	0.00133790430769806	0.999946468107819
-2924.72720182352	0.00133790430769806	0
