model	lik	mode	convergence
1A	-647.794844646492	0.37360815958465	0
1C	-647.744694082302	0.433558123817655	0
1G	-647.744694082294	0.433558198001366	0
1T	-661.527318243091	1.14512107961519	0
2A	-647.799265949806	0.402182647651021	0
2C	-647.744694061859	0.433558202665714	0
2G	-661.561431275583	1.14361064411161	0
2T	-647.744694061829	0.433557984270457	0
3A	-647.74469384382	0.433557451023968	0
3C	-647.744693843709	0.433557392628046	0
3G	-661.436192162188	1.14953983400645	0
3T	-647.897050672517	0.440416302767402	0
4A	-661.436192162082	1.14953983338311	0
4C	-647.744693843759	0.433557459026163	0
4G	-647.744693843715	0.433557486320854	0
4T	-647.897050672506	0.440416142780465	0
5A	-647.744694073021	0.433558132186765	0
5C	-647.8023757047	0.387524211314254	0
5G	-647.744694072973	0.433558114186554	0
5T	-661.544543790376	1.14435843912033	0
6A	-647.764795453227	0.42628577452373	0
6C	-661.586531480657	1.14249889820829	0
6G	-647.744694049001	0.433557919758889	0
6T	-647.744694048951	0.433558428792824	0
7A	-647.744694085619	0.433558093498867	0
7C	-647.541625593702	1.48425099441303	0
7G	-662.245334799481	1.11319725823473	0
7T	-647.744694085527	0.433558120247347	0
8A	-661.436192162082	1.14953983338311	0
8C	-647.897050672483	0.440416223101211	0
8G	-647.744693843802	0.433557430179853	0
8T	-647.7446938438	0.433557496748589	0
9A	-647.742397769443	0.342610872975962	0
9C	-647.744694086031	0.433558011873835	0
9G	-647.744694086018	0.433558067379428	0
9T	-661.483868422529	1.14704439284594	0
10A	-647.744694079799	0.433558084303777	0
10C	-647.74469407969	0.433557962126991	0
10G	-661.399462334399	1.15121777066645	0
10T	-648.127033317695	0.549859772377983	0
11A	-647.744694075758	0.433557968232142	0
11C	-647.711424545279	0.33162232578053	0
11G	-647.744694075724	0.433558028659775	0
11T	-661.466589984452	1.14780914210212	0
neutral	-648.030373443466	1	0
