model	lik	mode	convergence
1A	-198.365155124462	3.31421959503136	0
1C	-233.149554718884	0.4335582106677	0
1G	-233.149554718944	0.433557749372169	0
1T	-244.76543097048	0.741780634052688	0
2A	-233.149554745342	0.433558116665451	0
2C	-233.458142623576	0.544123736696302	0
2G	-232.727315292775	1.77368207183093	0
2T	-233.14955474525	0.433558300383783	0
3A	-233.149554744751	0.433557981283219	0
3C	-233.149554744612	0.43355802978213	0
3G	-230.40859472294	1.89887454257573	0
3T	-233.750746007338	0.653559202715452	0
4A	-233.532926443667	0.96629914292817	0
4C	-233.149554723225	0.433557916841673	0
4G	-233.185676465225	1.76782975248545	0
4T	-233.149554723186	0.433557926089284	0
neutral	-233.435229690437	1	0
