posterior_mean	posterior_var	posterior_sd	posterior_quant	is_contained	PESL
3.36154165178057	0.157633997239737	0.397031481421483	0.182540244711126	1	0.288346363211942
