posterior_mean	posterior_var	posterior_sd	posterior_quant	is_contained	PESL
2.67779329209427	0.0589631448218234	0.242823278994876	0.904388544817582	1	0.162780307441189
