posterior_mean	posterior_var	posterior_sd	posterior_quant	is_contained	PESL
1.56026817264935	0.00234414348946698	0.0484163555987744	0.10550095184351	1	0.00597639612395444
