model	lik	mode	convergence
1A	-565.182529887004	2.0929021195348	0
1C	-588.585739758224	0.433558106660535	0
1G	-602.827764371356	1.02064234012254	0
1T	-588.585739758188	0.433558084112337	0
2A	-590.061119775733	1.46622553001056	0
2C	-588.585739729791	0.433558134433585	0
2G	-588.585739729775	0.433558078881946	0
2T	-588.638915118108	0.404233523711662	0
3A	-588.585739755809	0.433558082360175	0
3C	-589.05694649279	0.626194750320787	0
3G	-588.58573975579	0.433558202407587	0
3T	-589.747709800655	1.47647386682429	0
4A	-588.585739750396	0.43355813229925	0
4C	-590.60170665344	1.45668167309507	0
4G	-588.410423762277	1.19906073148378	0
4T	-588.585739750569	0.433558021539605	0
5A	-589.056946492631	0.626194762567201	0
5C	-588.585739755587	0.433558010475108	0
5G	-589.747709800447	1.47647386536468	0
5T	-588.585739755547	0.433558070109026	0
6A	-588.585739748666	0.433558016330267	0
6C	-589.756198033088	1.47364631303609	0
6G	-588.58573974867	0.43355784472906	0
6T	-588.561726213508	0.334662961030267	0
7A	-588.607085377134	0.353254096154026	0
7C	-589.850584555986	1.47129921152398	0
7G	-588.585739758316	0.433557978743334	0
7T	-588.585739758291	0.433558012424287	0
8A	-589.00634730229	1.49802957619793	0
8C	-589.281634558289	0.69305889251801	0
8G	-588.58573975039	0.433558065181932	0
8T	-588.585739750368	0.433558219536288	0
9A	-588.585739758459	0.433558060755465	0
9C	-588.585739758245	0.433558135575537	0
9G	-588.854964089401	0.593202935735548	0
9T	-590.052552999532	1.46811150224436	0
10A	-588.585739757574	0.433558050276546	0
10C	-588.595084758002	0.34751055677486	0
10G	-588.585739757528	0.433558040354675	0
10T	-589.822589350422	1.47199107565666	0
11A	-588.585739718867	0.433558221841486	0
11C	-590.130411233991	1.46461132496663	0
11G	-588.585739718764	0.43355806737967	0
11T	-588.60896232521	0.424937500102866	0
neutral	-588.871418048233	1	0
