posterior_mean	posterior_var	posterior_sd	posterior_quant	is_contained	PESL
1.6045764207956	0.0138981795894089	0.117890540712175	0.188763945776183	1	0.0248344073757716
