posterior_mean	posterior_var	posterior_sd	posterior_quant	is_contained	PESL
1.94390139579316	0.00281856245555819	0.0530901352000369	0.854459144828691	1	0.00596561584955477
