posterior_mean	posterior_var	posterior_sd	posterior_quant	is_contained	PESL
3.00810198743032	0.00606167522463978	0.07785676094367	0.461949804525376	1	0.00612731742496221
