posterior_mean	posterior_var	posterior_sd	posterior_quant	is_contained	PESL
2.83262662788106	0.0107015065763222	0.103448086383085	0.945115355522382	1	0.0387153522707523
