posterior_mean	posterior_var	posterior_sd	posterior_quant	is_contained	PESL
2.98556200671518	0.0911715419136934	0.301946256664482	0.532554652387246	1	0.0913799975637817
