posterior_mean	posterior_var	posterior_sd	posterior_quant	is_contained	PESL
2.48239833762423	0.0163426053247994	0.127838199787072	0.561411362822657	1	0.0166524238431861
