lik	gamma	delta
-518.961994978009	0.00224341684823243	0.210737742500501
-544.782558447288	0.00224341684823243	0.0429791590343524
-546.008442105471	0.00224341684823243	6.61069613519961e-05
-545.785997484674	0.00224341684823243	0.0314174131296514
-546.008441505602	0.00224341684823243	6.61069613519961e-05
-546.008441505602	0.00224341684823243	6.61069613519961e-05
-546.008441505602	0.00224341684823243	6.61069613519961e-05
-524.490439833295	0.00224341684823243	0.121186264913613
-524.490439833295	0.00224341684823243	0.121186264913613
-546.008441505602	0.00224341684823243	6.61069613519961e-05
-546.008441505602	0.00224341684823243	6.61069613519961e-05
-546.008441505602	0.00224341684823243	6.61069613519961e-05
-546.008812877641	0.00224341684823243	6.61069613519961e-05
-523.214050763789	0.00224341684823243	0.128860094731156
-546.00844285511	0.00224341684823243	6.61069613519961e-05
-546.00844285511	0.00224341684823243	6.61069613519961e-05
-546.008441767937	0.00224341684823243	6.61069613519961e-05
-546.008441767937	0.00224341684823243	6.61069613519961e-05
-519.257218580831	0.00224341684823243	0.208506203542885
-544.528745321713	0.00224341684823243	0.0408503668687884
-546.008441542945	0.00224341684823243	6.61069613519961e-05
-546.008511745702	0.00224341684823243	6.61069613519961e-05
-546.008441542945	0.00224341684823243	6.61069613519961e-05
-524.357885632565	0.00224341684823243	0.121779347795764
-524.490439833295	0.00224341684823243	0.121186264913613
-546.008441505602	0.00224341684823243	6.61069613519961e-05
-546.008441505602	0.00224341684823243	6.61069613519961e-05
-546.008441505602	0.00224341684823243	6.61069613519961e-05
-546.008441505602	0.00224341684823243	6.61069613519961e-05
-546.008441505602	0.00224341684823243	6.61069613519961e-05
-524.490439833295	0.00224341684823243	0.121186264913613
-546.008441505602	0.00224341684823243	6.61069613519961e-05
-546.008441523583	0.00224341684823243	6.61069613519961e-05
-546.008441523584	0.00224341684823243	6.61069613519961e-05
-524.408610624896	0.00224341684823243	0.122413314873899
-545.977569505118	0.00224341684823243	0.0357190647906788
-523.66672185876	0.00224341684823243	0.12582483934639
-546.008441900581	0.00224341684823243	6.61069613519961e-05
-546.008441900581	0.00224341684823243	6.61069613519961e-05
-546.008692697885	0.00224341684823243	6.61069613519961e-05
-546.008440137093	0.00224341684823243	0
