model	lik	mode	convergence
1A	-528.949218334789	1.97357357353715	0
1C	-551.658210077638	0.433558041117612	0
1G	-551.658210077694	0.43355843543896	0
1T	-567.762699429058	1.06425637066463	0
2A	-551.683238493891	1.54554779329365	0
2C	-551.658210109268	0.433558130700757	0
2G	-551.69605982696	0.363019658943861	0
2T	-551.658210109263	0.433558073271637	0
3A	-551.667614080032	0.347536869963967	0
3C	-551.597031043259	1.54759177317219	0
3G	-551.65821011012	0.433558090284584	0
3T	-551.658210110089	0.433557910277682	0
4A	-552.050824929126	1.53902472032474	0
4C	-551.658210085738	0.433558162246752	0
4G	-551.880936700383	0.680292335251882	0
4T	-551.658210085721	0.433558277463424	0
5A	-551.658210075071	0.433558207219273	0
5C	-551.697744620507	0.416262253915476	0
5G	-551.658210075088	0.433558209459604	0
5T	-551.924072617457	1.54003652466818	0
6A	-551.658210071599	0.433558211388217	0
6C	-555.948165396958	1.48621584506509	0
6G	-551.65821007185	0.433558196151806	0
6T	-548.405086009231	1.91687737823165	0
7A	-551.658210083868	0.433558173339821	0
7C	-551.712626632012	0.402430456020807	0
7G	-551.868537144266	1.54127886479954	0
7T	-551.658210083738	0.433558104996957	0
8A	-551.658210048351	0.433557840824356	0
8C	-551.359351416179	1.55338538609297	0
8G	-551.548840251438	0.311521364693858	0
8T	-551.658210048484	0.433557870334309	0
9A	-551.658210071109	0.433558151059462	0
9C	-552.46561672779	0.992593298003757	0
9G	-551.658210071076	0.433557107599174	0
9T	-551.821826446377	1.55286604003015	0
neutral	-551.943889928541	1	0
