posterior_mean	posterior_var	posterior_sd	posterior_quant	is_contained	PESL
1.98879500092209	0.0301129116489996	0.173530722493164	0.537312291772951	1	0.0302384636533361
