posterior_mean	posterior_var	posterior_sd	posterior_quant	is_contained	PESL
2.52311111154529	0.0205589963779403	0.143384086906254	0.44327841498094	1	0.0210931198547952
