posterior_mean	posterior_var	posterior_sd	posterior_quant	is_contained	PESL
1.95066174997808	0.00500408711085019	0.0707395724531198	0.759201571003674	1	0.00743835002601823
