posterior_mean	posterior_var	posterior_sd	posterior_quant	is_contained	PESL
2.27735028619084	0.112675429591976	0.335671609749731	0.977557176820318	0	0.634898038460352
