model	lik	mode	convergence
1A	-746.211421480511	1.1308924495596	0
1C	-745.698946250602	0.433558057087995	0
1G	-745.698946250601	0.433558142974227	0
1T	-761.458609687391	0.937326535354684	0
2A	-746.647191993094	0.842501330191096	0
2C	-761.554786050509	0.945667134585918	0
2G	-745.698946235875	0.433558138210362	0
2T	-745.69894623585	0.433558169950768	0
3A	-761.566716689386	0.946420946263544	0
3C	-746.298722846264	0.715082499228379	0
3G	-745.698946245644	0.433557963706989	0
3T	-745.698946245632	0.433558102005446	0
4A	-747.925757882208	0.95699875732796	0
4C	-745.698946736858	0.433558141350967	0
4G	-745.698946736841	0.433558065908619	0
4T	-748.716646920627	0.937013129134281	0
5A	-745.69894624659	0.433558081441337	0
5C	-745.698946246283	0.433557995413425	0
5G	-745.747874958199	0.372280428033344	0
5T	-761.585229461707	0.947866153975443	0
6A	-761.561345290065	0.945731323223557	0
6C	-745.698946224906	0.433558119767251	0
6G	-745.698946224872	0.433558145586344	0
6T	-746.005521407367	0.597011583868922	0
7A	-745.698946226861	0.433557937671432	0
7C	-745.698946226684	0.433557885558717	0
7G	-746.291693611596	0.726544230011966	0
7T	-761.561729586319	0.945962037416104	0
8A	-747.302906519226	0.951777526374935	0
8C	-745.698946251204	0.433558071620761	0
8G	-761.468924711997	0.939633581085761	0
8T	-745.698946251167	0.433558019605062	0
9A	-745.698946246433	0.433558081379713	0
9C	-745.698946246282	0.433558162289746	0
9G	-761.585229461652	0.947866153567687	0
9T	-745.747874958253	0.372280435070239	0
10A	-746.262171025728	0.646621295723127	0
10C	-745.698946232459	0.43355809828559	0
10G	-745.69894623246	0.433558068464312	0
10T	-761.595080887474	0.94914577545109	0
11A	-745.936023003095	1.30054965529261	0
11C	-761.425216172946	0.93478025224714	0
11G	-745.698946244976	0.433558080383685	0
11T	-745.698946244948	0.433558152688115	0
12A	-745.698946249319	0.433558096073625	0
12C	-745.698946249219	0.433558097411633	0
12G	-761.587514311639	0.94808554050656	0
12T	-745.741373012321	0.366423613444447	0
neutral	-745.984625854302	1	0
