lik	gamma	delta
-989.889837631382	0.00291268423977509	0.344720460954073
-1130.76876633297	0.00291268423977509	6.61069613519961e-05
-1130.76881436295	0.00291268423977509	6.61069613519961e-05
-1130.76876633297	0.00291268423977509	6.61069613519961e-05
-1122.2022043579	0.00291268423977509	0.0812709710440338
-1130.76876728063	0.00291268423977509	6.61069613519961e-05
-1027.12904542969	0.00291268423977509	0.291053771700432
-1130.76876728063	0.00291268423977509	6.61069613519961e-05
-1130.76879836752	0.00291268423977509	6.61069613519961e-05
-1033.48591434284	0.00291268423977509	0.199089499194032
-1130.76898974029	0.00291268423977509	6.61069613519961e-05
-1130.76876591732	0.00291268423977509	6.61069613519961e-05
-1112.88087951378	0.00291268423977509	0.585963322282692
-1130.76876542366	0.00291268423977509	6.61069613519961e-05
-1130.76876542366	0.00291268423977509	6.61069613519961e-05
-1047.28690075301	0.00291268423977509	0.184909246122289
-1130.76876552387	0.00291268423977509	6.61069613519961e-05
-1130.76880115567	0.00291268423977509	6.61069613519961e-05
-1130.76890418907	0.00291268423977509	6.61069613519961e-05
-1033.79590495225	0.00291268423977509	0.198405782547247
-1128.619635407	0.00291268423977509	0.413940786466126
-1130.76876542434	0.00291268423977509	6.61069613519961e-05
-1036.84624849367	0.00291268423977509	0.195294205087734
-1129.76160617952	0.00291268423977509	0.64769175079335
-1130.76876545802	0.00291268423977509	6.61069613519961e-05
-1068.73577806367	0.00291268423977509	0.161748778763031
-1097.77485204934	0.00291268423977509	0.526279234268484
-1115.60693422854	0.00291268423977509	0.646512384451885
-1034.08227296762	0.00291268423977509	0.197860861568204
-1130.7687654806	0.00291268423977509	6.61069613519961e-05
-1130.76884691556	0.00291268423977509	6.61069613519961e-05
-1130.7687654806	0.00291268423977509	6.61069613519961e-05
-1037.81523461772	0.00291268423977509	0.199011907577397
-1125.47173997111	0.00291268423977509	0.806019612415298
-1130.76953473853	0.00291268423977509	6.61069613519961e-05
-1127.40067453787	0.00291268423977509	0.318160728137628
-998.918272263338	0.00291268423977509	0.313789934736952
-1130.7687670171	0.00291268423977509	6.61069613519961e-05
-1130.76682763489	0.00291268423977509	0.00122620367832435
-1130.7687670171	0.00291268423977509	6.61069613519961e-05
-1130.76876503241	0.00291268423977509	0
