model	lik	mode	convergence
1A	-436.213195360149	2.51027246174558	0
1C	-488.224748599152	0.961809077751167	0
1G	-473.229462864981	0.433558105576755	0
1T	-473.229462864944	0.433558035454784	0
2A	-473.327985910663	0.739815101622867	0
2C	-473.229462885504	0.433558140812718	0
2G	-473.229462885497	0.433558020021878	0
2T	-471.89460567823	1.54745075156125	0
3A	-450.324674413309	1.8620989311455	0
3C	-487.930506737822	0.942517213803769	0
3G	-473.229462864036	0.433558275148599	0
3T	-473.229462863988	0.433558122546212	0
4A	-473.731514436956	1.51657976209022	0
4C	-470.824299581351	2.62183565289224	0
4G	-473.229462861233	0.433557722138353	0
4T	-473.229462861192	0.433558411458203	0
neutral	-473.515142117928	1	0
