posterior_mean	posterior_var	posterior_sd	posterior_quant	is_contained	PESL
2.9974200499943	0.00792229176468565	0.0890072568091257	0.515508946990911	1	0.00792894790671966
