posterior_mean	posterior_var	posterior_sd	posterior_quant	is_contained	PESL
2.45959179373702	0.00410407445229873	0.064063050600941	0.737614433229081	1	0.00573689731113851
