posterior_mean	posterior_var	posterior_sd	posterior_quant	is_contained	PESL
1.89604710479822	0.0123563017267212	0.11115890304749	0.825898422837883	1	0.0231625061475195
