lik	gamma	delta
-1033.29299225808	0.00229152157879469	0.255281127551902
-1119.62767172125	0.00229152157879469	0.0135587476165429
-1119.90702818906	0.00229152157879469	0.0336558512225485
-1119.95474299661	0.00229152157879469	6.61069613519961e-05
-1118.58672391576	0.00229152157879469	0.403494664080806
-1062.58267725501	0.00229152157879469	0.137930816920138
-1119.95460370494	0.00229152157879469	6.61069613519961e-05
-1119.95466159449	0.00229152157879469	6.61069613519961e-05
-1119.95460425131	0.00229152157879469	6.61069613519961e-05
-1105.38597783166	0.00229152157879469	0.304289889142117
-1119.95477791593	0.00229152157879469	6.61069613519961e-05
-1072.87379450727	0.00229152157879469	0.128282292024635
-1119.95460363624	0.00229152157879469	6.61069613519961e-05
-1080.21615592111	0.00229152157879469	0.117713027003641
-1119.95460363624	0.00229152157879469	6.61069613519961e-05
-1094.25410006943	0.00229152157879469	0.363990186320986
-1119.95460521474	0.00229152157879469	6.61069613519961e-05
-1119.95505764674	0.00229152157879469	6.61069613519961e-05
-1119.95460521474	0.00229152157879469	6.61069613519961e-05
-1060.61378506955	0.00229152157879469	0.141112927376237
-1119.95460383185	0.00229152157879469	6.61069613519961e-05
-1106.15803979121	0.00229152157879469	0.395307444864963
-1071.66984854815	0.00229152157879469	0.128543281973793
-1119.71145097523	0.00229152157879469	0.0867063330942398
-1119.9546037757	0.00229152157879469	6.61069613519961e-05
-1067.3393866232	0.00229152157879469	0.132553058510969
-1111.62431889759	0.00229152157879469	0.450516930764836
-1119.9546037757	0.00229152157879469	6.61069613519961e-05
-1061.67938360109	0.00229152157879469	0.139226096512572
-1119.95460364484	0.00229152157879469	6.61069613519961e-05
-1119.95460364484	0.00229152157879469	6.61069613519961e-05
-1119.90124910679	0.00229152157879469	0.0496411607897231
-1119.95460367325	0.00229152157879469	6.61069613519961e-05
-1119.45329877836	0.00229152157879469	0.288136893039315
-1119.95460367325	0.00229152157879469	6.61069613519961e-05
-1062.13970545115	0.00229152157879469	0.138336850289385
-1119.95460363295	0.00229152157879469	6.61069613519961e-05
-1061.73135386557	0.00229152157879469	0.138672207753555
-1119.95460363295	0.00229152157879469	6.61069613519961e-05
-1119.95460363295	0.00229152157879469	6.61069613519961e-05
-1119.95460329638	0.00229152157879469	0
