model	lik	mode	convergence
1A	-235.193975922175	2.64126576168016	0
1C	-275.538249566968	0.833871836441774	0
1G	-261.516919394283	0.433558035000277	0
1T	-261.516919394246	0.433558319829521	0
2A	-261.516919406018	0.433558125729831	0
2C	-261.516919405919	0.433557871342122	0
2G	-260.266539259969	1.86697283046995	0
2T	-261.674678556567	0.719689657186329	0
3A	-259.614074311087	1.88787339364453	0
3C	-261.516919425547	0.433558117908096	0
3G	-261.516919425513	0.433558180089361	0
3T	-261.554572589773	0.362882640460972	0
4A	-257.69026884677	2.38401767628897	0
4C	-264.606410584174	1.76375927553456	0
4G	-261.516919391382	0.433558120761332	0
4T	-261.516919391378	0.433558079425798	0
5A	-261.516919387477	0.433558138080867	0
5C	-260.426410299534	2.06544300060773	0
5G	-261.90298584484	1.82371106278078	0
5T	-261.516919387414	0.433558479258056	0
neutral	-261.802598522095	1	0
