posterior_mean	posterior_var	posterior_sd	posterior_quant	is_contained	PESL
2.67543356692573	0.0906402138430422	0.301065132227301	0.288406967833554	1	0.121417150248348
