model	lik	mode	convergence
1A	-544.940856490113	1.93435041710584	0
1C	-563.068940514318	0.433558419222295	0
1G	-578.953526604735	0.957451355774296	0
1T	-563.068940514306	0.433558148922899	0
2A	-563.095651807608	0.423337210228107	0
2C	-571.120792523761	1.34635524246633	0
2G	-563.068940502193	0.433558615372214	0
2T	-563.06894050221	0.433558608774179	0
3A	-563.068940534118	0.433558040225172	0
3C	-570.858893135827	1.35337230393316	0
3G	-563.052496384592	0.337297786534945	0
3T	-563.068940534274	0.433557889558902	0
4A	-563.068940504894	0.433558108529942	0
4C	-563.106605536261	0.417462109043563	0
4G	-571.106624504723	1.34672436767637	0
4T	-563.068940504688	0.4335582904287	0
5A	-563.068940516723	0.43355812177698	0
5C	-571.085841665907	1.3532842154154	0
5G	-563.068940516874	0.433558116359144	0
5T	-563.904950142595	0.961313791194915	0
6A	-571.137938233613	1.34898864523149	0
6C	-563.068940539208	0.433558093265188	0
6G	-563.068940539168	0.433558153760077	0
6T	-563.631271833084	0.854443404268928	0
7A	-563.438353664171	1.12501376323804	0
7C	-563.068940532675	0.43355806226933	0
7G	-563.068940532657	0.433557975029149	0
7T	-571.423435108031	1.34261807598865	0
8A	-563.176249484578	0.747662732660455	0
8C	-571.280033028171	1.34322598874969	0
8G	-563.068940520426	0.433558213260624	0
8T	-563.0689405204	0.433558016214981	0
9A	-563.068940541377	0.433558068543077	0
9C	-563.310851229154	0.911153560189304	0
9G	-563.068940541351	0.433558053325842	0
9T	-571.308675237716	1.34358646601246	0
neutral	-563.354620225604	1	0
