posterior_mean	posterior_var	posterior_sd	posterior_quant	is_contained	PESL
3.04017746811464	0.0355128333203074	0.188448489832918	0.423329482372714	1	0.0371270622644153
