model	lik	mode	convergence
1A	-1006.59392925338	3.15470921225744	0
1C	-1352.67900114319	0.433558465699363	0
1G	-1352.67900114328	0.433557999909803	0
1T	-1368.44296836713	1.0712150038898	0
2A	-1352.67900113999	0.433557930865351	0
2C	-1352.67900113981	0.433557919816154	0
2G	-1057.13771496173	2.81663726864769	0
2T	-1352.71002793854	0.42119685623213	0
3A	-1352.67900114661	0.433558136886973	0
3C	-1352.63038551184	0.837683797054444	0
3G	-1057.85148439548	2.81493004268752	0
3T	-1352.67900114644	0.433558345375327	0
4A	-1352.6790011418	0.43355819253857	0
4C	-1057.3925335532	2.82598047916189	0
4G	-1352.67900114187	0.433558014419744	0
4T	-1352.89683782043	1.31893815873343	0
5A	-1352.67900115347	0.433558111598789	0
5C	-1352.67900115316	0.433557910344902	0
5G	-1352.73539537553	0.39869739972254	0
5T	-1056.81980150671	2.81852437659891	0
6A	-1352.67900114198	0.433558129616129	0
6C	-1352.67900114202	0.433557710630755	0
6G	-1058.56295215732	2.81312677538747	0
6T	-1352.28670929536	1.39429864820176	0
7A	-1351.8669778369	1.87985109572965	0
7C	-1352.67900114101	0.433558525045337	0
7G	-1352.67900114109	0.433558433526055	0
7T	-1059.17881012036	2.81187526869681	0
8A	-1352.67900115667	0.433558152108887	0
8C	-1352.73669188135	0.394417637636497	0
8G	-1056.75231350508	2.81894055603942	0
8T	-1352.67900115654	0.433557902786214	0
9A	-1352.67900113955	0.43355809955029	0
9C	-1352.52302409061	0.89474302403502	0
9G	-1352.67900113955	0.433557857962116	0
9T	-1058.05089987524	2.81377348106683	0
10A	-1352.6965179114	0.42734683442886	0
10C	-1057.21471857442	2.81620188289794	0
10G	-1352.67900113748	0.433558167507622	0
10T	-1352.67900113738	0.43355750237317	0
11A	-1352.6790011761	0.433558053074363	0
11C	-1059.06683552486	2.81796445646815	0
11G	-1351.65703477798	2.00517466092483	0
11T	-1352.67900117634	0.433558164630246	0
12A	-1352.71029041563	0.421060372479114	0
12C	-1057.13595887228	2.81664730773291	0
12G	-1352.67900113968	0.433558447608508	0
12T	-1352.67900113963	0.433558113842339	0
13A	-1057.25520782624	2.81597690669051	0
13C	-1352.68757308488	0.430710837569139	0
13G	-1352.67900113949	0.433558028655942	0
13T	-1352.67900113899	0.433559295707603	0
neutral	-1352.96468095232	1	0
