posterior_mean	posterior_var	posterior_sd	posterior_quant	is_contained	PESL
1.4556074564579	0.00496589643608401	0.0704691168958716	0.738841816345568	1	0.00693659435822605
