posterior_mean	posterior_var	posterior_sd	posterior_quant	is_contained	PESL
1.98920284005059	0.00317501422688589	0.0563472645909798	0.579539596139763	1	0.0032915928898636
