model	lik	mode	convergence
1A	-737.510288575396	2.53324599780786	0
1C	-843.414776023045	0.433558196210999	0
1G	-843.414776023042	0.433558319141705	0
1T	-858.067766909352	0.965847727393499	0
2A	-843.414776014439	0.433558211348744	0
2C	-784.669877015626	1.9909635392251	0
2G	-843.414776014508	0.433558244596285	0
2T	-840.649893871237	2.22116195873862	0
3A	-843.41477601629	0.433558208737195	0
3C	-781.297490430606	2.00393045375588	0
3G	-843.414776016367	0.433558000237821	0
3T	-843.397207402872	1.14082844241631	0
4A	-843.318838501544	1.45664120766837	0
4C	-843.414776007692	0.433558148703612	0
4G	-843.41477600781	0.433557551417974	0
4T	-781.67435887797	2.00397574596922	0
5A	-780.965825375022	2.00542733483639	0
5C	-843.414776029347	0.43355814085809	0
5G	-843.443114107667	0.782882112010768	0
5T	-843.414776029327	0.433558113915307	0
6A	-843.472740725133	0.39223034804395	0
6C	-843.414776027427	0.433558217443663	0
6G	-843.41477602744	0.433557990709445	0
6T	-780.348961753028	2.00963051128533	0
7A	-780.953195280714	2.00929098607471	0
7C	-843.41477601	0.433558258297818	0
7G	-843.746625697388	1.07760004405918	0
7T	-843.414776009988	0.433558163255407	0
8A	-843.414776012335	0.433558122829419	0
8C	-780.519826431579	2.00781201313643	0
8G	-843.457929686066	0.413787209552323	0
8T	-843.414776012671	0.433557997898489	0
9A	-843.414776038866	0.433558119780297	0
9C	-844.530660534189	1.02635804608911	0
9G	-843.414776038852	0.433557888743622	0
9T	-778.065482643562	2.05737723642471	0
10A	-843.414776014499	0.433558226354826	0
10C	-781.294697642137	2.00394876106232	0
10G	-843.414776014667	0.433558158185783	0
10T	-843.403176735391	1.13824673809764	0
11A	-843.414776026259	0.433558117895547	0
11C	-843.705887497516	0.614486451797655	0
11G	-843.414776026239	0.433558138946435	0
11T	-780.390186946499	2.01115150859841	0
neutral	-843.700455012575	1	0
