model	lik	mode	convergence
1A	-524.718297044116	2.14625019575082	0
1C	-551.766678547791	0.433558115450202	0
1G	-551.766678547795	0.433558083980619	0
1T	-566.270853220761	0.945775417768284	0
2A	-553.403436009369	1.47023557291731	0
2C	-551.766678547246	0.433558178370605	0
2G	-551.766678547204	0.433558245715956	0
2T	-551.822570431738	0.399799251677934	0
3A	-551.766678533442	0.433558104855063	0
3C	-551.766678533427	0.433558626286779	0
3G	-553.48326274035	1.46837634003005	0
3T	-551.793985404037	0.423053178272506	0
4A	-551.766678544982	0.433558126689327	0
4C	-552.422706678377	0.68502496491623	0
4G	-551.766678544953	0.433558021714211	0
4T	-552.636177958839	1.49371173817121	0
5A	-553.48163969931	1.46841374459446	0
5C	-551.795026574202	0.422548169595424	0
5G	-551.766678534173	0.433558159492744	0
5T	-551.766678534093	0.433558410133878	0
6A	-552.310782324054	0.637084401804692	0
6C	-551.766677495041	0.43355603373647	0
6G	-552.437955266221	1.50144405404021	0
6T	-551.766677495	0.433556092145786	0
7A	-553.880811243101	1.46230724144806	0
7C	-551.766678571236	0.433558065949928	0
7G	-551.73541000701	1.08998889349637	0
7T	-551.766678571237	0.433558141160588	0
8A	-551.779330830172	1.42507713781423	0
8C	-551.76667856761	0.433558065355509	0
8G	-554.228133909708	1.45840003788118	0
8T	-551.766678567575	0.433558079802703	0
9A	-552.437955266255	1.50144405341884	0
9C	-552.310782324067	0.63708440180291	0
9G	-551.766677495101	0.433555936814417	0
9T	-551.766677495099	0.433556104499001	0
neutral	-552.052357365894	1	0
