posterior_mean	posterior_var	posterior_sd	posterior_quant	is_contained	PESL
2.16361671880912	0.0373931169042735	0.19337299941893	0.20089626897813	1	0.0641635475781677
