model	lik	mode	convergence
1A	-1021.21389413292	2.98234100564905	0
1C	-1365.10403844655	0.858849177860144	0
1G	-1350.49255500914	0.43355820181344	0
1T	-1350.49255500913	0.433558198775971	0
2A	-1350.49255500173	0.433558044413459	0
2C	-1350.4925550013	0.433558193486019	0
2G	-1350.51286871864	0.426195115250604	0
2T	-1059.82626958956	2.78565911957689	0
3A	-1062.51396204344	2.79429144747011	0
3C	-1350.49255502117	0.433558164792821	0
3G	-1350.49255502113	0.433558082905306	0
3T	-1349.05911176511	1.92168232482675	0
4A	-1350.49255500841	0.433558154834732	0
4C	-1350.49255500834	0.433558194827235	0
4G	-1070.67434544442	2.7679528031123	0
4T	-1341.3111157699	3.25096061692357	0
5A	-1057.32815334165	2.80605392742564	0
5C	-1350.49255503234	0.433558128660725	0
5G	-1350.49255503231	0.433558021957848	0
5T	-1351.10968105914	0.751497861441809	0
6A	-1064.22476544004	2.77423035156252	0
6C	-1350.49255500922	0.43355813911817	0
6G	-1347.05340166531	3.51809699777851	0
6T	-1350.49255500922	0.433558381532009	0
7A	-1086.9509553808	2.752633381805	0
7C	-1350.49255501406	0.433558190513923	0
7G	-1325.28721033283	3.17336947337503	0
7T	-1350.49255501405	0.433558220043719	0
8A	-1350.49255500145	0.433558284007015	0
8C	-1061.87263815249	2.78076494912521	0
8G	-1350.49255500179	0.433558260825018	0
8T	-1349.60344923391	1.94219443707704	0
9A	-1350.5247584059	0.420582480857997	0
9C	-1350.49255500303	0.433557515475171	0
9G	-1059.75666316715	2.78605177663587	0
9T	-1350.49255500304	0.433558383287672	0
10A	-1350.53570433542	0.413790337946767	0
10C	-1350.49255500626	0.433558361725615	0
10G	-1350.49255500635	0.433558346550416	0
10T	-1059.66816851368	2.78656166513692	0
11A	-1350.49255500113	0.433558164273327	0
11C	-1350.49255500114	0.433557816510428	0
11G	-1059.83263046407	2.78562362814583	0
11T	-1350.51160673823	0.426721328235401	0
12A	-1350.79195240269	0.544051441255363	0
12C	-1350.49255504025	0.433558116783033	0
12G	-1350.49255504023	0.433558071853762	0
12T	-1058.46133222407	2.79598819570297	0
13A	-1350.55054567013	0.391729745869176	0
13C	-1059.34327840549	2.78851963563703	0
13G	-1350.49255502176	0.433557958343068	0
13T	-1350.49255502172	0.433558320258364	0
14A	-1350.49255500393	0.433558151023375	0
14C	-1059.72971081058	2.78620584928346	0
14G	-1350.49255500407	0.433557964796668	0
14T	-1350.52853207607	0.418458943408836	0
neutral	-1350.77823448566	1	0
