posterior_mean	posterior_var	posterior_sd	posterior_quant	is_contained	PESL
2.9861888369738	0.011509043563412	0.107280210492952	0.555876373306468	1	0.0116997917875491
