posterior_mean	posterior_var	posterior_sd	posterior_quant	is_contained	PESL
1.2607958286321	0.0137282767600291	0.117167729175013	0.974715814951556	1	0.0709469123598709
