posterior_mean	posterior_var	posterior_sd	posterior_quant	is_contained	PESL
1.46311313093278	0.0913973271270028	0.302319908585265	0.951530976375999	1	0.379644837303779
