posterior_mean	posterior_var	posterior_sd	posterior_quant	is_contained	PESL
2.93858665181324	0.0126012772222649	0.112255410659197	0.710910510597429	1	0.0163728765577359
