posterior_mean	posterior_var	posterior_sd	posterior_quant	is_contained	PESL
2.85355670746687	0.304492501467325	0.551808391987042	0.628192917549789	1	0.325938139395884
