model	lik	mode	convergence
1A	-348.037893324269	1.52714611797725	0
1C	-350.637294685538	0.433558145272473	0
1G	-366.075873270965	1.03113029789859	0
1T	-350.637294685521	0.433558143735788	0
2A	-350.693417614599	0.399313558711492	0
2C	-363.775830652891	1.26244078393774	0
2G	-350.637294689965	0.433558204207718	0
2T	-350.637294689928	0.433558053564547	0
3A	-350.694797717229	0.395315588598871	0
3C	-363.767365326044	1.2629423378949	0
3G	-350.637294692928	0.433558236320252	0
3T	-350.637294692915	0.433558093677612	0
4A	-350.637294701978	0.433558167517978	0
4C	-363.783950749615	1.26318401178154	0
4G	-350.940013795065	0.587232529347463	0
4T	-350.637294702125	0.433558045073857	0
5A	-350.637294714695	0.433558053264872	0
5C	-350.637294714599	0.433557976027717	0
5G	-365.584572594079	0.882495939936631	0
5T	-349.06289356349	1.35039500284738	0
6A	-350.637294692211	0.433558149297688	0
6C	-363.769190814102	1.26283374107668	0
6G	-350.694577679583	0.396170035648953	0
6T	-350.637294692373	0.433558151930133	0
7A	-350.591580053866	1.1422144745168	0
7C	-364.103041864564	1.2450079679893	0
7G	-350.637294697832	0.433558147547343	0
7T	-350.637294697812	0.433558170624242	0
8A	-350.637294710807	0.433558100049879	0
8C	-350.6372947106	0.43355797147258	0
8G	-350.683144209887	0.36931156956611	0
8T	-363.707412517936	1.26651799562114	0
neutral	-350.922974353813	1	0
