posterior_mean	posterior_var	posterior_sd	posterior_quant	is_contained	PESL
1.55705941027746	0.0460499538740358	0.214592529865407	0.411914665024139	1	0.0493057301795332
