model	lik	mode	convergence
1A	-441.893603710903	3.26546786319509	0
1C	-485.350950820754	0.433558165225258	0
1G	-500.453010369303	1.06094669735244	0
1T	-485.350950820715	0.433558141006891	0
2A	-485.350950799638	0.433558103862072	0
2C	-485.350950799455	0.433557905816188	0
2G	-485.326391863708	0.81217600738321	0
2T	-484.321142368085	1.54445014258681	0
3A	-483.941137701839	1.55093485895822	0
3C	-485.350950792121	0.433558223925998	0
3G	-485.404018382294	0.404377807805968	0
3T	-485.350950792096	0.433558159458558	0
4A	-485.35095080575	0.433557933834724	0
4C	-485.350950805666	0.433558037020926	0
4G	-483.483769009024	1.5669940976486	0
4T	-485.946471215774	0.713255171945487	0
5A	-486.517589818841	1.10346113229636	0
5C	-485.350950785498	0.433558165682116	0
5G	-483.360945364299	1.59885422610227	0
5T	-485.350950785464	0.433557885335942	0
6A	-485.35095068663	0.433557680069321	0
6C	-483.693870756829	1.5595402213042	0
6G	-485.549494313511	0.518122525864648	0
6T	-485.350950686739	0.433557551691832	0
neutral	-485.636630168504	1	0
