posterior_mean	posterior_var	posterior_sd	posterior_quant	is_contained	PESL
3.30226873810873	0.120069795055939	0.346510887355562	0.193479809502666	1	0.21143618509323
