posterior_mean	posterior_var	posterior_sd	posterior_quant	is_contained	PESL
2.30647240250136	0.0277843324543758	0.166686329536575	0.0285163744427628	1	0.121709665921345
