model	lik	mode	convergence
1A	-286.129671862717	2.32736827695232	0
1C	-308.640221960423	1.10085496294078	0
1G	-293.485244473908	0.433558150022089	0
1T	-293.485244473895	0.433558073685379	0
2A	-293.485244503838	0.433557998784804	0
2C	-293.485244503706	0.433557963905393	0
2G	-305.097729372121	1.33950377619359	0
2T	-293.476464512185	0.340081977153253	0
3A	-293.566428261945	1.32067641523514	0
3C	-293.485244508358	0.433558052376262	0
3G	-293.485244508342	0.433558077663224	0
3T	-305.799012999481	1.30825894709634	0
4A	-293.485244491718	0.433557931683545	0
4C	-293.48524449149	0.433557993885153	0
4G	-293.752007034992	0.538897064441201	0
4T	-305.204450209489	1.33582690515989	0
5A	-293.415582947682	0.321139288997606	0
5C	-293.485244475151	0.433557950755431	0
5G	-305.022042395768	1.34362651070504	0
5T	-293.485244475117	0.433557915540343	0
neutral	-293.770924096044	1	0
