posterior_mean	posterior_var	posterior_sd	posterior_quant	is_contained	PESL
2.02031697693144	0.01680100370446	0.129618685784342	0.445995439955335	1	0.0172137832560964
