posterior_mean	posterior_var	posterior_sd	posterior_quant	is_contained	PESL
1.51439968197585	0.00628899106188711	0.0793031592175691	0.434606950285406	1	0.00649634190289363
