posterior_mean	posterior_var	posterior_sd	posterior_quant	is_contained	PESL
1.92734177585727	0.00427985774722306	0.0654206217275796	0.866123499863845	1	0.00955907528288114
