lik	gamma	delta
-1039.95497271309	0.00249368264034727	0.255281031484758
-1126.28994868735	0.00249368264034727	0.0135588224580542
-1126.56926148128	0.00249368264034727	0.0336734438325046
-1126.61701450895	0.00249368264034727	6.61069613519961e-05
-1126.61687496699	0.00249368264034727	6.61069613519961e-05
-1068.39317711978	0.00249368264034727	0.13867341320733
-1126.61687496699	0.00249368264034727	6.61069613519961e-05
-1126.61687496699	0.00249368264034727	6.61069613519961e-05
-1126.61696261486	0.00249368264034727	6.61069613519961e-05
-1126.61711609723	0.00249368264034727	6.61069613519961e-05
-1067.64939422165	0.00249368264034727	0.140206903960562
-1126.61687551628	0.00249368264034727	6.61069613519961e-05
-1074.36775949923	0.00249368264034727	0.136439984059717
-1121.59101104146	0.00249368264034727	0.155507589845799
-1124.95873583275	0.00249368264034727	0.517673120450326
-1126.61687541606	0.00249368264034727	6.61069613519961e-05
-1126.61697083906	0.00249368264034727	6.61069613519961e-05
-1126.61687504398	0.00249368264034727	6.61069613519961e-05
-1068.18466860065	0.00249368264034727	0.139090038857036
-1126.61687504398	0.00249368264034727	6.61069613519961e-05
-1126.61687496842	0.00249368264034727	6.61069613519961e-05
-1126.61688804296	0.00249368264034727	6.61069613519961e-05
-1126.61687496842	0.00249368264034727	6.61069613519961e-05
-1068.36552577555	0.00249368264034727	0.138727251238612
-1126.61693725399	0.00249368264034727	6.61069613519961e-05
-1067.8216778509	0.00249368264034727	0.13983989734382
-1126.61706842724	0.00249368264034727	6.61069613519961e-05
-1126.61687531201	0.00249368264034727	6.61069613519961e-05
-1125.32120767981	0.00249368264034727	0.0908910278279536
-1126.61688288057	0.00249368264034727	6.61069613519961e-05
-1069.28407889143	0.00249368264034727	0.141678206812103
-1126.61687584992	0.00249368264034727	6.61069613519961e-05
-1126.61710776657	0.00249368264034727	6.61069613519961e-05
-1066.96991779171	0.00249368264034727	0.142086343187348
-1126.61687635359	0.00249368264034727	6.61069613519961e-05
-1126.61706709924	0.00249368264034727	6.61069613519961e-05
-1126.11411100585	0.00249368264034727	0.284839001314224
-1068.22246608595	0.00249368264034727	0.13952552933287
-1126.61705794191	0.00249368264034727	6.61069613519961e-05
-1126.61695472249	0.00249368264034727	6.61069613519961e-05
-1126.61687457977	0.00249368264034727	0
