lik	gamma	delta
-667.071163514908	0.00158127416054138	0.0611010369326495
-667.212727721776	0.00158127416054138	6.61069613519961e-05
-666.758436176878	0.00158127416054138	0.0124336326460719
-667.212687440291	0.00158127416054138	6.61069613519961e-05
-667.21132172711	0.00158127416054138	6.61069613519961e-05
-667.212677296175	0.00158127416054138	6.61069613519961e-05
-667.212777881356	0.00158127416054138	6.61069613519961e-05
-665.33714861016	0.00158127416054138	0.0525133866460892
-667.211322454665	0.00158127416054138	6.61069613519961e-05
-667.21194774806	0.00158127416054138	6.61069613519961e-05
-667.211471611624	0.00158127416054138	6.61069613519961e-05
-667.026871223791	0.00158127416054138	0.00743420290016177
-667.211470567953	0.00158127416054138	6.61069613519961e-05
-667.090945682135	0.00158127416054138	0.00596359365898593
-667.211321410994	0.00158127416054138	6.61069613519961e-05
-667.211321410994	0.00158127416054138	6.61069613519961e-05
-667.104073178775	0.00158127416054138	0.00561816406073347
-667.211321292642	0.00158127416054138	6.61069613519961e-05
-667.211321292642	0.00158127416054138	6.61069613519961e-05
-667.211321292642	0.00158127416054138	6.61069613519961e-05
-667.211477292279	0.00158127416054138	6.61069613519961e-05
-667.090322604749	0.00158127416054138	0.00597965651752894
-667.211321427035	0.00158127416054138	6.61069613519961e-05
-667.211321427035	0.00158127416054138	6.61069613519961e-05
-667.211321619753	0.00158127416054138	6.61069613519961e-05
-667.211321619753	0.00158127416054138	6.61069613519961e-05
-667.081773371029	0.00158127416054138	0.00619315627625498
-667.211569223954	0.00158127416054138	6.61069613519961e-05
-667.211321619753	0.00158127416054138	6.61069613519961e-05
-667.211569223954	0.00158127416054138	6.61069613519961e-05
-667.081773371029	0.00158127416054138	0.00619315627625498
-667.211321619753	0.00158127416054138	6.61069613519961e-05
-667.211321292642	0.00158127416054138	6.61069613519961e-05
-667.104073178775	0.00158127416054138	0.00561816406138121
-667.211321292642	0.00158127416054138	6.61069613519961e-05
-667.211321292642	0.00158127416054138	6.61069613519961e-05
-667.211321292642	0.00158127416054138	6.61069613519961e-05
-667.211321292642	0.00158127416054138	6.61069613519961e-05
-667.211321292642	0.00158127416054138	6.61069613519961e-05
-667.104073178776	0.00158127416054138	0.00561816406089581
-667.211320908805	0.00158127416054138	0
