posterior_mean	posterior_var	posterior_sd	posterior_quant	is_contained	PESL
2.27931268406117	0.0226676145544659	0.150557678497199	0.925460127416501	1	0.0713705059707056
