lik	gamma	delta
-1370.65206129463	0.00191937872549973	0.353922834501688
-1653.251191838	0.00191937872549973	0.132386470163936
-1653.42193923838	0.00191937872549973	0.00661585369803512
-1653.43892304996	0.00191937872549973	6.61069613519961e-05
-1387.21071617014	0.00191937872549973	0.320353226784832
-1653.43888580856	0.00191937872549973	6.61069613519961e-05
-1653.43888580856	0.00191937872549973	6.61069613519961e-05
-1653.43891495681	0.00191937872549973	6.61069613519961e-05
-1649.54211388716	0.00191937872549973	0.368536595972817
-1653.43888580441	0.00191937872549973	6.61069613519961e-05
-1393.0525286974	0.00191937872549973	0.320196207758543
-1651.55823293583	0.00191937872549973	0.260912326334769
-1386.8113020626	0.00191937872549973	0.320923315808402
-1653.43888587148	0.00191937872549973	6.61069613519961e-05
-1653.43888587148	0.00191937872549973	6.61069613519961e-05
-1653.43898890767	0.00191937872549973	6.61069613519961e-05
-1653.43888626327	0.00191937872549973	6.61069613519961e-05
-1388.69863720399	0.00191937872549973	0.320967152866103
-1650.79154314913	0.00191937872549973	0.999935090728468
-1653.33315180765	0.00191937872549973	0.0876230696321645
-1371.63185368216	0.00191937872549973	0.350375183731912
-1653.43888609412	0.00191937872549973	6.61069613519961e-05
-1653.43896143245	0.00191937872549973	6.61069613519961e-05
-1653.43429570096	0.00191937872549973	0.00355287453205782
-1386.90532358307	0.00191937872549973	0.320784133862612
-1653.43888585144	0.00191937872549973	6.61069613519961e-05
-1653.43897244404	0.00191937872549973	6.61069613519961e-05
-1653.43888585144	0.00191937872549973	6.61069613519961e-05
-1387.98228423314	0.00191937872549973	0.320090779053449
-1652.80517496698	0.00191937872549973	0.358144522808629
-1653.43888580353	0.00191937872549973	6.61069613519961e-05
-1653.43888580353	0.00191937872549973	6.61069613519961e-05
-1382.4962253541	0.00191937872549973	0.327656477123311
-1653.4396421164	0.00191937872549973	6.61069613519961e-05
-1653.43888790861	0.00191937872549973	6.61069613519961e-05
-1653.43888790861	0.00191937872549973	6.61069613519961e-05
-1653.43743214513	0.00191937872549973	0.00197975788341204
-1374.31680012497	0.00191937872549973	0.349230558169802
-1650.45759749316	0.00191937872549973	0.636705962215818
-1653.43888610081	0.00191937872549973	6.61069613519961e-05
-1653.4388852781	0.00191937872549973	0
