lik	gamma	delta
-653.949998618266	0.00213196540685946	0.454495604916531
-686.037283471319	0.00213196540685946	0.0815447828239944
-686.149288286045	0.00213196540685946	6.61069613519961e-05
-685.826709177727	0.00213196540685946	0.0112354549173769
-686.149228416543	0.00213196540685946	6.61069613519961e-05
-677.465228399234	0.00213196540685946	0.0582873165969619
-686.149228416543	0.00213196540685946	6.61069613519961e-05
-686.149627233691	0.00213196540685946	6.61069613519961e-05
-686.149228831844	0.00213196540685946	6.61069613519961e-05
-677.458758956984	0.00213196540685946	0.0595802305929412
-686.149228831844	0.00213196540685946	6.61069613519961e-05
-686.149150926844	0.00213196540685946	0.000753846908777016
-686.149228043448	0.00213196540685946	6.61069613519961e-05
-686.149267419408	0.00213196540685946	6.61069613519961e-05
-677.581238630603	0.00213196540685946	0.0583572841182855
-686.149260431727	0.00213196540685946	6.61069613519961e-05
-686.149228934915	0.00213196540685946	6.61069613519961e-05
-686.149614604929	0.00213196540685946	6.61069613519961e-05
-677.412576139728	0.00213196540685946	0.0585555210120005
-686.149289002551	0.00213196540685946	6.61069613519961e-05
-686.149227840478	0.00213196540685946	6.61069613519961e-05
-677.823910440474	0.00213196540685946	0.0566927224349803
-686.149227840478	0.00213196540685946	6.61069613519961e-05
-686.149227840478	0.00213196540685946	6.61069613519961e-05
-686.149329800661	0.00213196540685946	6.61069613519961e-05
-686.149227914812	0.00213196540685946	6.61069613519961e-05
-686.149227914812	0.00213196540685946	6.61069613519961e-05
-677.734700596068	0.00213196540685946	0.0570847652110288
-686.149227840478	0.00213196540685946	6.61069613519961e-05
-677.823910440474	0.00213196540685946	0.0566927224349803
-686.149227840478	0.00213196540685946	6.61069613519961e-05
-686.149227840478	0.00213196540685946	6.61069613519961e-05
-686.149227840478	0.00213196540685946	6.61069613519961e-05
-686.149227840478	0.00213196540685946	6.61069613519961e-05
-686.149227840478	0.00213196540685946	6.61069613519961e-05
-677.823910440475	0.00213196540685946	0.0566927224349574
-681.650754274861	0.00213196540685946	0.0559616793628338
-686.149229688528	0.00213196540685946	6.61069613519961e-05
-686.149229688528	0.00213196540685946	6.61069613519961e-05
-682.247347711914	0.00213196540685946	0.0590489912518736
-686.149227598273	0.00213196540685946	0
