model	lik	mode	convergence
1A	-1009.84195522114	1.58703052335801	0
1C	-1033.48910566257	0.433558014748624	0
1G	-1050.86866655575	0.890586311932279	0
1T	-1033.48910566256	0.433558204080302	0
2A	-1039.49197275359	1.29794520894245	0
2C	-1033.48910565235	0.433558192907499	0
2G	-1033.79358165742	0.518308140400933	0
2T	-1033.48910565234	0.433558166761661	0
3A	-1033.48910567725	0.433558072325907	0
3C	-1042.26256524189	1.26679082496264	0
3G	-1033.48910567734	0.43355805842999	0
3T	-1030.82592121418	1.79185562143347	0
4A	-1033.4891056502	0.433558163052284	0
4C	-1039.62063046271	1.29571406035746	0
4G	-1033.54330330995	0.402769915441259	0
4T	-1033.48910565022	0.433558194651549	0
5A	-1033.48910564127	0.433558046522896	0
5C	-1033.48910564083	0.433558096590209	0
5G	-1033.52598868027	0.417929585465648	0
5T	-1039.65313749064	1.29524962015482	0
6A	-1041.58878772694	1.27530469099772	0
6C	-1033.48910564113	0.433558125244874	0
6G	-1033.48910564113	0.433558269990407	0
6T	-1032.17761273848	1.65084410785037	0
7A	-1033.48910566486	0.433558146861927	0
7C	-1039.82481169155	1.29326058901674	0
7G	-1033.4891056649	0.433558028256194	0
7T	-1033.5218008521	0.772071353335645	0
8A	-1039.57635346341	1.29635302303841	0
8C	-1033.48910566416	0.433558115039627	0
8G	-1033.54577160104	0.383887810435958	0
8T	-1033.48910566414	0.433558137805165	0
9A	-1033.77516410406	0.5007585319687	0
9C	-1033.48910566474	0.433558104364709	0
9G	-1039.45386287168	1.29849580392046	0
9T	-1033.4891056647	0.433558148101933	0
neutral	-1033.77478566015	1	0
