posterior_mean	posterior_var	posterior_sd	posterior_quant	is_contained	PESL
1.59266467460545	0.0089775836216122	0.0947501114596294	0.164111152175782	1	0.0175643255413475
