posterior_mean	posterior_var	posterior_sd	posterior_quant	is_contained	PESL
2.04202718290798	0.00760620804858297	0.0872135772032255	0.318835097177438	1	0.0093724921517254
