model	lik	mode	convergence
1A	-228.889646903204	1.638668741453	0
1C	-235.891582045511	0.433556872129793	0
1G	-235.618500948415	0.25250158503896	0
1T	-235.891582045501	0.433556901963939	0
2A	-235.891581340983	0.433558168608066	0
2C	-242.486209475988	1.52799963706164	0
2G	-235.883166517075	0.807099889036463	0
2T	-235.891581341124	0.43355839842655	0
3A	-235.946022180661	0.402391633284519	0
3C	-235.891581336362	0.433558140386862	0
3G	-242.109320707392	1.54114409613835	0
3T	-235.891581336332	0.433557951221941	0
neutral	-236.177260129652	1	0
