posterior_mean	posterior_var	posterior_sd	posterior_quant	is_contained	PESL
2.62132354852556	0.146068644201154	0.38218927797775	0.392380450847308	1	0.160788047627987
