model	lik	mode	convergence
1A	-1338.36719226542	2.4462498667135	0
1C	-1554.89463815547	1.05228624102714	0
1G	-1540.88133049681	0.433558046311143	0
1T	-1540.88133049678	0.433558048629048	0
2A	-1540.91446604748	0.359899346949675	0
2C	-1540.88133049604	0.433558190917527	0
2G	-1393.20404641515	2.04012459145945	0
2T	-1540.881330496	0.433557979434394	0
3A	-1540.88133046328	0.433558200579384	0
3C	-1395.2629666598	2.03258748274618	0
3G	-1540.07859742101	1.8685816781705	0
3T	-1540.88133046364	0.433557912070887	0
4A	-1390.88172158362	2.06016357856297	0
4C	-1540.88133049671	0.433558076681382	0
4G	-1541.88722363538	0.874007256745114	0
4T	-1540.88133049671	0.433558014040646	0
5A	-1540.88133046346	0.433558128117921	0
5C	-1532.19983250958	2.88288897212312	0
5G	-1540.88133046347	0.433557914470206	0
5T	-1402.67493696766	2.01507832091007	0
6A	-1541.10809053829	0.6296560117974	0
6C	-1393.61508561101	2.03912864434147	0
6G	-1540.88133049688	0.433558153512183	0
6T	-1540.88133049686	0.433558118648294	0
7A	-1540.88133046172	0.433558079420421	0
7C	-1540.88133046125	0.433558295420281	0
7G	-1536.91741816861	3.30109818311038	0
7T	-1397.75048225098	2.02507965954591	0
8A	-1539.91883503623	1.9994865069703	0
8C	-1395.35894472997	2.03208912300818	0
8G	-1540.88133045743	0.433558643555372	0
8T	-1540.88133045741	0.433558227999732	0
9A	-1540.8798721774	0.342945923380321	0
9C	-1393.0069428772	2.04127397573711	0
9G	-1540.88133049408	0.433558087126486	0
9T	-1540.88133049404	0.433557986479186	0
10A	-1396.16137656473	2.03006649787298	0
10C	-1539.16577382814	2.46862275979307	0
10G	-1540.88133045735	0.433558414567311	0
10T	-1540.88133045709	0.433558226264028	0
11A	-1540.88133045891	0.433558090013964	0
11C	-1540.91275983327	0.420987787678214	0
11G	-1540.88133045894	0.43355784837982	0
11T	-1393.74891180379	2.03713741167695	0
12A	-1540.88133046813	0.433558153891281	0
12C	-1394.8533791544	2.03365017441491	0
12G	-1540.88133046829	0.433558099491387	0
12T	-1540.37375833178	1.45683224144668	0
13A	-1540.93448310721	0.404266072735624	0
13C	-1393.62133576146	2.03780516547133	0
13G	-1540.88133046823	0.433558210038513	0
13T	-1540.8813304682	0.433558144193821	0
neutral	-1541.16700828081	1	0
