model	lik	mode	convergence
1A	-306.659202959927	3.28105072476143	0
1C	-338.76502725481	1.05337782758413	0
1G	-321.974816453969	0.433558060835338	0
1T	-321.974816453949	0.433558019434657	0
2A	-321.974816419026	0.433558349257611	0
2C	-334.296938180414	1.37336471351056	0
2G	-321.974816419341	0.433557548455807	0
2T	-321.992400840126	0.427319645605657	0
3A	-321.974816457861	0.433558125176696	0
3C	-338.321703983814	1.1255586912142	0
3G	-316.818056757031	1.79891232696524	0
3T	-321.974816458017	0.43355793635648	0
4A	-321.97481641855	0.433557995998249	0
4C	-335.649113413966	1.35639541633231	0
4G	-322.120398200197	1.34680464019833	0
4T	-321.974816419196	0.433558617280825	0
5A	-321.974816439528	0.433558150441891	0
5C	-334.196762662396	1.3783721203762	0
5G	-321.974816439598	0.433558152990958	0
5T	-322.032798262071	0.391931152526173	0
6A	-321.974816459041	0.433558044508174	0
6C	-321.974816458893	0.433558011621356	0
6G	-338.654097701112	1.07135384734913	0
6T	-312.00498790006	2.39530836867235	0
neutral	-322.260496378192	1	0
