posterior_mean	posterior_var	posterior_sd	posterior_quant	is_contained	PESL
2.93979345373862	0.00549819343466051	0.0741498040095893	0.79242817052383	1	0.00912302164747154
