model	lik	mode	convergence
1A	-488.4216987609	2.10064137248028	0
1C	-515.325248459381	0.433558054282085	0
1G	-515.325248459397	0.433558176759119	0
1T	-529.875167571229	0.958615070589797	0
2A	-515.325248467395	0.433558082307911	0
2C	-515.32524846712	0.433558086254089	0
2G	-515.383249512286	0.391370040509041	0
2T	-515.388463266154	1.50670466157725	0
3A	-515.32524847951	0.433558137105431	0
3C	-515.310154763946	1.50853893933247	0
3G	-515.375269669297	0.373464403778404	0
3T	-515.325248479703	0.433557923746613	0
4A	-515.357949274097	0.420318347068206	0
4C	-515.499102500632	1.50417253752008	0
4G	-515.325248448419	0.433558181787426	0
4T	-515.325248448416	0.433558392504626	0
5A	-515.325248483554	0.433558074393515	0
5C	-515.325248483437	0.433558043989323	0
5G	-515.274363157636	1.50938805075633	0
5T	-515.366975979651	0.365873968832994	0
6A	-515.325248481676	0.433558104283548	0
6C	-515.371824255818	0.369974613002804	0
6G	-515.325248481688	0.433557965621114	0
6T	-515.293933349573	1.50892296268426	0
7A	-515.828478375981	1.49839100280901	0
7C	-515.266643114941	0.842807512123971	0
7G	-515.325248454453	0.433558045723242	0
7T	-515.325248454422	0.433558220378158	0
neutral	-515.610927335099	1	0
