lik	gamma	delta
-821.758569715534	0.00222308779898951	0.191306931342821
-830.037698331806	0.00222308779898951	6.61069613519961e-05
-829.824924695018	0.00222308779898951	0.00803110340883742
-830.040152014226	0.00222308779898951	6.61069613519961e-05
-830.037040550254	0.00222308779898951	0.00113765622397064
-830.038101588167	0.00222308779898951	6.61069613519961e-05
-828.607529770349	0.00222308779898951	0.0207395559605534
-830.037637427809	0.00222308779898951	6.61069613519961e-05
-830.037637564415	0.00222308779898951	6.61069613519961e-05
-828.813546514322	0.00222308779898951	0.0181221236003795
-830.037770454348	0.00222308779898951	6.61069613519961e-05
-830.037637564415	0.00222308779898951	6.61069613519961e-05
-830.037639723093	0.00222308779898951	6.61069613519961e-05
-830.03837862913	0.00222308779898951	6.61069613519961e-05
-830.037639723093	0.00222308779898951	6.61069613519961e-05
-828.658505394972	0.00222308779898951	0.0191998316006506
-829.967783887083	0.00222308779898951	0.0601353426577542
-830.037636159732	0.00222308779898951	6.61069613519961e-05
-830.037863626995	0.00222308779898951	6.61069613519961e-05
-828.850129603599	0.00222308779898951	0.0177307889061946
-830.037635836704	0.00222308779898951	6.61069613519961e-05
-830.037635836704	0.00222308779898951	6.61069613519961e-05
-824.978334718551	0.00222308779898951	0.18106115233704
-829.805513061188	0.00222308779898951	0.0079046725089283
-830.037637423288	0.00222308779898951	6.61069613519961e-05
-828.660353496812	0.00222308779898951	0.0195125139988271
-830.037637423288	0.00222308779898951	6.61069613519961e-05
-830.038232290485	0.00222308779898951	6.61069613519961e-05
-830.037635622612	0.00222308779898951	6.61069613519961e-05
-828.873975199744	0.00222308779898951	0.0174721433555568
-830.037635622612	0.00222308779898951	6.61069613519961e-05
-830.037635622612	0.00222308779898951	6.61069613519961e-05
-830.037638167864	0.00222308779898951	6.61069613519961e-05
-828.240550559043	0.00222308779898951	0.0223341562443986
-830.037759276419	0.00222308779898951	6.61069613519961e-05
-830.039560056539	0.00222308779898951	6.61069613519961e-05
-828.810706629167	0.00222308779898951	0.0179735962524427
-830.037868432425	0.00222308779898951	6.61069613519961e-05
-830.037636026696	0.00222308779898951	6.61069613519961e-05
-830.037636026696	0.00222308779898951	6.61069613519961e-05
-830.03763494243	0.00222308779898951	0
