lik	gamma	delta
-703.581808371344	0.00225948970071639	0.347310853088488
-715.127985916531	0.00225948970071639	6.61069613519961e-05
-715.128069960043	0.00225948970071639	6.61069613519961e-05
-714.003543126822	0.00225948970071639	0.0198572502551259
-711.226214655837	0.00225948970071639	0.036615105788057
-715.127952166196	0.00225948970071639	6.61069613519961e-05
-715.127952166196	0.00225948970071639	6.61069613519961e-05
-715.127952166196	0.00225948970071639	6.61069613519961e-05
-715.127952166196	0.00225948970071639	6.61069613519961e-05
-711.226214655836	0.00225948970071639	0.036615105788029
-715.127952166196	0.00225948970071639	6.61069613519961e-05
-715.127952166196	0.00225948970071639	6.61069613519961e-05
-714.9230526698	0.00225948970071639	0.0436219544672384
-715.127953475023	0.00225948970071639	6.61069613519961e-05
-715.127953475023	0.00225948970071639	6.61069613519961e-05
-711.40802415932	0.00225948970071639	0.0365558064463905
-714.62997995707	0.00225948970071639	0.0147624556001234
-708.346632201306	0.00225948970071639	0.103345579826985
-715.127952880387	0.00225948970071639	6.61069613519961e-05
-715.128052525062	0.00225948970071639	6.61069613519961e-05
-715.127952166196	0.00225948970071639	6.61069613519961e-05
-711.226214655836	0.00225948970071639	0.036615105788029
-715.127952166196	0.00225948970071639	6.61069613519961e-05
-715.127952166196	0.00225948970071639	6.61069613519961e-05
-711.896286029491	0.00225948970071639	0.0352470614087453
-715.12795392072	0.00225948970071639	6.61069613519961e-05
-714.306489255475	0.00225948970071639	0.0587392471736148
-715.12795392072	0.00225948970071639	6.61069613519961e-05
-715.127952953115	0.00225948970071639	6.61069613519961e-05
-715.127952953115	0.00225948970071639	6.61069613519961e-05
-715.128391713823	0.00225948970071639	6.61069613519961e-05
-710.842880672783	0.00225948970071639	0.0393549689182449
-715.105190619071	0.00225948970071639	0.0304840774304992
-715.128175321335	0.00225948970071639	6.61069613519961e-05
-711.447266036675	0.00225948970071639	0.0359391891618375
-714.132422277714	0.00225948970071639	0.32224633900122
-714.781287494828	0.00225948970071639	0.0858829417043356
-715.128200290463	0.00225948970071639	6.61069613519961e-05
-715.127959481511	0.00225948970071639	6.61069613519961e-05
-711.200049292157	0.00225948970071639	0.0380105939249767
-715.127951110133	0.00225948970071639	0
