posterior_mean	posterior_var	posterior_sd	posterior_quant	is_contained	PESL
2.09279189212747	0.0035307466346537	0.0594200861212242	0.0575318318195607	1	0.0121410818792343
