model	lik	mode	convergence
1A	-337.192274370926	1.1472024574215	0
1C	-336.144106543482	0.433558133937392	0
1G	-351.370187740361	1.00410130424218	0
1T	-336.144106543464	0.433558039832068	0
2A	-337.598715083637	1.04193242957053	0
2C	-336.144106541846	0.433558378227679	0
2G	-336.144106541875	0.433558153630913	0
2T	-351.288821995198	1.02263615772346	0
3A	-336.404449059701	0.524684684988114	0
3C	-336.144106541689	0.433557916700077	0
3G	-351.343061728791	1.0425425780226	0
3T	-336.144106541655	0.433557989485164	0
4A	-336.1441065337	0.433558121058219	0
4C	-336.144106533485	0.433558038194219	0
4G	-336.178456888168	0.419420533200205	0
4T	-351.364046865604	1.03925647725056	0
5A	-335.873387836565	0.282861402783126	0
5C	-351.285904615598	1.05385311202869	0
5G	-336.144106317845	0.433557382457319	0
5T	-336.144106317812	0.433557456393488	0
6A	-351.337266500136	1.04473194194023	0
6C	-336.144106570895	0.433558104515314	0
6G	-336.144106570848	0.43355821688929	0
6T	-336.170847111057	0.356152003172675	0
neutral	-336.429785935016	1	0
