posterior_mean	posterior_var	posterior_sd	posterior_quant	is_contained	PESL
1.21310181873153	0.0775681185628739	0.278510535820234	0.849529798715579	1	0.159878684978026
