model	lik	mode	convergence
1A	-154.141150182267	2.9203019931459	0
1C	-191.35276809788	0.814723546606009	0
1G	-187.700615484382	0.433558091114667	0
1T	-187.70061548435	0.433558014049576	0
2A	-187.736012099692	0.418791662997065	0
2C	-187.700615283609	0.433557944880913	0
2G	-178.66193031605	2.18022078795593	0
2T	-187.700615283614	0.433558342575896	0
neutral	-187.986294595662	1	0
