posterior_mean	posterior_var	posterior_sd	posterior_quant	is_contained	PESL
2.95603132756159	0.104156983489087	0.322733610721113	0.0725812362700985	1	0.312121555206693
