posterior_mean	posterior_var	posterior_sd	posterior_quant	is_contained	PESL
1.72971467693766	0.0173496064945829	0.131717904988589	0.0357437866182793	1	0.0701184392950296
