posterior_mean	posterior_var	posterior_sd	posterior_quant	is_contained	PESL
2.19586217033914	0.0161675564494172	0.127151706435333	0.0582847830079615	1	0.054529546219416
