posterior_mean	posterior_var	posterior_sd	posterior_quant	is_contained	PESL
2.08276721151596	0.00464800104484404	0.0681762498590531	0.111319836358766	1	0.0114984123470272
