posterior_mean	posterior_var	posterior_sd	posterior_quant	is_contained	PESL
2.45234317611703	0.00924158676701299	0.0961331720428125	0.693439272183468	1	0.0115127596296114
