model	lik	mode	convergence
1A	-851.26543201947	2.52019327082498	0
1C	-933.124473459175	0.433558093496298	0
1G	-933.124473459178	0.43355821004145	0
1T	-949.13536388918	0.925694198608514	0
2A	-934.104021762118	0.777974034694999	0
2C	-933.124473461678	0.43355815463796	0
2G	-910.2674077948	1.62630364516215	0
2T	-933.124473461661	0.433558071656426	0
3A	-933.194474796183	0.410234416176461	0
3C	-933.124473388128	0.433557773707281	0
3G	-912.102993676486	1.59690316495059	0
3T	-933.124473388094	0.433557757243985	0
4A	-933.124473464935	0.433558202635352	0
4C	-913.244384518899	1.58403712281587	0
4G	-933.282839928761	0.714106904679102	0
4T	-933.124473464996	0.433558092834544	0
5A	-933.18206738849	0.387077492791071	0
5C	-933.12447346571	0.433558137632221	0
5G	-912.915081423269	1.58660354424439	0
5T	-933.124473465676	0.433558135094654	0
6A	-933.124473476066	0.433558094815094	0
6C	-933.124473475911	0.433558127639486	0
6G	-912.835995676408	1.58750803223169	0
6T	-933.172819000707	0.371683699010043	0
7A	-933.124473455794	0.433558167767724	0
7C	-933.124473455655	0.43355816777743	0
7G	-913.282629974271	1.58359587808345	0
7T	-933.262598938839	0.735767957382025	0
8A	-933.124473407576	0.433557810825299	0
8C	-912.399112193088	1.612227398512	0
8G	-934.242214297617	1.12603680802403	0
8T	-933.12447340775	0.433557701922408	0
9A	-934.104021762118	0.777974034696339	0
9C	-933.124473461688	0.433558292133001	0
9G	-933.124473461692	0.433558180716652	0
9T	-910.267407794895	1.62630364549195	0
neutral	-933.41015322865	1	0
