posterior_mean	posterior_var	posterior_sd	posterior_quant	is_contained	PESL
2.52990027723677	0.0245276969255939	0.156613208017695	0.432126468487806	1	0.0254217235044288
