model	lik	mode	convergence
1A	-1067.55319014076	1.41600800672191	0
1C	-1083.13250791183	0.433558097766685	0
1G	-1083.13250791183	0.433558027232512	0
1T	-1097.70928256102	0.844606082892577	0
2A	-1083.13250790061	0.433558122464976	0
2C	-1083.13250790055	0.433558041881699	0
2G	-1094.85652188247	1.18431876257254	0
2T	-1072.62240557784	1.81555367490899	0
3A	-1083.13250784862	0.433557830499318	0
3C	-1083.13250784843	0.433557765784959	0
3G	-1083.32229399605	0.55784685204635	0
3T	-1087.94701413687	1.28089631172174	0
4A	-1083.29628537602	0.729708097387859	0
4C	-1083.13250788103	0.433558237665158	0
4G	-1083.13250788124	0.433558660059044	0
4T	-1088.12444933495	1.27811193417321	0
5A	-1083.13250789213	0.433558124298314	0
5C	-1083.18560214079	0.404342297247248	0
5G	-1083.13250789206	0.433558121394829	0
5T	-1087.96623005005	1.28003202357951	0
6A	-1083.13250789771	0.433558164065435	0
6C	-1087.94946079355	1.28027994215955	0
6G	-1083.13250789778	0.43355824536104	0
6T	-1083.18969984899	0.396484196246849	0
7A	-1083.13250760941	0.433557329995254	0
7C	-1087.76719402669	1.28407655609912	0
7G	-1083.51372282913	0.582126564276854	0
7T	-1083.13250760955	0.43355727301902	0
8A	-1083.13250790882	0.433558172878571	0
8C	-1089.06863666839	1.26599069194697	0
8G	-1080.83088612012	2.72305772899726	0
8T	-1083.13250790891	0.433558030050038	0
9A	-1083.13250791329	0.433558140210872	0
9C	-1088.20907901196	1.27807018575548	0
9G	-1083.65710613131	1.0413675894191	0
9T	-1083.13250791349	0.43355799878434	0
10A	-1083.13250788394	0.433557985129873	0
10C	-1083.13250788387	0.433557797690471	0
10G	-1088.61860850458	1.27159986362971	0
10T	-1081.94757899705	2.17731726013349	0
neutral	-1083.41818744298	1	0
