posterior_mean	posterior_var	posterior_sd	posterior_quant	is_contained	PESL
2.94600302978608	0.0260638582648998	0.161443049602328	0.637108016547419	1	0.0289795310571972
