posterior_mean	posterior_var	posterior_sd	posterior_quant	is_contained	PESL
3.09144793769511	0.0196355519416727	0.140126913694953	0.259788743666634	1	0.0279982772503374
