posterior_mean	posterior_var	posterior_sd	posterior_quant	is_contained	PESL
1.5971291353308	0.313602162712772	0.560001930990217	0.78600746720988	1	0.475907096312081
