posterior_mean	posterior_var	posterior_sd	posterior_quant	is_contained	PESL
2.0920598764132	0.0104346514856418	0.102150141877737	0.184473505827158	1	0.0189096723308115
