posterior_mean	posterior_var	posterior_sd	posterior_quant	is_contained	PESL
1.19108387084471	0.165753401028856	0.407128236589967	0.79487271613516	1	0.261182575881959
