model	lik	mode	convergence
1A	-1102.3779940164	1.50403590381482	0
1C	-1122.56157064883	0.433558164810125	0
1G	-1136.02322148538	0.889255455499962	0
1T	-1122.5615706488	0.433558298135386	0
2A	-1121.90570709979	1.58160890832205	0
2C	-1122.56157061908	0.43355816478898	0
2G	-1122.5615706192	0.433558035063955	0
2T	-1124.48972220575	1.30008769029852	0
3A	-1122.56157065571	0.433558098792409	0
3C	-1123.14056106736	0.834418051487189	0
3G	-1124.02890255753	1.30701584410589	0
3T	-1122.56157065561	0.433557881691791	0
4A	-1123.98970498123	1.30620338380987	0
4C	-1122.56157062812	0.433558173827354	0
4G	-1122.61247696369	0.406940802084021	0
4T	-1122.5615706281	0.433558320993358	0
5A	-1122.12285504609	1.33951109257117	0
5C	-1122.56157065863	0.433558071515317	0
5G	-1122.5615706586	0.433558092577315	0
5T	-1123.5480358287	0.776693553137824	0
6A	-1122.56157065513	0.433558035746577	0
6C	-1122.55648484652	0.341493460989667	0
6G	-1123.81259207995	1.3087507419572	0
6T	-1122.56157065503	0.433558247164149	0
7A	-1122.79567715614	0.970987144322843	0
7C	-1124.25178744186	1.30342101688638	0
7G	-1122.56157061833	0.433557388019703	0
7T	-1122.56157061831	0.433558555296254	0
8A	-1122.60939325334	0.371163635041107	0
8C	-1122.56157065324	0.433558142105348	0
8G	-1123.90072054154	1.30746981756793	0
8T	-1122.56157065322	0.433558005033667	0
9A	-1122.31960588638	1.57363935806233	0
9C	-1122.56157064565	0.433558147392942	0
9G	-1124.90297571544	1.29680521653679	0
9T	-1122.56157064562	0.433558286079734	0
10A	-1122.56157064788	0.4335581102117	0
10C	-1122.61650908106	0.380199246476577	0
10G	-1122.56157064789	0.43355786144202	0
10T	-1123.9247132126	1.3071255779686	0
11A	-1122.61950073887	0.392678636305495	0
11C	-1123.95615634057	1.30667750447764	0
11G	-1122.5615706386	0.433558103025375	0
11T	-1122.56157063858	0.433558100610834	0
12A	-1122.5541105071	0.340581308270991	0
12C	-1122.5615706543	0.43355804745301	0
12G	-1122.56157065429	0.433557999191267	0
12T	-1123.80963693269	1.30879412410131	0
13A	-1123.92590479232	1.30761633698089	0
13C	-1122.8455981681	0.550091320871514	0
13G	-1122.56157065668	0.433557991953077	0
13T	-1122.56157065667	0.433558162734371	0
14A	-1122.56157065857	0.433558038852469	0
14C	-1122.56157065847	0.433557995435383	0
14G	-1123.85837399375	1.30808215822261	0
14T	-1122.58861850096	0.356283800343534	0
neutral	-1122.84724826397	1	0
