lik	gamma	delta
-830.688874480908	0.00222469818464189	0.191306911253452
-838.967998608151	0.00222469818464189	6.61069613519961e-05
-838.755225282793	0.00222469818464189	0.00803109747510353
-838.970452282207	0.00222469818464189	6.61069613519961e-05
-837.804274745902	0.00222469818464189	0.0174721496490934
-838.967935899101	0.00222469818464189	6.61069613519961e-05
-838.967935899101	0.00222469818464189	6.61069613519961e-05
-838.967935899101	0.00222469818464189	6.61069613519961e-05
-837.802078047307	0.00222469818464189	0.0174900244690428
-838.967935899616	0.00222469818464189	6.61069613519961e-05
-838.967935899616	0.00222469818464189	6.61069613519961e-05
-838.967944208604	0.00222469818464189	6.61069613519961e-05
-838.968073129231	0.00222469818464189	6.61069613519961e-05
-838.967936039942	0.00222469818464189	6.61069613519961e-05
-838.967936039942	0.00222469818464189	6.61069613519961e-05
-837.767423078518	0.00222469818464189	0.017757215316748
-838.968034799003	0.00222469818464189	6.61069613519961e-05
-838.967990076959	0.00222469818464189	6.61069613519961e-05
-837.980633781454	0.00222469818464189	0.0162217632753563
-838.370720314335	0.00222469818464189	0.10022934071936
-838.967938883716	0.00222469818464189	6.61069613519961e-05
-838.969145993336	0.00222469818464189	6.61069613519961e-05
-837.426510788703	0.00222469818464189	0.0206010031379218
-838.967938883716	0.00222469818464189	6.61069613519961e-05
-838.967936297685	0.00222469818464189	6.61069613519961e-05
-838.968166756266	0.00222469818464189	6.61069613519961e-05
-838.967936297685	0.00222469818464189	6.61069613519961e-05
-837.741540049607	0.00222469818464189	0.0179693141687982
-838.969150476225	0.00222469818464189	6.61069613519961e-05
-838.967935993869	0.00222469818464189	6.61069613519961e-05
-837.335960065903	0.00222469818464189	0.0218788756263139
-838.967935993869	0.00222469818464189	6.61069613519961e-05
-838.946274712709	0.00222469818464189	0.0121471395894231
-837.612055258433	0.00222469818464189	0.0195079487580486
-838.967937539498	0.00222469818464189	6.61069613519961e-05
-838.968627945319	0.00222469818464189	6.61069613519961e-05
-837.804274745902	0.00222469818464189	0.0174721496490934
-838.967935899101	0.00222469818464189	6.61069613519961e-05
-838.967935899101	0.00222469818464189	6.61069613519961e-05
-838.967935899101	0.00222469818464189	6.61069613519961e-05
-838.96793521805	0.00222469818464189	0
