model	lik	mode	convergence
1A	-1138.42254172244	3.11071202833523	0
1C	-1451.74630907343	0.433558144325293	0
1G	-1451.74630907344	0.433558088648326	0
1T	-1468.26006465145	0.931827397777827	0
2A	-1240.95149679708	2.37255343530115	0
2C	-1451.74630904995	0.433558142414123	0
2G	-1451.74630904993	0.433558265598248	0
2T	-1451.56523376307	0.89944546784003	0
3A	-1451.74630905255	0.433558168613056	0
3C	-1451.78594604598	0.794909220517995	0
3G	-1240.66894354594	2.37401819958181	0
3T	-1451.74630905245	0.433557922362735	0
4A	-1451.74630902062	0.433557826718561	0
4C	-1452.43910917154	0.757888331654979	0
4G	-1237.45725934886	2.39644362462159	0
4T	-1451.74630902053	0.433557613374378	0
5A	-1468.42862635589	0.987211165278372	0
5C	-1159.25805037967	2.95195418918201	0
5G	-1451.74630904463	0.433558302512007	0
5T	-1451.74630904448	0.433558647070681	0
6A	-1239.73891181834	2.37749251132421	0
6C	-1451.74630907165	0.433558131947018	0
6G	-1451.74630907162	0.433558166517158	0
6T	-1451.80234868418	0.382370048114197	0
7A	-1451.74630905373	0.433558108661569	0
7C	-1450.44460572669	2.1272493668169	0
7G	-1242.79727607823	2.37039677409152	0
7T	-1451.74630905356	0.433557879710493	0
8A	-1241.13053504449	2.37454288494195	0
8C	-1451.74630904586	0.433558330270701	0
8G	-1451.7463090458	0.433558226983946	0
8T	-1451.73528185109	1.31632550990561	0
9A	-1451.74630906479	0.433558151791938	0
9C	-1239.85203091659	2.37683909534547	0
9G	-1451.80430768781	0.391477995982185	0
9T	-1451.74630906496	0.433557902635613	0
10A	-1239.55783373556	2.38123226565594	0
10C	-1451.74630905741	0.433558206014503	0
10G	-1452.20880089856	0.753751998306155	0
10T	-1451.7463090574	0.433558028813625	0
11A	-1451.74630781708	0.433555722331098	0
11C	-1451.74630781689	0.43355589144068	0
11G	-1453.44147851976	0.945152403037144	0
11T	-1216.53146723482	2.56590740413768	0
12A	-1387.40913028659	3.66751358464087	0
12C	-1296.28023486218	2.23664860940492	0
12G	-1451.74630905376	0.43355827661526	0
12T	-1451.74630905374	0.433558141762065	0
13A	-1451.74630906062	0.433558165899587	0
13C	-1451.80321057214	0.397382054991001	0
13G	-1451.7463090606	0.433557991273144	0
13T	-1239.9214680303	2.37644458144121	0
neutral	-1452.03198893979	1	0
