posterior_mean	posterior_var	posterior_sd	posterior_quant	is_contained	PESL
3.11523117286533	0.0140360222845591	0.118473719805529	0.165482478890755	1	0.0273142454844308
