lik	gamma	delta
-1043.99552486937	0.0016331217556992	0.193482494678603
-1112.60116276482	0.0016331217556992	6.61069613519961e-05
-1112.59978264296	0.0016331217556992	6.61069613519961e-05
-1112.59978264296	0.0016331217556992	6.61069613519961e-05
-1112.5997827843	0.0016331217556992	6.61069613519961e-05
-1112.5997827843	0.0016331217556992	6.61069613519961e-05
-1108.63633041383	0.0016331217556992	0.503455367586084
-1067.97384848812	0.0016331217556992	0.118106447225624
-1112.08492669121	0.0016331217556992	0.322543171720101
-1112.59978276938	0.0016331217556992	6.61069613519961e-05
-1112.59982609376	0.0016331217556992	6.61069613519961e-05
-1065.58073609441	0.0016331217556992	0.121737423430866
-1110.03329221965	0.0016331217556992	0.206166369939125
-1067.87152477238	0.0016331217556992	0.119031199072178
-1112.59978266723	0.0016331217556992	6.61069613519961e-05
-1112.59978266723	0.0016331217556992	6.61069613519961e-05
-1065.48795693387	0.0016331217556992	0.121115878148251
-1112.5997826619	0.0016331217556992	6.61069613519961e-05
-1112.5997826619	0.0016331217556992	6.61069613519961e-05
-1112.59984617336	0.0016331217556992	6.61069613519961e-05
-1065.36656462293	0.0016331217556992	0.121371102987892
-1112.59978272695	0.0016331217556992	6.61069613519961e-05
-1112.59990868755	0.0016331217556992	6.61069613519961e-05
-1112.59978272695	0.0016331217556992	6.61069613519961e-05
-1112.60010364248	0.0016331217556992	6.61069613519961e-05
-1112.33766088101	0.0016331217556992	0.0574675993962549
-1062.68678853728	0.0016331217556992	0.131636812067668
-1112.59978550046	0.0016331217556992	6.61069613519961e-05
-1112.59978270438	0.0016331217556992	6.61069613519961e-05
-1112.59978270438	0.0016331217556992	6.61069613519961e-05
-1110.47338236108	0.0016331217556992	0.829722717001714
-1066.65499314072	0.0016331217556992	0.11956264736499
-1112.59978303213	0.0016331217556992	6.61069613519961e-05
-1112.60004249725	0.0016331217556992	6.61069613519961e-05
-1064.96963813358	0.0016331217556992	0.122225314529192
-1112.59984682494	0.0016331217556992	6.61069613519961e-05
-1112.59978270281	0.0016331217556992	6.61069613519961e-05
-1065.40349970321	0.0016331217556992	0.121292707823623
-1112.59978270281	0.0016331217556992	6.61069613519961e-05
-1112.59988986895	0.0016331217556992	6.61069613519961e-05
-1112.59978187987	0.0016331217556992	0
