posterior_mean	posterior_var	posterior_sd	posterior_quant	is_contained	PESL
2.46221551145157	0.00382284529913512	0.0618291622063175	0.731176648184839	1	0.00525051287392155
