posterior_mean	posterior_var	posterior_sd	posterior_quant	is_contained	PESL
2.50105632816288	0.0111733351715132	0.105703997897493	0.501641758690888	1	0.0111744510007014
