model	lik	mode	convergence
1A	-423.086865365943	2.59547889889327	0
1C	-477.832012101561	1.19960703903052	0
1G	-465.861064123967	0.433558090715787	0
1T	-465.861064123938	0.433558068694799	0
2A	-465.861064110879	0.433558196741208	0
2C	-447.072682177424	1.88429985991028	0
2G	-466.229485716332	1.04368449100299	0
2T	-465.861064111079	0.433558086077134	0
3A	-465.861064123409	0.433558144457258	0
3C	-445.928330104091	1.90122713240039	0
3G	-465.861064123491	0.43355818815703	0
3T	-466.13445106046	0.491190566820296	0
4A	-465.861064123222	0.433558117106814	0
4C	-465.913204292473	0.375989509233846	0
4G	-465.861064123237	0.433558090163746	0
4T	-446.448654143979	1.88734772008616	0
5A	-446.736566836965	1.88472291369567	0
5C	-466.115125653728	0.641343562693895	0
5G	-465.861064120201	0.433558051559079	0
5T	-465.861064120178	0.433558133601067	0
6A	-465.861064096305	0.433558085435846	0
6C	-465.861064096227	0.433557711946157	0
6G	-447.17332980899	1.87551951216934	0
6T	-465.90324436528	0.79677190284958	0
7A	-447.092581464527	1.87716466133382	0
7C	-465.861064096628	0.433558193037852	0
7G	-465.970121871925	0.759869909498529	0
7T	-465.861064096559	0.433558081314966	0
neutral	-466.146739559882	1	0
