posterior_mean	posterior_var	posterior_sd	posterior_quant	is_contained	PESL
2.53873311910186	0.00827431802372488	0.0909632784354482	0.338694976357162	1	0.00977457253908804
