posterior_mean	posterior_var	posterior_sd	posterior_quant	is_contained	PESL
1.49195731949597	0.0115516068716193	0.107478401884375	0.539343211609059	1	0.0116162915813103
