lik	gamma	delta
-947.09591715231	0.00146259223578489	0.201057255333407
-964.19106567862	0.00146259223578489	6.61069613519961e-05
-964.190846503077	0.00146259223578489	6.61069613519961e-05
-962.953875948825	0.00146259223578489	0.0192473167208613
-964.191727036927	0.00146259223578489	6.61069613519961e-05
-956.365239896015	0.00146259223578489	0.045369023995974
-963.832987568389	0.00146259223578489	0.122169474589601
-964.190686852879	0.00146259223578489	6.61069613519961e-05
-956.889891212226	0.00146259223578489	0.0430139832236628
-964.190686257147	0.00146259223578489	6.61069613519961e-05
-964.190686257147	0.00146259223578489	6.61069613519961e-05
-964.190686257147	0.00146259223578489	6.61069613519961e-05
-964.190686991291	0.00146259223578489	6.61069613519961e-05
-957.897311085145	0.00146259223578489	0.0498283262620057
-962.993671751813	0.00146259223578489	0.0296735775448252
-964.053250874177	0.00146259223578489	0.0581573978950913
-964.190686272511	0.00146259223578489	6.61069613519961e-05
-963.790456312774	0.00146259223578489	0.0746568927201954
-964.190686272511	0.00146259223578489	6.61069613519961e-05
-957.229104726866	0.00146259223578489	0.0423869373961661
-964.190686257147	0.00146259223578489	6.61069613519961e-05
-964.190686257147	0.00146259223578489	6.61069613519961e-05
-956.889891212225	0.00146259223578489	0.0430139832230353
-964.190686257147	0.00146259223578489	6.61069613519961e-05
-957.043939539096	0.00146259223578489	0.0427949390151597
-963.439270200401	0.00146259223578489	0.251705785809195
-964.190935844061	0.00146259223578489	6.61069613519961e-05
-964.190686908557	0.00146259223578489	6.61069613519961e-05
-956.889891212226	0.00146259223578489	0.0430139832236628
-964.190686257147	0.00146259223578489	6.61069613519961e-05
-964.190686257147	0.00146259223578489	6.61069613519961e-05
-964.190686257147	0.00146259223578489	6.61069613519961e-05
-964.190686257147	0.00146259223578489	6.61069613519961e-05
-964.190686257147	0.00146259223578489	6.61069613519961e-05
-956.889891212225	0.00146259223578489	0.0430139832230353
-964.190686257147	0.00146259223578489	6.61069613519961e-05
-964.190712793879	0.00146259223578489	6.61069613519961e-05
-964.190686260606	0.00146259223578489	6.61069613519961e-05
-956.872560291228	0.00146259223578489	0.0430766701687032
-964.190686260606	0.00146259223578489	6.61069613519961e-05
-964.190686074947	0.00146259223578489	0
