posterior_mean	posterior_var	posterior_sd	posterior_quant	is_contained	PESL
1.55088405450371	0.00174714439194442	0.0417988563473263	0.110868384446941	1	0.00433633139471152
