posterior_mean	posterior_var	posterior_sd	posterior_quant	is_contained	PESL
2.83476747901101	0.137029041811768	0.370174339753268	0.685087062493947	1	0.164330827804096
