posterior_mean	posterior_var	posterior_sd	posterior_quant	is_contained	PESL
2.55286446495276	0.00434299277981386	0.0659013867821753	0.212099263883765	1	0.0071376444345773
