posterior_mean	posterior_var	posterior_sd	posterior_quant	is_contained	PESL
2.96416222850586	0.00873478795986728	0.0934600875233235	0.652628236020323	1	0.0100191338255259
