posterior_mean	posterior_var	posterior_sd	posterior_quant	is_contained	PESL
2.13052373213321	0.00287649479821954	0.0536329637277257	0.00662849152044396	0	0.0199129394481472
