posterior_mean	posterior_var	posterior_sd	posterior_quant	is_contained	PESL
1.77850218298108	0.0258041266069086	0.160636629094701	0.912303201933987	1	0.0748654095509485
