model	lik	mode	convergence
1A	-334.49805058418	3.20401366344496	0
1C	-341.250193952254	0.43355819742956	0
1G	-341.250193952275	0.433558448333626	0
1T	-355.89278373927	0.915917140376694	0
2A	-341.250193984265	0.433558094235135	0
2C	-355.783577116375	0.9055469193504	0
2G	-340.834570383934	1.41371141884237	0
2T	-341.250193984453	0.433558045316267	0
3A	-355.817235967131	1.04821099045771	0
3C	-341.250193870237	0.433557746933505	0
3G	-341.2501938702	0.433557685460814	0
3T	-342.760132883717	0.958565724671975	0
4A	-341.250193983466	0.433558120531682	0
4C	-356.102832001845	1.04064960794635	0
4G	-341.283395735901	0.359941198029922	0
4T	-341.250193983708	0.433558250561542	0
5A	-341.25019394574	0.433558113731657	0
5C	-341.274653035099	0.424382548150024	0
5G	-341.250193945753	0.433557543912891	0
5T	-356.127456378932	1.03523231164334	0
6A	-341.130899039301	0.309337374111323	0
6C	-356.073662676753	1.04633157820136	0
6G	-341.250193913402	0.433557790500427	0
6T	-341.250193913378	0.433557774557347	0
neutral	-341.535873060112	1	0
