model	lik	mode	convergence
1A	-392.874718092705	1.2101443922091	0
1C	-392.326547430353	0.433558231989157	0
1G	-392.326547430371	0.433558170316133	0
1T	-407.137747071991	0.933764733820766	0
2A	-392.326547431407	0.433558178967451	0
2C	-392.617558553886	0.618439252188072	0
2G	-392.326547431408	0.433557911985111	0
2T	-407.270567458473	0.957230000212741	0
3A	-392.326547456961	0.433558071834563	0
3C	-392.354275765163	0.356709536762992	0
3G	-392.326547456949	0.433558117983711	0
3T	-407.295143233631	0.963743319519223	0
4A	-392.326547455324	0.433558012698705	0
4C	-392.326547455108	0.433558003553858	0
4G	-392.58212058807	0.591441446067307	0
4T	-407.272263865856	0.957872012514114	0
5A	-392.326547424628	0.433557911385279	0
5C	-392.326547424453	0.433557952175785	0
5G	-392.258118440513	0.321464275212786	0
5T	-407.302780870536	0.966907849496115	0
6A	-392.874718092706	1.2101443921892	0
6C	-407.137747072082	0.933764733367412	0
6G	-392.326547430449	0.433558198360403	0
6T	-392.326547430405	0.433558070618808	0
7A	-407.281724145507	0.959249869826311	0
7C	-392.326547419841	0.433558175924185	0
7G	-392.326547419857	0.433558271123233	0
7T	-392.361724616356	0.418916665564693	0
8A	-392.326547450237	0.433558005546534	0
8C	-392.922255233512	0.765689402567619	0
8G	-407.260307899438	0.956884132359618	0
8T	-392.326547450141	0.433558039446764	0
9A	-392.326547422116	0.433558286724913	0
9C	-407.250357041472	0.951958705975382	0
9G	-392.379819591058	0.790657521548772	0
9T	-392.326547422223	0.433557883652126	0
neutral	-392.612226560403	1	0
