posterior_mean	posterior_var	posterior_sd	posterior_quant	is_contained	PESL
1.78133506178993	0.0484681660311995	0.220154868288665	0.840412882474922	1	0.0962825212336804
