posterior_mean	posterior_var	posterior_sd	posterior_quant	is_contained	PESL
1.51289070997447	0.00767350537201332	0.0875985466318552	0.448995651558405	1	0.00783967577565776
