model	lik	mode	convergence
1A	-378.227371206997	1.67749726851557	0
1C	-394.730683211455	0.843296266045552	0
1G	-379.377562212305	0.433557898831523	0
1T	-379.377562212282	0.433557815623201	0
2A	-379.42555018173	0.371326609199747	0
2C	-379.377562269093	0.433558102710501	0
2G	-379.377562269082	0.433558298685122	0
2T	-395.762194233622	0.937682488827789	0
3A	-395.728086325877	0.932694534337335	0
3C	-379.377562250347	0.43355795773836	0
3G	-379.585029784116	0.586977851774985	0
3T	-379.377562250334	0.433557856470005	0
4A	-379.377562086071	0.433557545373098	0
4C	-379.152168343253	0.289732052439421	0
4G	-379.377562086055	0.433557506992001	0
4T	-395.800453783402	0.944896407195894	0
5A	-379.434798181299	0.396334789173007	0
5C	-395.751835515968	0.935958327658571	0
5G	-379.377562251804	0.433558172772106	0
5T	-379.377562251768	0.433558174061274	0
6A	-379.377562257067	0.433557938684421	0
6C	-395.781184341388	0.941067881407354	0
6G	-379.335813091796	0.328998915268256	0
6T	-379.377562257235	0.433557967543823	0
neutral	-379.663242102792	1	0
