posterior_mean	posterior_var	posterior_sd	posterior_quant	is_contained	PESL
1.7859733360248	0.18167684022687	0.426235662781601	0.992533933140783	0	1.65553758106957
