model	lik	mode	convergence
1A	-946.519989271636	2.00577326627675	0
1C	-993.042714036667	0.433558008951366	0
1G	-1009.09104217994	0.983983620885381	0
1T	-993.042714036633	0.433558037427727	0
2A	-992.842848296776	1.50027514427005	0
2C	-993.042714037983	0.43355815294179	0
2G	-993.042714037969	0.433557970895112	0
2T	-985.566380806722	1.44383555259501	0
3A	-993.03802688164	0.341648399833786	0
3C	-984.518396701503	1.45341422961483	0
3G	-993.042714038034	0.433558002439993	0
3T	-993.042714038022	0.43355800194437	0
4A	-984.842786148562	1.44944917479671	0
4C	-993.042714002249	0.433558102561249	0
4G	-993.042714002247	0.433558284402215	0
4T	-993.063516156692	0.425988411470352	0
5A	-993.083141280194	0.415686154701247	0
5C	-984.810948245997	1.4498238010467	0
5G	-993.042714005851	0.433558013529277	0
5T	-993.042714005804	0.433558237972744	0
6A	-993.499167681348	0.706331039275377	0
6C	-984.705007318032	1.45263452231329	0
6G	-993.042714039986	0.433558080987361	0
6T	-993.042714039962	0.433557935486687	0
7A	-986.065298821912	1.43945870571867	0
7C	-993.042714027809	0.433557922216945	0
7G	-991.832275073866	2.0832528009337	0
7T	-993.042714027804	0.433558063474132	0
8A	-993.042714028333	0.433557973478224	0
8C	-993.357068679864	0.825409926134743	0
8G	-993.042714028324	0.433558006269393	0
8T	-984.929209694319	1.45009145443544	0
9A	-991.749419872825	2.06035975907684	0
9C	-986.323859585569	1.43681665181901	0
9G	-993.042714008005	0.433558213768962	0
9T	-993.042714007977	0.433558073819363	0
10A	-993.093949622641	0.406574819344338	0
10C	-993.042714011205	0.433558017547355	0
10G	-984.781235447747	1.4501765466801	0
10T	-993.042714011188	0.433558005250019	0
11A	-993.042714031691	0.433558113806023	0
11C	-993.096869742763	0.378858560062862	0
11G	-993.042714031699	0.433558106333085	0
11T	-984.68083569144	1.45138953775112	0
12A	-993.042714006988	0.433558133756915	0
12C	-984.804403067403	1.44990124646538	0
12G	-993.042714007206	0.433558084111148	0
12T	-993.086059392844	0.413646236737296	0
neutral	-993.328393673914	1	0
