posterior_mean	posterior_var	posterior_sd	posterior_quant	is_contained	PESL
2.01386279293271	0.016242135358692	0.127444636445368	0.465008222434981	1	0.0164343123865838
