lik	gamma	delta
-1011.46540662689	0.00109844649902454	0.19348085186516
-1080.07076842742	0.00109844649902454	6.61069613519961e-05
-1080.06938725859	0.00109844649902454	6.61069613519961e-05
-1080.06938725859	0.00109844649902454	6.61069613519961e-05
-1080.06938811172	0.00109844649902454	6.61069613519961e-05
-1080.0694297843	0.00109844649902454	6.61069613519961e-05
-1023.06860801396	0.00109844649902454	0.151813861778975
-1080.07049785877	0.00109844649902454	6.61069613519961e-05
-1080.06938725656	0.00109844649902454	6.61069613519961e-05
-1033.07854603601	0.00109844649902454	0.120868190449807
-1080.06938725656	0.00109844649902454	6.61069613519961e-05
-1080.06938725656	0.00109844649902454	6.61069613519961e-05
-1080.06938738079	0.00109844649902454	6.61069613519961e-05
-1078.27142022575	0.00109844649902454	0.363818017228096
-1079.08503707729	0.00109844649902454	0.278587750832957
-1035.07619202659	0.00109844649902454	0.118821172662753
-1033.95751076155	0.00109844649902454	0.119898873614896
-1080.06938730482	0.00109844649902454	6.61069613519961e-05
-1080.06938730482	0.00109844649902454	6.61069613519961e-05
-1078.7311429257	0.00109844649902454	0.408231085962517
-1080.06938726158	0.00109844649902454	6.61069613519961e-05
-1075.54570450089	0.00109844649902454	0.0461277617874833
-1080.06938726158	0.00109844649902454	6.61069613519961e-05
-1022.32563059644	0.00109844649902454	0.220581118510041
-1033.07854603601	0.00109844649902454	0.120868190449807
-1080.06938725656	0.00109844649902454	6.61069613519961e-05
-1080.06938725656	0.00109844649902454	6.61069613519961e-05
-1080.06938725656	0.00109844649902454	6.61069613519961e-05
-1039.55539788458	0.00109844649902454	0.113468705057854
-1070.10196399765	0.00109844649902454	0.557756490366801
-1078.5242777017	0.00109844649902454	0.469325809707014
-1079.93315335034	0.00109844649902454	0.0624096246544634
-1080.06938725656	0.00109844649902454	6.61069613519961e-05
-1033.07854603601	0.00109844649902454	0.120868190449807
-1080.06938725656	0.00109844649902454	6.61069613519961e-05
-1080.06938725656	0.00109844649902454	6.61069613519961e-05
-1033.07854603601	0.00109844649902454	0.120868190449807
-1080.06938725656	0.00109844649902454	6.61069613519961e-05
-1080.06938725656	0.00109844649902454	6.61069613519961e-05
-1080.06938725656	0.00109844649902454	6.61069613519961e-05
-1080.06938677877	0.00109844649902454	0
