model	lik	mode	convergence
1A	-1381.29326995338	2.46744415457037	0
1C	-1574.08498164184	0.433558101186069	0
1G	-1588.99010806785	0.98226607033982	0
1T	-1574.0849816418	0.433558090850121	0
2A	-1574.12344703035	0.416960660116872	0
2C	-1458.4663068338	1.88187541964445	0
2G	-1574.08498160919	0.433557979428958	0
2T	-1574.08498160914	0.433558155298365	0
3A	-1574.08498162684	0.43355811430719	0
3C	-1574.08498162674	0.43355792493654	0
3G	-1458.28889518546	1.88281502865114	0
3T	-1574.14298589427	0.390936505779529	0
4A	-1573.62732456511	1.44263361379367	0
4C	-1459.48354451459	1.87839517681765	0
4G	-1574.08498160724	0.43355831025531	0
4T	-1574.08498160719	0.433557840502972	0
5A	-1574.08498163296	0.433558124263238	0
5C	-1588.58660970235	0.939200797625489	0
5G	-1411.33407992682	2.16553522036522	0
5T	-1574.08498163311	0.433558069209885	0
6A	-1574.11463002177	0.421901804659415	0
6C	-1574.08498160677	0.433558286278083	0
6G	-1458.49671464186	1.88171886313749	0
6T	-1574.08498160679	0.433558268759092	0
7A	-1574.08498149364	0.43355764597056	0
7C	-1574.08498149347	0.43355761467546	0
7G	-1574.11459680172	0.399780637337914	0
7T	-1456.82822286801	1.89180802274212	0
8A	-1574.08498161386	0.433558038754305	0
8C	-1574.08498161374	0.433558010182182	0
8G	-1459.77773625856	1.87856086696658	0
8T	-1573.70477851656	1.63126990360137	0
9A	-1457.88356128657	1.88509621001256	0
9C	-1574.08498164336	0.433558054741169	0
9G	-1574.08652926066	0.344168814476841	0
9T	-1574.08498164335	0.433557922634927	0
10A	-1574.08498161046	0.433558015919042	0
10C	-1574.0849816104	0.43355801415413	0
10G	-1574.12649944349	0.414952185722208	0
10T	-1458.45365953125	1.88194094471677	0
11A	-1574.08498161963	0.43355811708737	0
11C	-1574.0849816193	0.433558057234479	0
11G	-1574.14034142308	0.400831536510453	0
11T	-1458.35994812922	1.88243360552277	0
neutral	-1574.37066036868	1	0
