posterior_mean	posterior_var	posterior_sd	posterior_quant	is_contained	PESL
2.51905483921804	0.0339448361870719	0.184241244533009	0.468439993876966	1	0.0343079230846912
