posterior_mean	posterior_var	posterior_sd	posterior_quant	is_contained	PESL
1.86974637743621	0.0451931085026719	0.212586708198495	0.73792598085801	1	0.0621591146936785
