posterior_mean	posterior_var	posterior_sd	posterior_quant	is_contained	PESL
2.07552953423259	0.0274240325732742	0.165602030703956	0.331820463471725	1	0.0331287431146682
