posterior_mean	posterior_var	posterior_sd	posterior_quant	is_contained	PESL
1.24700760287357	0.123883807937928	0.351971316925012	0.970958917390395	1	0.690881358068186
