model	lik	mode	convergence
1A	-901.838775863559	2.8579101801141	0
1C	-986.084797254869	0.433557902423355	0
1G	-986.084797254855	0.433557898338921	0
1T	-1001.20865921002	0.970367610182583	0
2A	-986.366199458361	0.494083754236409	0
2C	-986.084797244472	0.433558592101465	0
2G	-970.878076638749	1.51868392304977	0
2T	-986.084797244471	0.433558066424677	0
3A	-986.084797280658	0.433558081116529	0
3C	-986.081912955106	1.27891996857465	0
3G	-986.084797280645	0.433558185847923	0
3T	-971.881107249412	1.50925427042468	0
4A	-986.084797250331	0.433558108636168	0
4C	-986.084797250273	0.433557809208848	0
4G	-971.605897362383	1.51059509954641	0
4T	-986.090511216471	0.813858951477661	0
5A	-986.132854758449	0.409787723462671	0
5C	-986.084797251533	0.433557959656981	0
5G	-971.264175938087	1.51358130383213	0
5T	-986.08479725151	0.433558056382125	0
6A	-971.145139024411	1.51601411398385	0
6C	-986.084797273788	0.433557959087965	0
6G	-986.347446900655	0.561384162112936	0
6T	-986.084797273771	0.433558000326477	0
7A	-986.060493374394	0.334566077318545	0
7C	-986.084797274015	0.433557894685008	0
7G	-970.908861325539	1.51780796597086	0
7T	-986.084797273981	0.433557998127916	0
8A	-970.751169103911	1.52060450792298	0
8C	-986.084797219043	0.433557776690535	0
8G	-986.286145950077	0.457449505715064	0
8T	-986.084797219029	0.43355788344373	0
9A	-986.084797249044	0.433558139657652	0
9C	-986.084797248994	0.433558264586059	0
9G	-972.055697059465	1.50718960136254	0
9T	-985.826236050279	1.48223625438082	0
10A	-986.084797283346	0.433558051375349	0
10C	-970.992734653801	1.51678097428814	0
10G	-986.098535765556	0.349517776541168	0
10T	-986.084797283556	0.433557874329396	0
11A	-986.084797259329	0.433558225572024	0
11C	-971.220067104735	1.51408681061977	0
11G	-986.141292608159	0.398454393239724	0
11T	-986.084797259571	0.433557896889994	0
12A	-971.342835188732	1.5126955329081	0
12C	-986.084797246659	0.433557727225491	0
12G	-986.084797246487	0.433560637368318	0
12T	-986.089454560755	0.432048250850807	0
neutral	-986.370476263396	1	0
