posterior_mean	posterior_var	posterior_sd	posterior_quant	is_contained	PESL
2.87137194583749	0.0384261399579571	0.196025865532988	0.748370469873473	1	0.0549713162755718
