model	lik	mode	convergence
1A	-314.418277769447	0.8060103779797	0
1C	-313.815849847074	0.433558097703616	0
1G	-313.815849847059	0.433558137042281	0
1T	-329.237786867323	1.0795588204931	0
2A	-329.498134051819	0.9847637943697	0
2C	-313.815849821917	0.433558304724999	0
2G	-312.826374487253	1.60532650599283	0
2T	-313.815849821898	0.433558398699026	0
3A	-329.336114565724	1.06600953354203	0
3C	-313.79738668667	1.14832580460224	0
3G	-313.81584981963	0.433558035937931	0
3T	-313.815849819427	0.433557112818049	0
4A	-313.815849855739	0.433558025404343	0
4C	-314.07511578582	0.581363973330032	0
4G	-329.23159669774	1.08092004360115	0
4T	-313.815849855646	0.433558247735718	0
5A	-313.815849817345	0.433558418170416	0
5C	-329.244438319433	1.07959994409059	0
5G	-313.82550602177	0.430326817861262	0
5T	-313.815849818165	0.433557320098918	0
neutral	-314.101529465046	1	0
