posterior_mean	posterior_var	posterior_sd	posterior_quant	is_contained	PESL
2.43099718518719	0.0509408079583232	0.22570070438154	0.630788926480148	1	0.0557021964103074
