posterior_mean	posterior_var	posterior_sd	posterior_quant	is_contained	PESL
2.06406181850074	0.00292965577661239	0.0541262946876321	0.117560363613443	1	0.00703357236619544
