posterior_mean	posterior_var	posterior_sd	posterior_quant	is_contained	PESL
2.96330522938307	0.00583974122937731	0.0764181995952359	0.686802844684648	1	0.00718624741997936
