posterior_mean	posterior_var	posterior_sd	posterior_quant	is_contained	PESL
3.1057561333081	0.0126121428049277	0.112303796930147	0.173476920809231	1	0.0237965025368573
