posterior_mean	posterior_var	posterior_sd	posterior_quant	is_contained	PESL
1.40003041406122	0.0149876084585742	0.122423888431034	0.795870596907914	1	0.0249815265713773
