model	lik	mode	convergence
1A	-850.224704141161	2.0127934252214	0
1C	-914.462369170866	0.841596804099048	0
1G	-911.376826777271	0.433557872642549	0
1T	-911.376826777237	0.433557903588154	0
2A	-888.274038782593	1.5972762737115	0
2C	-911.37682639468	0.43355816136214	0
2G	-911.376826394641	0.433558218649545	0
2T	-911.433058844597	0.399070688348024	0
3A	-888.306891854841	1.59691234255705	0
3C	-911.428368256492	0.406266203703027	0
3G	-911.376826389627	0.433557986519538	0
3T	-911.376826389602	0.433558153155406	0
4A	-888.082325605042	1.60132262145349	0
4C	-911.376826394981	0.433558110538908	0
4G	-911.866625714803	0.684827084046962	0
4T	-911.376826394974	0.433557992315348	0
5A	-904.305492584416	2.17622023597892	0
5C	-911.37682639676	0.433558215921456	0
5G	-911.376826396765	0.433558333004361	0
5T	-895.347678993041	1.55132527437056	0
6A	-911.376826379745	0.433558368777432	0
6C	-888.38118462939	1.59610157985361	0
6G	-911.402782275532	0.423692969272322	0
6T	-911.376826380227	0.433557846701654	0
7A	-911.376826419333	0.433558048859692	0
7C	-911.37682641912	0.433557951749868	0
7G	-911.391609582736	0.350010080162385	0
7T	-888.007326695205	1.60033840835563	0
8A	-911.376826401098	0.433558163199697	0
8C	-888.232421542683	1.59774180923322	0
8G	-911.376826401138	0.433558051281281	0
8T	-911.434820998962	0.390405380100213	0
9A	-888.414326663188	1.59574563432649	0
9C	-911.381382014098	0.432082241533681	0
9G	-911.376826381063	0.433556641427879	0
9T	-911.376826380169	0.433517988360171	0
10A	-911.376826404921	0.433558123142807	0
10C	-888.206533469043	1.59803385321325	0
10G	-911.433946109451	0.385226498492121	0
10T	-911.376826405074	0.433558038048247	0
neutral	-911.662504548879	1	0
