posterior_mean	posterior_var	posterior_sd	posterior_quant	is_contained	PESL
2.0190655696812	0.0126123326727289	0.11230464225814	0.439721726560559	1	0.0129758286200018
