posterior_mean	posterior_var	posterior_sd	posterior_quant	is_contained	PESL
1.47981393815668	0.138981589180779	0.372802345996881	0.556101111530234	1	0.13938906627352
