model	lik	mode	convergence
1A	-468.533204134458	2.02366294694875	0
1C	-497.175508486094	0.43355813373947	0
1G	-511.68245338933	0.978209247287073	0
1T	-497.175508486066	0.433558157902345	0
2A	-497.805850747319	1.55408810907447	0
2C	-497.175508454313	0.433558641455901	0
2G	-491.096602359526	2.10805433148767	0
2T	-497.175508454184	0.433558213335678	0
3A	-491.847768156706	1.62966164651285	0
3C	-497.175508476362	0.433558164563007	0
3G	-497.175508476324	0.433558051557969	0
3T	-497.213762862484	1.09004738879381	0
4A	-497.175508480343	0.433558119707404	0
4C	-497.232536165689	0.384931531496051	0
4G	-491.166463348897	1.63979906285333	0
4T	-497.175508480268	0.433557954606686	0
5A	-497.175508455949	0.433557916481654	0
5C	-497.175508455906	0.433557766837507	0
5G	-491.355962311738	1.6356768143095	0
5T	-497.201708213835	0.423578697826896	0
6A	-497.175508476353	0.433558136314657	0
6C	-497.175508476282	0.433558076022758	0
6G	-491.847768156685	1.62966164377312	0
6T	-497.21376286245	1.09000659367844	0
neutral	-497.461187479566	1	0
