posterior_mean	posterior_var	posterior_sd	posterior_quant	is_contained	PESL
1.07477264985791	1.04464381303952	1.02207818342802	0.952581152172438	1	4.75114416279332
