posterior_mean	posterior_var	posterior_sd	posterior_quant	is_contained	PESL
1.99698215954329	0.00327593047517266	0.0572357447332754	0.524821126059718	1	0.00328503783619483
