posterior_mean	posterior_var	posterior_sd	posterior_quant	is_contained	PESL
2.06907684670575	0.00286309553003635	0.0535079015663701	0.0973196473805786	1	0.00763470628080025
