model	lik	mode	convergence
1A	-373.785515390187	2.67884418527565	0
1C	-431.957710494166	0.433558110690001	0
1G	-446.952238455066	0.991300140416894	0
1T	-431.957710494105	0.433558087633559	0
2A	-431.957710487707	0.43355809148675	0
2C	-431.957710487585	0.43355809412207	0
2G	-399.894695452977	2.23385062734449	0
2T	-433.009552985994	1.04241421483483	0
3A	-432.00397462835	0.41135506339137	0
3C	-431.957710476891	0.433558172339714	0
3G	-431.957710476968	0.433558070361216	0
3T	-402.493249485301	2.12619198262691	0
4A	-431.957710475909	0.433558103459612	0
4C	-431.957710475848	0.433558182087353	0
4G	-432.001950023455	0.412973494028393	0
4T	-402.506817648479	2.12590638813928	0
5A	-431.957710474094	0.433558096880698	0
5C	-430.447673359675	2.16395657915175	0
5G	-431.957710474105	0.433558103218721	0
5T	-405.275931925613	2.1006450590748	0
6A	-431.957710502756	0.433558088730041	0
6C	-431.957710502578	0.43355821303295	0
6G	-432.082627802063	0.717675832088066	0
6T	-402.774922622744	2.12563925741663	0
7A	-433.009552985922	1.04241414548616	0
7C	-431.957710487619	0.433558149944257	0
7G	-399.894695452975	2.23385063157657	0
7T	-431.957710487604	0.433558099323984	0
neutral	-432.243390006003	1	0
