model	lik	mode	convergence
1A	-539.505236307666	2.33466982336483	0
1C	-569.240426066299	1.07992572885044	0
1G	-548.66621561508	0.433558150990852	0
1T	-548.666215615059	0.433558091908574	0
2A	-548.666215615418	0.433558029837415	0
2C	-543.94949038871	1.73100876750857	0
2G	-569.090084312919	1.09222655102194	0
2T	-548.666215615334	0.433557991783607	0
3A	-566.425089826813	1.20569590397986	0
3C	-548.666215578355	0.433558318102406	0
3G	-548.66621557835	0.433558328155106	0
3T	-548.700032371185	0.419714891121748	0
4A	-548.666215605123	0.43355809671176	0
4C	-548.666215604984	0.433558227254795	0
4G	-566.782721898006	1.19491110207125	0
4T	-548.698222645215	1.36638327595578	0
5A	-548.66621561577	0.433558068109429	0
5C	-566.308440324481	1.2097743219905	0
5G	-548.666215615861	0.433558186420483	0
5T	-548.685997174251	0.352455440919986	0
6A	-548.66621559891	0.433557965948727	0
6C	-548.666215598843	0.433557855804267	0
6G	-566.260706150279	1.21350154848339	0
6T	-549.366807491258	0.750140334640499	0
neutral	-548.951895641841	1	0
