posterior_mean	posterior_var	posterior_sd	posterior_quant	is_contained	PESL
1.81457744031328	0.248772292016665	0.498770781037407	0.98080921299372	0	1.65399893703092
