posterior_mean	posterior_var	posterior_sd	posterior_quant	is_contained	PESL
1.34759590206086	0.011365688722918	0.106609984161513	0.919989938610233	1	0.0345926977915098
