posterior_mean	posterior_var	posterior_sd	posterior_quant	is_contained	PESL
2.87610586401442	0.0431097364468128	0.207628843003116	0.0305401282134314	1	0.184565357392567
