posterior_mean	posterior_var	posterior_sd	posterior_quant	is_contained	PESL
2.97777210172633	0.00570542977088145	0.0755342953292175	0.61867482569076	1	0.00619950923258294
