model	lik	mode	convergence
1A	-285.651296335411	2.77443304735863	0
1C	-359.042432559254	0.823094629352875	0
1G	-353.947842280607	0.433558067127573	0
1T	-353.94784228054	0.433558074558903	0
2A	-310.963276900975	2.40156030259458	0
2C	-354.101185190221	0.716704811708436	0
2G	-353.94784226238	0.433558270877728	0
2T	-353.947842262376	0.433558166255407	0
3A	-310.613569744719	2.40234431980995	0
3C	-353.999806110108	0.40576982093928	0
3G	-353.947842249203	0.433558221740815	0
3T	-353.947842249163	0.43355793820429	0
neutral	-354.233521605515	1	0
