posterior_mean	posterior_var	posterior_sd	posterior_quant	is_contained	PESL
2.78969540587379	0.0423597434691947	0.205814828108168	0.0756744949182453	1	0.126283171653635
