posterior_mean	posterior_var	posterior_sd	posterior_quant	is_contained	PESL
2.95645419714329	0.0116563377289385	0.107964520695173	0.660393768739122	1	0.0135525746753655
