posterior_mean	posterior_var	posterior_sd	posterior_quant	is_contained	PESL
3.01372598077191	0.0060365062157279	0.077694956179458	0.433160874549954	1	0.00622490876389858
