posterior_mean	posterior_var	posterior_sd	posterior_quant	is_contained	PESL
2.59284410887369	0.136089809957154	0.368903523915338	0.418308241808307	1	0.144709838509702
