model	lik	mode	convergence
1A	-296.844905147314	2.31219872062793	0
1C	-302.2369521949	0.433558096216518	0
1G	-302.236952194884	0.433558138727393	0
1T	-316.470481759074	0.941070683050232	0
2A	-302.236952165658	0.43355793997055	0
2C	-316.07659547292	1.11095610123788	0
2G	-302.236952165689	0.433558023954971	0
2T	-302.172928046699	0.322640819802666	0
3A	-302.236952189943	0.433558122863299	0
3C	-302.716551718236	0.642881282003902	0
3G	-302.236952189928	0.433558099799052	0
3T	-316.123029801888	1.10610258646954	0
4A	-302.292411143703	0.381166608353732	0
4C	-302.236952183648	0.433558154306681	0
4G	-302.236952183643	0.433558289661443	0
4T	-316.143437593012	1.10398039937562	0
neutral	-302.522630659599	1	0
