posterior_mean	posterior_var	posterior_sd	posterior_quant	is_contained	PESL
2.42501980708892	0.261704997158158	0.511571106649074	0.586539652727007	1	0.267327026491897
