posterior_mean	posterior_var	posterior_sd	posterior_quant	is_contained	PESL
1.07567578083443	0.0127021498008323	0.112703814491047	0.999652328177232	0	0.19275319277122
