model	lik	mode	convergence
1A	-318.978022504303	1.22414014955811	0
1C	-318.601882497908	0.433558203327904	0
1G	-318.601882497908	0.433558034835255	0
1T	-333.142688351656	1.05273939399354	0
2A	-316.988742019686	1.64533091274037	0
2C	-318.60188248992	0.433558007001725	0
2G	-333.140746584992	0.947265726942793	0
2T	-318.601882489892	0.433558192982717	0
3A	-318.601882482943	0.433558139369241	0
3C	-318.638509303522	0.418080466597082	0
3G	-318.601882483015	0.433557650071944	0
3T	-333.031600054656	1.07298648690737	0
4A	-318.601882482943	0.433558139369241	0
4C	-318.638509303522	0.418080466597082	0
4G	-318.601882483015	0.433557650071944	0
4T	-333.031600054656	1.07298648690737	0
neutral	-318.887561348798	1	0
