posterior_mean	posterior_var	posterior_sd	posterior_quant	is_contained	PESL
1.5088782145083	0.397968480410565	0.630847430374861	0.926392158159132	1	1.3802908740868
