model	lik	mode	convergence
1A	-372.849843934174	1.57517672953736	0
1C	-373.924123635074	0.433558034140103	0
1G	-373.924123635057	0.43355803677823	0
1T	-387.907967970746	0.920621999406643	0
2A	-388.093599230187	1.04238171806312	0
2C	-373.924123623675	0.433558179836036	0
2G	-373.924123623649	0.433558043331377	0
2T	-374.36676703545	0.587262719051015	0
3A	-373.92412360141	0.43355885238614	0
3C	-388.142461325103	1.03336596990836	0
3G	-373.924123601802	0.433557986102456	0
3T	-373.936540101681	0.429319740471412	0
4A	-373.971411804878	0.410477579208792	0
4C	-373.924123609402	0.433558190436907	0
4G	-388.136732247027	1.03472322687588	0
4T	-373.924123609391	0.433558346966599	0
5A	-373.92412363295	0.433558134417993	0
5C	-388.124833204573	1.03743979007242	0
5G	-373.97751170551	0.377694092753457	0
5T	-373.924123633062	0.433558108213003	0
6A	-373.980860631392	0.384080596957321	0
6C	-388.127355498404	1.03687918361999	0
6G	-373.924123628645	0.433558136926659	0
6T	-373.924123628613	0.433558102754232	0
7A	-373.92412361127	0.433558062755519	0
7C	-373.924123611193	0.433558001787589	0
7G	-374.489870013232	0.870927131268412	0
7T	-388.147164438306	1.02844193283717	0
neutral	-374.209801815601	1	0
