posterior_mean	posterior_var	posterior_sd	posterior_quant	is_contained	PESL
1.64615556718364	0.112382355278449	0.335234776355988	0.352281161220233	1	0.133743805097165
