lik	gamma	delta
-630.485417107108	0.00191937872549973	6.61069613519961e-05
-627.96278439526	0.00191937872549973	0.0312643541003568
-630.485273827838	0.00191937872549973	6.61069613519961e-05
-630.485776518659	0.00191937872549973	6.61069613519961e-05
-627.627523948693	0.00191937872549973	0.0690923913478308
-630.42979431753	0.00191937872549973	0.0344160924733259
-630.485272576616	0.00191937872549973	6.61069613519961e-05
-630.012230752927	0.00191937872549973	0.0153555770681298
-628.186538274824	0.00191937872549973	0.0295334705074843
-630.485272275381	0.00191937872549973	6.61069613519961e-05
-630.485272275381	0.00191937872549973	6.61069613519961e-05
-630.485454953711	0.00191937872549973	6.61069613519961e-05
-630.485272224986	0.00191937872549973	6.61069613519961e-05
-630.485850058373	0.00191937872549973	6.61069613519961e-05
-630.485272224986	0.00191937872549973	6.61069613519961e-05
-627.947446326991	0.00191937872549973	0.0316436296443902
-630.485272060016	0.00191937872549973	6.61069613519961e-05
-628.268738894815	0.00191937872549973	0.0289410202901331
-630.485272060016	0.00191937872549973	6.61069613519961e-05
-630.485272060016	0.00191937872549973	6.61069613519961e-05
-629.656713567874	0.00191937872549973	0.0277276582880864
-628.933972056059	0.00191937872549973	0.0317659889269122
-630.485272914294	0.00191937872549973	6.61069613519961e-05
-630.485603246898	0.00191937872549973	6.61069613519961e-05
-630.485272060016	0.00191937872549973	6.61069613519961e-05
-630.485272060016	0.00191937872549973	6.61069613519961e-05
-630.485272060016	0.00191937872549973	6.61069613519961e-05
-628.268738894815	0.00191937872549973	0.0289410202901331
-627.783618217519	0.00191937872549973	0.0325749618816257
-630.485949419312	0.00191937872549973	6.61069613519961e-05
-630.485604924903	0.00191937872549973	6.61069613519961e-05
-630.4852745923	0.00191937872549973	6.61069613519961e-05
-630.485272701164	0.00191937872549973	6.61069613519961e-05
-630.485587628137	0.00191937872549973	6.61069613519961e-05
-630.485272701164	0.00191937872549973	6.61069613519961e-05
-628.124113299618	0.00191937872549973	0.0300203475493248
-630.485272060016	0.00191937872549973	6.61069613519961e-05
-630.485272060016	0.00191937872549973	6.61069613519961e-05
-630.485272060016	0.00191937872549973	6.61069613519961e-05
-628.268738894815	0.00191937872549973	0.0289410202901331
-630.485271902392	0.00191937872549973	0
