model	lik	mode	convergence
1A	-271.884738395627	1.28150906542908	0
1C	-271.301338617825	0.433558062326982	0
1G	-271.301338617814	0.433558099024973	0
1T	-285.090825280779	1.11307133210685	0
2A	-271.354756750678	0.403901786536541	0
2C	-271.301338590857	0.433558203436657	0
2G	-284.633217027754	1.15413350957447	0
2T	-271.301338590855	0.433558369174677	0
neutral	-271.587017037953	1	0
