posterior_mean	posterior_var	posterior_sd	posterior_quant	is_contained	PESL
1.95809777721645	0.0353793733162915	0.188094054441632	0.600001465412399	1	0.0371351695905006
