posterior_mean	posterior_var	posterior_sd	posterior_quant	is_contained	PESL
2.92248752112857	0.0440699296661596	0.209928391758141	0.651744967207913	1	0.0500781140469693
