posterior_mean	posterior_var	posterior_sd	posterior_quant	is_contained	PESL
2.48926548524705	0.383495066863359	0.619269785201377	0.804837291075813	1	0.644344811423248
