model	lik	mode	convergence
1A	-571.157139943112	1.74689617208953	0
1C	-599.407359297082	0.922198971221273	0
1G	-584.212194712814	0.43355790797495	0
1T	-584.212194712792	0.433558052721489	0
2A	-584.212194712981	0.433558009372514	0
2C	-571.157139943429	1.74689617122764	0
2G	-584.212194712947	0.433558064702668	0
2T	-599.407359297144	0.92219897207778	0
3A	-584.212194684728	0.433558264818342	0
3C	-594.09584881892	1.2836603869854	0
3G	-584.212194684718	0.433558150075525	0
3T	-584.330577562156	0.426769010730059	0
4A	-584.212194686816	0.43355812379371	0
4C	-594.482538510309	1.27173159275609	0
4G	-584.212194686925	0.433558197803441	0
4T	-584.259045682963	0.410857376667053	0
5A	-584.212194694523	0.433558072295708	0
5C	-584.212194694366	0.433558015790868	0
5G	-594.378356306902	1.2762263484903	0
5T	-584.701920166697	0.659249659373312	0
6A	-584.252131166808	0.364517641948929	0
6C	-584.212194717519	0.433558128151777	0
6G	-594.377908971413	1.27486012750041	0
6T	-584.212194717491	0.433558145035421	0
7A	-584.212194710349	0.433558130425339	0
7C	-584.662968406623	0.756619000950219	0
7G	-594.521959604883	1.27203966961171	0
7T	-584.212194710245	0.433558057650625	0
neutral	-584.497874174372	1	0
