posterior_mean	posterior_var	posterior_sd	posterior_quant	is_contained	PESL
1.76248820165967	0.0272590053620648	0.16510301439424	0.92062222831955	1	0.083670859712888
