model	lik	mode	convergence
1A	-354.112451683804	1.31975773220659	0
1C	-369.670366883266	1.06482470421193	0
1G	-353.832826621351	0.433558127124314	0
1T	-353.832826621337	0.433558249135412	0
2A	-353.832826641189	0.433558087730014	0
2C	-354.402303286552	1.25646598943906	0
2G	-369.680756786634	1.06059929235127	0
2T	-353.8328266411	0.433557858538336	0
3A	-353.832826637061	0.433558158420035	0
3C	-369.355742716425	1.10611141922244	0
3G	-353.975660914184	0.433156621495837	0
3T	-353.832826637134	0.43355821959312	0
4A	-369.513729619924	1.0882150934904	0
4C	-353.832826628657	0.433558137348089	0
4G	-353.832826628623	0.433558028312576	0
4T	-354.097721310914	0.639363676615136	0
5A	-369.446718155048	1.09620304536672	0
5C	-353.864330230982	0.358889829749304	0
5G	-353.832826645964	0.433558136419732	0
5T	-353.832826645946	0.433558120651318	0
6A	-354.394869741371	1.06368575202974	0
6C	-369.577974759686	1.07872166109741	0
6G	-353.832826578169	0.433557857325039	0
6T	-353.832826578139	0.433557735785643	0
7A	-353.832826488481	0.433557639739517	0
7C	-369.571749668724	1.08016642693011	0
7G	-354.037804481063	1.01246049694292	0
7T	-353.83282648862	0.433557899916503	0
neutral	-354.118506370603	1	0
