posterior_mean	posterior_var	posterior_sd	posterior_quant	is_contained	PESL
1.5029899876755	0.00292971918736298	0.0541268804510567	0.482750177274307	1	0.00293865921366177
