posterior_mean	posterior_var	posterior_sd	posterior_quant	is_contained	PESL
1.01147952840228	0.910087128147667	0.953984867881911	0.960797690201157	1	4.86430079413183
