posterior_mean	posterior_var	posterior_sd	posterior_quant	is_contained	PESL
1.40075371998068	0.0831052451068001	0.28827980350139	0.658635058943989	1	0.0929550692044458
