posterior_mean	posterior_var	posterior_sd	posterior_quant	is_contained	PESL
1.13943845553883	0.16108366077846	0.40135229011239	0.825894930257849	1	0.291088288120685
