posterior_mean	posterior_var	posterior_sd	posterior_quant	is_contained	PESL
1.54537907128659	0.00487857387846782	0.0698467886052596	0.260745454885183	1	0.00693783398927735
