posterior_mean	posterior_var	posterior_sd	posterior_quant	is_contained	PESL
3.19283496454472	0.104551688180149	0.323344534792454	0.282741581812026	1	0.141737011727534
