lik	gamma	delta
-1089.99026710443	0.00242831466144255	0.193485409452272
-1158.5964022047	0.00242831466144255	6.61069613519961e-05
-1158.59502382888	0.00242831466144255	6.61069613519961e-05
-1158.59502382888	0.00242831466144255	6.61069613519961e-05
-1150.18951032048	0.00242831466144255	0.215013000079151
-1158.59502411046	0.00242831466144255	6.61069613519961e-05
-1158.59502411046	0.00242831466144255	6.61069613519961e-05
-1118.82217666717	0.00242831466144255	0.114517740493507
-1158.59502382396	0.00242831466144255	6.61069613519961e-05
-1111.59825689194	0.00242831466144255	0.120884666738423
-1158.59502382396	0.00242831466144255	6.61069613519961e-05
-1158.59502382396	0.00242831466144255	6.61069613519961e-05
-1158.11236374811	0.00242831466144255	0.287316870412974
-1111.49529248919	0.00242831466144255	0.122758636441727
-1158.54727010455	0.00242831466144255	0.0245826550129939
-1158.5950243766	0.00242831466144255	6.61069613519961e-05
-1158.59502400379	0.00242831466144255	6.61069613519961e-05
-1158.59506491286	0.00242831466144255	6.61069613519961e-05
-1158.36356929533	0.00242831466144255	0.146759158236956
-1111.72683767705	0.00242831466144255	0.12104338672524
-1158.59608142318	0.00242831466144255	6.61069613519961e-05
-1158.59551068051	0.00242831466144255	6.61069613519961e-05
-1093.24081234729	0.00242831466144255	0.179604985558873
-1158.59534276366	0.00242831466144255	6.61069613519961e-05
-1101.69801663871	0.00242831466144255	0.151582374814585
-1158.59610103782	0.00242831466144255	6.61069613519961e-05
-1158.5950254769	0.00242831466144255	6.61069613519961e-05
-1158.59505173334	0.00242831466144255	6.61069613519961e-05
-1158.59508795544	0.00242831466144255	6.61069613519961e-05
-1147.8491236751	0.00242831466144255	0.338189710685235
-1130.90636466192	0.00242831466144255	0.105544496429564
-1146.34147329412	0.00242831466144255	0.138571586636212
-1109.11397699313	0.00242831466144255	0.129329979760409
-1158.59502768601	0.00242831466144255	6.61069613519961e-05
-1158.59436016304	0.00242831466144255	0.0017394500471129
-1158.59502768601	0.00242831466144255	6.61069613519961e-05
-1158.59502429666	0.00242831466144255	6.61069613519961e-05
-1110.90906652096	0.00242831466144255	0.122323184306137
-1158.59504083328	0.00242831466144255	6.61069613519961e-05
-1158.59536177043	0.00242831466144255	6.61069613519961e-05
-1158.59502258355	0.00242831466144255	0
