model	lik	mode	convergence
1A	-735.845650437402	2.56211081175382	0
1C	-854.105124065679	0.999323062341757	0
1G	-839.088938985027	0.433558144525483	0
1T	-839.088938984999	0.433558000541248	0
2A	-839.088938970392	0.433558245296801	0
2C	-782.417220326445	1.94988173864081	0
2G	-838.940118023666	0.883645641168901	0
2T	-839.088938970543	0.433558168696937	0
3A	-839.088938970356	0.43355822868122	0
3C	-781.758322878706	1.95469278794147	0
3G	-839.136227114017	0.41047778341248	0
3T	-839.08893897051	0.43355818865178	0
4A	-839.138021520204	0.408821356114098	0
4C	-839.088938971465	0.433557995429006	0
4G	-781.746514934889	1.95481583458007	0
4T	-839.08893897145	0.433558134324983	0
5A	-839.05913563988	0.33272523292354	0
5C	-839.088938991184	0.43355796931186	0
5G	-839.088938991162	0.433558046114206	0
5T	-781.031357809775	1.9628486424615	0
6A	-839.088938595177	0.433557177169342	0
6C	-838.727016574568	0.270835499381803	0
6G	-780.064426545395	1.9746185285698	0
6T	-839.088938595074	0.433557262225656	0
7A	-839.05913563988	0.332725232916709	0
7C	-839.088938991181	0.433557958821847	0
7G	-781.031357809775	1.96284864805782	0
7T	-839.088938991139	0.433557928659407	0
8A	-839.088938962721	0.433558039621518	0
8C	-839.103674148237	0.428441853614358	0
8G	-781.87859435747	1.95342172913573	0
8T	-839.088938962499	0.433558998864056	0
9A	-839.088939003237	0.433558055109722	0
9C	-839.088939003116	0.433558215749563	0
9G	-782.328743674813	1.95852885299248	0
9T	-839.395296924362	1.25338544495012	0
10A	-839.088938983085	0.433558184971181	0
10C	-788.273488842717	1.91876734612124	0
10G	-839.088938983131	0.433558205813163	0
10T	-832.755822324927	2.87062305347013	0
11A	-839.251206115835	1.01404501350011	0
11C	-839.088938977991	0.433558071250235	0
11G	-782.313986376867	1.95275349879761	0
11T	-839.088938977961	0.433558010789362	0
neutral	-839.374618207639	1	0
