posterior_mean	posterior_var	posterior_sd	posterior_quant	is_contained	PESL
2.57021687848551	0.0207818863246275	0.144159239470203	0.318173572300273	1	0.0257122963488907
