posterior_mean	posterior_var	posterior_sd	posterior_quant	is_contained	PESL
1.3547267803255	0.0240329769203253	0.155025729865482	0.827293181831459	1	0.0451372852756708
