model	lik	mode	convergence
1A	-304.326505168561	0.270870315622701	0
1C	-304.68813944384	0.433557169413509	0
1G	-304.688139443815	0.433557126279009	0
1T	-323.818865694219	1.0549730063165	0
2A	-304.318778321974	0.269952079001789	0
2C	-304.68813942917	0.43355712536795	0
2G	-323.81783666014	1.05513212614495	0
2T	-304.688139429131	0.433557131827482	0
3A	-304.688139833995	0.433558133569697	0
3C	-304.746097530135	0.389687103972472	0
3G	-323.896751543117	1.04082442317069	0
3T	-304.688139833847	0.433558129780732	0
4A	-304.739760437463	0.375333282651322	0
4C	-323.890614871827	1.04208834997875	0
4G	-304.688139843864	0.43355814048076	0
4T	-304.688139843838	0.433558108998983	0
neutral	-304.973819868029	1	0
