posterior_mean	posterior_var	posterior_sd	posterior_quant	is_contained	PESL
0.609833433205022	0.318224803691558	0.564114176112919	0.944990468897518	1	1.11062132033341
