model	lik	mode	convergence
1A	-279.285563875867	2.23952728017205	0
1C	-293.6648874758	0.433558134635519	0
1G	-307.836090872947	0.855386107434897	0
1T	-293.664887475753	0.433558191765219	0
2A	-293.732710253846	0.472549661986717	0
2C	-290.544934598013	1.51441685591455	0
2G	-293.664887761317	0.433557879676346	0
2T	-293.664887761289	0.433557868628384	0
3A	-293.664887487709	0.4335581329105	0
3C	-302.822886887194	1.42252219870062	0
3G	-293.706181150688	0.365538854957358	0
3T	-293.664887487848	0.433558223807437	0
4A	-293.664887459449	0.43355812832048	0
4C	-293.573709736841	0.856229998569869	0
4G	-303.304110571612	1.40162442511598	0
4T	-293.664887459369	0.433558020291876	0
5A	-302.850148573676	1.4211732878259	0
5C	-293.664887484424	0.433558121471766	0
5G	-293.664887484382	0.433558082228864	0
5T	-293.713929760323	0.372398894376255	0
6A	-293.66488748453	0.433558120237802	0
6C	-293.713921997749	0.372390802491585	0
6G	-293.664887484502	0.43355802049306	0
6T	-302.850117119278	1.42117483826729	0
neutral	-293.950566578751	1	0
