model	lik	mode	convergence
1A	-259.452788473463	2.8342992928801	0
1C	-287.223548179405	1.04941176059318	0
1G	-270.356953784241	0.433558075651111	0
1T	-270.356953784211	0.433558013648729	0
2A	-283.995691266031	1.30787087000235	0
2C	-270.356953745048	0.433558121901855	0
2G	-270.356953745117	0.433558338133829	0
2T	-270.374593176558	0.427298016643929	0
3A	-285.87880526948	1.03466931096137	0
3C	-270.356953777421	0.433558152521342	0
3G	-270.356953777375	0.433558027850501	0
3T	-264.948651250858	1.83200270043254	0
4A	-270.385602881537	0.42240011357793	0
4C	-283.985195436106	1.30843856063206	0
4G	-270.356953745973	0.433558230089915	0
4T	-270.356953746011	0.433558465669083	0
neutral	-270.64263370855	1	0
