posterior_mean	posterior_var	posterior_sd	posterior_quant	is_contained	PESL
2.93854737679281	0.295792316205729	0.543867921655367	0.569897518959411	1	0.299568741104809
