posterior_mean	posterior_var	posterior_sd	posterior_quant	is_contained	PESL
2.54298578619098	0.0441482523778234	0.210114855205013	0.429373935845302	1	0.04599603019245
