posterior_mean	posterior_var	posterior_sd	posterior_quant	is_contained	PESL
1.41996439688723	0.136411945146516	0.369339877547113	0.620567316166789	1	0.142817642912043
