model	lik	mode	convergence
1A	-349.31621998807	1.18396398955673	0
1C	-348.539330074052	0.433558031091107	0
1G	-348.539330074052	0.433558064111192	0
1T	-360.991843664592	0.799847200493048	0
2A	-348.539330085607	0.433558021683697	0
2C	-361.814383322485	0.841714660956771	0
2G	-348.539330085621	0.433558058414608	0
2T	-348.531640957079	0.340494286401278	0
3A	-361.504351463393	0.824244194753525	0
3C	-348.53933008339	0.433558082592502	0
3G	-348.53933008335	0.433558114948441	0
3T	-349.397916317991	0.926763399650156	0
neutral	-348.825008821151	1	0
