posterior_mean	posterior_var	posterior_sd	posterior_quant	is_contained	PESL
1.2988211248438	0.142207951245771	0.377104695337742	0.954458087692854	1	0.633859766211303
