lik	gamma	delta
-815.666351230566	0.00200860820939146	0.191309504693114
-823.946069083418	0.00200860820939146	6.61069613519961e-05
-823.733252556265	0.00200860820939146	0.00803192197754865
-823.948523874182	0.00200860820939146	6.61069613519961e-05
-823.946007653013	0.00200860820939146	6.61069613519961e-05
-823.946394882934	0.00200860820939146	6.61069613519961e-05
-823.946007653013	0.00200860820939146	6.61069613519961e-05
-822.663501963175	0.00200860820939146	0.0184939605230721
-823.946100827899	0.00200860820939146	6.61069613519961e-05
-823.946169302774	0.00200860820939146	6.61069613519961e-05
-823.946007090288	0.00200860820939146	6.61069613519961e-05
-822.701459062258	0.00200860820939146	0.0181875841842684
-823.826133958145	0.00200860820939146	0.0881763093565852
-822.77899340038	0.00200860820939146	0.0175783979398186
-823.946006788098	0.00200860820939146	6.61069613519961e-05
-823.94620184424	0.00200860820939146	6.61069613519961e-05
-823.946199160577	0.00200860820939146	6.61069613519961e-05
-822.730333770877	0.00200860820939146	0.0178812763865585
-823.946006604821	0.00200860820939146	6.61069613519961e-05
-823.946006604821	0.00200860820939146	6.61069613519961e-05
-823.946006354248	0.00200860820939146	6.61069613519961e-05
-823.946006354248	0.00200860820939146	6.61069613519961e-05
-823.946006354248	0.00200860820939146	6.61069613519961e-05
-822.782439032538	0.00200860820939146	0.0174713413221632
-823.946199214523	0.00200860820939146	6.61069613519961e-05
-822.784985076564	0.00200860820939146	0.0176584033197121
-823.946006658767	0.00200860820939146	6.61069613519961e-05
-823.883375922702	0.00200860820939146	0.0283450329538353
-822.729548176692	0.00200860820939146	0.0178883306209221
-823.946006622101	0.00200860820939146	6.61069613519961e-05
-823.946201678243	0.00200860820939146	6.61069613519961e-05
-823.946006622101	0.00200860820939146	6.61069613519961e-05
-823.94606978276	0.00200860820939146	6.61069613519961e-05
-822.765544469266	0.00200860820939146	0.0176089337157918
-823.946006381226	0.00200860820939146	6.61069613519961e-05
-823.946006381226	0.00200860820939146	6.61069613519961e-05
-823.946006520244	0.00200860820939146	6.61069613519961e-05
-822.830894306531	0.00200860820939146	0.0171057989484815
-823.825818980025	0.00200860820939146	0.0883243822467114
-823.946006520244	0.00200860820939146	6.61069613519961e-05
-823.946005784837	0.00200860820939146	0
