model	lik	mode	convergence
1A	-332.55648863599	2.32632979861483	0
1C	-380.116063195394	0.433558193461413	0
1G	-380.116063195433	0.433558226621511	0
1T	-393.583814628674	0.953209080939481	0
2A	-380.161211459673	0.412264646985711	0
2C	-380.116063195401	0.433558294941658	0
2G	-380.116063195449	0.433558141037984	0
2T	-352.881352109123	2.06712649071021	0
3A	-352.834024652073	2.06812380736898	0
3C	-380.116063199113	0.433558211584711	0
3G	-380.167448068022	0.406405896814217	0
3T	-380.116063199119	0.433558106717798	0
4A	-380.116063211435	0.433558144816816	0
4C	-380.174041555318	0.390022318075352	0
4G	-352.690221790586	2.0712240882917	0
4T	-380.116063211299	0.433558284709242	0
neutral	-380.401742143578	1	0
