posterior_mean	posterior_var	posterior_sd	posterior_quant	is_contained	PESL
2.33936304210722	0.0303787461873024	0.174294997596897	0.822795250419506	1	0.0561829784467846
