posterior_mean	posterior_var	posterior_sd	posterior_quant	is_contained	PESL
1.4588704692429	0.00219713525968292	0.0468736094159914	0.810578582225557	1	0.00388877355994855
