model	lik	mode	convergence
1A	-275.715393453557	0.32584328175676	0
1C	-288.834242778172	1.22623059467462	0
1G	-275.767880032216	0.433557887814611	0
1T	-275.767880032189	0.43355793739571	0
2A	-288.951241295813	1.21846150125314	0
2C	-275.767880046567	0.433558095684982	0
2G	-275.767880046529	0.433558205905938	0
2T	-275.820604755879	0.376762897351453	0
3A	-275.767880043154	0.433558126820922	0
3C	-275.46596451022	1.60273408691409	0
3G	-275.767880043118	0.43355811850104	0
3T	-289.51667702218	1.18245336421308	0
neutral	-276.053559320592	1	0
