posterior_mean	posterior_var	posterior_sd	posterior_quant	is_contained	PESL
1.72141244414593	0.049767480293387	0.22308626200057	0.159879353365184	1	0.0987909506948468
