posterior_mean	posterior_var	posterior_sd	posterior_quant	is_contained	PESL
2.92772214883604	0.0113340972692028	0.106461717388002	0.753488300979862	1	0.0165581850380431
