posterior_mean	posterior_var	posterior_sd	posterior_quant	is_contained	PESL
1.44273326271711	0.0229595348486736	0.151524040497453	0.658434733214733	1	0.0262390140477067
