posterior_mean	posterior_var	posterior_sd	posterior_quant	is_contained	PESL
1.45881966400182	0.0061212260031158	0.0782382643155879	0.705172212357012	1	0.0078170460766173
