lik	gamma	delta
-614.09220692679	0.00280867973768656	0.114762525985121
-629.36459127365	0.00280867973768656	6.61069613519961e-05
-629.222840500972	0.00280867973768656	0.0126909070180826
-629.312184644837	0.00280867973768656	0.0901699437494743
-620.757142089116	0.00280867973768656	0.0698329457808898
-629.364578646733	0.00280867973768656	6.61069613519961e-05
-625.766206843995	0.00280867973768656	0.129645806640837
-629.34832671987	0.00280867973768656	0.016975356113658
-629.364577804381	0.00280867973768656	6.61069613519961e-05
-629.364577804381	0.00280867973768656	6.61069613519961e-05
-629.364577804381	0.00280867973768656	6.61069613519961e-05
-617.821812284276	0.00280867973768656	0.0751861666695215
-629.364577804381	0.00280867973768656	6.61069613519961e-05
-629.364577804381	0.00280867973768656	6.61069613519961e-05
-617.821812284276	0.00280867973768656	0.0751861666693821
-629.364577804381	0.00280867973768656	6.61069613519961e-05
-617.64656467528	0.00280867973768656	0.079972407868862
-629.36457857627	0.00280867973768656	6.61069613519961e-05
-629.36457857627	0.00280867973768656	6.61069613519961e-05
-629.179905906916	0.00280867973768656	0.0302235030188068
-628.085258014278	0.00280867973768656	0.0653515778139776
-619.328827622486	0.00280867973768656	0.076564904379183
-629.364579900736	0.00280867973768656	6.61069613519961e-05
-628.620737823539	0.00280867973768656	0.448117258106213
-622.467357208715	0.00280867973768656	0.150162025901164
-629.364577863529	0.00280867973768656	6.61069613519961e-05
-623.13208980381	0.00280867973768656	0.0597266270715065
-629.364577863529	0.00280867973768656	6.61069613519961e-05
-629.364577804381	0.00280867973768656	6.61069613519961e-05
-629.364577804381	0.00280867973768656	6.61069613519961e-05
-617.821812284276	0.00280867973768656	0.0751861666693821
-629.364577804381	0.00280867973768656	6.61069613519961e-05
-629.364577809108	0.00280867973768656	6.61069613519961e-05
-629.364577809108	0.00280867973768656	6.61069613519961e-05
-618.63738526117	0.00280867973768656	0.0732874734034194
-628.364068089665	0.00280867973768656	0.147753690511135
-629.364578180747	0.00280867973768656	6.61069613519961e-05
-617.582968585293	0.00280867973768656	0.0762861505590203
-629.364578180747	0.00280867973768656	6.61069613519961e-05
-629.364777774324	0.00280867973768656	6.61069613519961e-05
-629.364576165478	0.00280867973768656	0
