posterior_mean	posterior_var	posterior_sd	posterior_quant	is_contained	PESL
3.01420080170395	0.00732086760130396	0.0855620687063138	0.437717863668169	1	0.00752253037034867
