posterior_mean	posterior_var	posterior_sd	posterior_quant	is_contained	PESL
1.35134536501575	0.0175866511216147	0.132614671592606	0.867513440637716	1	0.0396848516238781
