posterior_mean	posterior_var	posterior_sd	posterior_quant	is_contained	PESL
2.85759644693525	0.0103995107754463	0.101977991622929	0.917081304738494	1	0.0306782827008015
