posterior_mean	posterior_var	posterior_sd	posterior_quant	is_contained	PESL
2.39217032512809	0.0534612864121967	0.23121696826184	0.688573675551161	1	0.0650885251950531
