posterior_mean	posterior_var	posterior_sd	posterior_quant	is_contained	PESL
1.77802850956417	0.0321105421717571	0.179194146588992	0.88949134375281	1	0.0813818847380561
