model	lik	mode	convergence
1A	-435.688524179491	2.00906734100232	0
1C	-470.942266173072	0.433558063311559	0
1G	-470.942266173039	0.433558073739666	0
1T	-471.948010760875	0.537288718985273	0
2A	-470.942265358246	0.433558057401665	0
2C	-470.958748814775	0.350824706270858	0
2G	-470.942265358219	0.4335579745507	0
2T	-453.236591270262	1.88301641061465	0
3A	-470.94226535781	0.433558088065355	0
3C	-470.974021570342	0.359044010770815	0
3G	-470.942265357785	0.433558103782484	0
3T	-453.31475757381	1.88123342432438	0
4A	-470.942265325641	0.433558104200095	0
4C	-470.843914218114	0.861611176025466	0
4G	-470.942265325646	0.43355798786633	0
4T	-454.296674986085	1.8639759232768	0
5A	-470.981564938859	0.416452128680212	0
5C	-453.75190952385	1.87172818685237	0
5G	-470.942265322216	0.433558418951452	0
5T	-470.942265322171	0.433558204520036	0
6A	-470.99521678398	0.404531597950607	0
6C	-470.942265329372	0.43355825627238	0
6G	-470.942265329389	0.433558003663952	0
6T	-453.674321922833	1.87334768566678	0
7A	-470.942265326393	0.433558219315246	0
7C	-453.706374320748	1.87267461834612	0
7G	-470.942265326384	0.433558220934776	0
7T	-470.990830529017	0.409316029289392	0
8A	-470.942265189914	0.433557608356498	0
8C	-471.143046346301	0.49502388309617	0
8G	-452.999502597323	1.89372809434843	0
8T	-470.942265189837	0.433557687084234	0
neutral	-471.227944545883	1	0
