posterior_mean	posterior_var	posterior_sd	posterior_quant	is_contained	PESL
1.56803602654032	0.0593634249368687	0.243646105934137	0.408863668433004	1	0.0639923258441353
