model	lik	mode	convergence
1A	-284.393845980297	1.38931752041702	0
1C	-298.483189686782	1.08648000391868	0
1G	-284.574581897705	0.433558190467391	0
1T	-284.574581897659	0.433558121072597	0
2A	-284.574581929323	0.433558056793656	0
2C	-297.429490295392	1.18728369618558	0
2G	-284.574581929385	0.433557893733583	0
2T	-284.579899381845	0.345752035990578	0
3A	-284.574581904808	0.43355813737515	0
3C	-284.574581904454	0.433558021526629	0
3G	-285.585677294512	0.896370773380371	0
3T	-297.39362695087	1.19519616603529	0
neutral	-284.860260280693	1	0
