posterior_mean	posterior_var	posterior_sd	posterior_quant	is_contained	PESL
2.7561481241429	0.0395501808884456	0.198872272799517	0.88793181421797	1	0.0990139182475307
