posterior_mean	posterior_var	posterior_sd	posterior_quant	is_contained	PESL
1.91340784423815	0.0825676010258707	0.287345786511427	0.971993798922372	1	0.426657958232803
