posterior_mean	posterior_var	posterior_sd	posterior_quant	is_contained	PESL
1.60158256681888	0.113256532176572	0.336536078565987	0.878320679451642	1	0.2719929832391
