model	lik	mode	convergence
1A	-578.365312602673	3.08489421538144	0
1C	-752.561008520293	1.02143665453921	0
1G	-738.553438933307	0.433558043753814	0
1T	-738.55343893329	0.43355822561379	0
2A	-738.018419451193	1.49246057139228	0
2C	-738.553438923316	0.433558134103617	0
2G	-738.553438923375	0.433558082531366	0
2T	-620.136001044041	2.58384517689628	0
3A	-738.553438955509	0.433557996169491	0
3C	-738.543964840383	0.339821294358157	0
3G	-738.553438955477	0.433557804399577	0
3T	-617.38264184074	2.60798511935826	0
4A	-618.017073953242	2.59991263821407	0
4C	-738.553438953359	0.433558162719607	0
4G	-738.603690669336	0.373721564972256	0
4T	-738.553438953344	0.433558105638467	0
5A	-578.365312602673	3.08489421537733	0
5C	-738.55343893322	0.433558187599889	0
5G	-752.561008520258	1.02143664360429	0
5T	-738.553438933214	0.433558098702755	0
6A	-738.712712909735	0.73256495645761	0
6C	-738.553438920506	0.433558198427053	0
6G	-738.553438920681	0.433559037706764	0
6T	-618.936006354687	2.59296797063751	0
7A	-738.553438937447	0.433558202923129	0
7C	-619.298932803639	2.58940548397635	0
7G	-738.491109658073	0.830513534875776	0
7T	-738.553438937642	0.433558198927569	0
8A	-738.55343895544	0.433558015358848	0
8C	-617.382641840878	2.60798512113934	0
8G	-738.55343895545	0.433558266339152	0
8T	-738.543964840417	0.339821283916341	0
9A	-590.783826643265	2.88365234576907	0
9C	-738.553439674146	0.433558081213163	0
9G	-738.553439674124	0.433558128047616	0
9T	-740.409343934845	1.05638316721247	0
10A	-739.773316076557	1.05143244263904	0
10C	-738.553438954765	0.433558142140065	0
10G	-738.55343895477	0.433558102666645	0
10T	-609.051405469023	2.77356939487447	0
neutral	-738.839118182188	1	0
