posterior_mean	posterior_var	posterior_sd	posterior_quant	is_contained	PESL
3.0935050292558	0.0266047370695187	0.16310958607488	0.287228090768249	1	0.0353479275656182
