lik	gamma	delta
-1057.12114548562	0.00181719557837881	0.193483119165239
-1125.72688927383	0.00181719557837881	6.61069613519961e-05
-1125.72550953595	0.00181719557837881	6.61069613519961e-05
-1125.72550953595	0.00181719557837881	6.61069613519961e-05
-1125.72550970182	0.00181719557837881	6.61069613519961e-05
-1125.72550970182	0.00181719557837881	6.61069613519961e-05
-1078.41289814372	0.00181719557837881	0.121937844023027
-1125.72546633683	0.00181719557837881	0.00110935448886978
-1125.72550953241	0.00181719557837881	6.61069613519961e-05
-1078.73169849052	0.00181719557837881	0.12087636408971
-1125.72550953241	0.00181719557837881	6.61069613519961e-05
-1125.72550953241	0.00181719557837881	6.61069613519961e-05
-1068.55526440771	0.00181719557837881	0.152847024467506
-1125.72661422921	0.00181719557837881	6.61069613519961e-05
-1125.72551111388	0.00181719557837881	6.61069613519961e-05
-1125.70642283527	0.00181719557837881	0.0282555725624332
-1125.72564663124	0.00181719557837881	6.61069613519961e-05
-1078.41317727663	0.00181719557837881	0.12153408387795
-1125.72553987576	0.00181719557837881	6.61069613519961e-05
-1125.72550965264	0.00181719557837881	6.61069613519961e-05
-1125.72550953241	0.00181719557837881	6.61069613519961e-05
-1078.73169849052	0.00181719557837881	0.12087636408971
-1125.72550953241	0.00181719557837881	6.61069613519961e-05
-1125.72550953241	0.00181719557837881	6.61069613519961e-05
-1078.14169319926	0.00181719557837881	0.122149061835047
-1125.72551005737	0.00181719557837881	6.61069613519961e-05
-1125.72580303602	0.00181719557837881	6.61069613519961e-05
-1125.72551005737	0.00181719557837881	6.61069613519961e-05
-1125.72558520715	0.00181719557837881	6.61069613519961e-05
-1125.1275694863	0.00181719557837881	0.349812272762962
-1123.47578651584	0.00181719557837881	0.442277608093478
-1080.43663180131	0.00181719557837881	0.119014990989223
-1125.72550964781	0.00181719557837881	6.61069613519961e-05
-1124.68267913453	0.00181719557837881	0.729143189794075
-1079.02443826586	0.00181719557837881	0.120701742383475
-1125.72563701231	0.00181719557837881	6.61069613519961e-05
-1125.72561076433	0.00181719557837881	6.61069613519961e-05
-1078.99982208846	0.00181719557837881	0.121569482588198
-1125.7255098157	0.00181719557837881	6.61069613519961e-05
-1125.22274237235	0.00181719557837881	0.110459562822641
-1125.72550866774	0.00181719557837881	0
