model	lik	mode	convergence
1A	-344.607005281857	0.980481078652297	0
1C	-343.482280336561	0.43355819722127	0
1G	-355.850550288524	1.18278540059642	0
1T	-343.482280336578	0.433558342614995	0
2A	-343.482280329915	0.433558453976017	0
2C	-355.948287468258	1.2005487596103	0
2G	-343.482280330143	0.433558095863911	0
2T	-344.942038558741	1.11719441329189	0
3A	-343.482280360834	0.433558126871508	0
3C	-355.948415645318	1.16998437783304	0
3G	-343.926395587755	0.765123746916962	0
3T	-343.482280361069	0.433558045012488	0
4A	-343.482280366474	0.433558011407917	0
4C	-343.482280366241	0.433558071830208	0
4G	-344.224259656031	1.1791128828659	0
4T	-356.180559237444	1.15419621890086	0
5A	-343.482280353272	0.433558105968903	0
5C	-343.48228035317	0.433558183992192	0
5G	-343.540147660142	0.388740822742532	0
5T	-355.878295466637	1.17428994225318	0
6A	-343.759532292951	0.555943781843433	0
6C	-343.482280366386	0.433557990178013	0
6G	-355.878436977881	1.17490655141603	0
6T	-343.482280366346	0.433557962086662	0
neutral	-343.76795722306	1	0
