posterior_mean	posterior_var	posterior_sd	posterior_quant	is_contained	PESL
1.07275595343225	0.0947279584644967	0.307779074117291	0.908172005550463	1	0.277265433792055
