posterior_mean	posterior_var	posterior_sd	posterior_quant	is_contained	PESL
1.38970183992152	0.0980878913288745	0.31318986466499	0.662977727879429	1	0.110253575445717
