posterior_mean	posterior_var	posterior_sd	posterior_quant	is_contained	PESL
2.24858982517435	0.0752602114687062	0.274335946366323	0.183845328079378	1	0.137057112648932
