posterior_mean	posterior_var	posterior_sd	posterior_quant	is_contained	PESL
1.50377611637693	0.00342431974690177	0.0585176874705569	0.479427129431608	1	0.00343857880179333
