posterior_mean	posterior_var	posterior_sd	posterior_quant	is_contained	PESL
1.57297103205476	0.00383972977063574	0.0619655530971502	0.118374695796329	1	0.00916450128971616
