posterior_mean	posterior_var	posterior_sd	posterior_quant	is_contained	PESL
2.10738533297066	0.0542387255160164	0.232892089852825	0.332926216223631	1	0.0657703352532341
