model	lik	mode	convergence
1A	-614.83678128922	2.38868187427786	0
1C	-724.504783868541	0.433558156093261	0
1G	-724.50478386852	0.433558072476718	0
1T	-725.887371863511	0.777055629997173	0
2A	-724.504783173131	0.433558033943056	0
2C	-724.524359456267	0.426504497958759	0
2G	-724.504783173171	0.433558053244289	0
2T	-632.772167913795	2.29215149825054	0
3A	-724.501374123452	0.34214863153059	0
3C	-724.504783209286	0.433558032781141	0
3G	-724.50478320927	0.433557903066662	0
3T	-631.755018831987	2.30386521605755	0
4A	-724.504783190663	0.433558142251863	0
4C	-724.562255429616	0.395445079153306	0
4G	-724.504783190631	0.433558115726156	0
4T	-632.468726480578	2.29543151914184	0
5A	-631.970020538165	2.30124983011046	0
5C	-724.504783212439	0.433558084259116	0
5G	-724.531471628114	0.356122847045986	0
5T	-724.504783212422	0.433557975995068	0
6A	-633.040465011363	2.29240548439865	0
6C	-724.504783196694	0.433558112647342	0
6G	-724.504783196663	0.43355819669651	0
6T	-724.599536623304	0.747755262032068	0
7A	-633.03056145646	2.29242658286964	0
7C	-724.504783191975	0.433558215698802	0
7G	-724.619287184458	0.743592586647463	0
7T	-724.504783191956	0.433558052309104	0
neutral	-724.790461197713	1	0
