posterior_mean	posterior_var	posterior_sd	posterior_quant	is_contained	PESL
2.39484221832787	0.0147080853457372	0.12127689535001	0.808271301890451	1	0.0257662443919222
