posterior_mean	posterior_var	posterior_sd	posterior_quant	is_contained	PESL
2.06319911399631	0.00605553744372771	0.0778173338256182	0.209550792456163	1	0.0100496654530099
