lik	gamma	delta
-715.762840530525	0.00279128847918861	0.291206786652171
-730.724363097556	0.00279128847918861	6.61069613519961e-05
-730.147527538535	0.00279128847918861	0.0144318111041816
-730.724180095039	0.00279128847918861	6.61069613519961e-05
-730.724467221519	0.00279128847918861	6.61069613519961e-05
-730.724312284292	0.00279128847918861	6.61069613519961e-05
-730.724878495251	0.00279128847918861	6.61069613519961e-05
-725.433576789429	0.00279128847918861	0.0442495761798244
-730.724179628002	0.00279128847918861	6.61069613519961e-05
-730.724384784731	0.00279128847918861	6.61069613519961e-05
-726.09854276445	0.00279128847918861	0.0401723387307093
-730.724291430862	0.00279128847918861	6.61069613519961e-05
-729.807839984107	0.00279128847918861	0.254845688472122
-726.642897507957	0.00279128847918861	0.0376105356479918
-730.724179121174	0.00279128847918861	6.61069613519961e-05
-730.724179121174	0.00279128847918861	6.61069613519961e-05
-730.724179116091	0.00279128847918861	6.61069613519961e-05
-726.293047901763	0.00279128847918861	0.0391240551893355
-730.724179116091	0.00279128847918861	6.61069613519961e-05
-730.724179116091	0.00279128847918861	6.61069613519961e-05
-726.129450296712	0.00279128847918861	0.0400137249625054
-730.724443920085	0.00279128847918861	6.61069613519961e-05
-730.724179772054	0.00279128847918861	6.61069613519961e-05
-730.724179772054	0.00279128847918861	6.61069613519961e-05
-726.284966000015	0.00279128847918861	0.0391671769999552
-730.724179117771	0.00279128847918861	6.61069613519961e-05
-730.724179117771	0.00279128847918861	6.61069613519961e-05
-730.724192660141	0.00279128847918861	6.61069613519961e-05
-730.724179331294	0.00279128847918861	6.61069613519961e-05
-725.715871180761	0.00279128847918861	0.0428010255974688
-730.724179331294	0.00279128847918861	6.61069613519961e-05
-730.724877903015	0.00279128847918861	6.61069613519961e-05
-730.724181924475	0.00279128847918861	6.61069613519961e-05
-728.07086816358	0.00279128847918861	0.0313197253335359
-726.43434569625	0.00279128847918861	0.171818452608342
-730.724500855273	0.00279128847918861	6.61069613519961e-05
-730.724179721405	0.00279128847918861	6.61069613519961e-05
-726.136319608712	0.00279128847918861	0.0399753690468877
-730.724433326995	0.00279128847918861	6.61069613519961e-05
-730.724179721405	0.00279128847918861	6.61069613519961e-05
-730.724178454293	0.00279128847918861	0
