posterior_mean	posterior_var	posterior_sd	posterior_quant	is_contained	PESL
2.95057915450291	0.0544916386728698	0.233434441916504	0.593670336089491	1	0.0569340586430481
