lik	gamma	delta
-1007.00836287255	0.00126972522996844	0.102914870567666
-1034.55077191642	0.00126972522996844	6.61069613519961e-05
-1034.55007616234	0.00126972522996844	0.000528320608800049
-1034.55041454233	0.00126972522996844	6.61069613519961e-05
-1012.99043764754	0.00126972522996844	0.0774207604868737
-1034.55036527478	0.00126972522996844	6.61069613519961e-05
-1034.55036527478	0.00126972522996844	6.61069613519961e-05
-1034.55036527478	0.00126972522996844	6.61069613519961e-05
-1034.55036582574	0.00126972522996844	6.61069613519961e-05
-1034.54949304018	0.00126972522996844	0.00560411017596619
-1012.83554568604	0.00126972522996844	0.0781406603451594
-1034.55036582574	0.00126972522996844	6.61069613519961e-05
-1034.5503652925	0.00126972522996844	6.61069613519961e-05
-1034.5503652925	0.00126972522996844	6.61069613519961e-05
-1034.55042976643	0.00126972522996844	6.61069613519961e-05
-1012.91378155364	0.00126972522996844	0.0776123329188861
-1012.99043764754	0.00126972522996844	0.0774207604868737
-1034.55036527478	0.00126972522996844	6.61069613519961e-05
-1034.55036527478	0.00126972522996844	6.61069613519961e-05
-1034.55036527478	0.00126972522996844	6.61069613519961e-05
-1033.48137736028	0.00126972522996844	0.202616146613753
-1034.30275137788	0.00126972522996844	0.151744902713884
-1013.94546344511	0.00126972522996844	0.076090512288457
-1034.55036536803	0.00126972522996844	6.61069613519961e-05
-1014.4553311049	0.00126972522996844	0.0758578830952844
-1034.55036551821	0.00126972522996844	6.61069613519961e-05
-1033.34692126253	0.00126972522996844	0.124093896469389
-1034.02454649249	0.00126972522996844	0.165170120620209
-1034.55036527478	0.00126972522996844	6.61069613519961e-05
-1034.55036527478	0.00126972522996844	6.61069613519961e-05
-1034.55036527478	0.00126972522996844	6.61069613519961e-05
-1012.99043764754	0.00126972522996844	0.0774207604868242
-1034.55036538984	0.00126972522996844	6.61069613519961e-05
-1034.55036538984	0.00126972522996844	6.61069613519961e-05
-1012.79071076908	0.00126972522996844	0.0779291284666159
-1034.55052956764	0.00126972522996844	6.61069613519961e-05
-1034.55036527478	0.00126972522996844	6.61069613519961e-05
-1034.55036527478	0.00126972522996844	6.61069613519961e-05
-1012.99043764754	0.00126972522996844	0.0774207604870319
-1034.55036527478	0.00126972522996844	6.61069613519961e-05
-1034.55036506432	0.00126972522996844	0
