model	lik	mode	convergence
1A	-619.650164549531	2.71306750257636	0
1C	-648.562235415809	1.0868342588718	0
1G	-633.690050297332	0.433558139931736	0
1T	-633.690050297314	0.433558107072357	0
2A	-633.735385401153	0.368853811233303	0
2C	-633.690050314815	0.433558115561738	0
2G	-633.690050314807	0.433558015981835	0
2T	-644.474050040888	1.24977705319592	0
3A	-644.715892974181	1.24284523438949	0
3C	-633.788287079485	0.767721601431252	0
3G	-633.690050282151	0.433558226161825	0
3T	-633.690050282068	0.433558337792881	0
4A	-644.466161089401	1.25002693455778	0
4C	-633.690050316443	0.433558090347978	0
4G	-633.690050316409	0.433558030477042	0
4T	-633.731169783123	0.365405512069947	0
5A	-633.9323123004	1.13420528481847	0
5C	-633.690050299624	0.433558139382234	0
5G	-633.690050299619	0.433557971411909	0
5T	-644.84957552883	1.2398579669763	0
6A	-633.730541968101	0.415643924874035	0
6C	-633.690050283187	0.433557886652747	0
6G	-644.567764120822	1.24683549390158	0
6T	-633.690050283203	0.433558225970029	0
7A	-633.690050290194	0.433558104314802	0
7C	-633.690050290146	0.433558227501146	0
7G	-644.547315956211	1.24747299305197	0
7T	-633.743087240154	0.404418625665538	0
8A	-645.321657696012	1.22621392482242	0
8C	-632.877805934841	1.86767389945369	0
8G	-633.690050307485	0.433558127525723	0
8T	-633.690050307463	0.433558141021408	0
9A	-633.978974807003	0.539903362578754	0
9C	-644.486584876464	1.25008684320933	0
9G	-633.69005031803	0.433558084854962	0
9T	-633.690050318005	0.433558006144689	0
10A	-633.690050302482	0.433558085651751	0
10C	-634.500911960918	0.807703934135866	0
10G	-644.374877273351	1.256043587087	0
10T	-633.690050302407	0.433558003884041	0
11A	-634.17272815811	0.66724479074455	0
11C	-633.690050313901	0.433558102022805	0
11G	-644.483648835057	1.2507495083795	0
11T	-633.690050313877	0.433558076324052	0
12A	-633.690050303443	0.433558130489494	0
12C	-634.076421396584	0.833101501960262	0
12G	-633.690050303434	0.433558149782287	0
12T	-644.673989068673	1.2447992185996	0
neutral	-633.975729630381	1	0
