posterior_mean	posterior_var	posterior_sd	posterior_quant	is_contained	PESL
3.03525906761785	0.005843044948344	0.0764398125870544	0.324677635120106	1	0.00708624679775467
