model	lik	mode	convergence
1A	-622.128278914102	1.48466704926408	0
1C	-624.264431574465	0.433558178849982	0
1G	-624.264431574462	0.433558088398399	0
1T	-639.54144644633	1.00895178895311	0
2A	-624.264431570099	0.433558152546583	0
2C	-638.695134191765	1.10289637256005	0
2G	-624.264431570211	0.433557969794747	0
2T	-624.554822101176	1.09569811539865	0
3A	-624.500849036018	0.524952989813925	0
3C	-624.264431581283	0.433558113300016	0
3G	-624.264431581274	0.43355803672717	0
3T	-638.275404136675	1.12512337194949	0
4A	-636.525067995224	0.479796575492403	0
4C	-624.264431547226	0.433558121267088	0
4G	-624.264431547154	0.433558041337553	0
4T	-625.428112439692	1.12288449292516	0
5A	-638.508959607569	1.11269339981145	0
5C	-624.264431582596	0.433558080324206	0
5G	-624.290652080124	0.355862086703375	0
5T	-624.264431582583	0.43355812678794	0
6A	-624.740329242881	0.732605892883908	0
6C	-624.264431552684	0.433558236035957	0
6G	-638.576330066716	1.10937743535185	0
6T	-624.264431552681	0.433558036350182	0
7A	-624.264431565676	0.433558164409565	0
7C	-638.606344975881	1.10760301903558	0
7G	-624.481913547506	0.676501010074417	0
7T	-624.264431565842	0.433557970214614	0
8A	-624.264431581351	0.43355802250914	0
8C	-624.264431581135	0.433557931551643	0
8G	-625.554601753067	0.921105814591005	0
8T	-638.401541142031	1.12101791741708	0
9A	-624.319402485168	0.401520165748863	0
9C	-624.264431555923	0.433558216462465	0
9G	-624.264431555938	0.433558191078201	0
9T	-638.55339986557	1.11032047536597	0
neutral	-624.550110771788	1	0
