posterior_mean	posterior_var	posterior_sd	posterior_quant	is_contained	PESL
1.51329250040692	0.042742170424072	0.206741796509733	0.492705572297319	1	0.0429188609911378
