posterior_mean	posterior_var	posterior_sd	posterior_quant	is_contained	PESL
1.95700235094316	0.0510857799421395	0.226021636004475	0.59009507544471	1	0.0529345777665542
