posterior_mean	posterior_var	posterior_sd	posterior_quant	is_contained	PESL
2.87826485479659	0.0232836497459187	0.15258980878787	0.789429054181594	1	0.0381030953236222
