posterior_mean	posterior_var	posterior_sd	posterior_quant	is_contained	PESL
2.08307579281495	0.00556996694290036	0.0746322111618057	0.132144997595251	1	0.0124715542947121
