posterior_mean	posterior_var	posterior_sd	posterior_quant	is_contained	PESL
2.07130174673469	0.039370110802747	0.198419028328301	0.370207196642105	1	0.0444540498901976
