posterior_mean	posterior_var	posterior_sd	posterior_quant	is_contained	PESL
1.91062282635078	0.0115474886857578	0.10745924197461	0.798928736669164	1	0.0195357678552818
