posterior_mean	posterior_var	posterior_sd	posterior_quant	is_contained	PESL
1.96977921064826	0.00654108700148852	0.0808769868472393	0.650049860704904	1	0.00745438311051972
