posterior_mean	posterior_var	posterior_sd	posterior_quant	is_contained	PESL
1.81079426072931	0.0104603241678782	0.102275726190911	0.964679679139479	1	0.0462591359407626
