model	lik	mode	convergence
1A	-388.369197655016	3.03535685923868	0
1C	-470.740771803794	0.778113396980563	0
1G	-457.382250236184	0.433557991087056	0
1T	-457.382250236164	0.433558056058073	0
2A	-434.668634600326	1.97930721990553	0
2C	-457.382250237659	0.43355811341346	0
2G	-457.382250237625	0.433558052219053	0
2T	-457.408531501794	0.355895828962376	0
3A	-457.38225020917	0.433558151157886	0
3C	-457.382250209095	0.43355821265973	0
3G	-434.678094892701	1.98565817834054	0
3T	-457.869376889433	0.703505515646535	0
4A	-457.382250216994	0.433558200716507	0
4C	-435.018320301258	1.97151100619785	0
4G	-457.440095025571	0.393450137099987	0
4T	-457.382250217123	0.433558258105102	0
5A	-457.417176924245	0.3610465944709	0
5C	-457.382250236627	0.433558076792914	0
5G	-434.722618591802	1.97807355517994	0
5T	-457.382250236589	0.43355818629989	0
6A	-457.382250204707	0.433558042185675	0
6C	-457.382250204626	0.433558296434641	0
6G	-456.715251458104	1.57352529431596	0
6T	-436.364749258691	1.95156959011278	0
7A	-457.382250219225	0.43355812510577	0
7C	-445.025605197613	2.86229409393966	0
7G	-446.748136823921	1.83530005941218	0
7T	-457.38225021913	0.433558148327115	0
neutral	-457.667929239936	1	0
