model	lik	mode	convergence
1A	-293.344735325075	2.33200346160105	0
1C	-303.833006156891	0.433558179597258	0
1G	-317.648296900036	0.824550393187617	0
1T	-303.833006156857	0.433558150268353	0
2A	-317.901535267173	1.14348408312958	0
2C	-303.833006130085	0.433558246240052	0
2G	-304.645043325987	0.987941366338195	0
2T	-303.833006130029	0.433557952691818	0
3A	-303.833006156569	0.43355808962506	0
3C	-303.833006156413	0.433558076893954	0
3G	-317.791984680731	1.1509716411015	0
3T	-303.887829399351	0.379968605520144	0
4A	-303.833006159634	0.433558027454988	0
4C	-317.72512478743	1.15647281587258	0
4G	-303.814670644419	0.336595952196779	0
4T	-303.833006159797	0.433558061483614	0
neutral	-304.118685302124	1	0
