lik	gamma	delta
-639.878712673479	0.00122693141148537	0.825812858194957
-640.873019188266	0.00122693141148537	0.00511938047716874
-640.769549366881	0.00122693141148537	0.0554667848776697
-640.656445887081	0.00122693141148537	0.0618247435528141
-640.958390852455	0.00122693141148537	6.61069613519961e-05
-640.9573564271	0.00122693141148537	6.61069613519961e-05
-640.510871078697	0.00122693141148537	0.0122894759685592
-640.9573564271	0.00122693141148537	6.61069613519961e-05
-640.957356437632	0.00122693141148537	6.61069613519961e-05
-640.957356437632	0.00122693141148537	6.61069613519961e-05
-640.957490302927	0.00122693141148537	6.61069613519961e-05
-640.687849583866	0.00122693141148537	0.00899479224022788
-640.705796553251	0.00122693141148537	0.00867727974321735
-640.957356363686	0.00122693141148537	6.61069613519961e-05
-640.957356363686	0.00122693141148537	6.61069613519961e-05
-640.957356363686	0.00122693141148537	6.61069613519961e-05
-640.957357486981	0.00122693141148537	6.61069613519961e-05
-640.957596148692	0.00122693141148537	6.61069613519961e-05
-640.949844991012	0.00122693141148537	0.00189550126242215
-640.400041357467	0.00122693141148537	0.0213999694785486
-640.957356363686	0.00122693141148537	6.61069613519961e-05
-640.705796553251	0.00122693141148537	0.00867727974321735
-640.957356363686	0.00122693141148537	6.61069613519961e-05
-640.957356363686	0.00122693141148537	6.61069613519961e-05
-640.957356510748	0.00122693141148537	6.61069613519961e-05
-640.957356510749	0.00122693141148537	6.61069613519961e-05
-640.901178106017	0.00122693141148537	0.0137012483255371
-640.753779641515	0.00122693141148537	0.00818784271125297
-640.772064488948	0.00122693141148537	0.00749501854071404
-640.957357803021	0.00122693141148537	6.61069613519961e-05
-640.957357803021	0.00122693141148537	6.61069613519961e-05
-640.592030969634	0.00122693141148537	0.108978404310281
-640.957356363686	0.00122693141148537	6.61069613519961e-05
-640.705796553251	0.00122693141148537	0.00867727974321735
-640.957356363686	0.00122693141148537	6.61069613519961e-05
-640.957356363686	0.00122693141148537	6.61069613519961e-05
-640.705796553251	0.00122693141148537	0.00867727974321735
-640.957356363686	0.00122693141148537	6.61069613519961e-05
-640.957356363686	0.00122693141148537	6.61069613519961e-05
-640.957356363686	0.00122693141148537	6.61069613519961e-05
-640.957356231202	0.00122693141148537	0
