lik	gamma	delta
-994.0339029537	0.00175988186761299	0.255281451182606
-1080.36780164845	0.00175988186761299	0.01355871063315
-1080.64728629008	0.00175988186761299	0.0336069085967091
-1080.69489398396	0.00175988186761299	6.61069613519961e-05
-1022.47253042192	0.00175988186761299	0.138669468353067
-1080.69475509133	0.00175988186761299	6.61069613519961e-05
-1080.69475509133	0.00175988186761299	6.61069613519961e-05
-1080.69475509133	0.00175988186761299	6.61069613519961e-05
-1080.69475509133	0.00175988186761299	6.61069613519961e-05
-1022.47253042192	0.00175988186761299	0.13866946835308
-1080.69475509133	0.00175988186761299	6.61069613519961e-05
-1080.69475509133	0.00175988186761299	6.61069613519961e-05
-1080.69475534973	0.00175988186761299	6.61069613519961e-05
-1025.52544152842	0.00175988186761299	0.135899227629223
-1080.43262727318	0.00175988186761299	0.177789325168887
-1076.86979459226	0.00175988186761299	0.361522245696838
-1080.69494996997	0.00175988186761299	6.61069613519961e-05
-1078.506801439	0.00175988186761299	0.766519261079726
-1023.22435895727	0.00175988186761299	0.138167844923029
-1080.69475533826	0.00175988186761299	6.61069613519961e-05
-1080.69475523223	0.00175988186761299	6.61069613519961e-05
-1080.69490951426	0.00175988186761299	6.61069613519961e-05
-1022.12961203886	0.00175988186761299	0.13936700015716
-1080.69475523223	0.00175988186761299	6.61069613519961e-05
-1022.47253042192	0.00175988186761299	0.138669468353067
-1080.69475509133	0.00175988186761299	6.61069613519961e-05
-1080.69475509133	0.00175988186761299	6.61069613519961e-05
-1080.69475509133	0.00175988186761299	6.61069613519961e-05
-1022.47253042192	0.00175988186761299	0.138669468353067
-1080.69475509133	0.00175988186761299	6.61069613519961e-05
-1080.69475509133	0.00175988186761299	6.61069613519961e-05
-1080.69475509133	0.00175988186761299	6.61069613519961e-05
-1022.47253042192	0.00175988186761299	0.138669468353067
-1080.69475509133	0.00175988186761299	6.61069613519961e-05
-1080.69475509133	0.00175988186761299	6.61069613519961e-05
-1080.69475509133	0.00175988186761299	6.61069613519961e-05
-1080.69502116498	0.00175988186761299	6.61069613519961e-05
-1023.17691149061	0.00175988186761299	0.153516527945437
-1075.93220767836	0.00175988186761299	0.120910813291962
-1080.69494779428	0.00175988186761299	6.61069613519961e-05
-1080.69475487168	0.00175988186761299	0
