posterior_mean	posterior_var	posterior_sd	posterior_quant	is_contained	PESL
2.27405901627987	0.0954560094426805	0.308959559558659	0.985384605585737	0	0.62244632128712
