posterior_mean	posterior_var	posterior_sd	posterior_quant	is_contained	PESL
1.90241927557854	0.00230903937576379	0.0480524648250617	0.977538222246471	0	0.0118310371543356
