model	lik	mode	convergence
1A	-700.408130385716	2.53560496439623	0
1C	-830.675294996467	1.09262501271266	0
1G	-818.157224022704	0.433558111614947	0
1T	-818.157224022712	0.433558154754802	0
2A	-818.209793701037	0.405024285646816	0
2C	-818.157224027024	0.433558106742569	0
2G	-818.157224027032	0.433558106650851	0
2T	-721.91192800483	2.33347534048473	0
3A	-723.863418522657	2.34176301168194	0
3C	-817.622880043101	1.6545847583269	0
3G	-818.15722401918	0.433558251705736	0
3T	-818.157224019074	0.433558237149771	0
4A	-721.839898575155	2.33427869671253	0
4C	-818.15722403193	0.433558120087357	0
4G	-818.157224031912	0.433558267905876	0
4T	-818.213769229747	0.398331364592483	0
5A	-818.15722402082	0.433558215039278	0
5C	-724.832323896396	2.31452788033057	0
5G	-818.157224020896	0.433558114588003	0
5T	-815.8742530212	3.09449018965127	0
6A	-816.094143320298	2.5634566742109	0
6C	-725.238307195709	2.31588085552782	0
6G	-818.157224015746	0.43355858013218	0
6T	-818.157224015736	0.433557627121159	0
7A	-818.157224046923	0.433558134709158	0
7C	-721.595411500876	2.3370908465495	0
7G	-818.157224046914	0.433558036329931	0
7T	-818.210710048559	0.377836991853646	0
8A	-812.57842238648	3.24782593226002	0
8C	-818.157224016401	0.43355870243956	0
8G	-728.367304493095	2.29997120211611	0
8T	-818.157224016516	0.433558271046509	0
9A	-818.157224016462	0.433558421288275	0
9C	-814.415253410752	2.70137130106821	0
9G	-818.157224016569	0.433557882528333	0
9T	-727.128647171651	2.31020244683341	0
10A	-722.021687802067	2.33227697930031	0
10C	-818.157224020579	0.433558105497219	0
10G	-818.15722402054	0.433558153121271	0
10T	-818.197383550606	0.41586058759832	0
11A	-818.815756819559	1.09411342967162	0
11C	-721.103110157821	2.36038682402553	0
11G	-818.15722405622	0.43355804529637	0
11T	-818.15722405619	0.43355810531396	0
neutral	-818.442899189311	1	0
