model	lik	mode	convergence
1A	-676.802485896685	1.50902783216761	0
1C	-693.232670990085	0.963555809621123	0
1G	-677.714557874469	0.43355849517836	0
1T	-677.714557874373	0.433557995519468	0
2A	-693.3283544943	1.02077316915325	0
2C	-677.749129159903	0.419257209197205	0
2G	-677.714557874835	0.433558263077083	0
2T	-677.714557874712	0.433558088667847	0
3A	-677.714557832973	0.433557806420409	0
3C	-677.714557832711	0.433557601554349	0
3G	-677.946787327548	0.516712772719055	0
3T	-693.317657740826	1.02224573345633	0
4A	-677.714557887572	0.433558129627528	0
4C	-677.714557887503	0.433558151508621	0
4G	-693.355917082797	1.01312029923277	0
4T	-677.520679144777	1.24763045728052	0
5A	-677.714557781029	0.43355767273534	0
5C	-677.535800243549	0.297621336509188	0
5G	-693.295187599636	1.02662505881755	0
5T	-677.714557780952	0.433557521201991	0
6A	-693.347831835114	1.01530534360781	0
6C	-677.714557881934	0.433558247285568	0
6G	-677.910019092891	0.994114844606276	0
6T	-677.714557881904	0.433558053355088	0
7A	-677.714557873229	0.433558313500456	0
7C	-693.306617716789	1.02321468418643	0
7G	-678.431573595409	0.748728326109878	0
7T	-677.714557873329	0.433557216741727	0
8A	-693.33626022728	1.01860322605483	0
8C	-677.928511840899	0.683075655840924	0
8G	-677.714557891064	0.433558085251351	0
8T	-677.714557891049	0.433558176860104	0
9A	-677.71455789677	0.433558107445272	0
9C	-677.714557896598	0.433558085774061	0
9G	-677.771982549676	0.386333124186736	0
9T	-693.321866470075	1.02203757884699	0
neutral	-678.000237273467	1	0
