posterior_mean	posterior_var	posterior_sd	posterior_quant	is_contained	PESL
2.54443392184739	0.0682532319428524	0.2612531950864	0.445705481164677	1	0.070227605353596
