posterior_mean	posterior_var	posterior_sd	posterior_quant	is_contained	PESL
2.98959460839974	0.00591661599533208	0.0769195423499911	0.557130692571841	1	0.00602488816967661
