posterior_mean	posterior_var	posterior_sd	posterior_quant	is_contained	PESL
2.46074552875227	0.172559453175233	0.415402760192122	0.897765310777788	1	0.463354837936257
