model	lik	mode	convergence
1A	-297.306820897491	3.00943773390046	0
1C	-320.77607859099	0.969177368490323	0
1G	-307.263307822349	0.433558033267029	0
1T	-307.263307822322	0.433557957266561	0
2A	-307.263307815889	0.433557989982352	0
2C	-307.26330781566	0.43355815095411	0
2G	-307.689346583679	0.73725958849276	0
2T	-319.5070232763	1.17947310229508	0
3A	-307.263307781969	0.433557884147525	0
3C	-304.326819314356	1.81945091727411	0
3G	-307.263307781954	0.43355790786493	0
3T	-320.672505056375	1.02992024897674	0
4A	-307.263307784791	0.433557907684357	0
4C	-319.321622041266	1.19185564585082	0
4G	-307.263307784837	0.433558024554695	0
4T	-307.186275424198	0.319232882634934	0
5A	-307.319231829314	0.399732982988337	0
5C	-307.263307797373	0.433558051371482	0
5G	-307.263307797398	0.433558146280553	0
5T	-319.471441915502	1.18083623283249	0
neutral	-307.548984340605	1	0
