posterior_mean	posterior_var	posterior_sd	posterior_quant	is_contained	PESL
3.1470639235183	0.414646103915699	0.643930201120975	0.436182243763522	1	0.43627390151627
