posterior_mean	posterior_var	posterior_sd	posterior_quant	is_contained	PESL
1.93255655957399	0.00545697796781805	0.0738713609446723	0.819978503058979	1	0.0100055956242827
