posterior_mean	posterior_var	posterior_sd	posterior_quant	is_contained	PESL
1.4512635325218	0.00489032323343915	0.0699308460798177	0.75968945242301	1	0.00726556649574178
