lik	gamma	delta
-647.367583818938	0.00175962653948289	6.61069613519961e-05
-647.059202784289	0.00175962653948289	0.00984113367364192
-647.367814195321	0.00175962653948289	6.61069613519961e-05
-647.367298262097	0.00175962653948289	6.61069613519961e-05
-647.367297230542	0.00175962653948289	6.61069613519961e-05
-647.367297230542	0.00175962653948289	6.61069613519961e-05
-647.367297230542	0.00175962653948289	6.61069613519961e-05
-647.169272030618	0.00175962653948289	0.00774086656199462
-647.370023672602	0.00175962653948289	6.61069613519961e-05
-646.767459619855	0.00175962653948289	0.0151876694278581
-647.367297897188	0.00175962653948289	6.61069613519961e-05
-647.187973252339	0.00175962653948289	0.0354402907196307
-647.260103622155	0.00175962653948289	0.00588929209816107
-647.367733990448	0.00175962653948289	6.61069613519961e-05
-646.816581563685	0.00175962653948289	0.0582897759539222
-647.367297848791	0.00175962653948289	6.61069613519961e-05
-647.367297522151	0.00175962653948289	6.61069613519961e-05
-647.367519235389	0.00175962653948289	6.61069613519961e-05
-647.367297522151	0.00175962653948289	6.61069613519961e-05
-647.142107547805	0.00175962653948289	0.00831856269756088
-647.367297230542	0.00175962653948289	6.61069613519961e-05
-647.367297230542	0.00175962653948289	6.61069613519961e-05
-647.367297230542	0.00175962653948289	6.61069613519961e-05
-647.169272030618	0.00175962653948289	0.00774086656199462
-647.367297490279	0.00175962653948289	6.61069613519961e-05
-647.143684043583	0.00175962653948289	0.00828807012351966
-647.367506840772	0.00175962653948289	6.61069613519961e-05
-647.367297490279	0.00175962653948289	6.61069613519961e-05
-647.367654922001	0.00175962653948289	6.61069613519961e-05
-647.367297985699	0.00175962653948289	6.61069613519961e-05
-647.367297985699	0.00175962653948289	6.61069613519961e-05
-647.124391283347	0.00175962653948289	0.0086557934928488
-647.367992900703	0.00175962653948289	6.61069613519961e-05
-647.367300769744	0.00175962653948289	6.61069613519961e-05
-647.367643191788	0.00175962653948289	6.61069613519961e-05
-647.024030846258	0.00175962653948289	0.0103934048181752
-647.124988733255	0.00175962653948289	0.00864458941665418
-647.367297966767	0.00175962653948289	6.61069613519961e-05
-647.367297966767	0.00175962653948289	6.61069613519961e-05
-647.367650444975	0.00175962653948289	6.61069613519961e-05
-647.367296942455	0.00175962653948289	0
