model	lik	mode	convergence
1A	-499.415106386138	3.13084690169522	0
1C	-672.412524401229	0.433558167368498	0
1G	-684.696780031684	0.738756300995392	0
1T	-672.412524401243	0.433558547585058	0
2A	-672.412524406107	0.433558219607041	0
2C	-537.401007843212	2.74351390455702	0
2G	-672.46858253703	0.399454105483513	0
2T	-672.412524406175	0.43355819348768	0
3A	-671.921764397817	1.7139582178127	0
3C	-539.4469975131	2.74130469933307	0
3G	-672.412524397333	0.433558032392965	0
3T	-672.412524397305	0.433558301146338	0
4A	-537.799096703746	2.73890481188669	0
4C	-672.412524391138	0.433558021328392	0
4G	-672.422980868012	0.430038375303159	0
4T	-672.412524391061	0.433557713061349	0
5A	-672.412524392443	0.433558051463044	0
5C	-672.14801717939	0.941574293571713	0
5G	-538.711188510208	2.73305197797702	0
5T	-672.412524392269	0.433557881152326	0
6A	-670.256314714338	3.15316077668563	0
6C	-672.41252439067	0.433558634731496	0
6G	-672.412524390972	0.433557101558197	0
6T	-540.508324374178	2.72151231358754	0
neutral	-672.698201321866	1	0
