posterior_mean	posterior_var	posterior_sd	posterior_quant	is_contained	PESL
2.62129859804732	0.0573627119789154	0.23950513977557	0.938310982987681	1	0.200777463819902
