model	lik	mode	convergence
1A	-791.226615398464	2.46366303776953	0
1C	-895.149609065777	0.433558140301341	0
1G	-909.0842570934	0.838344598342441	0
1T	-895.149609065743	0.433558062431783	0
2A	-895.149609030216	0.433558079751894	0
2C	-895.149609030156	0.433558216653719	0
2G	-836.589469866408	1.9672139179403	0
2T	-895.467781740336	0.541527633792648	0
3A	-895.20561423607	0.382294191110617	0
3C	-836.850696639786	1.96295358149973	0
3G	-895.149609054305	0.433558097507734	0
3T	-895.149609054264	0.433558139905796	0
4A	-837.176238757298	1.95950180497205	0
4C	-895.149609027366	0.433557796743401	0
4G	-895.149609027199	0.433557796663991	0
4T	-895.171057495173	0.425712103543531	0
5A	-895.207608521022	0.391450386825974	0
5C	-836.927421189122	1.96211576948392	0
5G	-895.149609047538	0.433558205928665	0
5T	-895.149609047514	0.433558204885181	0
6A	-895.149609065345	0.433558038383908	0
6C	-895.149609065224	0.433557935064655	0
6G	-836.495585517084	1.9669823511108	0
6T	-895.155658027555	0.346066089654783	0
7A	-838.697512449339	1.95147586680609	0
7C	-895.149609027465	0.433558429420455	0
7G	-894.493309825986	1.8110467072864	0
7T	-895.149609027431	0.433558000495524	0
8A	-895.14960891957	0.433557642330305	0
8C	-908.105954597789	0.67540024315101	0
8G	-895.149608919633	0.43355765007857	0
8T	-811.012909934155	2.13455366785343	0
9A	-836.583300672427	1.96596716004268	0
9C	-895.149609066684	0.433558093003026	0
9G	-895.149609066647	0.433558041965023	0
9T	-895.172776978549	0.354206950006281	0
10A	-895.149609066046	0.4335580899735	0
10C	-895.883314201739	0.703868574791556	0
10G	-895.149609066016	0.433558137663432	0
10T	-832.219405217109	2.0254067479756	0
11A	-895.926328316112	1.03965877680697	0
11C	-895.149608910019	0.433557654723801	0
11G	-895.149608909998	0.43355768045647	0
11T	-836.138030420229	1.98517241719637	0
12A	-836.741302706409	1.96417014285528	0
12C	-895.149609061876	0.433558144025396	0
12G	-895.196324680217	0.370104680085697	0
12T	-895.149609061868	0.433558116255581	0
neutral	-895.435288127285	1	0
