posterior_mean	posterior_var	posterior_sd	posterior_quant	is_contained	PESL
1.98229356321743	0.00497358361115349	0.0705236386692681	0.603412593926951	1	0.00528710151468928
