posterior_mean	posterior_var	posterior_sd	posterior_quant	is_contained	PESL
2.89755032373461	0.0926263002440003	0.304345692008282	0.643546996664579	1	0.10312223641091
