posterior_mean	posterior_var	posterior_sd	posterior_quant	is_contained	PESL
2.92135175586464	0.00556813181933716	0.0746199157017559	0.853867828677293	1	0.0117536781248871
