posterior_mean	posterior_var	posterior_sd	posterior_quant	is_contained	PESL
2.42129361296208	0.0220350464922106	0.1484420644299	0.70712299238339	1	0.0282297418527864
