posterior_mean	posterior_var	posterior_sd	posterior_quant	is_contained	PESL
2.59281417357569	0.0127793961112274	0.113045991132934	0.207120165287888	1	0.0213938669276659
