posterior_mean	posterior_var	posterior_sd	posterior_quant	is_contained	PESL
2.01310066620552	0.00276397010057092	0.0525734733546389	0.404771280896679	1	0.0029355975556049
