posterior_mean	posterior_var	posterior_sd	posterior_quant	is_contained	PESL
3.09091079975886	0.0387442431875861	0.196835573989018	0.328111746500799	1	0.0470090167003815
