posterior_mean	posterior_var	posterior_sd	posterior_quant	is_contained	PESL
1.33086216032928	0.00958181943693012	0.0978867684466605	0.953892220905362	1	0.0381894282454077
