model	lik	mode	convergence
1A	-349.384380670754	2.46943058941251	0
1C	-395.582571177099	0.433558247518017	0
1G	-395.582571177131	0.433558112684967	0
1T	-411.204160945107	0.957870619370875	0
2A	-381.661907415487	1.8379955688588	0
2C	-395.582571199312	0.433557980191081	0
2G	-395.582571199275	0.433558020807274	0
2T	-395.037742969463	1.6738699889797	0
3A	-395.582571195874	0.433558101167816	0
3C	-395.58257119576	0.433558052437334	0
3G	-380.280842698021	1.85262097400258	0
3T	-395.638656259282	0.382471251599749	0
4A	-381.027832239212	1.84343190600783	0
4C	-395.582571172782	0.433558114590623	0
4G	-395.582571172746	0.433558118681903	0
4T	-395.741294506562	1.02365162291364	0
neutral	-395.868250905072	1	0
