posterior_mean	posterior_var	posterior_sd	posterior_quant	is_contained	PESL
0.805686066180515	0.285929429328262	0.534723694377069	0.903436021448061	1	0.768001268024171
