posterior_mean	posterior_var	posterior_sd	posterior_quant	is_contained	PESL
2.48446863602193	0.0231940472635641	0.152295920048976	0.548663377418115	1	0.0234352705308146
