posterior_mean	posterior_var	posterior_sd	posterior_quant	is_contained	PESL
2.98904838723081	0.0953364190627739	0.308765961632389	0.527957564823706	1	0.0954563568850234
