posterior_mean	posterior_var	posterior_sd	posterior_quant	is_contained	PESL
1.60644326124349	0.456327091190663	0.675519867354516	0.898508494872562	1	1.2547707363042
