posterior_mean	posterior_var	posterior_sd	posterior_quant	is_contained	PESL
1.82439199106318	2.31357637657073	1.52104450183771	0.681527012115159	1	2.34441454937224
