model	lik	mode	convergence
1A	-589.835722164086	1.36596649662487	0
1C	-594.303694746186	0.433557836338627	0
1G	-597.815161818158	0.969325231346179	0
1T	-594.303694746147	0.433557866007631	0
2A	-604.032276569422	1.25522005065895	0
2C	-594.303694187731	0.433558081905313	0
2G	-595.405744814204	1.12797485848033	0
2T	-594.303694187721	0.433558081943772	0
3A	-594.303694204418	0.433558115882581	0
3C	-594.583302889591	0.599261077290118	0
3G	-603.775510916011	1.25202730181538	0
3T	-594.303694204317	0.433558008757167	0
4A	-594.53751584768	0.681002538589386	0
4C	-603.859236653147	1.2493776481277	0
4G	-594.303694166011	0.433558084962882	0
4T	-594.303694165665	0.433560165972021	0
5A	-594.303694204713	0.433558036668179	0
5C	-603.618974685198	1.2562185542279	0
5G	-594.303694204738	0.433558045918802	0
5T	-594.304956795858	0.344051401198902	0
6A	-594.336035179385	0.420509701071104	0
6C	-594.303694168681	0.433557839475826	0
6G	-603.784505274843	1.25104208864321	0
6T	-594.303694168746	0.433557380324674	0
7A	-594.303694172196	0.433558214163401	0
7C	-603.646633453994	1.2578889421206	0
7G	-594.303694172328	0.433558131854907	0
7T	-595.031674217998	0.793383764087802	0
8A	-603.772386047632	1.25141570764363	0
8C	-594.3036941724	0.433558144851193	0
8G	-594.303694172392	0.433558257861765	0
8T	-594.346964925194	0.413701080698349	0
9A	-603.705865067537	1.2534820370415	0
9C	-594.30369419588	0.433558113954879	0
9G	-594.358653626723	0.380236785738294	0
9T	-594.303694195858	0.43355808715299	0
neutral	-594.589371692698	1	0
