posterior_mean	posterior_var	posterior_sd	posterior_quant	is_contained	PESL
1.37491504275853	0.0121927901011078	0.110420967669677	0.870068621406566	1	0.0278390366291996
