posterior_mean	posterior_var	posterior_sd	posterior_quant	is_contained	PESL
1.89376658192223	0.791761890535151	0.889810030588075	0.379081052481047	1	0.946814011648165
