posterior_mean	posterior_var	posterior_sd	posterior_quant	is_contained	PESL
2.52004443044642	0.00938023821328769	0.0968516298948432	0.422821864871055	1	0.00978201740519922
