model	lik	mode	convergence
1A	-439.311258709187	2.98526563661399	0
1C	-483.187797164706	0.433558059529035	0
1G	-483.187797164689	0.433558057573334	0
1T	-496.954554309705	1.12688501292774	0
2A	-483.187797107099	0.433557845567718	0
2C	-483.266563031744	0.412992757728314	0
2G	-472.895912649898	1.72590190594381	0
2T	-483.187797107013	0.433557951413442	0
3A	-474.087019613763	1.69721751524801	0
3C	-483.187797129662	0.433558320420884	0
3G	-483.187797129647	0.433557998517005	0
3T	-483.219690903117	0.4207456617119	0
4A	-474.893042954697	1.68526284173384	0
4C	-482.80632246531	1.38717265805718	0
4G	-483.187797131975	0.433558377711042	0
4T	-483.187797131892	0.433558121949381	0
5A	-483.165624983156	0.335299573229954	0
5C	-473.536712740606	1.70951246569805	0
5G	-483.187797158516	0.433557941417237	0
5T	-483.187797158491	0.433557993847063	0
6A	-483.187797162084	0.433558036154652	0
6C	-473.74811685847	1.70750023036302	0
6G	-483.466706421824	0.54541910913933	0
6T	-483.1877971623	0.433557954896094	0
7A	-474.034568750403	1.69832492373576	0
7C	-483.1877971348	0.433558120175958	0
7G	-483.235317700588	0.41027199907528	0
7T	-483.187797134767	0.43355810983654	0
neutral	-483.473475753771	1	0
