posterior_mean	posterior_var	posterior_sd	posterior_quant	is_contained	PESL
3.01417664598052	0.0863176400702561	0.293798638646023	0.49381805529709	1	0.0865186173615146
