posterior_mean	posterior_var	posterior_sd	posterior_quant	is_contained	PESL
1.92366702312034	0.00290631360556113	0.0539102365563455	0.920275487823878	1	0.00873303696493742
