model	lik	mode	convergence
1A	-713.397668550761	1.54153036580617	0
1C	-713.703257955864	0.433558140846317	0
1G	-728.91215786986	1.00545355609155	0
1T	-713.703257955824	0.433558047318059	0
2A	-728.799487036652	1.03384106052748	0
2C	-713.703257949728	0.433558011144748	0
2G	-713.703257949696	0.433557972122771	0
2T	-714.574290733203	0.880656681693551	0
3A	-713.703257946146	0.433558093794818	0
3C	-713.703257946044	0.433557953390482	0
3G	-728.890408876622	1.01496110383996	0
3T	-714.099921090433	1.32995902739948	0
4A	-713.70325793493	0.433558087473551	0
4C	-713.76099681141	0.394146298451126	0
4G	-713.703257934912	0.433558086170597	0
4T	-728.802159059814	1.03515784789091	0
5A	-713.703257917876	0.433558305264503	0
5C	-728.80971267334	1.03414486269844	0
5G	-713.703257917965	0.433558418670184	0
5T	-713.735920885189	0.420338793411561	0
6A	-712.027598143423	1.70740948435415	0
6C	-728.88204371047	0.981182547211839	0
6G	-713.703257926415	0.433557886935279	0
6T	-713.703257926393	0.43355800169662	0
7A	-728.795266186595	1.03605711746842	0
7C	-713.753114627608	0.37328312315679	0
7G	-713.703257949472	0.433558148815442	0
7T	-713.703257949452	0.433558172860336	0
8A	-713.703257953958	0.433558094665229	0
8C	-728.791774790399	1.03650420616084	0
8G	-713.741956891521	0.363619527944374	0
8T	-713.703257954117	0.433558124905861	0
9A	-713.635437759491	0.321625431089598	0
9C	-713.703257923818	0.433557900132769	0
9G	-713.703257923798	0.433557829398444	0
9T	-728.773852462045	1.03871995679549	0
10A	-713.703257925964	0.433558078692443	0
10C	-713.703257925846	0.433558045418886	0
10G	-713.754811677202	0.406252583302067	0
10T	-728.805788681157	1.0346748288664	0
11A	-713.703257937283	0.433558167356142	0
11C	-728.801140608146	1.03529215158215	0
11G	-713.7032579373	0.433557887675655	0
11T	-713.761262128899	0.39091030358463	0
12A	-713.703257956132	0.433558044968918	0
12C	-713.703257955846	0.433557956305085	0
12G	-713.7240632776	0.352976259121543	0
12T	-728.787664173546	1.03702376677491	0
13A	-728.802262833124	1.03514411335435	0
13C	-713.70325793444	0.433558107025151	0
13G	-713.760937019348	0.394480290452471	0
13T	-713.703257934423	0.433558015241373	0
neutral	-713.98893696378	1	0
