posterior_mean	posterior_var	posterior_sd	posterior_quant	is_contained	PESL
1.9617474345213	0.0272513017579037	0.165079683056104	0.60194603798702	1	0.028714560523555
