posterior_mean	posterior_var	posterior_sd	posterior_quant	is_contained	PESL
2.14620348860341	0.0252828787582213	0.159005907934961	0.179731612194165	1	0.0466583388474008
