posterior_mean	posterior_var	posterior_sd	posterior_quant	is_contained	PESL
1.03982634510628	0.364572547145409	0.603798432546333	0.9277782136142	1	1.28650599466442
