posterior_mean	posterior_var	posterior_sd	posterior_quant	is_contained	PESL
2.98080014718016	0.0655488688596088	0.256025133257672	0.0249282966228477	0	0.296717650340273
