model	lik	mode	convergence
1A	-295.471381420267	1.66839081806269	0
1C	-296.707807558444	0.433558149867335	0
1G	-311.536855732527	1.04476085363183	0
1T	-296.7078075584	0.433558245877252	0
2A	-296.707807551655	0.433558162974542	0
2C	-310.820569494462	1.13971060713528	0
2G	-296.753318428541	0.41197406889152	0
2T	-296.707807551807	0.433557944710409	0
3A	-310.81927290189	1.13982323844497	0
3C	-296.707807552723	0.433558180659742	0
3G	-296.707807552678	0.433558069933074	0
3T	-296.754763874828	0.410766734882814	0
4A	-296.707807578611	0.433558124349502	0
4C	-296.758489275872	0.374211439151113	0
4G	-296.707807578569	0.433557967917046	0
4T	-310.775459710646	1.14360253372527	0
neutral	-296.99348673857	1	0
