posterior_mean	posterior_var	posterior_sd	posterior_quant	is_contained	PESL
1.76154728159446	0.159153101846398	0.398939972735746	0.956525409516217	1	0.704465519166908
