lik	gamma	delta
-988.691064679996	0.00167080277223513	0.255281515514804
-1075.02483242041	0.00167080277223513	0.0135587270413825
-1075.30434042003	0.00167080277223513	0.0335983302414253
-1075.35192923542	0.00167080277223513	6.61069613519961e-05
-1075.35179104828	0.00167080277223513	6.61069613519961e-05
-1075.35212470688	0.00167080277223513	6.61069613519961e-05
-1016.33968658389	0.00167080277223513	0.140353033710459
-1075.35179104828	0.00167080277223513	6.61069613519961e-05
-1075.35179042201	0.00167080277223513	6.61069613519961e-05
-1017.12971588514	0.00167080277223513	0.138669070065183
-1075.35179042201	0.00167080277223513	6.61069613519961e-05
-1075.35179042201	0.00167080277223513	6.61069613519961e-05
-1075.35179042636	0.00167080277223513	6.61069613519961e-05
-1075.35179042636	0.00167080277223513	6.61069613519961e-05
-1063.2280434543	0.00167080277223513	0.38441579480871
-1025.84181780562	0.00167080277223513	0.12928474978473
-1075.35179042201	0.00167080277223513	6.61069613519961e-05
-1075.35179042201	0.00167080277223513	6.61069613519961e-05
-1075.35179042201	0.00167080277223513	6.61069613519961e-05
-1017.12971588514	0.00167080277223513	0.138669070065144
-1075.35179162489	0.00167080277223513	6.61069613519961e-05
-1016.97378229797	0.00167080277223513	0.141530923576915
-1075.08625312479	0.00167080277223513	0.168303552206332
-1075.12880212778	0.00167080277223513	0.0538490782238163
-1017.09549497196	0.00167080277223513	0.139208183154307
-1075.35179050897	0.00167080277223513	6.61069613519961e-05
-1075.28610674778	0.00167080277223513	0.0575790881636358
-1075.35179050897	0.00167080277223513	6.61069613519961e-05
-1075.35179042201	0.00167080277223513	6.61069613519961e-05
-1075.35179042201	0.00167080277223513	6.61069613519961e-05
-1017.12971588514	0.00167080277223513	0.138669070065141
-1075.35179042201	0.00167080277223513	6.61069613519961e-05
-1075.35179043586	0.00167080277223513	6.61069613519961e-05
-1022.48887811896	0.00167080277223513	0.135286224177471
-1069.61680431023	0.00167080277223513	0.201451996402227
-1075.35179043586	0.00167080277223513	6.61069613519961e-05
-1073.40379245026	0.00167080277223513	0.0394482055187748
-1075.35186888162	0.00167080277223513	6.61069613519961e-05
-1008.30133295988	0.00167080277223513	0.191477042778713
-1075.3517907812	0.00167080277223513	6.61069613519961e-05
-1075.35179021963	0.00167080277223513	0
