model	lik	mode	convergence
1A	-367.452232142512	1.63875094212388	0
1C	-383.10227171374	0.965334404728648	0
1G	-367.991549416549	0.433558028620404	0
1T	-367.991549416518	0.433558060342816	0
2A	-383.001278967925	0.943953803314154	0
2C	-367.689782364318	1.4886120566144	0
2G	-367.991549407364	0.433558123164533	0
2T	-367.991549407331	0.433558060608393	0
3A	-367.991549404161	0.433558188067726	0
3C	-383.141281860492	1.00971625330846	0
3G	-368.655946224951	1.03273059876389	0
3T	-367.991549404214	0.433558158016796	0
4A	-383.086391046703	1.03435971543582	0
4C	-367.991549430581	0.43355804473256	0
4G	-368.15418216988	0.439020132298029	0
4T	-367.99154943056	0.433558150225516	0
5A	-367.991549223854	0.43355752681721	0
5C	-368.57792892473	0.650956227520918	0
5G	-383.06427666131	1.03577034570429	0
5T	-367.991549223775	0.433557324688221	0
6A	-368.248839795777	0.620975982540349	0
6C	-367.99154942945	0.4335580713603	0
6G	-383.135852324694	1.02034133026357	0
6T	-367.991549429414	0.433558154021018	0
7A	-367.991549400097	0.433558190516722	0
7C	-383.132749758536	1.02309329480205	0
7G	-368.040885434899	0.408573183301256	0
7T	-367.991549400408	0.433557909157004	0
neutral	-368.277228694422	1	0
