posterior_mean	posterior_var	posterior_sd	posterior_quant	is_contained	PESL
2.56601071269553	0.104814128987301	0.323750102683074	0.435262504624578	1	0.109171543177592
