model	lik	mode	convergence
1A	-271.284079190255	2.29949280559378	0
1C	-275.174252773086	0.433558078911216	0
1G	-275.174252773068	0.433557951502736	0
1T	-288.810266285908	1.20292039200109	0
2A	-275.174252751476	0.433558225084334	0
2C	-286.503495580396	1.32743071713677	0
2G	-275.2319225774	0.39453100605348	0
2T	-275.174252751697	0.433558162077139	0
3A	-275.174252757679	0.433558128541277	0
3C	-275.174252757373	0.433558075100123	0
3G	-275.231776600687	0.386753559212486	0
3T	-286.482220317577	1.32857214017917	0
4A	-275.174252738661	0.433558206135465	0
4C	-286.744552296087	1.31620811185088	0
4G	-275.174252738636	0.433558171600048	0
4T	-275.26427817238	0.77053790248069	0
neutral	-275.459932068504	1	0
