posterior_mean	posterior_var	posterior_sd	posterior_quant	is_contained	PESL
1.52093112130164	0.0253451029656474	0.159201454031197	0.461450760121367	1	0.0257832148045951
