model	lik	mode	convergence
1A	-528.413403968605	2.9110068592517	0
1C	-687.200690981387	0.433558106204799	0
1G	-697.455170038495	0.485487237875218	0
1T	-687.200690981354	0.433558089789773	0
2A	-573.287895806231	2.62349981312013	0
2C	-687.200690956967	0.433557961988202	0
2G	-675.232899794619	3.03411099937522	0
2T	-687.200690956953	0.433558262566543	0
3A	-559.312258428093	2.66606191719413	0
3C	-687.253095472934	0.4052317525029	0
3G	-687.200690953486	0.433558110213237	0
3T	-687.200690953422	0.4335580745421	0
4A	-687.200690949603	0.433558163698997	0
4C	-561.094858224731	2.65442423145889	0
4G	-686.548525324482	1.56301698288491	0
4T	-687.200690949668	0.433558278046222	0
5A	-687.200690952214	0.433558135277364	0
5C	-687.435901860715	0.965609823222218	0
5G	-559.795575074907	2.66846959716584	0
5T	-687.200690952137	0.433558270822076	0
6A	-687.200690952318	0.433558102739013	0
6C	-687.200690952233	0.433558133614649	0
6G	-686.776173091538	1.40675777515219	0
6T	-560.886959512951	2.65670494084523	0
7A	-560.265768235613	2.6709142478428	0
7C	-687.200690942225	0.433558346549968	0
7G	-687.295302859134	1.33887171879099	0
7T	-687.200690942262	0.433558673371706	0
neutral	-687.486367389395	1	0
