posterior_mean	posterior_var	posterior_sd	posterior_quant	is_contained	PESL
0.914347796099261	0.113417630939311	0.336775341940753	0.942551768540422	1	0.456406134840135
