model	lik	mode	convergence
1A	-1444.40608773777	1.93319700426994	0
1C	-1581.05973566766	0.433558147117966	0
1G	-1581.05973566768	0.433558059739451	0
1T	-1582.32239215411	0.694492399504107	0
2A	-1581.10125151817	0.414953402573305	0
2C	-1581.05973543526	0.433558387019729	0
2G	-1458.71035551247	1.92072282840584	0
2T	-1581.05973543525	0.433558224463771	0
3A	-1581.05973543638	0.433558137441799	0
3C	-1458.69702046842	1.92079212840841	0
3G	-1581.10400314598	0.412951967003108	0
3T	-1581.05973543643	0.433558016036081	0
4A	-1581.05973543426	0.433558104623412	0
4C	-1580.45825162962	1.53774259500295	0
4G	-1459.83690670203	1.91679953667126	0
4T	-1581.05973543419	0.433558205359659	0
5A	-1581.05973545626	0.433558088159225	0
5C	-1581.05973545616	0.433558227720545	0
5G	-1581.75706454776	0.875113840271865	0
5T	-1458.08976676484	1.92739238843705	0
6A	-1579.25560878569	1.74338874489442	0
6C	-1581.0597354706	0.433558015167928	0
6G	-1462.16839147067	1.92184672595562	0
6T	-1581.05973547056	0.43355807487969	0
7A	-1581.05973544266	0.433558128047427	0
7C	-1581.11339304953	0.403565626668583	0
7G	-1581.05973544262	0.433557903393472	0
7T	-1458.6319312376	1.92113397311234	0
8A	-1553.90474972235	2.21984301413586	0
8C	-1486.92899283483	1.87275671361221	0
8G	-1581.05973544809	0.433558163858726	0
8T	-1581.05973544805	0.433558158806759	0
9A	-1581.05973525796	0.433557517586442	0
9C	-1581.05973525786	0.433557475280177	0
9G	-1457.61416551015	1.9281650776581	0
9T	-1581.23770125128	0.455687311289093	0
10A	-1581.05973545599	0.433558134659902	0
10C	-1580.94999629143	1.17778678641497	0
10G	-1581.05973545602	0.433558317658994	0
10T	-1459.47958140657	1.91866580818909	0
11A	-1581.05973543568	0.43355819554372	0
11C	-1458.70591285734	1.92074588721679	0
11G	-1581.0597354358	0.433558269806424	0
11T	-1581.10220360072	0.414283778345205	0
12A	-1581.05973545142	0.433558116025033	0
12C	-1581.05973545135	0.433558064211464	0
12G	-1458.54341973275	1.92160792399362	0
12T	-1581.11772905441	0.391648517953064	0
13A	-1581.37319645313	0.590311068989781	0
13C	-1581.05973543384	0.433558375996052	0
13G	-1458.49291810144	1.92267537232969	0
13T	-1581.05973543389	0.433558198234147	0
neutral	-1581.34541503865	1	0
