posterior_mean	posterior_var	posterior_sd	posterior_quant	is_contained	PESL
1.09454319263389	0.0351471903046132	0.187475839255658	0.976973756282605	0	0.199542412944019
