posterior_mean	posterior_var	posterior_sd	posterior_quant	is_contained	PESL
3.11352548155582	0.00632100359513629	0.0795047394507792	0.0753435314427657	1	0.0192090385603844
