posterior_mean	posterior_var	posterior_sd	posterior_quant	is_contained	PESL
2.41107189169177	0.0037198295597659	0.0609904054730406	0.926319837568862	1	0.0116280380070156
