posterior_mean	posterior_var	posterior_sd	posterior_quant	is_contained	PESL
0.918559691877645	0.274129480445969	0.52357375836263	0.986000399906595	0	2.77508292850988
