posterior_mean	posterior_var	posterior_sd	posterior_quant	is_contained	PESL
2.56286082170396	0.00609990013787451	0.0781018574547015	0.211464158779354	1	0.0100513830431795
