posterior_mean	posterior_var	posterior_sd	posterior_quant	is_contained	PESL
2.99427869376394	0.0130397869772597	0.11419188665251	0.525036123782506	1	0.0130725203223091
