posterior_mean	posterior_var	posterior_sd	posterior_quant	is_contained	PESL
2.45402251986224	0.0639946940663638	0.252971725823982	0.585180829910465	1	0.0661086227461756
