posterior_mean	posterior_var	posterior_sd	posterior_quant	is_contained	PESL
1.87242552790733	0.0266805534223713	0.163341829983539	0.786096983160764	1	0.0429557993520834
