model	lik	mode	convergence
1A	-324.182409575867	1.85906422037381	0
1C	-341.99203676883	0.807165214609504	0
1G	-329.455455091555	0.433558066363587	0
1T	-329.455455091529	0.433558093968764	0
2A	-329.455455081358	0.433557945062323	0
2C	-326.4091694994	1.60652000829177	0
2G	-329.45545508132	0.433558007669969	0
2T	-342.14016043766	0.812023370381295	0
3A	-343.214149155255	1.06634672465631	0
3C	-329.455455069203	0.433558078863816	0
3G	-329.509898117552	0.402388126345407	0
3T	-329.455455069179	0.433558226669425	0
4A	-343.130757902514	1.07753539021842	0
4C	-329.455454989731	0.433557755777968	0
4G	-329.60073604891	0.433125116217971	0
4T	-329.455454989721	0.433557651833043	0
neutral	-329.74113266921	1	0
