model	lik	mode	convergence
1A	-617.589487656248	2.21476841724844	0
1C	-621.376727388188	0.433558145255014	0
1G	-637.203869406773	1.01284671416627	0
1T	-621.376727388153	0.43355820158921	0
2A	-621.376727374883	0.433558089416672	0
2C	-621.426802283594	0.40782698757372	0
2G	-636.753438791221	1.07090620782419	0
2T	-621.376727374796	0.433558339692229	0
3A	-636.782948012752	1.06862072132134	0
3C	-621.620936126711	0.670439670918849	0
3G	-621.376727370159	0.433558100045068	0
3T	-621.376727370088	0.433558318483986	0
4A	-636.774912876585	1.06923797663071	0
4C	-621.376727403597	0.433558036220823	0
4G	-621.376727403569	0.433558119716772	0
4T	-621.571519190655	0.632223610425815	0
5A	-617.95310608175	2.71998607228545	0
5C	-637.124219759271	1.03264140695862	0
5G	-621.376727397702	0.433558100179346	0
5T	-621.376727397685	0.433558113521905	0
6A	-621.376727402657	0.433558104015627	0
6C	-621.376727402461	0.433558170861038	0
6G	-621.680809692726	0.549286433483334	0
6T	-636.740378886267	1.07187277306798	0
7A	-621.37672738747	0.433558170538051	0
7C	-636.743292433825	1.07166861063668	0
7G	-621.434715989737	0.390232807941272	0
7T	-621.376727387667	0.433558166725193	0
8A	-636.791036893243	1.06795112086238	0
8C	-621.765281656471	0.810468506880117	0
8G	-621.37672740448	0.433558275718342	0
8T	-621.376727404459	0.433558104941432	0
neutral	-621.662406902158	1	0
