posterior_mean	posterior_var	posterior_sd	posterior_quant	is_contained	PESL
2.3501892176869	0.306416570282649	0.553549067637774	0.0443951805630211	1	1.02923827615382
