posterior_mean	posterior_var	posterior_sd	posterior_quant	is_contained	PESL
1.75119918800294	0.0517814680001926	0.227555417426596	0.131768957123877	1	0.114882500053681
