posterior_mean	posterior_var	posterior_sd	posterior_quant	is_contained	PESL
1.3837329212038	0.0147618856437159	0.121498500582171	0.831595381953705	1	0.0282799192555044
