posterior_mean	posterior_var	posterior_sd	posterior_quant	is_contained	PESL
2.42225127596883	0.00741708276248441	0.0861224869734055	0.817296448329562	1	0.0134619468509511
