posterior_mean	posterior_var	posterior_sd	posterior_quant	is_contained	PESL
2.9401689151715	0.011301930447134	0.106310537799101	0.716021271914883	1	0.0148816891588703
