posterior_mean	posterior_var	posterior_sd	posterior_quant	is_contained	PESL
2.70012504323776	0.0715888246320593	0.267560880234872	0.231488715521661	1	0.111638857563186
