posterior_mean	posterior_var	posterior_sd	posterior_quant	is_contained	PESL
2.52244101186517	0.0363566768036111	0.190674268855583	0.463059516232364	1	0.0368602758171446
