lik	gamma	delta
-2089.17398873404	0.00146193793089656	0.11399889208419
-2173.71631605272	0.00146193793089656	6.61069613519961e-05
-2173.7159538845	0.00146193793089656	6.61069613519961e-05
-2173.71628270127	0.00146193793089656	6.61069613519961e-05
-2172.42937309315	0.00146193793089656	0.0674775195159996
-2095.20217158224	0.00146193793089656	0.109723098053032
-2173.71589431396	0.00146193793089656	6.61069613519961e-05
-2173.4764637458	0.00146193793089656	0.0386944306414644
-2172.60758318584	0.00146193793089656	0.165668017901738
-2173.56561104872	0.00146193793089656	0.0698054528532268
-2095.41569187221	0.00146193793089656	0.106714564495964
-2173.71601869409	0.00146193793089656	6.61069613519961e-05
-2173.71559565529	0.00146193793089656	6.61069613519961e-05
-2173.71559565529	0.00146193793089656	6.61069613519961e-05
-2096.24852408013	0.00146193793089656	0.10576970821256
-2172.55328590281	0.00146193793089656	0.124796115946664
-2173.71559517819	0.00146193793089656	6.61069613519961e-05
-2095.18756238909	0.00146193793089656	0.105809195254536
-2173.71559517819	0.00146193793089656	6.61069613519961e-05
-2173.71559517819	0.00146193793089656	6.61069613519961e-05
-2173.71559539028	0.00146193793089656	6.61069613519961e-05
-2173.70592163572	0.00146193793089656	0.0188405628233341
-2094.70907513702	0.00146193793089656	0.106806032083622
-2173.70469171003	0.00146193793089656	0.0134986576570023
-2173.71559537923	0.00146193793089656	6.61069613519961e-05
-2096.92486819515	0.00146193793089656	0.105723622729089
-2171.93777356068	0.00146193793089656	0.113587247993355
-2173.71559537923	0.00146193793089656	6.61069613519961e-05
-2173.71559517819	0.00146193793089656	6.61069613519961e-05
-2173.71559517819	0.00146193793089656	6.61069613519961e-05
-2095.18756238909	0.00146193793089656	0.105809195254281
-2173.71559517819	0.00146193793089656	6.61069613519961e-05
-2173.71559558034	0.00146193793089656	6.61069613519961e-05
-2173.68357058781	0.00146193793089656	0.0251396747186287
-2173.71559558034	0.00146193793089656	6.61069613519961e-05
-2094.94044454845	0.00146193793089656	0.106422420885019
-2173.71559523609	0.00146193793089656	6.61069613519961e-05
-2173.71559523609	0.00146193793089656	6.61069613519961e-05
-2096.15479353104	0.00146193793089656	0.105497923459514
-2172.66791063029	0.00146193793089656	0.154506819684203
-2173.71559456427	0.00146193793089656	0
