model	lik	mode	convergence
1A	-263.365260275581	0.905669631176762	0
1C	-262.594974879864	0.433558009064774	0
1G	-262.594974879853	0.433557991195708	0
1T	-276.387458980229	1.25345329735564	0
2A	-262.594974875295	0.433558108210011	0
2C	-262.594974875182	0.433558138326506	0
2G	-262.647049863887	0.375905652877094	0
2T	-276.332881829037	1.2510236108643	0
3A	-276.460012565844	1.24552937227141	0
3C	-262.594974883375	0.433558089103342	0
3G	-262.594974883331	0.433558151760824	0
3T	-263.009145874298	0.774300050521025	0
neutral	-262.880654652053	1	0
