posterior_mean	posterior_var	posterior_sd	posterior_quant	is_contained	PESL
1.11029338047712	0.208920978497135	0.457078744306858	0.820299129937251	1	0.360792227801386
