posterior_mean	posterior_var	posterior_sd	posterior_quant	is_contained	PESL
1.36366605123203	0.0114335857164876	0.106927946377397	0.896293874501084	1	0.0300205313031402
