posterior_mean	posterior_var	posterior_sd	posterior_quant	is_contained	PESL
3.01058216180671	0.170647849856195	0.413095448844689	0.508401733635961	1	0.170759832004699
