posterior_mean	posterior_var	posterior_sd	posterior_quant	is_contained	PESL
2.36421740390602	0.0101605635039027	0.100799620554359	0.909263190833495	1	0.0285974769059559
