posterior_mean	posterior_var	posterior_sd	posterior_quant	is_contained	PESL
1.77821285347799	0.125913760987036	0.354843290745416	0.223217480542762	1	0.203316152827346
