posterior_mean	posterior_var	posterior_sd	posterior_quant	is_contained	PESL
1.99014889790623	0.00268818952161939	0.0518477532938448	0.578623002627539	1	0.00278523373407515
