posterior_mean	posterior_var	posterior_sd	posterior_quant	is_contained	PESL
2.76329354690485	0.0429651581533328	0.207280385356002	0.871961032521602	1	0.0989951030901642
