model	lik	mode	convergence
1A	-162.144309212031	2.74934363802588	0
1C	-189.321025879635	0.433558048731759	0
1G	-205.071862365071	1.12480439632098	0
1T	-189.321025879602	0.433558196624774	0
2A	-189.321025879334	0.433558099627362	0
2C	-189.378078143131	0.385008927922186	0
2G	-189.321025879312	0.43355808047335	0
2T	-183.52024053581	2.11287811257184	0
neutral	-189.606705762281	1	0
