posterior_mean	posterior_var	posterior_sd	posterior_quant	is_contained	PESL
1.43650973571348	0.0044115809821864	0.0664197333793685	0.830848622078129	1	0.00844259464138409
