posterior_mean	posterior_var	posterior_sd	posterior_quant	is_contained	PESL
1.45977406203011	0.0020184722815987	0.0449274112496892	0.815273063245009	1	0.00363659836720209
