model	lik	mode	convergence
1A	-547.548124820346	1.39893336093232	0
1C	-567.072036154434	1.15905501578184	0
1G	-553.47466528564	0.433558370413875	0
1T	-553.474665285641	0.433558168437802	0
2A	-553.474665322677	0.433558078231068	0
2C	-553.507385613846	0.359639374843676	0
2G	-559.734621738879	1.35791576856503	0
2T	-553.474665322579	0.433558126486727	0
3A	-553.227387704146	1.47554757350888	0
3C	-553.474665286393	0.433558148383404	0
3G	-553.47466528647	0.433557971771315	0
3T	-560.475662930428	1.34153232261707	0
4A	-553.474665309846	0.433558173202819	0
4C	-562.339333008396	1.30940134507242	0
4G	-551.864616207684	1.64555786869153	0
4T	-553.474665310081	0.433557990460468	0
5A	-553.474665318317	0.433558153402719	0
5C	-559.978964596842	1.35261660405005	0
5G	-553.47466531831	0.433557998611516	0
5T	-553.691783522056	0.658676874129232	0
6A	-553.52626636336	0.375309218158955	0
6C	-553.474665315384	0.433558090503179	0
6G	-553.474665315378	0.433558049809126	0
6T	-559.786260449042	1.35653441296673	0
7A	-559.920210500733	1.35302438778541	0
7C	-553.474665284444	0.433558125001801	0
7G	-553.474665284364	0.433558270211828	0
7T	-553.50045179853	0.423771853207672	0
neutral	-553.760344024167	1	0
