posterior_mean	posterior_var	posterior_sd	posterior_quant	is_contained	PESL
1.90890342839306	0.742172636008417	0.861494420184146	0.787631508783573	1	1.09156779288731
