model	lik	mode	convergence
1A	-360.652374288457	3.08924471025337	0
1C	-430.602292928016	0.433558078779131	0
1G	-430.602292928015	0.433558101051359	0
1T	-444.152240702776	0.892433127545231	0
2A	-430.602292908614	0.433558158390418	0
2C	-401.624585682718	2.09045995511471	0
2G	-430.602292908598	0.4335581920564	0
2T	-430.660257346918	0.392234329505481	0
3A	-430.602292902131	0.433558142666101	0
3C	-430.65181123419	0.784307637497368	0
3G	-402.283490465224	2.08133263454661	0
3T	-430.602292901966	0.433558016579664	0
4A	-430.602292915297	0.433558098994599	0
4C	-430.602292915182	0.433558086352868	0
4G	-430.658698977372	0.383222159144918	0
4T	-401.537861939482	2.09237637174881	0
5A	-430.602292891283	0.433558121963794	0
5C	-430.425253900333	1.25246845318952	0
5G	-402.789200411472	2.07520507639531	0
5T	-430.60229289125	0.433557829506974	0
6A	-430.602292913768	0.433558077343441	0
6C	-430.602292913491	0.433558048042347	0
6G	-430.659513264776	0.385567145522122	0
6T	-401.560966986872	2.09186253987249	0
7A	-430.602292900296	0.433558184043366	0
7C	-401.142772212526	2.10433514644941	0
7G	-430.602292900387	0.433558060020684	0
7T	-430.915950541062	0.533560001623412	0
neutral	-430.88797081252	1	0
