posterior_mean	posterior_var	posterior_sd	posterior_quant	is_contained	PESL
1.9507795221363	0.00529803095726799	0.0727875741955177	0.752707512975514	1	0.00772068639838351
