posterior_mean	posterior_var	posterior_sd	posterior_quant	is_contained	PESL
2.74591323833796	0.0847645907491948	0.291143591289925	0.811204709217897	1	0.149324673206209
