model	lik	mode	convergence
1A	-357.034372854418	3.05629967556572	0
1C	-409.678727045611	0.433558130917407	0
1G	-427.894218919241	0.998401537129751	0
1T	-409.678727045573	0.433558073729226	0
2A	-408.323821241219	1.64235408579992	0
2C	-409.678727020048	0.433558120935324	0
2G	-409.678727020044	0.433558017272007	0
2T	-403.192780691326	3.41736969080251	0
3A	-402.536416704759	1.7451584977901	0
3C	-409.678727056724	0.433558129459302	0
3G	-409.678727056694	0.433558096488757	0
3T	-410.384347584064	0.740521331972749	0
neutral	-409.964407053067	1	0
