posterior_mean	posterior_var	posterior_sd	posterior_quant	is_contained	PESL
2.96715815597736	0.0124505483562233	0.111582025238043	0.620118663346887	1	0.0135291350750516
