lik	gamma	delta
-820.947257960328	0.00213198498256461	0.191308049156304
-829.226638955511	0.00213198498256461	6.61069613519961e-05
-829.01384744293	0.00213198498256461	0.00803144425144082
-829.229093110093	0.00213198498256461	6.61069613519961e-05
-829.194492440567	0.00213198498256461	0.0114261804266285
-829.226576280488	0.00213198498256461	6.61069613519961e-05
-829.226576280488	0.00213198498256461	6.61069613519961e-05
-828.086325886022	0.00213198498256461	0.0178635115195055
-829.226577096339	0.00213198498256461	6.61069613519961e-05
-829.226708782526	0.00213198498256461	6.61069613519961e-05
-829.226577096339	0.00213198498256461	6.61069613519961e-05
-828.021820977855	0.00213198498256461	0.0178318336586889
-829.226576238053	0.00213198498256461	6.61069613519961e-05
-829.226576238053	0.00213198498256461	6.61069613519961e-05
-828.062956371322	0.00213198498256461	0.0174717939140859
-829.226576238053	0.00213198498256461	6.61069613519961e-05
-829.226576518156	0.00213198498256461	6.61069613519961e-05
-829.226744176132	0.00213198498256461	6.61069613519961e-05
-827.91418407936	0.00213198498256461	0.0188244335256071
-829.226873342928	0.00213198498256461	6.61069613519961e-05
-827.849346666505	0.00213198498256461	0.0195120727213521
-829.227173028499	0.00213198498256461	6.61069613519961e-05
-829.226577965352	0.00213198498256461	6.61069613519961e-05
-829.226577965352	0.00213198498256461	6.61069613519961e-05
-827.854949257455	0.00213198498256461	0.0191503873447862
-829.226578077383	0.00213198498256461	6.61069613519961e-05
-829.226712784234	0.00213198498256461	6.61069613519961e-05
-829.227177065336	0.00213198498256461	6.61069613519961e-05
-829.226576266644	0.00213198498256461	6.61069613519961e-05
-828.046068579676	0.00213198498256461	0.0176093384515189
-829.226639631433	0.00213198498256461	6.61069613519961e-05
-829.226576266644	0.00213198498256461	6.61069613519961e-05
-829.226807105357	0.00213198498256461	6.61069613519961e-05
-829.226576620059	0.00213198498256461	6.61069613519961e-05
-829.226576620059	0.00213198498256461	6.61069613519961e-05
-828.000230661507	0.00213198498256461	0.0179688810001001
-829.226717499164	0.00213198498256461	6.61069613519961e-05
-827.951765865342	0.00213198498256461	0.0187988884604667
-829.226619851446	0.00213198498256461	6.61069613519961e-05
-829.226580535983	0.00213198498256461	6.61069613519961e-05
-829.226575606114	0.00213198498256461	0
