posterior_mean	posterior_var	posterior_sd	posterior_quant	is_contained	PESL
2.37085827197045	0.999567614385686	0.999783783818124	0.770273931377706	1	1.39538692843497
