posterior_mean	posterior_var	posterior_sd	posterior_quant	is_contained	PESL
1.95375052651949	0.00253240856549242	0.0503230420929858	0.821335860021365	1	0.00467142236269804
