model	lik	mode	convergence
1A	-563.308682920543	3.28668066866214	0
1C	-719.463233978888	0.433558304308306	0
1G	-719.463233978964	0.433558457687184	0
1T	-733.731637939765	1.12212988335666	0
2A	-719.463233977507	0.433516955500767	0
2C	-618.723906380806	2.39144626404198	0
2G	-719.464474171163	0.433164752610068	0
2T	-719.463233973748	0.433560586626428	0
3A	-597.25416589371	2.64195197214586	0
3C	-719.463234977692	0.433557767319888	0
3G	-719.905204003307	1.3181479421204	0
3T	-719.463234977682	0.433557705272204	0
4A	-719.463233974352	0.4335584342591	0
4C	-618.607354124889	2.39266725294559	0
4G	-719.495185084506	0.420715336867347	0
4T	-719.463233974495	0.433558445080313	0
5A	-719.463233974827	0.433558147329174	0
5C	-717.43518589949	2.85891112924049	0
5G	-719.463233974898	0.433557720287198	0
5T	-621.351218873294	2.37619485837536	0
6A	-719.477006114299	0.42881020789701	0
6C	-719.463233971779	0.433558313283376	0
6G	-618.684355471245	2.39185571203937	0
6T	-719.463233971999	0.433559293391335	0
7A	-719.463233999295	0.433558081842255	0
7C	-719.463233999183	0.433558158587888	0
7G	-618.839666008471	2.39363921227712	0
7T	-719.591313501999	0.726464816111576	0
neutral	-719.748913118108	1	0
