posterior_mean	posterior_var	posterior_sd	posterior_quant	is_contained	PESL
3.29701568504812	0.034002078712653	0.184396525760799	0.0501799404972077	1	0.122220395621498
