posterior_mean	posterior_var	posterior_sd	posterior_quant	is_contained	PESL
1.90697129964615	0.00301682160604811	0.0549256006434896	0.953178201902823	1	0.011671160695521
