posterior_mean	posterior_var	posterior_sd	posterior_quant	is_contained	PESL
1.52794413634788	0.0044000997138168	0.0663332474240241	0.341139424177789	1	0.00518097447002477
