posterior_mean	posterior_var	posterior_sd	posterior_quant	is_contained	PESL
3.21302625884516	0.0867838191156047	0.294590935223073	0.239177311312496	1	0.132164006070435
