lik	gamma	delta
-839.546077415614	0.00229172147009593	6.61069613519961e-05
-839.545389780717	0.00229172147009593	6.61069613519961e-05
-839.545529291201	0.00229172147009593	6.61069613519961e-05
-835.572130360193	0.00229172147009593	0.0349524146659411
-837.146722272713	0.00229172147009593	0.0402903124089673
-839.54515975779	0.00229172147009593	6.61069613519961e-05
-839.545515878548	0.00229172147009593	6.61069613519961e-05
-838.418769747376	0.00229172147009593	0.0241952515246047
-839.545159469271	0.00229172147009593	6.61069613519961e-05
-839.545159469271	0.00229172147009593	6.61069613519961e-05
-839.545363279943	0.00229172147009593	6.61069613519961e-05
-836.279420815308	0.00229172147009593	0.0309291054770835
-839.377905076873	0.00229172147009593	0.0311339917608433
-836.528091526281	0.00229172147009593	0.0306470967595606
-839.539635728382	0.00229172147009593	0.0142421913234319
-839.54516080004	0.00229172147009593	6.61069613519961e-05
-839.545547302089	0.00229172147009593	6.61069613519961e-05
-839.545160305737	0.00229172147009593	6.61069613519961e-05
-836.187753708221	0.00229172147009593	0.031463479464416
-839.545160305737	0.00229172147009593	6.61069613519961e-05
-839.545159574886	0.00229172147009593	6.61069613519961e-05
-836.492015519745	0.00229172147009593	0.0305419738993745
-839.42466440374	0.00229172147009593	0.027875879278296
-839.545159574886	0.00229172147009593	6.61069613519961e-05
-839.545269503124	0.00229172147009593	6.61069613519961e-05
-835.842931687304	0.00229172147009593	0.0347119121280777
-839.545161181071	0.00229172147009593	6.61069613519961e-05
-839.545540402701	0.00229172147009593	6.61069613519961e-05
-838.961871593772	0.00229172147009593	0.0867479653772927
-839.545160194524	0.00229172147009593	6.61069613519961e-05
-836.731875861001	0.00229172147009593	0.02903019465039
-839.545160194524	0.00229172147009593	6.61069613519961e-05
-839.545159162417	0.00229172147009593	6.61069613519961e-05
-836.359940957241	0.00229172147009593	0.0304702138912943
-839.545192567397	0.00229172147009593	6.61069613519961e-05
-839.545159162417	0.00229172147009593	6.61069613519961e-05
-839.545299381136	0.00229172147009593	6.61069613519961e-05
-839.484692421239	0.00229172147009593	0.0624608954161101
-839.545160127783	0.00229172147009593	6.61069613519961e-05
-836.350425725297	0.00229172147009593	0.030683407192068
-839.545157081325	0.00229172147009593	0
