posterior_mean	posterior_var	posterior_sd	posterior_quant	is_contained	PESL
2.52445258309931	0.010569160677189	0.102806423326507	0.410981177408251	1	0.0111670894974082
