model	lik	mode	convergence
1A	-654.13620634541	1.75436518479968	0
1C	-663.831893701925	0.433557990397768	0
1G	-663.831893701903	0.43355796050474	0
1T	-679.618991088532	0.867804113921711	0
2A	-679.618991088538	0.867804110904523	0
2C	-654.136206345452	1.75436518480055	0
2G	-663.831893702011	0.433557872237718	0
2T	-663.831893702006	0.433557885523978	0
3A	-679.560744670535	1.12242839209772	0
3C	-663.831893618089	0.433557742935811	0
3G	-663.831893618051	0.433557726227442	0
3T	-663.677335091363	0.302136701361519	0
4A	-663.831893716009	0.433558112460726	0
4C	-679.501799553345	1.1256482954218	0
4G	-664.123455292753	0.513543687737016	0
4T	-663.831893716236	0.433558008885872	0
5A	-663.831893618181	0.433557738532843	0
5C	-679.560744670776	1.12242839218525	0
5G	-663.831893618239	0.433557688850459	0
5T	-663.677335091527	0.302136704775102	0
6A	-663.831893715709	0.433558115052441	0
6C	-663.882976443982	0.374681363157198	0
6G	-679.654345632121	1.1176528665845	0
6T	-663.831893715628	0.43355789557249	0
7A	-663.831893722737	0.43355806281854	0
7C	-679.627487779195	1.1190293256896	0
7G	-663.831893722787	0.433557872991623	0
7T	-663.847866508769	0.350578478028572	0
8A	-663.83189372292	0.433558032122275	0
8C	-663.831893722724	0.433557948997811	0
8G	-663.850232944054	0.351733711780694	0
8T	-679.628856341032	1.11895931503166	0
9A	-663.876442308173	0.41273546807099	0
9C	-679.690301437494	1.11580117810069	0
9G	-663.831893688823	0.43355797813155	0
9T	-663.831893688794	0.433558097116238	0
10A	-663.831893690913	0.433558187791141	0
10C	-679.791357529795	1.11458475383648	0
10G	-665.23944836636	1.07080989840575	0
10T	-663.831893690973	0.433558226615534	0
11A	-663.831893709292	0.433558139336893	0
11C	-663.831893709179	0.433558231537265	0
11G	-680.014565138672	1.09876648772096	0
11T	-663.799589847049	1.48549291920738	0
12A	-679.452573665084	1.12803100402044	0
12C	-663.83189369799	0.433558278015773	0
12G	-663.831893697969	0.433558276493134	0
12T	-664.017607977176	0.484465232626086	0
neutral	-664.117573594344	1	0
