model	lik	mode	convergence
1A	-1210.08740713035	1.43627806010555	0
1C	-1233.76280602059	1.00696417820746	0
1G	-1217.3783026737	0.433558141325417	0
1T	-1217.37830267368	0.433558149699455	0
2A	-1217.4246090732	0.411319937769691	0
2C	-1217.3783026505	0.433558362803696	0
2G	-1230.23006549707	1.14873874204265	0
2T	-1217.37830265047	0.433558100813037	0
3A	-1217.3783026744	0.433558158510127	0
3C	-1230.27493634034	1.14933578686354	0
3G	-1217.37830267451	0.433557995429905	0
3T	-1218.3965702844	0.983566936907561	0
4A	-1230.13402163048	1.15086184341803	0
4C	-1217.36255115748	0.337542164310151	0
4G	-1217.37830267712	0.433558118868013	0
4T	-1217.37830267711	0.43355803292679	0
5A	-1217.37830262155	0.433557839875124	0
5C	-1230.09016495624	1.15184115220041	0
5G	-1217.26934477892	0.311613766877635	0
5T	-1217.37830262171	0.433557842861562	0
6A	-1217.37830267714	0.433558112109241	0
6C	-1217.95639528791	1.27034337221879	0
6G	-1217.37830267709	0.433557938329924	0
6T	-1230.64182677727	1.14150035248385	0
7A	-1217.47565812757	1.22306948874958	0
7C	-1217.37830267496	0.433558160770364	0
7G	-1217.37830267496	0.433558149415145	0
7T	-1230.44897087243	1.14441495537451	0
8A	-1230.53665550685	1.14466855885324	0
8C	-1217.37830264247	0.433557899030461	0
8G	-1218.34439813767	1.15821016115799	0
8T	-1217.37830264247	0.433557910205295	0
9A	-1217.37830264492	0.433558117330073	0
9C	-1217.40346791709	0.424059738405795	0
9G	-1217.37830264485	0.433557975415356	0
9T	-1230.24331992196	1.14844821601814	0
10A	-1230.13338468693	1.15174746703921	0
10C	-1217.37830268323	0.433558067301589	0
10G	-1218.1798285372	0.791788518923332	0
10T	-1217.37830268321	0.433558100995683	0
11A	-1217.37830266049	0.433558122762928	0
11C	-1217.37830266031	0.433558014043674	0
11G	-1217.43531445959	0.397057316962804	0
11T	-1230.21417159386	1.14908794076863	0
12A	-1230.16059702134	1.15027133718053	0
12C	-1217.37830268378	0.433558097613192	0
12G	-1217.37830268373	0.433558123795547	0
12T	-1217.40354122857	0.355321161859538	0
13A	-1230.21867007577	1.14898901692109	0
13C	-1217.4335749124	0.400990811647686	0
13G	-1217.37830265763	0.433558199189593	0
13T	-1217.3783026576	0.433558116711917	0
14A	-1217.37830261818	0.433557850387658	0
14C	-1229.84877987257	1.15715978051076	0
14G	-1217.01747502843	0.343826278606939	0
14T	-1217.3783026184	0.433557951344954	0
neutral	-1217.66398235746	1	0
