posterior_mean	posterior_var	posterior_sd	posterior_quant	is_contained	PESL
1.44525944059245	0.0129214209277315	0.113672428177335	0.692112127039899	1	0.0159179497719698
