model	lik	mode	convergence
1A	-667.842173122654	2.55878784541339	0
1C	-790.256457195359	0.433558308026575	0
1G	-804.602135366471	0.87459737311525	0
1T	-790.256457195335	0.433558343541492	0
2A	-790.256457191635	0.433558055971575	0
2C	-790.256457191564	0.433557957530249	0
2G	-695.846193279139	2.32833072434014	0
2T	-790.306525162198	0.407833962532259	0
3A	-790.256457198602	0.43355809835532	0
3C	-695.742911065989	2.33227617980182	0
3G	-790.256457198655	0.433558156568276	0
3T	-790.537916894973	0.628188496865122	0
4A	-695.978404504385	2.32691095563244	0
4C	-790.287091253192	0.421400175116809	0
4G	-790.256457184532	0.433558211576675	0
4T	-790.256457184453	0.433558564068261	0
5A	-790.256457184127	0.433558036572228	0
5C	-788.94538789661	2.26919557286661	0
5G	-790.256457184059	0.433558518733006	0
5T	-698.27336245771	2.31451522629838	0
6A	-790.278469323396	0.353599706871471	0
6C	-695.160578429139	2.33629807602873	0
6G	-790.256457222624	0.433557967679142	0
6T	-790.256457222598	0.433557999739361	0
7A	-790.256457207383	0.43355807697101	0
7C	-790.256457207275	0.433558247270227	0
7G	-695.60619427006	2.33102073822241	0
7T	-790.313871212812	0.386289655299201	0
8A	-790.283943560454	1.10988482658832	0
8C	-790.256457192357	0.433558163651491	0
8G	-696.715240342461	2.32503474925123	0
8T	-790.256457192351	0.433558200208437	0
9A	-790.256457182794	0.43355839249293	0
9C	-696.829530455917	2.3209897609763	0
9G	-789.990820340381	0.942416380328756	0
9T	-790.256457182987	0.433558101396144	0
10A	-790.256457182276	0.433557705297868	0
10C	-790.256457182417	0.433557719805199	0
10G	-710.648841744678	2.3440638522708	0
10T	-777.860820882392	2.1537919597396	0
11A	-759.948897914957	2.755913953295	0
11C	-790.256457186094	0.433558334966355	0
11G	-790.256457186198	0.433557712221127	0
11T	-727.212214097228	2.22012186424171	0
neutral	-790.542136470192	1	0
