posterior_mean	posterior_var	posterior_sd	posterior_quant	is_contained	PESL
1.96548532152844	0.0120245653041127	0.109656578936755	0.629880891397656	1	0.0132158283341891
