model	lik	mode	convergence
1A	-229.19978794604	3.51867879693153	0
1C	-257.329627763582	0.433558064284282	0
1G	-271.602262512853	1.03680681997046	0
1T	-257.329627763547	0.433558115134384	0
2A	-257.329627772498	0.433558107023596	0
2C	-258.84336413291	1.07752362223963	0
2G	-257.329627772479	0.433558244073021	0
2T	-251.977727866463	2.43243133397119	0
3A	-257.375555294172	0.79144663120208	0
3C	-259.949839380052	1.69859553956972	0
3G	-257.329627746777	0.433558142028845	0
3T	-257.329627746751	0.433558115182261	0
4A	-257.329627778103	0.433558047802678	0
4C	-257.329627777912	0.433557929805449	0
4G	-257.343950565323	0.349792391701389	0
4T	-259.15551333855	1.7276908011876	0
5A	-257.329627746845	0.433558222863989	0
5C	-258.926700253329	1.74074122438199	0
5G	-257.60448395046	0.48974493816653	0
5T	-257.329627746903	0.433558221259961	0
neutral	-257.615306598572	1	0
