posterior_mean	posterior_var	posterior_sd	posterior_quant	is_contained	PESL
3.58718749841629	0.241663473124417	0.491592791977687	0.111049181376118	1	0.586452631364814
