posterior_mean	posterior_var	posterior_sd	posterior_quant	is_contained	PESL
1.51226657356674	0.00168071417030824	0.0409965141238647	0.385534573021492	1	0.00183118299739143
