posterior_mean	posterior_var	posterior_sd	posterior_quant	is_contained	PESL
1.65459765481775	0.0734347975977556	0.2709885562118	0.894079720060238	1	0.192737577656737
