posterior_mean	posterior_var	posterior_sd	posterior_quant	is_contained	PESL
1.50469385811081	0.00161414478492409	0.040176420758003	0.456979539570893	1	0.00163617708888878
