lik	gamma	delta
-781.265354210201	0.00227424540060092	0.0849277119458779
-785.812373299189	0.00227424540060092	0.010059806462649
-785.08231567185	0.00227424540060092	0.088025844863685
-785.242837384863	0.00227424540060092	0.0159282736615128
-784.264635472486	0.00227424540060092	0.0801454089172313
-783.334170663905	0.00227424540060092	0.0295669658899959
-785.818735246826	0.00227424540060092	6.61069613519961e-05
-785.818735246826	0.00227424540060092	6.61069613519961e-05
-782.268008658489	0.00227424540060092	0.0339610525287656
-785.818735194705	0.00227424540060092	6.61069613519961e-05
-785.818735194705	0.00227424540060092	6.61069613519961e-05
-785.818735194705	0.00227424540060092	6.61069613519961e-05
-785.818735194704	0.00227424540060092	6.61069613519961e-05
-785.818735194704	0.00227424540060092	6.61069613519961e-05
-782.268008658489	0.00227424540060092	0.0339610525287248
-785.818735194704	0.00227424540060092	6.61069613519961e-05
-781.53762175478	0.00227424540060092	0.0385398845912714
-785.819851342554	0.00227424540060092	6.61069613519961e-05
-785.818735840546	0.00227424540060092	6.61069613519961e-05
-785.818735840546	0.00227424540060092	6.61069613519961e-05
-785.819175735413	0.00227424540060092	6.61069613519961e-05
-782.029410140105	0.00227424540060092	0.035328716927152
-785.81873625544	0.00227424540060092	6.61069613519961e-05
-785.81873625544	0.00227424540060092	6.61069613519961e-05
-785.818945848287	0.00227424540060092	6.61069613519961e-05
-785.818735974917	0.00227424540060092	6.61069613519961e-05
-782.026102460708	0.00227424540060092	0.0353371581957273
-785.818975877501	0.00227424540060092	6.61069613519961e-05
-785.818735629752	0.00227424540060092	6.61069613519961e-05
-782.090503540785	0.00227424540060092	0.0349680855261429
-785.818735629752	0.00227424540060092	6.61069613519961e-05
-785.819069689771	0.00227424540060092	6.61069613519961e-05
-785.818735200764	0.00227424540060092	6.61069613519961e-05
-785.818759998447	0.00227424540060092	6.61069613519961e-05
-782.254945917994	0.00227424540060092	0.0340359734715717
-785.818735200764	0.00227424540060092	6.61069613519961e-05
-785.818735194704	0.00227424540060092	6.61069613519961e-05
-782.268008658489	0.00227424540060092	0.0339610525287248
-785.818735194704	0.00227424540060092	6.61069613519961e-05
-785.818735194704	0.00227424540060092	6.61069613519961e-05
-785.818733958367	0.00227424540060092	0
