model	lik	mode	convergence
1A	-219.387335456102	2.3476441415314	0
1C	-241.90520276213	0.433558048655738	0
1G	-241.905202762114	0.433558038630826	0
1T	-255.262319799018	0.768056025705852	0
2A	-241.905202762138	0.433558098212492	0
2C	-255.262319799143	0.768055939367639	0
2G	-219.387335456379	2.34764416153605	0
2T	-241.90520276227	0.433558211482939	0
3A	-241.905202727528	0.433558075972385	0
3C	-241.905202727408	0.433558043051575	0
3G	-234.622510431052	2.14998953527661	0
3T	-242.457811103225	0.654337665603288	0
4A	-239.82719742187	1.87873247560029	0
4C	-241.941731415711	0.41813799880915	0
4G	-241.905202725431	0.43355805981957	0
4T	-241.905202725317	0.433558334785488	0
neutral	-242.19088141998	1	0
