posterior_mean	posterior_var	posterior_sd	posterior_quant	is_contained	PESL
2.47404827582125	0.015657272560041	0.125129023651753	0.588448671171572	1	0.0163307645478847
