posterior_mean	posterior_var	posterior_sd	posterior_quant	is_contained	PESL
2.09032106085509	0.0160959899882121	0.126869972760351	0.241310832983898	1	0.0242538840221937
