posterior_mean	posterior_var	posterior_sd	posterior_quant	is_contained	PESL
2.90525437828998	0.0105951559295399	0.102932773835838	0.821845865084792	1	0.019571888762742
