lik	gamma	delta
-1086.10364515568	0.00234125566629351	0.193485062776689
-1154.70972078167	0.00234125566629351	6.61069613519961e-05
-1154.70834220358	0.00234125566629351	6.61069613519961e-05
-1154.70834220358	0.00234125566629351	6.61069613519961e-05
-1147.21764054379	0.00234125566629351	0.186794186382889
-1114.46466876573	0.00234125566629351	0.116003334159346
-1154.70834277077	0.00234125566629351	6.61069613519961e-05
-1154.70834277077	0.00234125566629351	6.61069613519961e-05
-1154.00394847086	0.00234125566629351	0.442061131095333
-1154.70834382609	0.00234125566629351	6.61069613519961e-05
-1154.70944590295	0.00234125566629351	6.61069613519961e-05
-1098.3199660046	0.00234125566629351	0.151036390782504
-1095.39114856423	0.00234125566629351	0.162172126831195
-1154.7084075947	0.00234125566629351	6.61069613519961e-05
-1154.70927037916	0.00234125566629351	6.61069613519961e-05
-1154.68485951379	0.00234125566629351	0.00537735883529795
-1154.70834240239	0.00234125566629351	6.61069613519961e-05
-1154.70834240239	0.00234125566629351	6.61069613519961e-05
-1107.40149417497	0.00234125566629351	0.121531965791913
-1154.70850316433	0.00234125566629351	6.61069613519961e-05
-1108.545798106	0.00234125566629351	0.12038748351587
-1154.7083424985	0.00234125566629351	6.61069613519961e-05
-1154.70852217298	0.00234125566629351	6.61069613519961e-05
-1153.11035087787	0.00234125566629351	0.325781568028968
-1107.65812869554	0.00234125566629351	0.121427015241187
-1154.70836209893	0.00234125566629351	6.61069613519961e-05
-1154.70834251504	0.00234125566629351	6.61069613519961e-05
-1154.64107387448	0.00234125566629351	0.0604566790311036
-1154.7083422681	0.00234125566629351	6.61069613519961e-05
-1154.7083422681	0.00234125566629351	6.61069613519961e-05
-1154.70843582968	0.00234125566629351	6.61069613519961e-05
-1107.53397880735	0.00234125566629351	0.121250216912314
-1154.50787800605	0.00234125566629351	0.0238362495183235
-1153.81943995802	0.00234125566629351	0.171250806645206
-1106.48684791226	0.00234125566629351	0.130301356766481
-1154.70834244677	0.00234125566629351	6.61069613519961e-05
-1142.64983389731	0.00234125566629351	0.383398001600224
-1154.70846689433	0.00234125566629351	6.61069613519961e-05
-1154.70834237739	0.00234125566629351	6.61069613519961e-05
-1115.49476940963	0.00234125566629351	0.111726304783445
-1154.70834101462	0.00234125566629351	0
