posterior_mean	posterior_var	posterior_sd	posterior_quant	is_contained	PESL
2.65852953387068	0.035872299308092	0.189399839778422	0.203166428062761	1	0.0610039124174953
