posterior_mean	posterior_var	posterior_sd	posterior_quant	is_contained	PESL
1.54016615393978	0.00822794613426307	0.0907080268458259	0.334693346570879	1	0.00984126605657416
