posterior_mean	posterior_var	posterior_sd	posterior_quant	is_contained	PESL
2.02277819609208	0.011482661737055	0.107157182386693	0.422435858429506	1	0.0120015079542614
