posterior_mean	posterior_var	posterior_sd	posterior_quant	is_contained	PESL
3.06609097473681	0.0148801348487074	0.121984158187477	0.29720841827158	1	0.0192481517903646
