model	lik	mode	convergence
1A	-224.477741457436	1.73662272830494	0
1C	-229.576301666566	0.433557876805541	0
1G	-229.576301666541	0.433557885488345	0
1T	-243.977510455238	1.18328899955403	0
2A	-229.57630166891	0.433558007128792	0
2C	-239.815229651028	1.42627282087549	0
2G	-229.576301669075	0.43355906556975	0
2T	-229.592843500911	0.427736325174156	0
neutral	-229.86198144628	1	0
