lik	gamma	delta
-801.876502438293	0.00179140402093347	0.191311904646148
-810.156799573723	0.00179140402093347	6.61069613519961e-05
-809.943936760294	0.00179140402093347	0.00803280800605608
-810.159255475404	0.00179140402093347	6.61069613519961e-05
-810.156736822477	0.00179140402093347	6.61069613519961e-05
-810.156736822477	0.00179140402093347	6.61069613519961e-05
-808.993255373796	0.00179140402093347	0.0174706020922527
-810.156736822477	0.00179140402093347	6.61069613519961e-05
-810.048331876628	0.00179140402093347	0.0795544648351352
-810.156736857726	0.00179140402093347	6.61069613519961e-05
-809.040569453765	0.00179140402093347	0.0171128236461006
-810.156736857726	0.00179140402093347	6.61069613519961e-05
-808.933198430899	0.00179140402093347	0.0179439087663741
-810.156736996146	0.00179140402093347	6.61069613519961e-05
-810.156803245758	0.00179140402093347	6.61069613519961e-05
-810.156893164014	0.00179140402093347	6.61069613519961e-05
-810.157115699878	0.00179140402093347	6.61069613519961e-05
-810.15720369731	0.00179140402093347	6.61069613519961e-05
-810.156738983415	0.00179140402093347	6.61069613519961e-05
-808.752339646015	0.00179140402093347	0.0194078264872716
-808.993255373796	0.00179140402093347	0.0174706020922631
-810.156736822477	0.00179140402093347	6.61069613519961e-05
-810.156736822477	0.00179140402093347	6.61069613519961e-05
-810.156736822477	0.00179140402093347	6.61069613519961e-05
-810.156736822477	0.00179140402093347	6.61069613519961e-05
-810.156736822477	0.00179140402093347	6.61069613519961e-05
-808.993255373796	0.00179140402093347	0.0174706020922527
-810.156736822477	0.00179140402093347	6.61069613519961e-05
-810.135259173952	0.00179140402093347	0.0120904690246588
-808.887905262066	0.00179140402093347	0.0187148614425718
-810.156738760923	0.00179140402093347	6.61069613519961e-05
-810.157159977473	0.00179140402093347	6.61069613519961e-05
-808.775054988036	0.00179140402093347	0.0195369910848924
-810.156860097348	0.00179140402093347	6.61069613519961e-05
-810.15673726766	0.00179140402093347	6.61069613519961e-05
-810.157230831819	0.00179140402093347	6.61069613519961e-05
-810.156868165153	0.00179140402093347	6.61069613519961e-05
-808.957128168111	0.00179140402093347	0.0177560300731383
-810.156737036898	0.00179140402093347	6.61069613519961e-05
-810.156737036898	0.00179140402093347	6.61069613519961e-05
-810.156736355322	0.00179140402093347	0
