posterior_mean	posterior_var	posterior_sd	posterior_quant	is_contained	PESL
1.99841892613519	0.0375246416267816	0.19371278126851	0.516290095518881	1	0.0375271414213474
