model	lik	mode	convergence
1A	-549.695040937215	2.05676669280207	0
1C	-576.979617544058	0.433558076094822	0
1G	-576.979617544077	0.433558131860119	0
1T	-596.740013831337	1.09139820264896	0
2A	-576.979617526892	0.433558217789334	0
2C	-576.999954323065	0.426185449970809	0
2G	-576.274704021153	1.64246947729477	0
2T	-576.979617526721	0.433557696181098	0
3A	-577.026311782842	0.410991745174824	0
3C	-576.205879016846	1.64393566434436	0
3G	-576.979617533539	0.433557938555788	0
3T	-576.979617533532	0.433558036133073	0
4A	-576.979617519169	0.433557849911183	0
4C	-576.979617519053	0.433557727349913	0
4G	-575.587182439573	1.65814716979447	0
4T	-576.88938697505	0.315965674304355	0
5A	-576.029906730177	1.64781244619232	0
5C	-576.979617557375	0.433558079859007	0
5G	-577.032923733511	0.377575617805963	0
5T	-576.979617557359	0.433558163538103	0
6A	-576.15615167346	1.8755452077341	0
6C	-576.979617526527	0.433558265809517	0
6G	-577.809710816896	1.62261022340622	0
6T	-576.97961752649	0.433557920598143	0
7A	-576.9796175655	0.433558109093067	0
7C	-576.416485830132	1.64204465407986	0
7G	-576.979617565566	0.433557908076898	0
7T	-577.087020213335	0.705206630275803	0
8A	-576.459321749309	1.64078223955563	0
8C	-577.142562274864	0.725280782630641	0
8G	-576.979617535424	0.43355830895516	0
8T	-576.979617535365	0.433558302568182	0
9A	-576.979617560046	0.43355799692742	0
9C	-577.442967034771	0.642542038396849	0
9G	-576.979617560023	0.433558064743853	0
9T	-575.747684244121	1.65870425779552	0
10A	-576.979617565803	0.4335580959296	0
10C	-577.014067418645	0.360736922492521	0
10G	-575.926413080224	1.65015289523279	0
10T	-576.979617565712	0.433558081160774	0
11A	-576.979617560674	0.433558094748152	0
11C	-576.979617560612	0.433558049161823	0
11G	-575.042496063195	1.67525858736053	0
11T	-577.49441800869	0.616334839878677	0
12A	-577.030446616329	0.374382502870574	0
12C	-576.979617559341	0.433558114505533	0
12G	-576.01110227838	1.64824708877554	0
12T	-576.97961755931	0.43355820767609	0
neutral	-577.265297590693	1	0
