model	lik	mode	convergence
1A	-500.203427564596	3.1336981638114	0
1C	-679.113157915333	1.21586610498377	0
1G	-664.713378637289	0.433558311406913	0
1T	-664.713378637195	0.433558028777167	0
2A	-532.25476608472	2.74146430868258	0
2C	-664.493230952616	1.24279690909352	0
2G	-664.71337865977	0.43355812188875	0
2T	-664.713378659757	0.433558258937966	0
3A	-664.713378633888	0.433558090674787	0
3C	-664.733415502108	0.426311705680653	0
3G	-664.713378633919	0.433558119105949	0
3T	-531.271930868663	2.74341816838679	0
4A	-659.331982911081	4.18915580352641	0
4C	-537.195098872437	2.71104262077365	0
4G	-664.713378633945	0.433558420575812	0
4T	-664.713378633954	0.433558435760127	0
5A	-664.713378659884	0.43355815702493	0
5C	-530.677569234861	2.75048363964206	0
5G	-664.713378659974	0.433558157737006	0
5T	-664.770185615541	0.384275733853028	0
6A	-531.196555574561	2.7442632126448	0
6C	-664.713378635808	0.433558233038737	0
6G	-664.746469765681	0.420109173725203	0
6T	-664.713378635743	0.433558451581887	0
neutral	-664.999058268895	1	0
