model	lik	mode	convergence
1A	-287.635680940352	3.04332463586703	0
1C	-366.449643821781	0.433558013715612	0
1G	-366.449643821761	0.433558028544399	0
1T	-378.51912103668	0.759646527252459	0
2A	-366.449643822439	0.433558047464474	0
2C	-366.449643822329	0.433558000187117	0
2G	-316.172746397639	2.52029344606319	0
2T	-366.494139822797	0.368126497792834	0
3A	-366.449643787697	0.433558034690993	0
3C	-366.449643787731	0.433557801879842	0
3G	-316.876100550088	2.50368179239217	0
3T	-366.480073229518	0.421505005757262	0
4A	-317.841583726566	2.49717657151579	0
4C	-366.449643807275	0.43355827016168	0
4G	-366.449643807234	0.433558049717334	0
4T	-366.288652980866	1.21731138404066	0
5A	-366.449643804093	0.433558116959867	0
5C	-366.449643803964	0.433558073288421	0
5G	-316.569859626675	2.51065389031978	0
5T	-366.507106892605	0.395482838950723	0
neutral	-366.735319124453	1	0
