posterior_mean	posterior_var	posterior_sd	posterior_quant	is_contained	PESL
2.36994274028967	0.0159582161726912	0.12632583335443	0.848254608993248	1	0.0328731069760714
