lik	gamma	delta
-537.109761784674	0.00306492986469795	0.147293268430919
-557.963216137413	0.00306492986469795	0.0100116787331123
-558.034745263677	0.00306492986469795	6.61069613519961e-05
-558.034417442951	0.00306492986469795	6.61069613519961e-05
-558.034555138255	0.00306492986469795	6.61069613519961e-05
-558.03441580489	0.00306492986469795	6.61069613519961e-05
-558.034441146375	0.00306492986469795	6.61069613519961e-05
-542.615464441071	0.00306492986469795	0.0964169992559929
-558.034416802613	0.00306492986469795	6.61069613519961e-05
-558.034655858815	0.00306492986469795	6.61069613519961e-05
-541.997422062706	0.00306492986469795	0.100070023564418
-558.03458405635	0.00306492986469795	6.61069613519961e-05
-558.034416345029	0.00306492986469795	6.61069613519961e-05
-537.031274008811	0.00306492986469795	0.147740670289822
-558.004430033933	0.00306492986469795	0.00634948672226189
-558.034449213735	0.00306492986469795	6.61069613519961e-05
-558.034415598338	0.00306492986469795	6.61069613519961e-05
-558.034415598338	0.00306492986469795	6.61069613519961e-05
-542.863439445002	0.00306492986469795	0.0952530016704027
-558.034415598338	0.00306492986469795	6.61069613519961e-05
-558.03441564381	0.00306492986469795	6.61069613519961e-05
-543.860699249714	0.00306492986469795	0.0938759414293077
-558.034455598331	0.00306492986469795	6.61069613519961e-05
-556.900618629166	0.00306492986469795	0.136739638835154
-558.027246775691	0.00306492986469795	0.0158022753403503
-545.114453590647	0.00306492986469795	0.18351337403184
-558.03441591414	0.00306492986469795	6.61069613519961e-05
-552.717029792878	0.00306492986469795	0.0645358623671656
-556.083573103908	0.00306492986469795	0.409283355378609
-558.034415922268	0.00306492986469795	6.61069613519961e-05
-543.966126166869	0.00306492986469795	0.0921066500243724
-558.034415922268	0.00306492986469795	6.61069613519961e-05
-558.034415598338	0.00306492986469795	6.61069613519961e-05
-542.863439445002	0.00306492986469795	0.0952530016704027
-558.034415598338	0.00306492986469795	6.61069613519961e-05
-558.034415598338	0.00306492986469795	6.61069613519961e-05
-555.292611135614	0.00306492986469795	0.393232038583471
-544.389209820609	0.00306492986469795	0.0907178163816337
-558.034415616212	0.00306492986469795	6.61069613519961e-05
-558.03444431673	0.00306492986469795	6.61069613519961e-05
-558.034415275195	0.00306492986469795	0
