posterior_mean	posterior_var	posterior_sd	posterior_quant	is_contained	PESL
2.10858453134202	0.0727189771978898	0.269664564223573	0.356977860168943	1	0.0845095776446411
