posterior_mean	posterior_var	posterior_sd	posterior_quant	is_contained	PESL
2.5608065234208	0.005673590057195	0.0753232371661959	0.210719428721481	1	0.00937102334767813
