posterior_mean	posterior_var	posterior_sd	posterior_quant	is_contained	PESL
2.50233794858001	0.00392312836070392	0.0626348813418204	0.488435950868189	1	0.00392859436426645
