posterior_mean	posterior_var	posterior_sd	posterior_quant	is_contained	PESL
1.5545713702332	0.00152535254261569	0.0390557619643465	0.0799264075814608	1	0.00450338699171818
