posterior_mean	posterior_var	posterior_sd	posterior_quant	is_contained	PESL
2.73350829724002	0.0261986000071175	0.161859815912157	0.946872151331004	1	0.0972164276474311
