model	lik	mode	convergence
1A	-424.323627950161	2.14228036695371	0
1C	-460.040091371788	0.433558551188827	0
1G	-460.040091372063	0.433558005047003	0
1T	-476.484700736945	1.1184264853107	0
2A	-460.245350941768	0.687743300979951	0
2C	-460.040091392415	0.433558165969402	0
2G	-445.576316476695	1.86419262725332	0
2T	-460.040091392374	0.433557884992341	0
3A	-460.040091372514	0.433558311591986	0
3C	-445.492528157154	1.86252974173881	0
3G	-460.055561454877	0.42815717839953	0
3T	-460.040091372223	0.433558272407204	0
4A	-445.393480262386	1.86456335060223	0
4C	-460.040091378474	0.433558135958699	0
4G	-460.085800822123	0.411812861504201	0
4T	-460.040091378429	0.433558087432054	0
5A	-460.04009138068	0.433558152543112	0
5C	-460.040091380302	0.43355821952017	0
5G	-456.455870383565	2.02501390763301	0
5T	-450.535208267567	1.82636180130423	0
6A	-460.040091400176	0.433558129367065	0
6C	-460.095883126408	0.381837396956521	0
6G	-460.040091400144	0.433558068261993	0
6T	-445.181396000186	1.86909562652057	0
7A	-460.040091409597	0.43355802177448	0
7C	-460.040091409419	0.433558031134865	0
7G	-460.546408113726	1.03687248836647	0
7T	-445.459147505154	1.87721774394443	0
neutral	-460.32577134714	1	0
