posterior_mean	posterior_var	posterior_sd	posterior_quant	is_contained	PESL
2.15544089952039	0.0282809378608166	0.168169372540949	0.975826893837357	0	0.147001911584176
