posterior_mean	posterior_var	posterior_sd	posterior_quant	is_contained	PESL
2.69186271789657	0.0670928182993961	0.259022814244993	0.88075688326955	1	0.162041402921466
