posterior_mean	posterior_var	posterior_sd	posterior_quant	is_contained	PESL
1.74699062654035	0.0717427549525943	0.267848380530094	0.829769835380289	1	0.135756498011103
