posterior_mean	posterior_var	posterior_sd	posterior_quant	is_contained	PESL
2.41363913449201	0.0359419876283308	0.189583721949778	0.683106330888825	1	0.0434001867195788
