posterior_mean	posterior_var	posterior_sd	posterior_quant	is_contained	PESL
2.7025528503163	0.152121128095431	0.390027086361231	0.0262375679464143	1	0.645701635583018
