lik	gamma	delta
-736.447406071124	0.00163365400619166	0.233900986037588
-738.540261350796	0.00163365400619166	6.61069613519961e-05
-735.448324565853	0.00163365400619166	0.0319525527679527
-738.540223800115	0.00163365400619166	6.61069613519961e-05
-738.540443162854	0.00163365400619166	6.61069613519961e-05
-738.540225515293	0.00163365400619166	6.61069613519961e-05
-733.912232349061	0.00163365400619166	0.0402715247770119
-738.541153230652	0.00163365400619166	6.61069613519961e-05
-734.247838368399	0.00163365400619166	0.0391669376092073
-738.540223846537	0.00163365400619166	6.61069613519961e-05
-738.540223846537	0.00163365400619166	6.61069613519961e-05
-738.540546948963	0.00163365400619166	6.61069613519961e-05
-738.541082754873	0.00163365400619166	6.61069613519961e-05
-738.503810013837	0.00163365400619166	0.0262635655073434
-734.041022587517	0.00163365400619166	0.0403133828906195
-738.540224112568	0.00163365400619166	6.61069613519961e-05
-738.540223713318	0.00163365400619166	6.61069613519961e-05
-738.540223713318	0.00163365400619166	6.61069613519961e-05
-734.746596254872	0.00163365400619166	0.0349809121120941
-738.540223713318	0.00163365400619166	6.61069613519961e-05
-738.540223713318	0.00163365400619166	6.61069613519961e-05
-738.540223713318	0.00163365400619166	6.61069613519961e-05
-734.746596254872	0.00163365400619166	0.0349809121120941
-738.540223713318	0.00163365400619166	6.61069613519961e-05
-734.949161515054	0.00163365400619166	0.034742047383649
-738.305663956857	0.00163365400619166	0.0473996817890829
-738.540224653471	0.00163365400619166	6.61069613519961e-05
-738.540224653471	0.00163365400619166	6.61069613519961e-05
-735.180640530045	0.00163365400619166	0.0342100760961204
-738.074422893755	0.00163365400619166	0.0458986930399516
-738.540224160123	0.00163365400619166	6.61069613519961e-05
-738.540224160123	0.00163365400619166	6.61069613519961e-05
-738.540654959724	0.00163365400619166	6.61069613519961e-05
-738.54022473202	0.00163365400619166	6.61069613519961e-05
-734.503774430967	0.00163365400619166	0.0363419022554032
-738.54022473202	0.00163365400619166	6.61069613519961e-05
-738.540414585281	0.00163365400619166	6.61069613519961e-05
-738.540224168879	0.00163365400619166	6.61069613519961e-05
-734.654308601417	0.00163365400619166	0.0356723974105237
-738.522586247065	0.00163365400619166	0.0267281380878244
-738.540223514186	0.00163365400619166	0
