posterior_mean	posterior_var	posterior_sd	posterior_quant	is_contained	PESL
1.96180356696224	0.00301079066591	0.0548706721838725	0.758336416479415	1	0.00446975816271836
