model	lik	mode	convergence
1A	-184.035690319705	3.07668048334112	0
1C	-230.928070292263	0.955667426083829	0
1G	-215.997019560499	0.433558056984436	0
1T	-215.997019560476	0.433558062653945	0
2A	-215.997019547951	0.43355805281756	0
2C	-211.685288073035	2.00649730111004	0
2G	-215.997019548185	0.433558337999303	0
2T	-216.019574467648	0.425231912069659	0
3A	-215.99701955108	0.433558180162454	0
3C	-193.259364572691	3.44222627114581	0
3G	-215.997019551089	0.433558274546714	0
3T	-227.560229943917	1.45479623571918	0
neutral	-216.282699107732	1	0
