posterior_mean	posterior_var	posterior_sd	posterior_quant	is_contained	PESL
3.11941179660342	0.132031612349328	0.363361544951207	0.384521689400872	1	0.146290789517385
