model	lik	mode	convergence
1A	-643.850885216111	1.27923518458058	0
1C	-643.342797451449	0.433558059437391	0
1G	-643.34279745143	0.433557967775972	0
1T	-658.946557208251	0.989454174138882	0
2A	-658.9652355863	0.999417648939431	0
2C	-643.575330010254	1.09487760221813	0
2G	-643.34279744819	0.433558108433453	0
2T	-643.34279744818	0.433558003547586	0
3A	-658.952665016057	1.00991395864225	0
3C	-643.312841775835	0.332676193330204	0
3G	-643.342797440284	0.43355806252324	0
3T	-643.342797440275	0.433558052540376	0
4A	-643.342797416551	0.433558290799649	0
4C	-658.95456942148	1.00648954186614	0
4G	-643.966137152414	0.750444006005482	0
4T	-643.342797416899	0.433558082470578	0
5A	-658.956216218301	1.00343836159972	0
5C	-643.342797150204	0.433557373109033	0
5G	-643.934635950871	0.875340954072045	0
5T	-643.34279715019	0.4335572673452	0
6A	-658.952671066063	1.00868659440447	0
6C	-643.342797234743	0.433557498678679	0
6G	-643.3427972347	0.433557484084122	0
6T	-643.53135390916	0.476885234887335	0
7A	-643.342797415005	0.433557899617602	0
7C	-644.278202136044	0.879588755752608	0
7G	-643.342797414977	0.433557928801307	0
7T	-658.945094856297	1.00578168678415	0
neutral	-643.628476782039	1	0
