posterior_mean	posterior_var	posterior_sd	posterior_quant	is_contained	PESL
1.42392458234445	0.192942610113704	0.439252330800536	0.610699985773701	1	0.19873007928514
