posterior_mean	posterior_var	posterior_sd	posterior_quant	is_contained	PESL
2.99301378204369	0.00563843241600825	0.0750894960431101	0.540356244642639	1	0.00568723965734053
