posterior_mean	posterior_var	posterior_sd	posterior_quant	is_contained	PESL
1.43601479124194	0.00812784820672382	0.0901545795105485	0.764340303260481	1	0.0122219551465788
