posterior_mean	posterior_var	posterior_sd	posterior_quant	is_contained	PESL
2.46302786150715	0.00993504163667517	0.0996746790146583	0.648984719112719	1	0.0113019806614113
