posterior_mean	posterior_var	posterior_sd	posterior_quant	is_contained	PESL
2.60897735595843	0.00589163128074953	0.0767569624252389	0.0763293697602471	1	0.0177676953924177
