model	lik	mode	convergence
1A	-689.59477134991	2.50967953976299	0
1C	-708.816091979937	0.433557141679932	0
1G	-723.320557074588	0.870323984832567	0
1T	-708.816091979901	0.433557208259465	0
2A	-708.868176994219	0.375918024100634	0
2C	-723.50589279119	1.11358843897126	0
2G	-708.816092366035	0.433558334587048	0
2T	-708.816092366013	0.433558029374106	0
3A	-723.457687655839	1.11611719637089	0
3C	-708.816092362681	0.433557983100507	0
3G	-708.816092362642	0.433557950539429	0
3T	-708.78766814209	0.333211353268145	0
4A	-708.898022197649	0.776252396834368	0
4C	-708.816092337669	0.433558020330827	0
4G	-708.816092337749	0.433558102104369	0
4T	-723.617225237184	1.1077799939495	0
5A	-708.81609236828	0.433558004628297	0
5C	-708.816092368046	0.433558075687569	0
5G	-708.33924825579	1.68205366424104	0
5T	-723.892966953426	1.09225382923865	0
6A	-708.816092334181	0.433558148243749	0
6C	-708.832097706507	0.427947827666092	0
6G	-708.816092334298	0.433557871627307	0
6T	-723.551501789027	1.11117518434242	0
7A	-723.515696841402	1.11307149579706	0
7C	-708.816092359016	0.433558204415674	0
7G	-708.87343135409	0.385997543463147	0
7T	-708.816092359003	0.433558208107346	0
8A	-708.816092330526	0.433557863337842	0
8C	-708.998964957501	0.581420556458265	0
8G	-723.545385628216	1.11170427699833	0
8T	-708.816092330436	0.433557929461742	0
9A	-723.381717487965	1.12014817016982	0
9C	-708.928075353039	0.423664689643839	0
9G	-708.816092373922	0.433558148901013	0
9T	-708.816092373906	0.433558012411031	0
10A	-709.061475074349	0.648433724255742	0
10C	-708.816092362962	0.433558029643733	0
10G	-708.816092362981	0.43355817912866	0
10T	-723.571759556348	1.11025033959835	0
11A	-708.801246845075	0.827495335426571	0
11C	-708.816092336677	0.433558134825777	0
11G	-723.630370055803	1.10705965713714	0
11T	-708.816092336692	0.433558228858556	0
12A	-708.147284361805	1.81501432232955	0
12C	-708.816092341092	0.433558181678322	0
12G	-708.816092341145	0.433558039205433	0
12T	-723.859999778987	1.09414700540244	0
13A	-708.81609220732	0.433557619787583	0
13C	-708.816092207136	0.433557711553822	0
13G	-709.988063043986	1.12258087132718	0
13T	-722.578130600401	0.569745303810137	0
neutral	-709.101771874324	1	0
