posterior_mean	posterior_var	posterior_sd	posterior_quant	is_contained	PESL
2.66816573330925	0.00910349174459919	0.095412220100987	0.0368067839850637	1	0.0373832056040067
