model	lik	mode	convergence
1A	-409.118117608016	2.7464216330279	0
1C	-464.720900662118	0.433558195852933	0
1G	-478.467493447328	0.97189198774255	0
1T	-464.720900662098	0.433558108332692	0
2A	-442.24583456158	1.95980305018392	0
2C	-464.720900671164	0.433558142049705	0
2G	-464.769158364856	0.371595377296985	0
2T	-464.720900671152	0.433558046413123	0
3A	-464.72090067442	0.433558119823925	0
3C	-442.782465958597	1.95277805784611	0
3G	-464.852576607088	0.699202323242323	0
3T	-464.720900674592	0.433558113803514	0
4A	-465.0257596383	0.546351543283349	0
4C	-464.720900672825	0.43355811255695	0
4G	-442.105917152886	1.96633358004968	0
4T	-464.720900672798	0.433558129828328	0
5A	-464.720900637916	0.433558186071708	0
5C	-464.696231667428	0.833934022882515	0
5G	-464.720900638009	0.43355832517598	0
5T	-443.134892651965	1.94492956616781	0
6A	-442.222541099754	1.96032606599839	0
6C	-464.720900672498	0.433558168015379	0
6G	-464.766528932942	0.369113576524228	0
6T	-464.720900672484	0.433558193934625	0
7A	-464.720900658471	0.43355816087634	0
7C	-442.407529226692	1.95624099271439	0
7G	-464.778884893887	0.390142186661542	0
7T	-464.720900658692	0.433558108262846	0
8A	-464.72090066727	0.433558114531956	0
8C	-465.611066982871	0.983761204933001	0
8G	-464.720900667271	0.433558105822856	0
8T	-441.442219525209	2.0026196133922	0
neutral	-465.006578478147	1	0
