posterior_mean	posterior_var	posterior_sd	posterior_quant	is_contained	PESL
2.76463721697133	0.0500521307355729	0.223723335250422	0.115893292027462	1	0.120084987341866
