posterior_mean	posterior_var	posterior_sd	posterior_quant	is_contained	PESL
2.46729206999549	0.00430833501070653	0.0656379083358583	0.693216125185842	1	0.00537814349272857
