model	lik	mode	convergence
1A	-635.500113305111	2.4121867687042	0
1C	-749.022241019353	0.433558144919046	0
1G	-751.199771021309	0.87205440130844	0
1T	-749.022241019294	0.4335583023628	0
2A	-749.066916238122	0.412636898092063	0
2C	-650.293374370356	2.37712384555009	0
2G	-749.02224093955	0.433558001720884	0
2T	-749.022240939526	0.433558146465747	0
3A	-749.62586955954	0.759436400660481	0
3C	-648.737122812046	2.40342614079702	0
3G	-749.022240972558	0.43355795489223	0
3T	-749.022240972532	0.433557952081495	0
4A	-749.02224094525	0.433558204072825	0
4C	-652.240591662574	2.37178602219019	0
4G	-748.400568592291	1.7870735468117	0
4T	-749.022240945557	0.43355811600748	0
5A	-748.945923061933	1.41359653398161	0
5C	-651.238605905803	2.38025669526679	0
5G	-749.0222409736	0.433558051810755	0
5T	-749.022240973558	0.433558104785616	0
6A	-749.022240937221	0.43355815528861	0
6C	-650.336887819464	2.37665352184698	0
6G	-749.022240937249	0.433558109720984	0
6T	-749.060741583477	0.416919963799507	0
7A	-749.022240936643	0.433558332139122	0
7C	-650.340122000816	2.37661877934044	0
7G	-749.060219927407	0.417271739443406	0
7T	-749.022240937054	0.433558334240454	0
8A	-650.380488174098	2.37618776165808	0
8C	-749.052886935797	0.42139371013066	0
8G	-749.022240935556	0.433557775595207	0
8T	-749.022240935441	0.4335583367628	0
9A	-749.02224094071	0.433558209540544	0
9C	-650.26991769047	2.37737953494323	0
9G	-749.069648410757	0.410372278806046	0
9T	-749.022240941026	0.433558038909564	0
neutral	-749.307920510242	1	0
