posterior_mean	posterior_var	posterior_sd	posterior_quant	is_contained	PESL
2.41836824144375	0.0148771821690756	0.121972054869448	0.751324070993242	1	0.0215409261740501
