posterior_mean	posterior_var	posterior_sd	posterior_quant	is_contained	PESL
1.86031884896941	0.0154190886223069	0.124173622892734	0.868645592369705	1	0.0349299125755883
