posterior_mean	posterior_var	posterior_sd	posterior_quant	is_contained	PESL
1.96667246272397	0.00376114857541859	0.0613282037517698	0.7091058071545	1	0.00487187331629822
