lik	gamma	delta
-680.522004265262	0.00164023906669449	0.112114839039913
-694.692163377434	0.00164023906669449	0.00188100339415539
-694.697885796151	0.00164023906669449	6.61069613519961e-05
-694.698086088677	0.00164023906669449	6.61069613519961e-05
-694.697967546966	0.00164023906669449	6.61069613519961e-05
-694.697884187337	0.00164023906669449	6.61069613519961e-05
-694.697884187337	0.00164023906669449	6.61069613519961e-05
-687.107977752036	0.00164023906669449	0.0526596262429217
-694.697884206671	0.00164023906669449	6.61069613519961e-05
-694.697985256765	0.00164023906669449	6.61069613519961e-05
-694.699538050296	0.00164023906669449	6.61069613519961e-05
-684.540026302544	0.00164023906669449	0.0675090406254348
-694.697884149068	0.00164023906669449	6.61069613519961e-05
-694.697884149068	0.00164023906669449	6.61069613519961e-05
-687.175052880162	0.00164023906669449	0.0523613404986764
-694.697884149068	0.00164023906669449	6.61069613519961e-05
-694.697884149068	0.00164023906669449	6.61069613519961e-05
-687.175052880163	0.00164023906669449	0.052361340498575
-694.697884149068	0.00164023906669449	6.61069613519961e-05
-694.697884149068	0.00164023906669449	6.61069613519961e-05
-694.697886348083	0.00164023906669449	6.61069613519961e-05
-694.698078329689	0.00164023906669449	6.61069613519961e-05
-694.69848380024	0.00164023906669449	6.61069613519961e-05
-686.479312701962	0.00164023906669449	0.0556048782592851
-686.872467837879	0.00164023906669449	0.05373765542779
-694.697884855305	0.00164023906669449	6.61069613519961e-05
-694.697884855305	0.00164023906669449	6.61069613519961e-05
-694.698242471127	0.00164023906669449	6.61069613519961e-05
-694.697884149068	0.00164023906669449	6.61069613519961e-05
-694.697884149068	0.00164023906669449	6.61069613519961e-05
-694.697884149068	0.00164023906669449	6.61069613519961e-05
-687.175052880162	0.00164023906669449	0.0523613404985747
-694.696844970867	0.00164023906669449	0.0039721146861977
-694.69788418991	0.00164023906669449	6.61069613519961e-05
-687.051484620809	0.00164023906669449	0.0534284046666893
-694.69788418991	0.00164023906669449	6.61069613519961e-05
-687.175052880162	0.00164023906669449	0.0523613404986764
-694.697884149068	0.00164023906669449	6.61069613519961e-05
-694.697884149068	0.00164023906669449	6.61069613519961e-05
-694.697884149068	0.00164023906669449	6.61069613519961e-05
-694.697883657735	0.00164023906669449	0
