posterior_mean	posterior_var	posterior_sd	posterior_quant	is_contained	PESL
2.48528497230935	0.147956438156479	0.384651060256539	0.536213438307692	1	0.148172970196469
