posterior_mean	posterior_var	posterior_sd	posterior_quant	is_contained	PESL
1.44209412800267	0.00885974349807765	0.0941262104733726	0.73528393973184	1	0.0122128335098596
