posterior_mean	posterior_var	posterior_sd	posterior_quant	is_contained	PESL
1.82763601951988	0.0943473793687414	0.307160185194536	0.13970682911611	1	0.201692740655984
