posterior_mean	posterior_var	posterior_sd	posterior_quant	is_contained	PESL
2.00095153317948	0.0925831085927115	0.30427472552401	0.519314627171491	1	0.0925840140081032
