model	lik	mode	convergence
1A	-249.845277328856	1.42986920793076	0
1C	-250.111967636596	0.433558219615267	0
1G	-265.326422605827	1.251236354841	0
1T	-250.11196763656	0.433558353913344	0
2A	-250.111967664278	0.433558101748485	0
2C	-250.111967664172	0.433558018176956	0
2G	-264.208607263386	1.29333557432868	0
2T	-249.805000036528	1.2487823152744	0
neutral	-250.397647604473	1	0
