posterior_mean	posterior_var	posterior_sd	posterior_quant	is_contained	PESL
1.48911214530239	0.0862213945620066	0.293634797941263	0.99997568329659	0	2.36900350403475
