posterior_mean	posterior_var	posterior_sd	posterior_quant	is_contained	PESL
1.74748361538384	0.0324193143581485	0.180053643001603	0.915251909355737	1	0.096183838857537
