model	lik	mode	convergence
1A	-499.173835540237	1.95935120677216	0
1C	-517.656301401663	0.433558188249184	0
1G	-531.942930757954	0.992440908938611	0
1T	-517.65630140165	0.433558346715998	0
2A	-517.960545858586	0.905470435453052	0
2C	-517.656301414057	0.433558201291488	0
2G	-523.153947440538	1.37161625377281	0
2T	-517.656301414049	0.433558096583928	0
3A	-517.656301415262	0.433558149951876	0
3C	-517.656301415074	0.433558237148403	0
3G	-517.714282275159	0.390064521054562	0
3T	-522.866479606228	1.37667235886717	0
4A	-517.656301394321	0.433558239582254	0
4C	-499.537130686855	1.91606342577732	0
4G	-531.911184874228	0.978882262922058	0
4T	-517.656301394102	0.433558089595507	0
5A	-517.864337318531	0.678408792302649	0
5C	-517.656301420157	0.433558164237384	0
5G	-523.047107879983	1.3732557929584	0
5T	-517.656301420111	0.433558182549277	0
6A	-518.312676618562	1.18278670332863	0
6C	-517.656301404029	0.433558140876395	0
6G	-523.355627765119	1.3729729960645	0
6T	-517.656301403997	0.433558005918512	0
neutral	-517.941979662784	1	0
