posterior_mean	posterior_var	posterior_sd	posterior_quant	is_contained	PESL
1.53094665561705	0.0168701220529732	0.129885033983801	0.416317328835787	1	0.0178278175468614
