posterior_mean	posterior_var	posterior_sd	posterior_quant	is_contained	PESL
2.82287515845778	0.0231084099666254	0.152014505776999	0.876877637272342	1	0.0544816194727311
