posterior_mean	posterior_var	posterior_sd	posterior_quant	is_contained	PESL
2.57044455566297	0.0167627887208431	0.129471188767398	0.297265161384481	1	0.0217252241434147
