posterior_mean	posterior_var	posterior_sd	posterior_quant	is_contained	PESL
3.08741614339345	0.00867927634371532	0.0931626338384404	0.174317708891052	1	0.0163208584695314
