lik	gamma	delta
-1026.78536646599	0.00229319998923571	0.255281126693115
-1113.1200483918	0.00229319998923571	0.0135587480989695
-1113.3994044855	0.00229319998923571	0.033655999617933
-1113.44711961608	0.00229319998923571	6.61069613519961e-05
-1113.44705860029	0.00229319998923571	6.61069613519961e-05
-1055.05446548834	0.00229319998923571	0.139008527869673
-1113.44698029822	0.00229319998923571	6.61069613519961e-05
-1113.44698029822	0.00229319998923571	6.61069613519961e-05
-1113.44698124595	0.00229319998923571	6.61069613519961e-05
-1113.44698124595	0.00229319998923571	6.61069613519961e-05
-1113.44721283621	0.00229319998923571	6.61069613519961e-05
-1054.23918460587	0.00229319998923571	0.141217198068678
-1054.61779077727	0.00229319998923571	0.149710318216562
-1113.38490978853	0.00229319998923571	0.0153764843395069
-1113.44770670989	0.00229319998923571	6.61069613519961e-05
-1107.67151856658	0.00229319998923571	0.429235544856019
-1112.24697952377	0.00229319998923571	0.360249268626317
-1113.44698037214	0.00229319998923571	6.61069613519961e-05
-1056.11129727284	0.00229319998923571	0.137869196509963
-1113.44698037214	0.00229319998923571	6.61069613519961e-05
-1113.44698025093	0.00229319998923571	6.61069613519961e-05
-1113.44698025093	0.00229319998923571	6.61069613519961e-05
-1055.223726896	0.00229319998923571	0.138672217388915
-1113.44698025093	0.00229319998923571	6.61069613519961e-05
-1055.223726896	0.00229319998923571	0.138672217388858
-1113.44698025093	0.00229319998923571	6.61069613519961e-05
-1113.44698025093	0.00229319998923571	6.61069613519961e-05
-1113.44698025093	0.00229319998923571	6.61069613519961e-05
-1052.87648353283	0.00229319998923571	0.147564755202119
-1113.44698043561	0.00229319998923571	6.61069613519961e-05
-1113.3707868392	0.00229319998923571	0.0170990629547092
-1113.44698043561	0.00229319998923571	6.61069613519961e-05
-1055.15184535104	0.00229319998923571	0.138813214288427
-1113.4470139527	0.00229319998923571	6.61069613519961e-05
-1113.44698025963	0.00229319998923571	6.61069613519961e-05
-1113.44698025963	0.00229319998923571	6.61069613519961e-05
-1055.1673602431	0.00229319998923571	0.138782687605152
-1113.44698025627	0.00229319998923571	6.61069613519961e-05
-1113.44698025627	0.00229319998923571	6.61069613519961e-05
-1113.44700665951	0.00229319998923571	6.61069613519961e-05
-1113.44697991397	0.00229319998923571	0
