model	lik	mode	convergence
1A	-572.342868523449	2.83096795943039	0
1C	-590.181517084464	0.433558204248997	0
1G	-606.76026719141	0.998616457996498	0
1T	-590.18151708444	0.433558060504441	0
2A	-590.181517090141	0.433558127502735	0
2C	-590.238983824353	0.386506799272942	0
2G	-590.181517090118	0.433557835955286	0
2T	-603.851942282639	1.19097307567863	0
3A	-590.181517090141	0.433558127502735	0
3C	-590.238983824353	0.386506799272942	0
3G	-590.181517090118	0.433557835955286	0
3T	-603.851942282639	1.19097307567863	0
4A	-590.181517074729	0.43355813446035	0
4C	-590.181517074587	0.433557904627922	0
4G	-603.582820600348	1.2010099915572	0
4T	-590.240307689097	0.412195438361693	0
5A	-603.690965942059	1.19696106505198	0
5C	-590.18151701983	0.433557776949823	0
5G	-590.181517019794	0.433557840850172	0
5T	-590.04631086787	0.305987346565589	0
6A	-590.181517090988	0.43355812487849	0
6C	-590.181517090876	0.433557882083732	0
6G	-603.900597782682	1.18963442103762	0
6T	-590.475435274973	0.603580377836101	0
neutral	-590.467196898164	1	0
