posterior_mean	posterior_var	posterior_sd	posterior_quant	is_contained	PESL
2.89254419648109	0.175287494587187	0.418673494010771	0.61883903600349	1	0.186834244297589
