posterior_mean	posterior_var	posterior_sd	posterior_quant	is_contained	PESL
2.61071975478313	0.00527990513569503	0.0726629557318929	0.0622035877116875	1	0.0175387692349565
