model	lik	mode	convergence
1A	-337.080970293543	1.9569314890424	0
1C	-338.474294488789	0.433558098365828	0
1G	-353.271773464987	1.01684583292526	0
1T	-338.474294488756	0.433558059007902	0
2A	-338.474294463315	0.433558160003053	0
2C	-352.985813124567	1.08072079314028	0
2G	-338.530254560817	0.399657521629599	0
2T	-338.474294463533	0.433558040413769	0
3A	-339.332989837005	0.927884619847471	0
3C	-338.474294479896	0.43355828679139	0
3G	-352.999222199472	1.07695701691846	0
3T	-338.474294479861	0.433558094734922	0
4A	-338.772113079909	0.913252900381403	0
4C	-353.056963378577	1.07033286093835	0
4G	-338.474294465988	0.433558120834948	0
4T	-338.474294465949	0.433558178066305	0
5A	-338.474294452644	0.433558168511335	0
5C	-352.996965172385	1.07928198896274	0
5G	-338.474294452752	0.433558119245003	0
5T	-338.513265062226	0.416659348520158	0
6A	-352.990948578695	1.08006098819627	0
6C	-338.474294458149	0.433558153885471	0
6G	-338.524912565241	0.407254057037134	0
6T	-338.474294458157	0.433557990190065	0
neutral	-338.759973474562	1	0
