posterior_mean	posterior_var	posterior_sd	posterior_quant	is_contained	PESL
3.01318035924477	0.0143029661788939	0.119595009004949	0.461315680091899	1	0.0144766880487087
