posterior_mean	posterior_var	posterior_sd	posterior_quant	is_contained	PESL
3.09693608242764	0.00609798120354783	0.0780895716696399	0.106361477633736	1	0.0154945852799174
