model	lik	mode	convergence
1A	-636.624439602557	2.93198196993455	0
1C	-771.73773663127	0.433558155749567	0
1G	-787.295497720043	1.05657323188861	0
1T	-771.737736631349	0.433558267933376	0
2A	-685.830956373754	2.24904733894248	0
2C	-771.781356314111	0.413442476610856	0
2G	-771.737736635145	0.433558086756098	0
2T	-771.737736635087	0.433558250198444	0
3A	-758.905668853535	2.44166165188603	0
3C	-771.737736633054	0.433558199520729	0
3G	-771.737736633094	0.43355815842956	0
3T	-700.709344669336	2.2124395338034	0
4A	-771.737736669443	0.433558085133351	0
4C	-689.523166139933	2.25384044312759	0
4G	-771.737736669508	0.433557943645175	0
4T	-769.624699955138	1.93113200061975	0
5A	-771.791431326628	0.40351257877247	0
5C	-771.737736641174	0.433558183826606	0
5G	-771.737736641218	0.4335582750008	0
5T	-685.735822076332	2.25007275679719	0
6A	-771.73773663013	0.433558256389352	0
6C	-685.92234896047	2.24808600082452	0
6G	-771.737736630338	0.433557842725164	0
6T	-771.763616659386	0.423728341115619	0
7A	-771.737736634468	0.433558157637028	0
7C	-771.779922592623	0.414484585646848	0
7G	-685.840526033736	2.24894554740855	0
7T	-771.737736634372	0.43355790367807	0
8A	-771.737736630797	0.433557927498219	0
8C	-771.737736630554	0.433558160420885	0
8G	-685.912413529768	2.24818931809718	0
8T	-771.766034674004	0.422572531302454	0
neutral	-772.023416318303	1	0
