posterior_mean	posterior_var	posterior_sd	posterior_quant	is_contained	PESL
2.94092161096488	0.0262979703176899	0.162166489502887	0.648130301841323	1	0.0297882263686678
