posterior_mean	posterior_var	posterior_sd	posterior_quant	is_contained	PESL
2.34371553799416	0.0417040330951993	0.204215653403943	0.781690117449668	1	0.0661288661596725
