model	lik	mode	convergence
1A	-228.278818973749	2.30693013420131	0
1C	-257.431582741279	0.974989381586087	0
1G	-242.098770342373	0.433557973067468	0
1T	-242.098770342346	0.433558075422764	0
2A	-242.098770316269	0.433558152664378	0
2C	-250.998886700674	1.46875693877357	0
2G	-242.152745063779	0.403106325413916	0
2T	-242.098770316553	0.43355823886646	0
neutral	-242.384449930405	1	0
