posterior_mean	posterior_var	posterior_sd	posterior_quant	is_contained	PESL
2.34981085459872	0.0990723313685592	0.314757575553884	0.695828863316071	1	0.121629110764876
