posterior_mean	posterior_var	posterior_sd	posterior_quant	is_contained	PESL
2.43285219014474	0.00439365461247649	0.0662846483921918	0.8444485968032	1	0.00890248298080781
