model	lik	mode	convergence
1A	-310.507638236254	0.465714027753371	0
1C	-325.658825034256	1.01954182575126	0
1G	-310.283148435836	0.433557955460263	0
1T	-310.283148435812	0.433558041555706	0
2A	-325.668014686423	1.0018218846757	0
2C	-310.28314842133	0.433557911565962	0
2G	-311.077698499559	0.976513304791086	0
2T	-310.283148421314	0.433557967374412	0
3A	-310.283148432229	0.433558132203492	0
3C	-325.684295798603	1.00911245114808	0
3G	-310.55319210108	0.630723734367833	0
3T	-310.283148432397	0.433558053457031	0
4A	-325.655030478214	1.02213204781657	0
4C	-310.283148354437	0.433557799201346	0
4G	-310.141050457897	0.304589452545858	0
4T	-310.283148354435	0.433557771418526	0
neutral	-310.568827866653	1	0
