posterior_mean	posterior_var	posterior_sd	posterior_quant	is_contained	PESL
0.81383192427902	0.283383012459104	0.532337310789977	0.901213290156849	1	0.754209640597747
