lik	gamma	delta
-1295.58729387828	0.00247941936446455	0.254047704233387
-1400.06154799441	0.00247941936446455	0.0372788575899432
-1400.20379016671	0.00247941936446455	0.022430276135621
-1400.95823544397	0.00247941936446455	6.61069613519961e-05
-1399.43860761661	0.00247941936446455	0.498553827519043
-1400.95809314846	0.00247941936446455	6.61069613519961e-05
-1325.35135569917	0.00247941936446455	0.146060665290729
-1400.4725958825	0.00247941936446455	0.0815208981494075
-1392.35956253035	0.00247941936446455	0.321475612786487
-1400.95790022524	0.00247941936446455	6.61069613519961e-05
-1335.13560205331	0.00247941936446455	0.136768294744151
-1397.18806817865	0.00247941936446455	0.220209296945103
-1400.95819172228	0.00247941936446455	6.61069613519961e-05
-1400.95790004428	0.00247941936446455	6.61069613519961e-05
-1400.95790004428	0.00247941936446455	6.61069613519961e-05
-1324.29219804921	0.00247941936446455	0.144664158192803
-1400.95828281529	0.00247941936446455	6.61069613519961e-05
-1400.95076470218	0.00247941936446455	0.0110217537680146
-1400.95798064803	0.00247941936446455	6.61069613519961e-05
-1322.29010915573	0.00247941936446455	0.149504961719819
-1325.00104983624	0.00247941936446455	0.14346200469733
-1400.95789933251	0.00247941936446455	6.61069613519961e-05
-1400.95789933251	0.00247941936446455	6.61069613519961e-05
-1400.95789933251	0.00247941936446455	6.61069613519961e-05
-1400.95789937494	0.00247941936446455	6.61069613519961e-05
-1325.43113838202	0.00247941936446455	0.143175972204653
-1400.95789937494	0.00247941936446455	6.61069613519961e-05
-1400.42608943521	0.00247941936446455	0.307524573704653
-1325.00104983624	0.00247941936446455	0.14346200469733
-1400.95789933251	0.00247941936446455	6.61069613519961e-05
-1400.95789933251	0.00247941936446455	6.61069613519961e-05
-1400.95789933251	0.00247941936446455	6.61069613519961e-05
-1400.95815835016	0.00247941936446455	6.61069613519961e-05
-1324.0428518169	0.00247941936446455	0.145053040703652
-1400.95790006869	0.00247941936446455	6.61069613519961e-05
-1400.95804658694	0.00247941936446455	6.61069613519961e-05
-1400.95793530884	0.00247941936446455	6.61069613519961e-05
-1400.95796256815	0.00247941936446455	6.61069613519961e-05
-1324.57741217353	0.00247941936446455	0.144150343060387
-1400.95798568906	0.00247941936446455	6.61069613519961e-05
-1400.95789834229	0.00247941936446455	0
