posterior_mean	posterior_var	posterior_sd	posterior_quant	is_contained	PESL
3.04671824071481	0.169678380444247	0.411920356918964	0.472907048974739	1	0.171860974459733
