posterior_mean	posterior_var	posterior_sd	posterior_quant	is_contained	PESL
1.92351236962172	0.013560084207512	0.116447774592355	0.748091143883211	1	0.0194104418083828
