posterior_mean	posterior_var	posterior_sd	posterior_quant	is_contained	PESL
2.47980220540412	0.107034406351838	0.327161132092182	0.542353208665824	1	0.107442357258358
