posterior_mean	posterior_var	posterior_sd	posterior_quant	is_contained	PESL
2.08470852743484	0.00320209116295217	0.0565870229200315	0.065693190972067	1	0.0103776257830949
