model	lik	mode	convergence
1A	-1149.76909277457	1.33285094167296	0
1C	-1172.48746313603	0.83692783112604	0
1G	-1158.46376723926	0.433558227406571	0
1T	-1158.46376723924	0.433558076372775	0
2A	-1170.28538433112	1.16191376269012	0
2C	-1158.46376725436	0.433558046165106	0
2G	-1158.46376725431	0.433558168524371	0
2T	-1158.51997745782	0.38275627642769	0
3A	-1170.38302381933	1.16011090252683	0
3C	-1158.46376726708	0.43355805609721	0
3G	-1158.46376726704	0.433558155583253	0
3T	-1158.61885791498	0.668826606057647	0
4A	-1158.52141930895	0.39462119412657	0
4C	-1158.46376724541	0.433558144585699	0
4G	-1170.3008582098	1.1615913593286	0
4T	-1158.46376724539	0.433558174778106	0
5A	-1158.46376726118	0.433558047437854	0
5C	-1170.84943065697	1.15093628985585	0
5G	-1156.67517709272	2.52607086363006	0
5T	-1158.46376726125	0.433557891730475	0
6A	-1158.52164369051	0.388818714126785	0
6C	-1158.46376724981	0.433558038844589	0
6G	-1170.29339977747	1.16174664945055	0
6T	-1158.46376724978	0.433558277895181	0
7A	-1158.46376725165	0.433558129618578	0
7C	-1158.52129107805	0.386753287091201	0
7G	-1170.29069607475	1.16180299332289	0
7T	-1158.46376725155	0.433558295006915	0
8A	-1158.46376721954	0.433557862045625	0
8C	-1170.17793470356	1.16417558187214	0
8G	-1158.46376721958	0.43355776296238	0
8T	-1158.37340304727	0.315933435617168	0
9A	-1158.46376723407	0.433558109859074	0
9C	-1158.4637672339	0.433557962441875	0
9G	-1170.32095755791	1.16117390378924	0
9T	-1158.51025359376	0.411168325712756	0
10A	-1158.46376723562	0.433558128923206	0
10C	-1158.46376723545	0.43355823053039	0
10G	-1170.31775183286	1.16124038303181	0
10T	-1158.51324990881	0.408427924298089	0
11A	-1158.50719535053	0.413585449622603	0
11C	-1158.46376723232	0.433558322177514	0
11G	-1170.32375068731	1.16111601192409	0
11T	-1158.4637672323	0.433558201622503	0
12A	-1158.46376723897	0.433558202203341	0
12C	-1170.31151194109	1.16136989751534	0
12G	-1158.51765642602	0.403230910802301	0
12T	-1158.46376723927	0.433557911090794	0
neutral	-1158.74944676213	1	0
