model	lik	mode	convergence
1A	-357.483013834177	3.32027022939691	0
1C	-360.946040817977	0.433558123162716	0
1G	-375.101306307501	0.893472678242118	0
1T	-360.946040817937	0.433558182999528	0
2A	-375.549580628045	0.949697784464194	0
2C	-360.9460408012	0.433558105298136	0
2G	-361.004044649471	0.390852204568204	0
2T	-360.946040801179	0.433558129742692	0
3A	-375.590787995844	0.966868633586864	0
3C	-360.94604078889	0.433558166163548	0
3G	-361.326741953349	0.580066708724963	0
3T	-360.946040788882	0.433558069485183	0
4A	-360.890168170003	0.3248844168184	0
4C	-375.570727253674	0.954991287671852	0
4G	-360.946040795025	0.433557985433303	0
4T	-360.946040795002	0.433557984084325	0
5A	-375.580132236501	0.957784017547813	0
5C	-360.764109259487	0.297051373947725	0
5G	-360.946040685225	0.433557759130309	0
5T	-360.946040685215	0.433557640831359	0
6A	-360.946040804744	0.433558134280342	0
6C	-361.003462373217	0.386320048285	0
6G	-360.946040804769	0.433558067017938	0
6T	-375.550966185843	0.950014426393293	0
neutral	-361.231719581883	1	0
