posterior_mean	posterior_var	posterior_sd	posterior_quant	is_contained	PESL
2.82715664439404	0.0303004695233151	0.174070300520552	0.839849104499595	1	0.0601752951003939
