lik	gamma	delta
-2934.37987591988	0.00206509216344393	0.366022398186201
-3533.2848827429	0.00206509216344393	6.61069613519961e-05
-3533.2850287145	0.00206509216344393	6.61069613519961e-05
-3533.07040598142	0.00206509216344393	0.0107454640846156
-3533.28468219276	0.00206509216344393	6.61069613519961e-05
-3533.28468219276	0.00206509216344393	6.61069613519961e-05
-3533.28468219276	0.00206509216344393	6.61069613519961e-05
-3011.25179427085	0.00206509216344393	0.293918713659965
-3533.28473748088	0.00206509216344393	6.61069613519961e-05
-3533.28468224324	0.00206509216344393	6.61069613519961e-05
-3010.5987207918	0.00206509216344393	0.294321326195918
-3533.28476630669	0.00206509216344393	6.61069613519961e-05
-3008.10667113006	0.00206509216344393	0.29690099960374
-3533.28491977011	0.00206509216344393	6.61069613519961e-05
-3532.88382827745	0.00206509216344393	0.252944251438397
-3533.28469984026	0.00206509216344393	6.61069613519961e-05
-3533.20243180928	0.00206509216344393	0.067818225148942
-3533.28468233385	0.00206509216344393	6.61069613519961e-05
-3010.69291997589	0.00206509216344393	0.29460373123233
-3533.28471526578	0.00206509216344393	6.61069613519961e-05
-3533.28528877255	0.00206509216344393	6.61069613519961e-05
-3532.97210375693	0.00206509216344393	0.178898292256087
-3008.79915707599	0.00206509216344393	0.29741506684034
-3531.96252604549	0.00206509216344393	0.191248566035359
-3014.59583973283	0.00206509216344393	0.293825471969822
-3529.90140685041	0.00206509216344393	0.318109262550183
-3533.2846822332	0.00206509216344393	6.61069613519961e-05
-3533.2846822332	0.00206509216344393	6.61069613519961e-05
-3533.02078057203	0.00206509216344393	0.159146732906157
-3049.71228096699	0.00206509216344393	0.286796426790438
-3505.78391426425	0.00206509216344393	0.500545096543588
-3518.36061980113	0.00206509216344393	0.53533371868903
-3533.2846824378	0.00206509216344393	6.61069613519961e-05
-3533.28494673899	0.00206509216344393	6.61069613519961e-05
-3533.2846824378	0.00206509216344393	6.61069613519961e-05
-3009.94024785692	0.00206509216344393	0.294777182627967
-3533.06444466989	0.00206509216344393	0.142253105984251
-3533.16170713714	0.00206509216344393	0.0875732946989618
-3533.28474995572	0.00206509216344393	6.61069613519961e-05
-3008.17282869544	0.00206509216344393	0.297201345747888
-3533.28467575463	0.00206509216344393	0
