lik	gamma	delta
-1035.70283100753	0.00240014813497548	0.25528107408898
-1122.03766982183	0.00240014813497548	0.0135587836597493
-1122.31700247467	0.00240014813497548	0.0336653741888461
-1122.36473799157	0.00240014813497548	6.61069613519961e-05
-1122.36459857211	0.00240014813497548	6.61069613519961e-05
-1065.54496999937	0.00240014813497548	0.138196011744138
-1120.92782221567	0.00240014813497548	0.166281135149821
-1122.36459857211	0.00240014813497548	6.61069613519961e-05
-1122.36465159865	0.00240014813497548	6.61069613519961e-05
-1122.36459855461	0.00240014813497548	6.61069613519961e-05
-1064.0270448852	0.00240014813497548	0.138898094700756
-1122.36459855461	0.00240014813497548	6.61069613519961e-05
-1122.22630527165	0.00240014813497548	0.021247228974365
-1061.57881925073	0.00240014813497548	0.148985855190355
-1122.36459858464	0.00240014813497548	6.61069613519961e-05
-1122.36461043657	0.00240014813497548	6.61069613519961e-05
-1063.44476055486	0.00240014813497548	0.14009234726905
-1122.36459892474	0.00240014813497548	6.61069613519961e-05
-1122.36459892474	0.00240014813497548	6.61069613519961e-05
-1122.36491031814	0.00240014813497548	6.61069613519961e-05
-1058.69960958364	0.00240014813497548	0.18970873586564
-1118.90091451248	0.00240014813497548	0.0515546871894316
-1122.36459909498	0.00240014813497548	6.61069613519961e-05
-1122.36459909498	0.00240014813497548	6.61069613519961e-05
-1122.36492352701	0.00240014813497548	6.61069613519961e-05
-1063.37372728893	0.00240014813497548	0.140305834663097
-1122.36459938134	0.00240014813497548	6.61069613519961e-05
-1122.36459938134	0.00240014813497548	6.61069613519961e-05
-1122.36459891045	0.00240014813497548	6.61069613519961e-05
-1122.3646971604	0.00240014813497548	6.61069613519961e-05
-1064.10443209155	0.00240014813497548	0.139488016909198
-1122.09106082947	0.00240014813497548	0.111538006714727
-1120.45371032814	0.00240014813497548	0.0389898714548064
-1122.36459896491	0.00240014813497548	6.61069613519961e-05
-1122.36459896491	0.00240014813497548	6.61069613519961e-05
-1055.37127044595	0.00240014813497548	0.191298912201042
-1122.36459857202	0.00240014813497548	6.61069613519961e-05
-1064.01882338123	0.00240014813497548	0.138934204840504
-1122.36459857202	0.00240014813497548	6.61069613519961e-05
-1122.36465056303	0.00240014813497548	6.61069613519961e-05
-1122.36459816869	0.00240014813497548	0
