posterior_mean	posterior_var	posterior_sd	posterior_quant	is_contained	PESL
2.9666645043003	0.00612544864285983	0.0782652454340995	0.667542131595118	1	0.00723670391641719
