model	lik	mode	convergence
1A	-288.516380448527	1.36619224530407	0
1C	-288.2436554526	0.433558081007307	0
1G	-288.243655452587	0.433558168832802	0
1T	-302.880491961186	1.20467930539615	0
2A	-288.243655452931	0.433558103938063	0
2C	-302.824468085515	1.21133597083362	0
2G	-288.243655452961	0.433558140021297	0
2T	-288.837121286779	1.2645172102883	0
3A	-288.837121286517	1.26451721941226	0
3C	-288.243655452795	0.433558165508606	0
3G	-302.824468085377	1.21133598689199	0
3T	-288.243655452762	0.433558139021467	0
4A	-288.243655455593	0.433558038702846	0
4C	-288.243655455409	0.433558161584994	0
4G	-288.261322332519	0.351401886960567	0
4T	-302.192756467869	1.24254499568448	0
neutral	-288.529335241889	1	0
