posterior_mean	posterior_var	posterior_sd	posterior_quant	is_contained	PESL
1.41785325909801	0.0179077346745805	0.133819784316746	0.736932642582336	1	0.0246558217151011
