model	lik	mode	convergence
1A	-253.675585367083	1.46587194551038	0
1C	-257.949482983809	0.433558175610002	0
1G	-267.839582055792	0.468869045577715	0
1T	-257.949482983841	0.433558181201915	0
2A	-268.617826388224	1.36515371509248	0
2C	-257.949482989964	0.433558044659408	0
2G	-257.997023717041	0.410253994242631	0
2T	-257.94948298992	0.433558114057028	0
3A	-268.628109758094	1.36463440815479	0
3C	-257.949482987782	0.433558145328514	0
3G	-257.99226267846	0.414059838072841	0
3T	-257.949482987762	0.433557869638113	0
neutral	-258.235162374242	1	0
