posterior_mean	posterior_var	posterior_sd	posterior_quant	is_contained	PESL
1.48161202466339	0.0231734135790901	0.152228162897311	0.561484364342905	1	0.02351153121607
