model	lik	mode	convergence
1A	-335.544484859937	1.75770410048331	0
1C	-338.342524652784	0.433558122261172	0
1G	-338.342524652775	0.433558040683293	0
1T	-351.204236168334	1.17715757641354	0
2A	-348.861722380047	1.31117887177695	0
2C	-338.342524632953	0.433558228933304	0
2G	-338.342524632917	0.433558064704598	0
2T	-338.323880566746	0.828224867312516	0
3A	-338.291443545927	0.326246184235078	0
3C	-338.34252464649	0.433557941428958	0
3G	-348.355557946862	1.33700469558968	0
3T	-338.342524646438	0.43355790890496	0
4A	-338.342524630231	0.433558062795194	0
4C	-338.342524630281	0.433558074848633	0
4G	-348.646454452868	1.32113532011651	0
4T	-338.372096899312	0.421940177920034	0
5A	-338.391490062934	0.408934662297625	0
5C	-338.342524636941	0.43355831853607	0
5G	-338.342524636979	0.433558180729694	0
5T	-348.615904772744	1.3227668717559	0
6A	-338.342524668582	0.433558071306113	0
6C	-338.578951886124	0.628354399494984	0
6G	-348.665913251696	1.3219581331745	0
6T	-338.342524668497	0.433558288719639	0
neutral	-338.628202378078	1	0
