posterior_mean	posterior_var	posterior_sd	posterior_quant	is_contained	PESL
2.33052561690898	0.00404118301725025	0.0635702998046277	0.99551156652372	0	0.0327627495413956
