posterior_mean	posterior_var	posterior_sd	posterior_quant	is_contained	PESL
2.7651585921917	0.145369574075405	0.381273621006496	0.74071821649179	1	0.200520060896804
