posterior_mean	posterior_var	posterior_sd	posterior_quant	is_contained	PESL
2.50430522660666	0.00535416717970484	0.0731721749007424	0.48041174017744	1	0.00537270217260083
