posterior_mean	posterior_var	posterior_sd	posterior_quant	is_contained	PESL
3.0087185652589	0.133435605995556	0.36528838743595	0.506775557443533	1	0.133511619375537
