lik	gamma	delta
-1009.65347726683	0.00109858383545306	0.193480852253893
-1078.25883913225	0.00109858383545306	6.61069613519961e-05
-1078.25745796368	0.00109858383545306	6.61069613519961e-05
-1078.25745796368	0.00109858383545306	6.61069613519961e-05
-1078.25745868366	0.00109858383545306	6.61069613519961e-05
-1078.25745868366	0.00109858383545306	6.61069613519961e-05
-1078.25967017189	0.00109858383545306	6.61069613519961e-05
-1016.40957099326	0.00109858383545306	0.165569557031186
-1078.25745796165	0.00109858383545306	6.61069613519961e-05
-1078.25745796165	0.00109858383545306	6.61069613519961e-05
-1078.25745796165	0.00109858383545306	6.61069613519961e-05
-1031.26661622539	0.00109858383545306	0.120868191848472
-1078.25745796165	0.00109858383545306	6.61069613519961e-05
-1078.25745796165	0.00109858383545306	6.61069613519961e-05
-1078.25745796165	0.00109858383545306	6.61069613519961e-05
-1031.26661622539	0.00109858383545306	0.120868191848472
-1078.25745796165	0.00109858383545306	6.61069613519961e-05
-1078.25745796165	0.00109858383545306	6.61069613519961e-05
-1031.26661622539	0.00109858383545306	0.120868191848556
-1078.25745796165	0.00109858383545306	6.61069613519961e-05
-1078.2574581744	0.00109858383545306	6.61069613519961e-05
-1078.25769810158	0.00109858383545306	6.61069613519961e-05
-1030.79255590909	0.00109858383545306	0.121877929959744
-1078.2574581744	0.00109858383545306	6.61069613519961e-05
-1076.81692760608	0.00109858383545306	0.429088783996794
-1078.25772059852	0.00109858383545306	6.61069613519961e-05
-1031.6939148136	0.00109858383545306	0.120841885300575
-1078.25745812121	0.00109858383545306	6.61069613519961e-05
-1078.25745796165	0.00109858383545306	6.61069613519961e-05
-1078.25745796165	0.00109858383545306	6.61069613519961e-05
-1031.26661622539	0.00109858383545306	0.120868191848556
-1078.25745796165	0.00109858383545306	6.61069613519961e-05
-1078.25745836583	0.00109858383545306	6.61069613519961e-05
-1078.25778896115	0.00109858383545306	6.61069613519961e-05
-1078.25745836583	0.00109858383545306	6.61069613519961e-05
-1030.59484383241	0.00109858383545306	0.122329043102526
-1078.25745796165	0.00109858383545306	6.61069613519961e-05
-1078.25745796165	0.00109858383545306	6.61069613519961e-05
-1031.26661622539	0.00109858383545306	0.120868191848556
-1078.25745796165	0.00109858383545306	6.61069613519961e-05
-1078.2574574838	0.00109858383545306	0
