model	lik	mode	convergence
1A	-478.513245516303	3.3643376065046	0
1C	-669.925440825674	0.433558305170058	0
1G	-669.925440825716	0.433558207238923	0
1T	-686.427765464117	1.1463855379102	0
2A	-507.006235578699	3.09168125315033	0
2C	-669.954571847209	0.422161028116093	0
2G	-669.925440820357	0.433558498964182	0
2T	-669.925440820222	0.433558017728755	0
3A	-669.925440843077	0.433558120357423	0
3C	-669.925440842982	0.433557928027502	0
3G	-506.388908481781	3.09958211184126	0
3T	-669.98294987944	0.38668838937378	0
4A	-669.52931125128	1.57769896515567	0
4C	-669.925440822376	0.433558488997568	0
4G	-669.92544082246	0.433558461517981	0
4T	-508.60604728768	3.08889595845112	0
5A	-669.925440827072	0.433558084303517	0
5C	-669.859908569999	0.845518562247259	0
5G	-507.780372234779	3.08815642734009	0
5T	-669.925440826914	0.43355799016759	0
6A	-669.925440819338	0.433558061094367	0
6C	-669.950897751797	0.423924948136926	0
6G	-507.032120577531	3.09137173876199	0
6T	-669.925440819094	0.433558061144255	0
7A	-506.492933992188	3.09819435643941	0
7C	-669.925440839091	0.43355818127225	0
7G	-669.925440839064	0.433558098522153	0
7T	-669.983422012535	0.391944102246673	0
8A	-669.958845840795	0.419939361835342	0
8C	-506.972870468402	3.09208339943077	0
8G	-669.925440820832	0.433558187391743	0
8T	-669.925440820833	0.433558086747707	0
neutral	-670.211120820028	1	0
