posterior_mean	posterior_var	posterior_sd	posterior_quant	is_contained	PESL
3.37326287979081	0.0300508491875424	0.173351807569296	0.0131747073533099	0	0.169376025851995
