model	lik	mode	convergence
1A	-680.013775049177	3.04603238145576	0
1C	-819.456641403831	0.433558071428847	0
1G	-819.456641403839	0.433558265707195	0
1T	-832.306459294889	0.911031035137418	0
2A	-700.17088817244	2.57805019757654	0
2C	-819.456641412624	0.433558023042093	0
2G	-819.456641412611	0.433558118730919	0
2T	-830.083436065558	0.707297384756197	0
3A	-819.456641387476	0.433558116262773	0
3C	-819.45664138733	0.433558266316987	0
3G	-817.349078968836	2.20059447427911	0
3T	-749.466121278032	2.08817053662294	0
4A	-729.861893021505	2.16157363822691	0
4C	-819.456643268225	0.433557289328136	0
4G	-819.456643268188	0.433557388260647	0
4T	-819.683973139002	0.26931531752724	0
5A	-745.88554100397	2.10489266431993	0
5C	-819.456641386421	0.433558102207759	0
5G	-819.45664138641	0.43355799424556	0
5T	-819.739876989452	0.63211268214605	0
6A	-746.017477032742	2.10132708591854	0
6C	-819.486759540962	0.421663935758946	0
6G	-819.456641380919	0.433558075036457	0
6T	-819.456641380743	0.433558322099168	0
7A	-819.456641382045	0.433558155963039	0
7C	-819.456641382041	0.433558064178924	0
7G	-819.493134528737	0.418158814773466	0
7T	-745.990426816689	2.10160832558571	0
8A	-819.456641383677	0.433558155823361	0
8C	-760.772593084826	2.018039450196	0
8G	-819.456641383864	0.433558027100797	0
8T	-802.293043509	3.52922051569501	0
9A	-819.372265462336	1.18651433972589	0
9C	-819.456641386293	0.433558014082861	0
9G	-746.843298727684	2.09739805029966	0
9T	-819.456641386273	0.433558050416062	0
10A	-819.456641384523	0.433558130537667	0
10C	-814.763091659063	3.24301387983709	0
10G	-750.899614802599	2.07333834215826	0
10T	-819.456641384383	0.433558090430094	0
neutral	-819.742315987464	1	0
