posterior_mean	posterior_var	posterior_sd	posterior_quant	is_contained	PESL
3.05562622507449	0.029219739325574	0.170937822981264	0.378777952426255	1	0.0323140162416167
