posterior_mean	posterior_var	posterior_sd	posterior_quant	is_contained	PESL
2.45200738875262	0.0170282414407395	0.130492304143729	0.64919537079301	1	0.0193315321750717
