posterior_mean	posterior_var	posterior_sd	posterior_quant	is_contained	PESL
1.96980695638951	0.00568662539722108	0.0754097168620933	0.659505772239715	1	0.00659824527969287
