model	lik	mode	convergence
1A	-1126.07213437908	1.42265132543176	0
1C	-1132.89396190334	0.433558159041131	0
1G	-1149.8972971078	1.02337523775979	0
1T	-1132.8939619033	0.433558033956584	0
2A	-1146.03345527588	1.15738023157338	0
2C	-1132.89396187695	0.433558371079882	0
2G	-1132.89396187705	0.433559190638043	0
2T	-1132.90353194008	0.430356969566513	0
3A	-1132.89396187626	0.433558093289468	0
3C	-1132.90512209988	0.429782668118533	0
3G	-1132.89396187651	0.433558092712709	0
3T	-1146.03285903675	1.1573927301041	0
4A	-1146.02238173818	1.15761257434671	0
4C	-1132.89396187887	0.433558181582356	0
4G	-1132.89396187885	0.433558488494707	0
4T	-1132.92733098488	0.419958869491158	0
5A	-1132.89396191128	0.433558005132413	0
5C	-1146.25072040449	1.15354529837297	0
5G	-1133.12455136448	1.21622592670652	0
5T	-1132.89396191144	0.433558124652137	0
6A	-1133.11162841173	0.459665123449825	0
6C	-1145.86086042146	1.16116888498745	0
6G	-1132.89396190362	0.4335580714053	0
6T	-1132.89396190359	0.43355800376121	0
7A	-1146.01778494207	1.15794372390164	0
7C	-1132.89396190577	0.433557943843392	0
7G	-1132.89396190575	0.433558073313789	0
7T	-1133.13390978622	0.583206928346156	0
8A	-1132.95129105238	0.396003486934547	0
8C	-1132.89396189369	0.433558129660674	0
8G	-1132.89396189369	0.433558267769521	0
8T	-1145.99461890972	1.15819710428498	0
9A	-1132.89396191628	0.433558105575109	0
9C	-1145.93508010841	1.15946000859306	0
9G	-1132.91422503534	0.352699518811763	0
9T	-1132.89396191641	0.433557814579176	0
10A	-1132.89396191173	0.433558129901177	0
10C	-1145.96018052766	1.15892607626667	0
10G	-1132.94031773958	0.369771686875646	0
10T	-1132.89396191189	0.433558144321425	0
11A	-1132.89396191019	0.43355807616981	0
11C	-1132.89396191009	0.433558167276272	0
11G	-1145.96443139136	1.15883586920506	0
11T	-1132.94340706987	0.372837481001484	0
neutral	-1133.17964176751	1	0
