posterior_mean	posterior_var	posterior_sd	posterior_quant	is_contained	PESL
1.43154338449557	0.0126749471555132	0.112583067801127	0.733953706780096	1	0.0173612553618492
