posterior_mean	posterior_var	posterior_sd	posterior_quant	is_contained	PESL
2.44826230628486	0.004646616532269	0.0681660951813216	0.777262418361939	1	0.00732340548326503
