model	lik	mode	convergence
1A	-758.943847220492	2.06866687901509	0
1C	-831.776010258911	0.433558128397245	0
1G	-846.981489029695	0.843430622676477	0
1T	-831.776010258879	0.433558024274642	0
2A	-831.776010232446	0.433558112870898	0
2C	-831.865298861345	1.06665240155123	0
2G	-791.222589531014	1.79906222136538	0
2T	-831.776010232385	0.433558351964689	0
3A	-831.776010236143	0.433558132231056	0
3C	-790.544093068729	1.80307003017296	0
3G	-831.832519808627	0.398419568873253	0
3T	-831.776010236166	0.433557898805882	0
4A	-790.449965390277	1.8040887557081	0
4C	-831.776010246589	0.433558166765076	0
4G	-831.776010246554	0.433558051079208	0
4T	-831.832852244995	0.3843755183258	0
5A	-790.865316991484	1.80125204153359	0
5C	-831.95946547893	0.708600271975645	0
5G	-831.776010233914	0.433558279063198	0
5T	-831.776010233876	0.433558088261581	0
6A	-793.567753039883	1.7822190574077	0
6C	-831.776010233961	0.433558111295078	0
6G	-831.776010233908	0.433558084518083	0
6T	-828.700745801598	3.01049460814512	0
7A	-831.776010240992	0.433558127441949	0
7C	-831.776010240866	0.433558185730304	0
7G	-790.501836150072	1.80352459076722	0
7T	-831.833990444988	0.391963259767645	0
8A	-832.087220744964	0.552097948060097	0
8C	-790.297671261292	1.8071020558147	0
8G	-831.776010249137	0.433558172579764	0
8T	-831.776010249115	0.43355818594176	0
neutral	-832.06168998429	1	0
