posterior_mean	posterior_var	posterior_sd	posterior_quant	is_contained	PESL
2.07449409622839	0.0120565454898839	0.109802301842374	0.251743496559301	1	0.0176059158627835
