model	lik	mode	convergence
1A	-355.079797637073	2.21984684251825	0
1C	-391.471849035641	0.433558088125945	0
1G	-391.471849035628	0.433558159586473	0
1T	-405.145002681906	1.00372457822298	0
2A	-391.495871288383	0.354662446662267	0
2C	-391.471849038724	0.4335580486059	0
2G	-378.474749204954	1.76829646078604	0
2T	-391.471849038685	0.433557943052046	0
neutral	-391.757526731815	1	0
