posterior_mean	posterior_var	posterior_sd	posterior_quant	is_contained	PESL
2.08268146834564	0.0055307651790165	0.0743691144159758	0.132447854016021	1	0.0123669903868218
