model	lik	mode	convergence
1A	-125.364348310404	3.41975194828531	0
1C	-172.359725240718	0.997562097272273	0
1G	-170.334149524748	0.433558082978581	0
1T	-170.334149524723	0.433558043367052	0
2A	-170.39169938346	0.395106975879485	0
2C	-144.692729830919	2.86605344729603	0
2G	-170.334148879685	0.433558129634347	0
2T	-170.334148879655	0.433558129626877	0
neutral	-170.619827854807	1	0
