posterior_mean	posterior_var	posterior_sd	posterior_quant	is_contained	PESL
3.45921526958379	0.13483880737975	0.367204040527538	0.101117505190274	1	0.345717471198667
