model	lik	mode	convergence
1A	-1324.83179906789	3.05174115770069	0
1C	-1576.12031326351	0.433558135709687	0
1G	-1576.1203132635	0.433558134206222	0
1T	-1591.41069371292	0.966385411965178	0
2A	-1457.45401982701	1.89898258701693	0
2C	-1576.12955601346	0.347464997414547	0
2G	-1576.12031327788	0.433558103692372	0
2T	-1576.12031327787	0.433558070296724	0
3A	-1574.44521397659	2.16833459200559	0
3C	-1460.70329066651	1.88903277785576	0
3G	-1576.12031324589	0.433558011607208	0
3T	-1576.12031324587	0.433558113438059	0
4A	-1576.12031323955	0.433558076149789	0
4C	-1576.11428344092	0.825066439601943	0
4G	-1458.50288998297	1.89427286206369	0
4T	-1576.12031323941	0.433558369250031	0
5A	-1457.93737627666	1.89629654928488	0
5C	-1576.12031324926	0.433558173923692	0
5G	-1576.17253672953	0.405455420338874	0
5T	-1576.12031324925	0.433558178549817	0
6A	-1458.45942850127	1.89454750186442	0
6C	-1576.10034179683	0.806056024506203	0
6G	-1576.12031325998	0.433558104857396	0
6T	-1576.12031325995	0.43355807002103	0
7A	-1576.40492538108	0.619539570907616	0
7C	-1576.12031326035	0.433558065142898	0
7G	-1576.12031326036	0.433558179299249	0
7T	-1457.92108451743	1.89725131590034	0
8A	-1454.98535668014	1.91905692367461	0
8C	-1577.15542315561	0.837755826848472	0
8G	-1576.12031327846	0.433557983010691	0
8T	-1576.12031327845	0.433557992890511	0
9A	-1456.9771873477	1.90181323219291	0
9C	-1576.12031319605	0.433557827886632	0
9G	-1576.120313196	0.433557843731964	0
9T	-1575.98821261191	0.306627472569832	0
10A	-1576.12031323865	0.433558118143777	0
10C	-1573.36605620385	2.66197322456054	0
10G	-1576.12031323867	0.433557688016377	0
10T	-1461.25796798947	1.88620910105188	0
neutral	-1576.40599235747	1	0
