lik	gamma	delta
-661.988555637147	0.00182569944492454	0.140909269191373
-695.297757877315	0.00182569944492454	6.61069613519961e-05
-694.920820229186	0.00182569944492454	0.0439565874770898
-695.297541575168	0.00182569944492454	6.61069613519961e-05
-695.297394168886	0.00182569944492454	6.61069613519961e-05
-663.737583239445	0.00182569944492454	0.128302921573863
-695.297332295463	0.00182569944492454	6.61069613519961e-05
-695.297423925467	0.00182569944492454	6.61069613519961e-05
-695.297332477486	0.00182569944492454	6.61069613519961e-05
-695.297469480178	0.00182569944492454	6.61069613519961e-05
-695.297484469189	0.00182569944492454	6.61069613519961e-05
-663.453669671932	0.00182569944492454	0.129274017906693
-695.297332220422	0.00182569944492454	6.61069613519961e-05
-695.297332220422	0.00182569944492454	6.61069613519961e-05
-664.042472899569	0.00182569944492454	0.127300820733175
-695.297332220422	0.00182569944492454	6.61069613519961e-05
-663.772866685695	0.00182569944492454	0.130451678030998
-695.297332890255	0.00182569944492454	6.61069613519961e-05
-695.1670363784	0.00182569944492454	0.0453634474014307
-695.297332890255	0.00182569944492454	6.61069613519961e-05
-695.297332220422	0.00182569944492454	6.61069613519961e-05
-664.04247289957	0.00182569944492454	0.127300820733175
-695.297332220422	0.00182569944492454	6.61069613519961e-05
-695.297332220422	0.00182569944492454	6.61069613519961e-05
-695.297332220422	0.00182569944492454	6.61069613519961e-05
-695.297332220422	0.00182569944492454	6.61069613519961e-05
-695.297332220422	0.00182569944492454	6.61069613519961e-05
-664.04247289957	0.00182569944492454	0.127300820733249
-664.04247289957	0.00182569944492454	0.127300820733172
-695.297332220422	0.00182569944492454	6.61069613519961e-05
-695.297332220422	0.00182569944492454	6.61069613519961e-05
-695.297332220422	0.00182569944492454	6.61069613519961e-05
-695.297332220422	0.00182569944492454	6.61069613519961e-05
-695.297332220422	0.00182569944492454	6.61069613519961e-05
-695.297332220422	0.00182569944492454	6.61069613519961e-05
-664.04247289957	0.00182569944492454	0.127300820733249
-695.297332220422	0.00182569944492454	6.61069613519961e-05
-695.297332220422	0.00182569944492454	6.61069613519961e-05
-664.042472899569	0.00182569944492454	0.127300820733175
-695.297332220422	0.00182569944492454	6.61069613519961e-05
-695.297332064191	0.00182569944492454	0
