posterior_mean	posterior_var	posterior_sd	posterior_quant	is_contained	PESL
2.56599765757875	0.0759275028229842	0.275549456219721	0.418639509426987	1	0.0802831936288634
