posterior_mean	posterior_var	posterior_sd	posterior_quant	is_contained	PESL
2.81227880077809	0.134635667825668	0.366927333167847	0.200230143470074	1	0.232153717241084
