model	lik	mode	convergence
1A	-1039.24772563426	3.11537760985853	0
1C	-1373.92514761693	0.433558005511026	0
1G	-1387.21858977563	0.872827939811537	0
1T	-1373.92514761709	0.433558278179687	0
2A	-1373.7662965008	0.301312603669791	0
2C	-1373.92514754851	0.433557729145626	0
2G	-1373.92514754848	0.433557748218505	0
2T	-1112.7580373111	2.62305896003762	0
3A	-1370.76789470531	3.32105842242236	0
3C	-1118.99517449736	2.59871692890304	0
3G	-1373.92514764128	0.433558076646233	0
3T	-1373.92514764126	0.433558099330013	0
4A	-1105.91880149273	2.67100085492321	0
4C	-1373.92514765362	0.433558142756675	0
4G	-1373.92514765358	0.433558219207742	0
4T	-1374.53486625273	0.667233093464539	0
5A	-1373.92514764059	0.433558099613482	0
5C	-1373.92514764037	0.433558103540365	0
5G	-1371.77553895808	2.77848908545687	0
5T	-1118.19211419052	2.60117496523497	0
6A	-1373.92514763876	0.433558192263948	0
6C	-1117.34364680526	2.60205046560818	0
6G	-1372.25164087528	2.53063624087354	0
6T	-1373.92514763883	0.433558139540955	0
7A	-1373.92514762617	0.4335581213651	0
7C	-1373.97390055278	0.409138221401213	0
7G	-1373.92514762618	0.433557984458504	0
7T	-1114.86635200003	2.60963345294309	0
8A	-1373.9251476216	0.433557889614701	0
8C	-1373.92514762149	0.433558121076767	0
8G	-1373.85086557836	0.319936877244087	0
8T	-1113.25979365139	2.61976924625274	0
9A	-1373.92514762019	0.433558152969634	0
9C	-1372.5105136049	2.34747965494521	0
9G	-1373.92514762007	0.433557407324044	0
9T	-1117.61090477866	2.60225989811609	0
10A	-1373.92514763716	0.433558048456659	0
10C	-1373.92514763695	0.433558154221632	0
10G	-1373.98296978411	0.393616682606126	0
10T	-1114.66039394044	2.61083656928123	0
11A	-1374.19688231378	0.620972019653083	0
11C	-1373.92514764933	0.433558221706547	0
11G	-1373.92514764933	0.433558068113446	0
11T	-1114.58241425179	2.61326571836607	0
neutral	-1374.21082515239	1	0
