posterior_mean	posterior_var	posterior_sd	posterior_quant	is_contained	PESL
3.11960577628517	0.0132078059970806	0.114925219151762	0.148702458131166	1	0.0275133477178824
