model	lik	mode	convergence
1A	-370.35537302514	1.13705546299403	0
1C	-369.626583037428	0.433558047787645	0
1G	-369.626583037413	0.433557949692592	0
1T	-383.182684769169	1.09035800373016	0
2A	-369.626583025821	0.433557971299687	0
2C	-369.593848191275	0.331790914867938	0
2G	-369.626583025804	0.433558042919764	0
2T	-382.952843449916	1.11653914547649	0
3A	-369.626583017447	0.433558111466373	0
3C	-369.626583017249	0.433558085100422	0
3G	-370.461910126771	1.22307501782442	0
3T	-383.347520021782	1.04761138199547	0
4A	-369.626583013636	0.433558193961973	0
4C	-383.230639384599	1.08526618607187	0
4G	-369.626583013718	0.433558253102296	0
4T	-369.708895939965	1.34253114407279	0
5A	-369.626583004373	0.433558303734313	0
5C	-383.039842520202	1.10770930966241	0
5G	-369.671027409096	0.41281596059292	0
5T	-369.626583004682	0.433558182770359	0
6A	-369.626583408291	0.433558147174331	0
6C	-371.76043415269	1.11388937876187	0
6G	-370.487972910859	0.399944891771286	0
6T	-369.626583408247	0.433557969452811	0
7A	-369.626583031338	0.433558150357723	0
7C	-382.429487589945	1.17638275599601	0
7G	-371.394564621697	0.996311373002957	0
7T	-369.626583031421	0.433558032870262	0
neutral	-369.912260594728	1	0
