lik	gamma	delta
-1038.73090863279	0.00150268057278604	0.193482070429032
-1107.33647484885	0.00150268057278604	6.61069613519961e-05
-1107.3350944622	0.00150268057278604	6.61069613519961e-05
-1107.3350944622	0.00150268057278604	6.61069613519961e-05
-1059.88788504888	0.00150268057278604	0.122192402578287
-1107.33516649703	0.00150268057278604	6.61069613519961e-05
-1107.33509453399	0.00150268057278604	6.61069613519961e-05
-1107.33509453399	0.00150268057278604	6.61069613519961e-05
-1057.11492134758	0.00150268057278604	0.130819852019205
-1107.33538370255	0.00150268057278604	6.61069613519961e-05
-1107.33509471609	0.00150268057278604	6.61069613519961e-05
-1107.33509471609	0.00150268057278604	6.61069613519961e-05
-1059.97003464341	0.00150268057278604	0.123758331772945
-1107.33515136575	0.00150268057278604	6.61069613519961e-05
-1106.82019974103	0.00150268057278604	0.160696041719434
-1107.321815799	0.00150268057278604	0.0122323796624316
-1107.33509566706	0.00150268057278604	6.61069613519961e-05
-1107.33587999557	0.00150268057278604	6.61069613519961e-05
-1107.33509566706	0.00150268057278604	6.61069613519961e-05
-1057.05818186875	0.00150268057278604	0.129873306078965
-1060.34264986142	0.00150268057278604	0.120872576642785
-1107.33509445934	0.00150268057278604	6.61069613519961e-05
-1107.33509445934	0.00150268057278604	6.61069613519961e-05
-1107.33509445934	0.00150268057278604	6.61069613519961e-05
-1107.33509445934	0.00150268057278604	6.61069613519961e-05
-1107.33509445934	0.00150268057278604	6.61069613519961e-05
-1107.33509445934	0.00150268057278604	6.61069613519961e-05
-1060.34264986142	0.00150268057278604	0.120872576642813
-1107.33519363103	0.00150268057278604	6.61069613519961e-05
-1107.33509463417	0.00150268057278604	6.61069613519961e-05
-1061.19333802594	0.00150268057278604	0.120768387606707
-1106.21927906202	0.00150268057278604	0.164672081953901
-1107.33509445934	0.00150268057278604	6.61069613519961e-05
-1107.33509445934	0.00150268057278604	6.61069613519961e-05
-1060.34264986142	0.00150268057278604	0.120872576642813
-1107.33509445934	0.00150268057278604	6.61069613519961e-05
-1107.33509445934	0.00150268057278604	6.61069613519961e-05
-1107.33509445934	0.00150268057278604	6.61069613519961e-05
-1107.33509445934	0.00150268057278604	6.61069613519961e-05
-1060.34264986142	0.00150268057278604	0.120872576642813
-1107.33509377124	0.00150268057278604	0
