lik	gamma	delta
-623.934117293709	0.00177533501049646	0.388868743045656
-651.466646437047	0.00177533501049646	6.61069613519961e-05
-649.40466229126	0.00177533501049646	0.0298389204435722
-651.466724901314	0.00177533501049646	6.61069613519961e-05
-651.466645954827	0.00177533501049646	6.61069613519961e-05
-651.466645954827	0.00177533501049646	6.61069613519961e-05
-651.466830344069	0.00177533501049646	6.61069613519961e-05
-638.644369537087	0.00177533501049646	0.0744763975588888
-651.466647780485	0.00177533501049646	6.61069613519961e-05
-638.821982076375	0.00177533501049646	0.0734024733037142
-651.466640784103	0.00177533501049646	0.000455468146309377
-651.466803321039	0.00177533501049646	6.61069613519961e-05
-651.466645979553	0.00177533501049646	6.61069613519961e-05
-651.466645979553	0.00177533501049646	6.61069613519961e-05
-651.296799982338	0.00177533501049646	0.0672496144003821
-639.353676809803	0.00177533501049646	0.071440675687868
-649.188765558653	0.00177533501049646	0.138980945986709
-651.466646286064	0.00177533501049646	6.61069613519961e-05
-651.466646286064	0.00177533501049646	6.61069613519961e-05
-641.013972160926	0.00177533501049646	0.0675924125581569
-651.466645942491	0.00177533501049646	6.61069613519961e-05
-651.466645942491	0.00177533501049646	6.61069613519961e-05
-639.315990701053	0.00177533501049646	0.0719665374152918
-651.311470860223	0.00177533501049646	0.0485967128545006
-651.466645920011	0.00177533501049646	6.61069613519961e-05
-651.466645920011	0.00177533501049646	6.61069613519961e-05
-639.172554706384	0.00177533501049646	0.0717753882359949
-651.446101375889	0.00177533501049646	0.0281411122229355
-651.466646461742	0.00177533501049646	6.61069613519961e-05
-651.466948329487	0.00177533501049646	6.61069613519961e-05
-651.466646461742	0.00177533501049646	6.61069613519961e-05
-638.839128522257	0.00177533501049646	0.0727809940947213
-651.466645976808	0.00177533501049646	6.61069613519961e-05
-649.033486099429	0.00177533501049646	0.0450993425862891
-651.466645976808	0.00177533501049646	6.61069613519961e-05
-640.518872456633	0.00177533501049646	0.0945989286033306
-651.466645917174	0.00177533501049646	6.61069613519961e-05
-651.466645917174	0.00177533501049646	6.61069613519961e-05
-639.188141209471	0.00177533501049646	0.0713447955912516
-651.466645917174	0.00177533501049646	6.61069613519961e-05
-651.466645401292	0.00177533501049646	0
