model	lik	mode	convergence
1A	-1019.32177383464	1.92879916285997	0
1C	-1079.08137285842	0.950581400070973	0
1G	-1061.12391649886	0.433557726516919	0
1T	-1061.12391649883	0.433557888703997	0
2A	-1061.44966456429	0.791837708635152	0
2C	-1061.12391653122	0.433557898000592	0
2G	-1061.1239165312	0.433557932820058	0
2T	-1059.24846393511	1.40009923642754	0
3A	-1061.12391656848	0.433558085160686	0
3C	-1059.25241104262	1.39986216019453	0
3G	-1061.12391656846	0.433558181474546	0
3T	-1061.52805896167	0.794443953378014	0
4A	-1061.94394386304	1.12427558689267	0
4C	-1061.12391653186	0.433558356256502	0
4G	-1059.44248939053	1.40171489672853	0
4T	-1061.12391653184	0.433558075806468	0
5A	-1061.12391657761	0.433558100910704	0
5C	-1063.37775494995	1.02160864639471	0
5G	-1038.52828427397	1.64518422125177	0
5T	-1061.12391657755	0.433558086617342	0
6A	-1060.38650085923	1.77567009651163	0
6C	-1061.12391655113	0.433558262503059	0
6G	-1061.12391655113	0.433558178978421	0
6T	-1060.46620438989	1.38832612310361	0
7A	-1061.12391656924	0.433558060305256	0
7C	-1061.12391656911	0.433558107299443	0
7G	-1059.27445054871	1.40081970230356	0
7T	-1061.74309079727	0.953316340369455	0
8A	-1061.18108416642	0.396565195766813	0
8C	-1061.1239165464	0.433558087018177	0
8G	-1061.1239165464	0.43355803228132	0
8T	-1059.11966721153	1.40020262210711	0
9A	-1059.07158646703	1.40081052615881	0
9C	-1061.12391655743	0.433558131569611	0
9G	-1061.1239165574	0.433558017390562	0
9T	-1061.17971365116	0.38184863095498	0
10A	-1061.1239165595	0.433558127358554	0
10C	-1058.47091217124	1.41059563194409	0
10G	-1061.75500449115	0.669842842956042	0
10T	-1061.12391655971	0.433558021176591	0
11A	-1061.18101795371	0.396779915734007	0
11C	-1061.12391654622	0.433558289305094	0
11G	-1061.12391654625	0.433558111677751	0
11T	-1059.12033980369	1.40019416910953	0
12A	-1061.1793396408	0.400714864970459	0
12C	-1061.12391654333	0.433558133323503	0
12G	-1061.12391654334	0.433558077756147	0
12T	-1059.13254128535	1.40004114010733	0
13A	-1061.12391656948	0.433558075151277	0
13C	-1059.23564401744	1.39948261990872	0
13G	-1061.12391656954	0.43355786433053	0
13T	-1061.33428707981	0.641549765610769	0
14A	-1061.1239165685	0.433558092770231	0
14C	-1060.54463762657	1.72850230799855	0
14G	-1059.98527208324	1.39202485073738	0
14T	-1061.12391656841	0.433557888005563	0
neutral	-1061.40959654733	1	0
