posterior_mean	posterior_var	posterior_sd	posterior_quant	is_contained	PESL
1.93657459678562	0.0149861344072423	0.122417868006441	0.703210274091396	1	0.0190089161801463
