posterior_mean	posterior_var	posterior_sd	posterior_quant	is_contained	PESL
1.93127437896609	0.019477067522306	0.13956026484034	0.695277358396687	1	0.0242002785088311
