model	lik	mode	convergence
1A	-349.582205147466	3.17541160496197	0
1C	-418.512835428127	0.43355817616403	0
1G	-433.461402047157	0.949541579874683	0
1T	-418.512835428099	0.433558130437777	0
2A	-393.415606834804	2.03416451846058	0
2C	-418.512835423076	0.433558164792112	0
2G	-418.565762196533	0.40456452158088	0
2T	-418.512835423036	0.433558094172016	0
3A	-418.512835343798	0.433557731832122	0
3C	-418.512835343626	0.433557820389988	0
3G	-418.355024888685	0.301511394984901	0
3T	-392.178249725615	2.06300893915486	0
4A	-418.512835427498	0.433558142226195	0
4C	-418.783502131502	0.639732358767408	0
4G	-418.51283542746	0.433557989786137	0
4T	-393.465010626583	2.03723824832396	0
5A	-391.67490189777	2.07827090236655	0
5C	-418.51283545032	0.433558095649705	0
5G	-418.880854220866	0.543234276873455	0
5T	-418.512835450304	0.433558094320008	0
neutral	-418.798514804949	1	0
