posterior_mean	posterior_var	posterior_sd	posterior_quant	is_contained	PESL
3.19687495384729	0.0683111271635409	0.26136397449446	0.22908756946049	1	0.107070874616882
