lik	gamma	delta
-3032.53049279706	0.00166096386382754	0.34448061326486
-3525.47170011521	0.00166096386382754	0.0219122414211691
-3526.90008117242	0.00166096386382754	0.0306157799048198
-3526.9454734874	0.00166096386382754	0.000678559772655971
-3141.82468211755	0.00166096386382754	0.23381050932418
-3515.31853510975	0.00166096386382754	0.457144449767944
-3526.94561768192	0.00166096386382754	6.61069613519961e-05
-3526.94561768192	0.00166096386382754	6.61069613519961e-05
-3131.70520006573	0.00166096386382754	0.238299366994851
-3526.19653719999	0.00166096386382754	0.471444716361428
-3525.98236176882	0.00166096386382754	0.183383143951292
-3526.67021034598	0.00166096386382754	0.0507727768500811
-3131.31563123924	0.00166096386382754	0.236256121910152
-3526.9457265036	0.00166096386382754	6.61069613519961e-05
-3526.94561771212	0.00166096386382754	6.61069613519961e-05
-3526.94561771212	0.00166096386382754	6.61069613519961e-05
-3185.71315419452	0.00166096386382754	0.227315652929557
-3526.94579093446	0.00166096386382754	6.61069613519961e-05
-3526.94561782003	0.00166096386382754	6.61069613519961e-05
-3468.95526796549	0.00166096386382754	0.34386303543879
-3523.70692803376	0.00166096386382754	0.483375971094792
-3180.85481339022	0.00166096386382754	0.225789288615212
-3526.56327229734	0.00166096386382754	0.215845884941288
-3475.01759923895	0.00166096386382754	0.41923751620199
-3526.94566397562	0.00166096386382754	6.61069613519961e-05
-3526.94561767753	0.00166096386382754	6.61069613519961e-05
-3523.65966323279	0.00166096386382754	0.750994553640723
-3133.95475195833	0.00166096386382754	0.235453839795924
-3526.94596613968	0.00166096386382754	6.61069613519961e-05
-3526.94600062116	0.00166096386382754	6.61069613519961e-05
-3126.67087860898	0.00166096386382754	0.239458571358123
-3526.94591513716	0.00166096386382754	6.61069613519961e-05
-3134.19391536818	0.00166096386382754	0.235900619064341
-3525.75919134886	0.00166096386382754	0.933210466722405
-3526.94561812269	0.00166096386382754	6.61069613519961e-05
-3524.85588333885	0.00166096386382754	0.334891620433721
-3526.94561842307	0.00166096386382754	6.61069613519961e-05
-3132.93702712402	0.00166096386382754	0.237457005332485
-3526.94586712499	0.00166096386382754	6.61069613519961e-05
-3524.31523514288	0.00166096386382754	0.192870663987304
-3526.94561738383	0.00166096386382754	0
