model	lik	mode	convergence
1A	-262.359436945126	3.29738825540959	0
1C	-283.410672705721	1.28363016011757	0
1G	-268.430138022158	0.433558127477651	0
1T	-268.430138022126	0.433558112887977	0
2A	-268.91780509192	0.646578716585386	0
2C	-268.430138003897	0.43355821620143	0
2G	-280.362480802942	1.42756771990499	0
2T	-268.430138003887	0.433557911274306	0
3A	-268.484467830043	0.379138203132747	0
3C	-268.430138024059	0.433558114209416	0
3G	-268.430138024053	0.433558084314089	0
3T	-280.498710813956	1.4165037643787	0
4A	-268.43013801501	0.43355819967851	0
4C	-280.543198201905	1.4143228735336	0
4G	-268.48813230009	0.39163004823215	0
4T	-268.430138015167	0.433558253977513	0
neutral	-268.715818004905	1	0
