posterior_mean	posterior_var	posterior_sd	posterior_quant	is_contained	PESL
3.61338884335397	1.0696154096036	1.03422212778668	0.297823477808801	1	1.44586128275465
