posterior_mean	posterior_var	posterior_sd	posterior_quant	is_contained	PESL
3.02960389870899	0.00579634326003907	0.0761337195993935	0.351331947730248	1	0.00667273407882796
