posterior_mean	posterior_var	posterior_sd	posterior_quant	is_contained	PESL
2.47032942539756	0.0078855847701244	0.0888008151433555	0.63486960553816	1	0.00876592776737369
