posterior_mean	posterior_var	posterior_sd	posterior_quant	is_contained	PESL
1.99396709698604	0.00605969255901471	0.0778440271248521	0.536034660605658	1	0.0060960884777914
