posterior_mean	posterior_var	posterior_sd	posterior_quant	is_contained	PESL
2.27924347201095	0.0305599043965983	0.174813913624169	0.894262397389777	1	0.079293349046342
