lik	gamma	delta
-1818.97198960131	0.00198093124885585	0.224914693732185
-2007.24533554705	0.00198093124885585	0.0293327373281777
-2007.756815201	0.00198093124885585	6.61069613519961e-05
-2004.02837500722	0.00198093124885585	0.300094446900648
-2007.75658984869	0.00198093124885585	6.61069613519961e-05
-2007.7566859634	0.00198093124885585	6.61069613519961e-05
-2007.7567741492	0.00198093124885585	6.61069613519961e-05
-1824.85572922635	0.00198093124885585	0.205946709832198
-2005.57491791192	0.00198093124885585	0.421716768220094
-1828.10449734216	0.00198093124885585	0.20405305217138
-2007.0974670945	0.00198093124885585	0.391516488403593
-2007.75661632755	0.00198093124885585	6.61069613519961e-05
-2007.75658966624	0.00198093124885585	6.61069613519961e-05
-1825.7758621318	0.00198093124885585	0.204946977206117
-2007.75658966624	0.00198093124885585	6.61069613519961e-05
-2007.75658966624	0.00198093124885585	6.61069613519961e-05
-2006.44428002142	0.00198093124885585	0.259357641588821
-2007.75658989995	0.00198093124885585	6.61069613519961e-05
-2007.75658989995	0.00198093124885585	6.61069613519961e-05
-1826.94654601486	0.00198093124885585	0.204927799388536
-2007.75658977866	0.00198093124885585	6.61069613519961e-05
-1825.34460948928	0.00198093124885585	0.205420989471512
-2007.75658977866	0.00198093124885585	6.61069613519961e-05
-2007.75671966551	0.00198093124885585	6.61069613519961e-05
-2003.76630874901	0.00198093124885585	0.164977144804799
-2007.7565900912	0.00198093124885585	6.61069613519961e-05
-1828.52555536945	0.00198093124885585	0.20758388186428
-2007.756905157	0.00198093124885585	6.61069613519961e-05
-2007.10966526322	0.00198093124885585	0.190802938299957
-2007.75658986609	0.00198093124885585	6.61069613519961e-05
-1832.47906032593	0.00198093124885585	0.203311072704812
-2001.19683162917	0.00198093124885585	0.306604940018536
-2006.5092890079	0.00198093124885585	0.148276836699469
-1826.88386480572	0.00198093124885585	0.205721122072776
-2007.75658975187	0.00198093124885585	6.61069613519961e-05
-2007.75658975187	0.00198093124885585	6.61069613519961e-05
-2007.75658967404	0.00198093124885585	6.61069613519961e-05
-1841.70323223453	0.00198093124885585	0.203475454901001
-2007.75658967404	0.00198093124885585	6.61069613519961e-05
-1991.76532194748	0.00198093124885585	0.222908994480142
-2007.75658820003	0.00198093124885585	0
