posterior_mean	posterior_var	posterior_sd	posterior_quant	is_contained	PESL
3.26734202644495	0.123675233714254	0.351674897759641	0.227917922243469	1	0.195146992819605
