model	lik	mode	convergence
1A	-862.650365362067	2.05489938872859	0
1C	-946.220063154146	0.959870798619764	0
1G	-932.121140427735	0.433558043024315	0
1T	-932.121140427712	0.433557991877803	0
2A	-932.121140434429	0.43355813735146	0
2C	-932.121140434319	0.433558137956571	0
2G	-890.738238272968	1.79208377231125	0
2T	-932.177789626184	0.383842912712814	0
3A	-891.006319294517	1.79080756522411	0
3C	-932.121140436935	0.433558143837482	0
3G	-932.355235009495	0.656927852166948	0
3T	-932.121140436924	0.433558159049962	0
4A	-932.121140409255	0.433558254191196	0
4C	-928.654913322806	1.92623438429322	0
4G	-932.12114040923	0.433558005211921	0
4T	-896.02452066871	1.77266639958602	0
5A	-890.955423678926	1.78976523099545	0
5C	-932.121140410772	0.433557976983057	0
5G	-932.121140410799	0.433557976913317	0
5T	-932.156426575825	0.418854571207289	0
6A	-932.121140434662	0.43355813367977	0
6C	-932.209928603202	0.746742859106417	0
6G	-891.239778738906	1.78841604177057	0
6T	-932.121140434555	0.433558058038865	0
7A	-932.175120561202	0.378582785602263	0
7C	-932.121140437954	0.433558071689491	0
7G	-932.121140437942	0.433558061432172	0
7T	-890.701459736857	1.7924884211681	0
8A	-932.121140410108	0.4335580751901	0
8C	-932.121140410028	0.433558186197958	0
8G	-890.961341059302	1.78970392516576	0
8T	-932.154515977953	0.419955329391954	0
9A	-932.153321803394	0.420594115084548	0
9C	-890.964882924093	1.78966728112088	0
9G	-932.121140409939	0.433558067495497	0
9T	-932.121140409868	0.433558056667642	0
10A	-932.178917553681	0.393911741444561	0
10C	-890.8057184113	1.79134989633276	0
10G	-932.121140426827	0.433558058307366	0
10T	-932.121140426815	0.433558311998968	0
11A	-932.121140447965	0.433558050302542	0
11C	-932.121140447807	0.43355797174468	0
11G	-932.371358581713	0.611345509366098	0
11T	-890.849883103232	1.7926209639147	0
12A	-890.831996831326	1.79106725437736	0
12C	-932.177809196686	0.398017109910707	0
12G	-932.121140423862	0.433558161262623	0
12T	-932.12114042385	0.433558199160041	0
13A	-891.64929709356	1.78554504924894	0
13C	-932.121140411146	0.433558164846617	0
13G	-932.121140411073	0.433557990334078	0
13T	-932.062765818651	1.1729491678641	0
14A	-932.12114041146	0.433558194388894	0
14C	-931.939591597662	1.54980508388764	0
14G	-892.377669420479	1.78660663077874	0
14T	-932.121140411251	0.433557924095846	0
neutral	-932.406819406703	1	0
