model	lik	mode	convergence
1A	-200.581215785455	2.9919085307734	0
1C	-236.12663611543	0.957911640578568	0
1G	-221.309818215112	0.433558053954965	0
1T	-221.309818215089	0.43355803580855	0
2A	-221.309818108494	0.433557723372726	0
2C	-221.309818108374	0.433557792879135	0
2G	-228.920028595519	1.50670884886666	0
2T	-221.521478723787	0.521498417630885	0
neutral	-221.595497472761	1	0
