posterior_mean	posterior_var	posterior_sd	posterior_quant	is_contained	PESL
3.05408298739788	0.185990429233195	0.431266077072143	0.468908131477656	1	0.18891539875907
