posterior_mean	posterior_var	posterior_sd	posterior_quant	is_contained	PESL
1.46657608461142	0.00410724655118098	0.0640878034510544	0.702698095674686	1	0.00522440467107574
