model	lik	mode	convergence
1A	-629.495404498128	1.79511303068149	0
1C	-637.130383813094	0.433558130032577	0
1G	-654.192389219609	0.989128948211261	0
1T	-637.130383813063	0.433558159364569	0
2A	-637.130383793075	0.43355794933338	0
2C	-651.94807908706	1.16807852754825	0
2G	-637.130383793084	0.433557940860688	0
2T	-637.080676449938	0.326642805259586	0
3A	-637.130383807766	0.433558147413868	0
3C	-652.026502545867	1.16488681008466	0
3G	-637.130383807792	0.433558163660071	0
3T	-637.18063868231	0.37372507104047	0
4A	-637.130383770372	0.433557871557123	0
4C	-637.044551974658	0.317034757602117	0
4G	-637.130383770381	0.433557945502425	0
4T	-651.929227651629	1.16884780338067	0
5A	-637.165347647332	1.11015255494273	0
5C	-637.130383777125	0.433557770704912	0
5G	-652.271237754793	1.15549879629798	0
5T	-637.13038377716	0.433557975310993	0
6A	-637.130383774748	0.4335580753312	0
6C	-637.130383775253	0.433559926172391	0
6G	-652.098634384601	1.16196346486553	0
6T	-637.138157415985	0.430990406815282	0
7A	-637.130383778635	0.43355815574643	0
7C	-637.130383778514	0.433558492943332	0
7G	-637.169701062959	0.416440831825297	0
7T	-652.082263003515	1.16262591666533	0
8A	-637.130383797114	0.433558141753991	0
8C	-637.130383796921	0.433558278720413	0
8G	-637.115282748643	1.12333518695317	0
8T	-652.273689367972	1.15540646840079	0
9A	-651.883897862177	1.17070080628392	0
9C	-637.130383673679	0.433557660588952	0
9G	-636.943224211803	0.296123006389637	0
9T	-637.130383673667	0.433557668350619	0
10A	-651.945691766921	1.17094058013327	0
10C	-637.130383422282	0.433557153077441	0
10G	-638.037456927057	0.849552316670485	0
10T	-637.130383422268	0.433557104354799	0
neutral	-637.416063705072	1	0
