posterior_mean	posterior_var	posterior_sd	posterior_quant	is_contained	PESL
1.82389442984945	0.0518337742579847	0.227670319229329	0.78568272968554	1	0.0828469460960335
