posterior_mean	posterior_var	posterior_sd	posterior_quant	is_contained	PESL
2.45165709515973	0.122410188735307	0.349871674668452	0.0913783745966602	1	0.326404320343469
