posterior_mean	posterior_var	posterior_sd	posterior_quant	is_contained	PESL
1.98115869633501	0.0710540320591018	0.266559621959332	0.546130941447031	1	0.0714090267828954
