lik	gamma	delta
-850.240058195221	0.00285781390759739	0.19129812450184
-858.517342342705	0.00285781390759739	6.61069613519961e-05
-858.304679148563	0.00285781390759739	0.00802901110392716
-858.519792679061	0.00285781390759739	6.61069613519961e-05
-858.517374536616	0.00285781390759739	6.61069613519961e-05
-857.162724457203	0.00285781390759739	0.0193323508980034
-858.517281112371	0.00285781390759739	6.61069613519961e-05
-858.517708258765	0.00285781390759739	6.61069613519961e-05
-857.353295080744	0.00285781390759739	0.017474939198138
-858.5172796821	0.00285781390759739	6.61069613519961e-05
-858.5172796821	0.00285781390759739	6.61069613519961e-05
-858.5172796821	0.00285781390759739	6.61069613519961e-05
-857.298092984075	0.00285781390759739	0.0179906164287319
-858.517280640067	0.00285781390759739	6.61069613519961e-05
-858.517280640067	0.00285781390759739	6.61069613519961e-05
-858.517442282463	0.00285781390759739	6.61069613519961e-05
-857.252499656439	0.00285781390759739	0.0182738186525926
-858.517280952127	0.00285781390759739	6.61069613519961e-05
-858.517644009648	0.00285781390759739	6.61069613519961e-05
-858.517280952127	0.00285781390759739	6.61069613519961e-05
-858.51734051845	0.00285781390759739	6.61069613519961e-05
-851.55608257358	0.00285781390759739	0.119705347409328
-858.496022747968	0.00285781390759739	0.0120383805897005
-858.518232748191	0.00285781390759739	6.61069613519961e-05
-858.517747583325	0.00285781390759739	6.61069613519961e-05
-858.517791642307	0.00285781390759739	6.61069613519961e-05
-858.517284237264	0.00285781390759739	6.61069613519961e-05
-857.070172627826	0.00285781390759739	0.0197423936572703
-858.518021309319	0.00285781390759739	6.61069613519961e-05
-858.517461178218	0.00285781390759739	6.61069613519961e-05
-857.010191933223	0.00285781390759739	0.0201770857122034
-858.51754288578	0.00285781390759739	6.61069613519961e-05
-858.517543095891	0.00285781390759739	6.61069613519961e-05
-858.517446609849	0.00285781390759739	6.61069613519961e-05
-858.517284967453	0.00285781390759739	6.61069613519961e-05
-857.171669271621	0.00285781390759739	0.0193516875320067
-858.51740793802	0.00285781390759739	6.61069613519961e-05
-858.117008180752	0.00285781390759739	0.24030788044083
-857.27443904618	0.00285781390759739	0.0181958916318873
-858.517745381606	0.00285781390759739	6.61069613519961e-05
-858.517278616725	0.00285781390759739	0
