posterior_mean	posterior_var	posterior_sd	posterior_quant	is_contained	PESL
2.53421778505799	0.0111159926116566	0.105432407786489	0.377475979376377	1	0.0122868494259299
