model	lik	mode	convergence
1A	-280.794426645643	1.73829411700907	0
1C	-288.983711725983	0.433558170338741	0
1G	-302.383841446341	0.858686653642905	0
1T	-288.983711725958	0.433558050307137	0
2A	-288.983711710872	0.433558109000767	0
2C	-288.847224033711	0.885957868975448	0
2G	-288.983711710914	0.433558458483264	0
2T	-297.708535352549	1.41298718599014	0
3A	-297.249952839754	1.44243323958427	0
3C	-288.983711724776	0.43355819403692	0
3G	-289.687543993425	0.86877549720143	0
3T	-288.983711724747	0.433558172353956	0
4A	-289.056523384562	0.414890961986785	0
4C	-296.640977669654	1.46318461562942	0
4G	-288.983711736709	0.43355810919666	0
4T	-288.983711736674	0.433558135846322	0
5A	-289.027811837625	0.413080034486586	0
5C	-297.36394373449	1.42695815892352	0
5G	-288.983711714752	0.433558195957096	0
5T	-288.983711714731	0.433558468297274	0
neutral	-289.269389913895	1	0
