posterior_mean	posterior_var	posterior_sd	posterior_quant	is_contained	PESL
2.92299281048378	0.00566940513249011	0.0752954522696432	0.846717366279572	1	0.011599512369733
