posterior_mean	posterior_var	posterior_sd	posterior_quant	is_contained	PESL
1.66667535392518	0.0258189975492591	0.160682909947695	0.148783317998874	1	0.0535996711553116
