posterior_mean	posterior_var	posterior_sd	posterior_quant	is_contained	PESL
2.37892659046602	0.00885715014965545	0.0941124335550593	0.899445945932947	1	0.0235159206459003
