posterior_mean	posterior_var	posterior_sd	posterior_quant	is_contained	PESL
3.51144983242046	0.16733626619171	0.409067557002154	0.100680376263176	1	0.428917197274663
