posterior_mean	posterior_var	posterior_sd	posterior_quant	is_contained	PESL
2.32806765336675	0.0971368182816358	0.31166780116277	0.00126225717018296	0	0.78283285683389
