model	lik	mode	convergence
1A	-404.031198449039	2.8949435140885	0
1C	-457.202045748785	0.433557989187434	0
1G	-476.089165328644	0.854173134667401	0
1T	-457.20204574876	0.433558150854003	0
2A	-457.202045780809	0.433558096727265	0
2C	-457.302442826164	0.709254706028288	0
2G	-456.389932811675	1.63605901426102	0
2T	-457.202045780709	0.433557919509566	0
3A	-456.081765881267	1.64011472629982	0
3C	-457.202045761725	0.433558213928935	0
3G	-457.259957413898	0.392872173213742	0
3T	-457.202045761696	0.43355815414649	0
4A	-456.182611058566	1.63791944408965	0
4C	-457.202045747461	0.433558209342748	0
4G	-457.245885841031	0.413276783339493	0
4T	-457.202045747445	0.433558169687324	0
neutral	-457.487725802925	1	0
