posterior_mean	posterior_var	posterior_sd	posterior_quant	is_contained	PESL
2.91685669417034	0.0635610590124339	0.252113186907059	0.638922934752353	1	0.0704738683148623
