model	lik	mode	convergence
1A	-130.366037653415	3.29118950132393	0
1C	-176.07620053386	0.433558107125764	0
1G	-176.800360281872	0.436414578473084	0
1T	-176.076200533846	0.433558068289122	0
2A	-176.076200533965	0.43355811428917	0
2C	-130.366037653863	3.29118946602592	0
2G	-176.800360282021	0.436414658045453	0
2T	-176.076200533994	0.433557985984277	0
3A	-176.076199793064	0.433558035311867	0
3C	-156.128739172013	3.41510997089869	0
3G	-176.076199793113	0.43355903404921	0
3T	-170.527515481393	2.76633495773986	0
neutral	-176.361879809415	1	0
