posterior_mean	posterior_var	posterior_sd	posterior_quant	is_contained	PESL
3.32609779282418	0.114939463385215	0.339027231037885	0.168278103781088	1	0.221279233869998
