posterior_mean	posterior_var	posterior_sd	posterior_quant	is_contained	PESL
2.20979774406589	0.115587607730734	0.339981775586183	0.0102580879293652	0	0.619400445209279
