posterior_mean	posterior_var	posterior_sd	posterior_quant	is_contained	PESL
2.33088223028957	0.0204192242949103	0.142895851216578	0.880269663961264	1	0.0490200443267313
