posterior_mean	posterior_var	posterior_sd	posterior_quant	is_contained	PESL
2.08739029423024	0.00365136264678452	0.060426506160662	0.0725255106462576	1	0.011288426176189
