posterior_mean	posterior_var	posterior_sd	posterior_quant	is_contained	PESL
2.05095843221816	0.00354373333613301	0.059529264535462	0.196685411377016	1	0.00614049515022989
