posterior_mean	posterior_var	posterior_sd	posterior_quant	is_contained	PESL
1.50404835142956	0.00229334284158329	0.0478888592637503	0.470510374692503	1	0.00230973199087703
