model	lik	mode	convergence
1A	-283.795270941603	3.13557454021982	0
1C	-367.429777558165	0.4335581065428	0
1G	-367.429777558184	0.433558053113816	0
1T	-382.57989809645	1.11433126148343	0
2A	-367.429777531718	0.433557901968937	0
2C	-367.429777531159	0.433558575878125	0
2G	-367.460291331086	0.421461669647997	0
2T	-305.679667445201	2.81679789744067	0
3A	-367.42977754167	0.433558139200199	0
3C	-367.583559805044	0.728273624799314	0
3G	-367.429777541621	0.433558041296486	0
3T	-305.895053229518	2.82103393678757	0
4A	-367.429777566433	0.433558134381921	0
4C	-305.909472510908	2.83164873432057	0
4G	-367.572390050536	0.994013009951234	0
4T	-367.429777566548	0.43355791594345	0
5A	-367.481774722719	0.37580613811088	0
5C	-304.9602339661	2.83450894527148	0
5G	-367.429777561323	0.433558156507337	0
5T	-367.429777561293	0.433558115357888	0
neutral	-367.71545737706	1	0
