model	lik	mode	convergence
1A	-157.565822151839	2.78942359536107	0
1C	-189.284856121553	0.433558239945966	0
1G	-189.284856121661	0.433557845335073	0
1T	-202.097302580017	0.767927598956289	0
2A	-184.501442850489	2.05640344866589	0
2C	-189.284856121833	0.433558058980346	0
2G	-189.284856121813	0.433557759026003	0
2T	-186.71814344013	2.28948662579319	0
neutral	-189.570533825613	1	0
