posterior_mean	posterior_var	posterior_sd	posterior_quant	is_contained	PESL
2.82251271426246	0.0927017340632341	0.304469594644907	0.7281139367417	1	0.124203470661719
