model	lik	mode	convergence
1A	-584.269382804072	2.09514652794109	0
1C	-602.914724853241	0.4335581055674	0
1G	-602.914724853247	0.433558238888478	0
1T	-618.09317598616	0.953175327059922	0
2A	-602.914724844081	0.433558204224109	0
2C	-612.374007949359	1.28768803828358	0
2G	-602.967894173103	0.404241592482982	0
2T	-602.914724844385	0.433558167660536	0
3A	-602.963485065904	0.409131318312543	0
3C	-602.914724840885	0.433558361741899	0
3G	-612.384573147012	1.2873839339535	0
3T	-602.914724840874	0.433558115486156	0
4A	-602.914724840022	0.433558060675113	0
4C	-602.914724839967	0.433558099397995	0
4G	-612.197114737692	1.29584691963234	0
4T	-603.640602921649	0.775377785925283	0
5A	-602.914724857923	0.433558120472115	0
5C	-602.914724857814	0.43355809747402	0
5G	-612.785756287863	1.27884290057599	0
5T	-603.17366892836	1.22759800369635	0
6A	-602.969106816139	0.379223077899197	0
6C	-602.914724862547	0.433558149617168	0
6G	-612.315713748819	1.28937823927903	0
6T	-602.914724862507	0.433558290342079	0
7A	-602.129386158688	1.79489973511449	0
7C	-602.914724834458	0.43355810409466	0
7G	-602.914724834611	0.433558317477768	0
7T	-613.407232862521	1.26294256067177	0
8A	-612.294840717468	1.28998832996688	0
8C	-602.962408415893	0.371027609673035	0
8G	-602.914724867655	0.433558145144417	0
8T	-602.914724867631	0.433558118872496	0
9A	-602.967131203582	0.405229655136489	0
9C	-602.914724843498	0.433558043124547	0
9G	-612.376145556297	1.28762645319961	0
9T	-602.914724843488	0.433558200580023	0
neutral	-603.200404158839	1	0
