posterior_mean	posterior_var	posterior_sd	posterior_quant	is_contained	PESL
2.1180502641714	0.0481447982446701	0.219419229432313	0.303811021650795	1	0.0620806631155763
