model	lik	mode	convergence
1A	-385.09486461146	2.42407206254157	0
1C	-428.664832627591	0.433558067269074	0
1G	-428.664832627591	0.433558176536836	0
1T	-443.164877194912	0.950130798919456	0
2A	-428.718637794039	0.403353379491723	0
2C	-415.598624467924	1.78961935721669	0
2G	-428.664832611036	0.433558216707253	0
2T	-428.664832611006	0.433558156129483	0
3A	-428.664832635389	0.433558090166467	0
3C	-429.171634931767	1.25258407492529	0
3G	-416.105841060396	1.80261808880713	0
3T	-428.66483263528	0.4335583815658	0
4A	-428.664832573883	0.433660428429494	0
4C	-415.939961601934	1.79103572184798	0
4G	-429.090114822806	1.00633949209892	0
4T	-428.664832585336	0.433574934383349	0
neutral	-428.950511761914	1	0
