posterior_mean	posterior_var	posterior_sd	posterior_quant	is_contained	PESL
2.44021203404238	0.0392101877528233	0.198015625021924	0.628030636658745	1	0.0427847886261808
