posterior_mean	posterior_var	posterior_sd	posterior_quant	is_contained	PESL
3.36659842837058	0.033824378476647	0.183914051873822	0.0200659295164934	0	0.168218785607285
