model	lik	mode	convergence
1A	-338.519856413656	2.15375554105066	0
1C	-344.276860926412	0.43355800778968	0
1G	-344.276860926391	0.433558140762215	0
1T	-357.874918352818	0.907695801036245	0
2A	-344.276860913149	0.433558102522198	0
2C	-344.333919082975	0.385027666397634	0
2G	-344.276860913118	0.433558014917597	0
2T	-357.695380691115	1.10685825942132	0
3A	-344.305068419178	0.42261683073747	0
3C	-344.276860888358	0.433558071992557	0
3G	-357.727700349464	1.10342934463046	0
3T	-344.276860888384	0.433557926959595	0
4A	-344.276860889696	0.433558140717923	0
4C	-344.309880509796	0.420147558062381	0
4G	-357.725777620409	1.10363568108841	0
4T	-344.27686088955	0.433558242593002	0
5A	-344.276860925932	0.433558095081235	0
5C	-357.672337508018	1.1092560738692	0
5G	-344.276860925973	0.433558173446619	0
5T	-344.31387072976	0.362479477817976	0
6A	-344.276860924469	0.433558071454197	0
6C	-344.2768609243	0.433558103107953	0
6G	-344.462075326214	1.36307183395199	0
6T	-357.935709764402	1.07684889803001	0
neutral	-344.562538476452	1	0
