posterior_mean	posterior_var	posterior_sd	posterior_quant	is_contained	PESL
2.48482383602383	0.00923834195052908	0.0961162938867759	0.567684709793184	1	0.00946865790355642
