model	lik	mode	convergence
1A	-215.447475339596	2.11248961907318	0
1C	-229.782141782179	0.43355804958871	0
1G	-245.463964024023	1.16476507562277	0
1T	-229.782141782167	0.433558161120593	0
2A	-229.840123308363	0.390084840905072	0
2C	-232.909161175986	1.75633706293113	0
2G	-229.782141798877	0.433558072235896	0
2T	-229.782141798849	0.433558207054535	0
3A	-229.782141809391	0.43355806943606	0
3C	-229.782141809235	0.433557892189281	0
3G	-232.808280115723	1.76073226655001	0
3T	-229.833669913917	0.375219371960818	0
neutral	-230.067821689555	1	0
