posterior_mean	posterior_var	posterior_sd	posterior_quant	is_contained	PESL
2.14281772270677	0.0644298419545176	0.253830340886423	0.915366727928578	1	0.192009021166911
