posterior_mean	posterior_var	posterior_sd	posterior_quant	is_contained	PESL
2.59241082320958	0.00463476625268899	0.0680791175962864	0.0861108698579839	1	0.0131745264989116
