posterior_mean	posterior_var	posterior_sd	posterior_quant	is_contained	PESL
1.99859744927406	0.023757120669901	0.154133450846664	0.513933007154759	1	0.0237590881017342
