posterior_mean	posterior_var	posterior_sd	posterior_quant	is_contained	PESL
2.64344737463871	0.134876728798673	0.367255672248467	0.835559301808074	1	0.262006503449696
