model	lik	mode	convergence
1A	-661.581844372665	1.49528933314416	0
1C	-664.537779538959	0.433558177983444	0
1G	-664.537779538967	0.433558234092023	0
1T	-681.347020429295	0.883476821168271	0
2A	-664.53777942693	0.433557668249932	0
2C	-664.537779426797	0.433557667047577	0
2G	-682.418345424009	1.02362890432386	0
2T	-664.725104985166	0.528735870802463	0
3A	-664.537779422383	0.433557702389321	0
3C	-664.5377794221	0.43355783785402	0
3G	-664.357072343905	0.297270840166264	0
3T	-682.390818239061	1.02866421319259	0
4A	-682.402363892103	1.02650079336334	0
4C	-664.760973231336	0.469015964191968	0
4G	-664.537779512944	0.43355788031758	0
4T	-664.537779512936	0.433557954464149	0
5A	-664.53777953589	0.433558143759422	0
5C	-682.443925366088	1.0152585701345	0
5G	-665.326889408576	1.0675440804667	0
5T	-664.53777953606	0.433558010470516	0
6A	-664.537779554116	0.433558098158307	0
6C	-682.259047462523	1.04333308053256	0
6G	-664.53777955416	0.433558070224586	0
6T	-665.358236009721	0.735349900413122	0
7A	-682.417487353178	1.02437074433712	0
7C	-664.537779545802	0.433558066910288	0
7G	-664.591567618008	0.378287696478057	0
7T	-664.537779545794	0.43355816459365	0
8A	-665.044971130962	0.611830983529873	0
8C	-682.382031390147	1.02920990616997	0
8G	-664.537779517134	0.433558301528191	0
8T	-664.537779517031	0.433558301358858	0
9A	-664.594512025299	0.384067814320305	0
9C	-682.418878872361	1.02412627933126	0
9G	-664.537779541878	0.433558149072002	0
9T	-664.53777954185	0.433558053354301	0
10A	-664.537779447935	0.43355770401248	0
10C	-664.775857462713	0.494111794839206	0
10G	-664.537779447911	0.433557632455569	0
10T	-682.373688697295	1.0306624207209	0
neutral	-664.82345951629	1	0
