model	lik	mode	convergence
1A	-332.178644229832	0.65476103889886	0
1C	-346.920166290461	1.06330973470133	0
1G	-331.717341796023	0.43355797022843	0
1T	-331.717341795997	0.433557981380751	0
2A	-346.94490029214	1.0593599834484	0
2C	-331.717341802753	0.433558107859299	0
2G	-332.162857216724	0.718986900119881	0
2T	-331.717341802739	0.433558084101869	0
3A	-331.717341806386	0.433558057855544	0
3C	-331.738428363694	0.353120609048742	0
3G	-331.717341806353	0.433557996904333	0
3T	-346.907246450326	1.06630752600345	0
4A	-331.717341805724	0.433558062363578	0
4C	-331.717341805609	0.433558005678939	0
4G	-346.911453589464	1.06569004893901	0
4T	-331.748906945564	0.35896803062558	0
5A	-331.73842836352	0.353120609966395	0
5C	-346.907246450283	1.06630752448571	0
5G	-331.717341806218	0.433558057094069	0
5T	-331.717341806195	0.433557974890251	0
neutral	-332.003021247474	1	0
