model	lik	mode	convergence
1A	-247.445020589664	1.76582378743602	0
1C	-270.658259507556	0.898840195020192	0
1G	-256.660240796117	0.433558120525865	0
1T	-256.660240796095	0.433558089875477	0
2A	-256.660240763774	0.433558290998005	0
2C	-263.660999921288	1.51294667438875	0
2G	-256.694226368161	0.419622059283562	0
2T	-256.660240764001	0.433558493529444	0
3A	-256.6602407654	0.433558317360502	0
3C	-263.645877471864	1.51362109137641	0
3G	-256.700951692559	0.41549981797325	0
3T	-256.660240765804	0.433557889990758	0
neutral	-256.945919730865	1	0
