posterior_mean	posterior_var	posterior_sd	posterior_quant	is_contained	PESL
2.29081685095359	0.125349094554663	0.35404674063556	0.209902068722844	1	0.209923535353142
