posterior_mean	posterior_var	posterior_sd	posterior_quant	is_contained	PESL
2.0174398361247	0.00752029080456038	0.0867196102652703	0.425700739011911	1	0.00782443868861519
