model	lik	mode	convergence
1A	-273.105806974117	2.63573282721052	0
1C	-337.571557660691	0.433558338077938	0
1G	-351.39811930667	0.91608382398071	0
1T	-337.571557660669	0.433557980603147	0
2A	-337.571557654266	0.433558300525462	0
2C	-291.079833155219	2.4614808393408	0
2G	-337.571557654508	0.433558533751828	0
2T	-337.600495954156	0.422256895926714	0
neutral	-337.857236770376	1	0
