posterior_mean	posterior_var	posterior_sd	posterior_quant	is_contained	PESL
2.64974517362894	0.036958614141481	0.192246233100888	0.220717958394263	1	0.0593822311665103
