lik	gamma	delta
-1029.44626429839	0.00240599755091354	0.255281071332631
-1115.78111169175	0.00240599755091354	0.0135587858776191
-1116.0604430851	0.00240599755091354	0.0336658823958749
-1116.1081797058	0.00240599755091354	6.61069613519961e-05
-1116.10804102658	0.00240599755091354	6.61069613519961e-05
-1116.108348988	0.00240599755091354	6.61069613519961e-05
-1116.10804102658	0.00240599755091354	6.61069613519961e-05
-1057.14493890385	0.00240599755091354	0.140290178705692
-1116.10838773208	0.00240599755091354	6.61069613519961e-05
-1116.10804084398	0.00240599755091354	6.61069613519961e-05
-1057.09350710383	0.00240599755091354	0.140309849102294
-1116.10804084398	0.00240599755091354	6.61069613519961e-05
-1116.07952373456	0.00240599755091354	0.0185644746423621
-1116.10804092768	0.00240599755091354	6.61069613519961e-05
-1056.98185985668	0.00240599755091354	0.141889375384286
-1116.10809110167	0.00240599755091354	6.61069613519961e-05
-1116.10804024112	0.00240599755091354	6.61069613519961e-05
-1116.10804024112	0.00240599755091354	6.61069613519961e-05
-1116.10804024112	0.00240599755091354	6.61069613519961e-05
-1057.88454070012	0.00240599755091354	0.138672879226648
-1116.10808962776	0.00240599755091354	6.61069613519961e-05
-1057.77858343078	0.00240599755091354	0.138881820947359
-1116.10804026083	0.00240599755091354	6.61069613519961e-05
-1116.10804026083	0.00240599755091354	6.61069613519961e-05
-1116.10804042303	0.00240599755091354	6.61069613519961e-05
-1057.55131605549	0.00240599755091354	0.139349982881672
-1116.10804042303	0.00240599755091354	6.61069613519961e-05
-1116.10819037098	0.00240599755091354	6.61069613519961e-05
-1115.88486200648	0.00240599755091354	0.0538811897113097
-1116.10804191017	0.00240599755091354	6.61069613519961e-05
-1114.25476993269	0.00240599755091354	0.263647081993354
-1059.07814687048	0.00240599755091354	0.140291443524276
-1098.39744247122	0.00240599755091354	0.0840945072454415
-1058.29022956173	0.00240599755091354	0.316900688119641
-1116.10810302027	0.00240599755091354	6.61069613519961e-05
-1116.10838088828	0.00240599755091354	6.61069613519961e-05
-1116.10804078472	0.00240599755091354	6.61069613519961e-05
-1116.10908167111	0.00240599755091354	6.61069613519961e-05
-1116.10835753305	0.00240599755091354	6.61069613519961e-05
-1050.94683579232	0.00240599755091354	0.156901124977869
-1116.10803987629	0.00240599755091354	0
