posterior_mean	posterior_var	posterior_sd	posterior_quant	is_contained	PESL
2.57769585538977	0.00475333162356127	0.0689444096614169	0.129338410018334	1	0.0107899775682999
