model	lik	mode	convergence
1A	-218.078847333319	2.13751937131346	0
1C	-236.402176238459	0.433558267245354	0
1G	-236.402176238573	0.433558193506211	0
1T	-249.066554190212	1.17236482948924	0
2A	-217.950816420723	2.06237245451263	0
2C	-248.807752345483	0.704456822217875	0
2G	-236.40217627464	0.433557960577328	0
2T	-236.402176274613	0.433558018849607	0
3A	-236.402176254558	0.433558201997395	0
3C	-231.081189809516	1.99611385723027	0
3G	-236.619267710398	0.681303494534267	0
3T	-236.402176254696	0.433558142892523	0
4A	-236.402176239846	0.433558111637386	0
4C	-236.402176239711	0.433557751465221	0
4G	-230.961376183283	1.99303193029166	0
4T	-236.440661122929	0.416960660116872	0
neutral	-236.687853894571	1	0
