posterior_mean	posterior_var	posterior_sd	posterior_quant	is_contained	PESL
2.16246870146869	0.0535856417887817	0.231485726965577	0.92270984157693	1	0.167513019277021
