lik	gamma	delta
-688.495246498636	0.00294709047365454	0.0466231306999507
-688.188469238762	0.00294709047365454	0.0132174953295593
-688.685616658776	0.00294709047365454	6.61069613519961e-05
-688.686411108271	0.00294709047365454	6.61069613519961e-05
-688.135386461867	0.00294709047365454	0.0136201531967803
-688.685613682716	0.00294709047365454	6.61069613519961e-05
-688.685613682716	0.00294709047365454	6.61069613519961e-05
-688.686190604029	0.00294709047365454	6.61069613519961e-05
-688.214779549782	0.00294709047365454	0.385994210601038
-688.19828261716	0.00294709047365454	0.0127739153437713
-688.686218419274	0.00294709047365454	6.61069613519961e-05
-688.685614958219	0.00294709047365454	6.61069613519961e-05
-688.685616251574	0.00294709047365454	6.61069613519961e-05
-687.961140643545	0.00294709047365454	0.0157421758150494
-688.685770771554	0.00294709047365454	6.61069613519961e-05
-688.686836164609	0.00294709047365454	6.61069613519961e-05
-688.685612950151	0.00294709047365454	6.61069613519961e-05
-688.685612950151	0.00294709047365454	6.61069613519961e-05
-688.133946130432	0.00294709047365454	0.0135588604429851
-688.68623045481	0.00294709047365454	6.61069613519961e-05
-688.685610939023	0.00294709047365454	6.61069613519961e-05
-688.685610939023	0.00294709047365454	6.61069613519961e-05
-688.685610939023	0.00294709047365454	6.61069613519961e-05
-688.25507343507	0.00294709047365454	0.0118595959975876
-688.686630513433	0.00294709047365454	6.61069613519961e-05
-688.685616216819	0.00294709047365454	6.61069613519961e-05
-688.685616216819	0.00294709047365454	6.61069613519961e-05
-688.044376578292	0.00294709047365454	0.0147369720387299
-688.48731568187	0.00294709047365454	0.00858164888770285
-688.190886303347	0.00294709047365454	0.057761705232909
-688.685829529859	0.00294709047365454	6.61069613519961e-05
-688.53842561331	0.00294709047365454	0.0284909043985685
-688.224434472181	0.00294709047365454	0.0123044395930643
-688.685611212203	0.00294709047365454	6.61069613519961e-05
-688.685611212203	0.00294709047365454	6.61069613519961e-05
-688.685777149252	0.00294709047365454	6.61069613519961e-05
-688.685612078897	0.00294709047365454	6.61069613519961e-05
-688.628918203506	0.00294709047365454	0.0168503419364792
-688.685612078897	0.00294709047365454	6.61069613519961e-05
-688.305267727446	0.00294709047365454	0.0115493862852542
-688.685610350781	0.00294709047365454	0
