posterior_mean	posterior_var	posterior_sd	posterior_quant	is_contained	PESL
1.52570632476512	0.00155138463647028	0.0393876203453607	0.258579300218716	1	0.00221219976940243
