posterior_mean	posterior_var	posterior_sd	posterior_quant	is_contained	PESL
1.48210456094	0.00170202399930609	0.0412555935517366	0.670505747281981	1	0.00202227073846274
