posterior_mean	posterior_var	posterior_sd	posterior_quant	is_contained	PESL
3.12934276604383	0.266320480446314	0.516062477270257	0.104297941048512	1	0.662392797621257
