model	lik	mode	convergence
1A	-538.836191673169	2.00796227178147	0
1C	-549.219638784759	0.433558144130551	0
1G	-549.219638784793	0.43355811626431	0
1T	-564.674937150074	0.94582969218846	0
2A	-549.219638813728	0.433558052317062	0
2C	-549.240015437766	0.352757290721038	0
2G	-549.219638813704	0.433557882842182	0
2T	-563.361625727003	1.13499452422949	0
3A	-549.219638564627	0.433557451556906	0
3C	-549.395912484461	0.461241091512721	0
3G	-563.334521041424	1.13662004429047	0
3T	-549.219638564519	0.433557513753591	0
4A	-549.129943323205	0.316094686695578	0
4C	-549.219638766408	0.433557896913267	0
4G	-549.219638766387	0.433557797576109	0
4T	-563.30731051368	1.13753259921967	0
5A	-563.436739008501	1.13147255843789	0
5C	-549.219638776097	0.433558188312272	0
5G	-549.219638776074	0.433558198463364	0
5T	-549.252956523069	0.419986846299364	0
neutral	-549.50531825228	1	0
