model	lik	mode	convergence
1A	-348.357512897743	1.78592728169473	0
1C	-364.232472406358	1.00124199085416	0
1G	-349.959701368422	0.433558027386905	0
1T	-349.959701368388	0.433558163055008	0
2A	-349.95970134449	0.433558136788197	0
2C	-363.831721055762	1.09612154561863	0
2G	-349.959701344586	0.43355832216135	0
2T	-350.014013252092	0.402593474638053	0
3A	-349.959701370139	0.433558024428219	0
3C	-349.959701370044	0.433558129839375	0
3G	-363.776928271141	1.1021694195269	0
3T	-349.962779716242	0.344804748613241	0
4A	-349.959701334452	0.433558111511448	0
4C	-349.420319707637	1.74200006584529	0
4G	-349.959701334469	0.433558335553639	0
4T	-364.082770412253	1.0607677497908	0
5A	-349.959701330718	0.433557874084885	0
5C	-349.959701330511	0.433558027484241	0
5G	-350.185400020199	0.557778620704128	0
5T	-363.827849730069	1.09639495402457	0
6A	-349.836689159826	0.308538569261609	0
6C	-363.730684265797	1.10708559651157	0
6G	-349.959701297586	0.433557785373292	0
6T	-349.959701297563	0.433557752468112	0
neutral	-350.245379661341	1	0
