posterior_mean	posterior_var	posterior_sd	posterior_quant	is_contained	PESL
2.51215553768479	0.00396241720499697	0.0629477339147087	0.42659217940422	1	0.00411017430139613
