posterior_mean	posterior_var	posterior_sd	posterior_quant	is_contained	PESL
3.10132652519315	0.00615486960412312	0.0784529770252418	0.0972390453511922	1	0.0164219343118489
