posterior_mean	posterior_var	posterior_sd	posterior_quant	is_contained	PESL
2.29928457541637	0.125999650744152	0.354964295027193	0.967943830782047	1	0.617001756994084
