model	lik	mode	convergence
1A	-279.933208488604	2.49553082765369	0
1C	-291.234291990171	0.433558195133914	0
1G	-291.234291990181	0.433558165466481	0
1T	-305.123098138874	1.01013318421085	0
2A	-291.234292004683	0.433558138950278	0
2C	-301.203970156597	1.3424322583157	0
2G	-291.287703325963	0.377727933960708	0
2T	-291.234292004762	0.433557964586588	0
3A	-301.271002225096	1.33888351942376	0
3C	-291.234291987517	0.433558231159245	0
3G	-291.289448931179	0.401196725539605	0
3T	-291.234291987504	0.433558025349231	0
4A	-291.417912049003	0.510285771772757	0
4C	-291.234291921929	0.43355781151852	0
4G	-291.234291921914	0.433557759046242	0
4T	-300.254635242371	1.39749456510609	0
5A	-300.922431612634	1.35904173259847	0
5C	-291.432844596556	0.452752921242539	0
5G	-291.234292004403	0.433557986180939	0
5T	-291.234292004384	0.433558053159625	0
neutral	-291.519969885378	1	0
