model	lik	mode	convergence
1A	-300.976925470075	1.58548719231125	0
1C	-301.442847883743	0.433558104099452	0
1G	-301.44284788374	0.433558019096487	0
1T	-317.260046060425	1.21725220451091	0
2A	-315.999585841458	1.2834356154421	0
2C	-301.439120765748	0.342023638230628	0
2G	-301.442847893896	0.433557915790474	0
2T	-301.442847893892	0.433557994929392	0
3A	-316.608372179796	1.25223795360846	0
3C	-301.513761676595	1.3342058100603	0
3G	-301.442847894866	0.433558078639517	0
3T	-301.442847894847	0.433558102039115	0
4A	-317.046856296437	1.23293051372513	0
4C	-301.510874918977	1.43352925934622	0
4G	-301.442847897257	0.433558043343498	0
4T	-301.442847897247	0.433558058382638	0
5A	-301.442847885486	0.433558096580323	0
5C	-301.442847885337	0.433558120752667	0
5G	-315.215757637131	1.32906396447587	0
5T	-301.227801328868	0.41598412784106	0
neutral	-301.728527860072	1	0
