posterior_mean	posterior_var	posterior_sd	posterior_quant	is_contained	PESL
3.00942216131048	0.00607062840337828	0.0779142374882684	0.455245002959908	1	0.00615940552712777
