posterior_mean	posterior_var	posterior_sd	posterior_quant	is_contained	PESL
1.92858348755565	0.00283416156493118	0.0532368440549511	0.908971273242114	1	0.00793447981460321
