model	lik	mode	convergence
1A	-300.725798507548	2.75669703131277	0
1C	-380.165269856731	0.727652424505739	0
1G	-366.742911659185	0.433558030570191	0
1T	-366.74291165916	0.433558072533689	0
2A	-366.742911636321	0.433558240161852	0
2C	-333.114646108878	2.2002528518427	0
2G	-366.742911636393	0.433558082732411	0
2T	-366.79621550371	0.404059159007223	0
3A	-366.742911630422	0.43355809047094	0
3C	-366.742911630387	0.43355811532989	0
3G	-333.928236726535	2.18853398624177	0
3T	-366.622387766383	0.873553621581479	0
neutral	-367.028590817464	1	0
