posterior_mean	posterior_var	posterior_sd	posterior_quant	is_contained	PESL
2.77223457152744	0.0428120385841105	0.206910701956449	0.0906982941777744	1	0.116923700518847
