posterior_mean	posterior_var	posterior_sd	posterior_quant	is_contained	PESL
1.96281836426283	0.0247950020810059	0.157464288271995	0.603129794070128	1	0.0261774761171273
