posterior_mean	posterior_var	posterior_sd	posterior_quant	is_contained	PESL
1.15770924043974	0.0669613839399424	0.258768977931943	0.900345251683253	1	0.184124348020269
