posterior_mean	posterior_var	posterior_sd	posterior_quant	is_contained	PESL
1.91473074362305	0.0130744567279069	0.114343590672616	0.774813556894531	1	0.0203453028109665
