model	lik	mode	convergence
1A	-622.230063814363	2.77558939503434	0
1C	-768.095130805915	0.433558013397862	0
1G	-768.095130805889	0.433558094708267	0
1T	-783.801072397395	0.788614407447534	0
2A	-768.118676058966	0.424793973312785	0
2C	-768.095130784968	0.433558307945618	0
2G	-768.095130785205	0.433558467466662	0
2T	-647.213383424751	2.62138678490574	0
3A	-768.095130796321	0.433558094967234	0
3C	-768.09513079608	0.433558216161499	0
3G	-768.148368773114	0.404148768049106	0
3T	-646.963764584607	2.62420571935386	0
4A	-768.095130792385	0.433558212784598	0
4C	-692.555411851944	2.5696089362994	0
4G	-725.39226740706	2.69549909480263	0
4T	-768.095130792468	0.433558426303507	0
5A	-768.095130788503	0.43355806557546	0
5C	-768.134173828571	0.416613788442866	0
5G	-768.095130788457	0.433557892462566	0
5T	-647.119275112256	2.62242886651737	0
6A	-768.126268836782	0.421138982875697	0
6C	-647.172183552681	2.62183970175277	0
6G	-768.095130786437	0.433558360944066	0
6T	-768.095130786456	0.433558133329484	0
7A	-768.095130822593	0.433558096017439	0
7C	-765.424479675243	2.20532196164652	0
7G	-768.095130822587	0.433558074203	0
7T	-651.409348587564	2.62556711564992	0
8A	-768.095130812292	0.43355811092684	0
8C	-645.466812208479	2.64797625344829	0
8G	-768.580951262542	0.657705378933591	0
8T	-768.095130812433	0.433558150361142	0
9A	-768.095130793143	0.433558046072795	0
9C	-768.095130792988	0.43355807986226	0
9G	-768.227930408959	0.74391678941346	0
9T	-647.489452301929	2.62222007463816	0
10A	-768.095130794121	0.433558062824181	0
10C	-768.095130794007	0.43355817125859	0
10G	-768.145715392913	0.4072898646869	0
10T	-647.0048079157	2.62373060551068	0
11A	-647.149847242626	2.62208740556061	0
11C	-768.129838896458	0.419180411866469	0
11G	-768.09513078756	0.43355815846802	0
11T	-768.095130787478	0.43355805705625	0
12A	-768.095130791185	0.433558223420487	0
12C	-647.055933372892	2.62314481054681	0
12G	-768.141384508078	0.411363635811623	0
12T	-768.095130791431	0.433558444883697	0
neutral	-768.380810717359	1	0
