posterior_mean	posterior_var	posterior_sd	posterior_quant	is_contained	PESL
2.78279847350515	0.0199728560997637	0.141325355473686	0.0198790473006362	0	0.099947832678231
