model	lik	mode	convergence
1A	-547.137746480829	1.36938998341471	0
1C	-548.136593038619	0.433558195967518	0
1G	-561.916152904393	1.13310410471001	0
1T	-548.136593038608	0.43355814119566	0
2A	-548.136593026984	0.433558097164897	0
2C	-548.13659302684	0.43355806492383	0
2G	-559.978759845296	1.20010315203979	0
2T	-548.358138834556	0.683644975779217	0
3A	-559.756425846579	1.20839438649133	0
3C	-548.136593052438	0.433558119620394	0
3G	-548.136593052408	0.433558179488549	0
3T	-548.594917709252	0.606187885026711	0
4A	-548.46775030385	1.19348872958889	0
4C	-548.136593024238	0.433558174107388	0
4G	-548.136593024278	0.433558278981818	0
4T	-561.275762843427	1.19696649823104	0
5A	-548.136593055573	0.433558046386543	0
5C	-548.136593055365	0.433558069665977	0
5G	-548.37037138907	0.622094449398467	0
5T	-559.933760577327	1.20175784331777	0
6A	-548.136593050656	0.433558099203378	0
6C	-559.831281975467	1.20482538008169	0
6G	-548.136593050788	0.433557982604871	0
6T	-548.183426158928	0.370214494050485	0
neutral	-548.422271931696	1	0
