posterior_mean	posterior_var	posterior_sd	posterior_quant	is_contained	PESL
1.39296785968867	0.032478336061484	0.180217468802234	0.733213068447622	1	0.0439342151211178
