posterior_mean	posterior_var	posterior_sd	posterior_quant	is_contained	PESL
1.99894373055082	0.00914633285248541	0.0956364619404409	0.510781235669188	1	0.00914744855763547
