model	lik	mode	convergence
1A	-973.996288648086	3.0897194803942	0
1C	-1325.27841648592	0.433558007716529	0
1G	-1325.27841648598	0.433557927368408	0
1T	-1337.97703830051	0.889231928315479	0
2A	-1325.3316317322	0.377445358063237	0
2C	-1000.37820946436	2.96811552619657	0
2G	-1325.27841651113	0.433558081869752	0
2T	-1325.27841651109	0.433558107629212	0
3A	-1000.93877159002	2.96450981290611	0
3C	-1325.27841648843	0.433558166332678	0
3G	-1325.27841648841	0.433558196685823	0
3T	-1325.32727670165	0.409035779934239	0
4A	-1325.27841648662	0.433558087155516	0
4C	-1325.27841648639	0.433558165645539	0
4G	-1325.3236888125	0.412165775800311	0
4T	-1000.9864702909	2.96421838327785	0
5A	-1325.27841648938	0.433558104018301	0
5C	-1325.26122396523	0.822186585657972	0
5G	-1325.27841648931	0.433557904277858	0
5T	-1001.79106887238	2.96211309192333	0
6A	-1325.2784165028	0.433558128108508	0
6C	-1001.43713361302	2.96433099095699	0
6G	-1325.27841650285	0.433558241650897	0
6T	-1325.3661144613	0.753543809839188	0
7A	-1325.27841649785	0.433558179396872	0
7C	-1000.7166561488	2.96590306387999	0
7G	-1325.33587235935	0.395512338323451	0
7T	-1325.27841649802	0.433558037827255	0
8A	-1001.37799480314	2.96437714959552	0
8C	-1325.27841648482	0.433558163520866	0
8G	-1325.27841648474	0.433558034244448	0
8T	-1325.42927560538	0.735598282552115	0
9A	-1002.86921535946	2.96549870480291	0
9C	-1325.27841648311	0.433558283560425	0
9G	-1325.27841648309	0.43355798309376	0
9T	-1324.77971960973	1.71890872118048	0
10A	-1325.2784164878	0.433558151745413	0
10C	-1325.30206066211	0.803890015708676	0
10G	-1325.27841648777	0.433557893566553	0
10T	-1001.71587254312	2.96251429701309	0
11A	-1325.27841648527	0.43355820818985	0
11C	-1002.92310027709	2.96045259213966	0
11G	-1325.27841648547	0.433558329667889	0
11T	-1324.72448119208	1.68822531980197	0
12A	-1076.80398293078	2.87686833701719	0
12C	-1325.27841648559	0.433558182225641	0
12G	-1325.27841648555	0.433558184050495	0
12T	-1251.30416084576	3.34809726213929	0
13A	-1325.27841648116	0.433558100813564	0
13C	-1001.12559938821	2.96575727753648	0
13G	-1325.27841648128	0.433558080825335	0
13T	-1325.49440219406	0.69386163418387	0
14A	-1325.49239945491	0.694753389989398	0
14C	-1325.27841648214	0.433558137559973	0
14G	-1325.27841648223	0.433558468765959	0
14T	-1001.13005251952	2.96574420702769	0
neutral	-1325.56409285297	1	0
