model	lik	mode	convergence
1A	-356.584928385597	0.944196055153919	0
1C	-356.133232604393	0.433558032204331	0
1G	-356.133232604382	0.433558092973929	0
1T	-373.377747654021	1.13363952018745	0
2A	-355.006269317575	1.98405675968476	0
2C	-373.767591626744	1.09259304082767	0
2G	-356.133232600167	0.433558087537969	0
2T	-356.133232600148	0.433558170816512	0
3A	-373.289219460897	1.14074689201548	0
3C	-356.133232569367	0.433558175045242	0
3G	-356.169608977835	0.418227156541325	0
3T	-356.133232569369	0.433558285523623	0
4A	-356.191219450158	0.391830087148648	0
4C	-356.133232586889	0.433558023185127	0
4G	-356.133232586896	0.433558114977959	0
4T	-373.259423497349	1.14330850339098	0
5A	-356.133232578033	0.433557922510022	0
5C	-356.133232577904	0.433557999817322	0
5G	-373.057848468202	1.16870252471414	0
5T	-357.523214138979	0.9798516179038	0
6A	-369.04049347552	1.27048270271746	0
6C	-356.133232569945	0.433558141781798	0
6G	-357.730608112002	0.908959321518882	0
6T	-356.133232569917	0.433558098569915	0
7A	-356.133232586358	0.43355795466496	0
7C	-356.086107249558	0.327379357387901	0
7G	-373.16435732438	1.15134420605324	0
7T	-356.133232586288	0.433558024803036	0
8A	-373.251854426127	1.14395560614203	0
8C	-356.13323259154	0.433558147279898	0
8G	-356.133232591499	0.433558120550968	0
8T	-356.190491616606	0.385702850783709	0
neutral	-356.418912593799	1	0
