posterior_mean	posterior_var	posterior_sd	posterior_quant	is_contained	PESL
1.41412779065907	0.00498144760927108	0.0705793709894831	0.886750605821182	1	0.012355483951521
