model	lik	mode	convergence
1A	-639.380584278688	1.0784251939182	0
1C	-638.241026825094	0.433558099723591	0
1G	-638.24102682508	0.433558138544869	0
1T	-653.417638275335	0.939492214787972	0
2A	-638.241026085076	0.43355657337116	0
2C	-638.241026084946	0.433556547022198	0
2G	-653.641615141295	0.961320941347322	0
2T	-637.723714841802	0.254351844629872	0
3A	-638.24102683535	0.433558031100967	0
3C	-638.241026835185	0.433557885316504	0
3G	-638.247194554664	1.03925596221148	0
3T	-653.521374243017	0.947858520739484	0
4A	-653.60317160017	0.956429188154531	0
4C	-638.241026835355	0.433558114045826	0
4G	-638.501071446333	0.483906653245234	0
4T	-638.241026835345	0.43355808544508	0
5A	-653.590653878113	0.954794085411917	0
5C	-638.298427947124	0.386238666194212	0
5G	-638.241026820769	0.433558101778529	0
5T	-638.241026820745	0.433558044596981	0
6A	-653.584450294983	0.954094542939077	0
6C	-638.241026805603	0.433558106388014	0
6G	-638.292090875583	0.406768126541245	0
6T	-638.241026805572	0.433558000780557	0
neutral	-638.526706084489	1	0
