model	lik	mode	convergence
1A	-667.093611145884	2.63633425015979	0
1C	-772.630689152234	0.433558077850305	0
1G	-787.197309887848	1.08837062112673	0
1T	-772.630689152194	0.433557974033997	0
2A	-772.630689126896	0.433558230998489	0
2C	-710.242222357828	2.00425823754866	0
2G	-772.680167180366	0.408432573004027	0
2T	-772.630689126994	0.43355816934542	0
3A	-772.630689119297	0.433558115130926	0
3C	-772.569530228206	0.85191955511119	0
3G	-710.885711054371	1.9997065535064	0
3T	-772.6306891191	0.433557128689008	0
4A	-772.680919137693	0.407665448563137	0
4C	-772.630689127353	0.433557991474459	0
4G	-710.236397950597	2.00431950406291	0
4T	-772.630689127305	0.43355825948067	0
5A	-710.034745723429	2.00647995246514	0
5C	-772.630689145221	0.433558187586613	0
5G	-772.630689145177	0.433558063403712	0
5T	-772.687165471718	0.383396949081565	0
6A	-772.630689122609	0.433558092740312	0
6C	-772.594968999255	0.836673722537804	0
6G	-772.630689122628	0.433557996823572	0
6T	-710.854635538675	2.00003228836079	0
neutral	-772.916368274407	1	0
