posterior_mean	posterior_var	posterior_sd	posterior_quant	is_contained	PESL
2.64496941895825	0.0227111023560333	0.15070203169179	0.168266513466518	1	0.043727234790358
