model	lik	mode	convergence
1A	-376.796429446615	0.809798249003821	0
1C	-391.450606555257	0.964099424739532	0
1G	-376.072304648475	0.433558236655741	0
1T	-376.072304648455	0.43355812561501	0
2A	-376.35537868905	0.629883116830649	0
2C	-391.463579502396	0.963872186525079	0
2G	-376.072304636353	0.433558154290529	0
2T	-376.072304636344	0.433558157146591	0
3A	-391.473282907108	0.965817755789588	0
3C	-376.072304624853	0.433558317874609	0
3G	-376.090802074388	0.426951774443999	0
3T	-376.07230462469	0.433558471340568	0
4A	-376.072304630113	0.433557999084744	0
4C	-376.07230463	0.433558001093898	0
4G	-376.114713676535	0.414326004151886	0
4T	-391.475300053955	0.966616754011322	0
5A	-376.114957806007	0.366604205516108	0
5C	-376.07230466203	0.433558111586022	0
5G	-376.072304662021	0.43355797005626	0
5T	-391.482949828654	0.97007155926526	0
6A	-391.478458100162	0.967949624425302	0
6C	-376.072304643447	0.43355816059624	0
6G	-376.129935381491	0.394728785821311	0
6T	-376.07230464344	0.433558218449977	0
neutral	-376.35798408963	1	0
