posterior_mean	posterior_var	posterior_sd	posterior_quant	is_contained	PESL
1.36207804557713	0.393507642450015	0.627301875056989	0.651388695255941	1	0.41253010795934
