model	lik	mode	convergence
1A	-555.825507604197	1.66533175666297	0
1C	-574.948103155571	1.24502683177	0
1G	-562.639438495208	0.433558257136207	0
1T	-562.639438495204	0.433558185077831	0
2A	-562.639438495696	0.433558194289108	0
2C	-562.007273004798	0.323832063812042	0
2G	-562.639438495615	0.433558230105814	0
2T	-566.882431254432	1.42147541586473	0
3A	-562.639438502805	0.433558103320498	0
3C	-562.639438502635	0.433558186657992	0
3G	-562.696927803007	0.395373570005479	0
3T	-568.144837922055	1.3898076845845	0
4A	-562.639438497393	0.433558148708194	0
4C	-563.075991936358	0.788685634499098	0
4G	-568.269219823218	1.38899896777739	0
4T	-562.639438497319	0.43355824437636	0
5A	-561.596605843133	1.40371649478923	0
5C	-562.639438524552	0.433558101989673	0
5G	-571.035830763717	1.37024457868798	0
5T	-562.639438524511	0.433558051355702	0
6A	-563.752876780741	0.849786997577232	0
6C	-567.053317934451	1.43080308664678	0
6G	-562.639438510841	0.433557952573455	0
6T	-562.639438510821	0.433557821110097	0
7A	-562.639438484825	0.433558083583549	0
7C	-562.660302452382	0.42596239722163	0
7G	-562.639438484718	0.433557765996388	0
7T	-568.232083029425	1.38762894080259	0
8A	-563.033372536429	0.839131114015946	0
8C	-562.639438483227	0.433560623810741	0
8G	-562.639438484244	0.433558095095303	0
8T	-568.342812541069	1.38714920163272	0
neutral	-562.925117773201	1	0
