posterior_mean	posterior_var	posterior_sd	posterior_quant	is_contained	PESL
1.68755790589432	0.0372055321743498	0.192887356180621	0.165403043411643	1	0.0723835002378095
