posterior_mean	posterior_var	posterior_sd	posterior_quant	is_contained	PESL
2.83243132719156	0.0100729074573936	0.10036387526094	0.950478263247083	1	0.0381521675642724
