model	lik	mode	convergence
1A	-465.482277224324	2.93156234049897	0
1C	-520.498661770669	0.433558167905768	0
1G	-520.498661770662	0.433558143997075	0
1T	-536.261296992917	0.908412509960849	0
2A	-520.498661744324	0.433558112532799	0
2C	-520.498661744145	0.433558125513107	0
2G	-464.003157835805	2.99103596286959	0
2T	-536.24545880251	0.905321514804289	0
3A	-520.498661587715	0.433557568964419	0
3C	-507.737840589102	1.85807102067332	0
3G	-521.809297129021	0.934864989121822	0
3T	-520.498661587839	0.433557725677313	0
4A	-521.809297128833	0.934864988641088	0
4C	-520.498661587695	0.433557595707653	0
4G	-520.498661587675	0.433557629483705	0
4T	-507.737840588881	1.85807102336135	0
5A	-520.498661767998	0.43355812621415	0
5C	-520.553385164135	0.379795700940819	0
5G	-520.498661767977	0.433558168158462	0
5T	-511.130024381531	1.73611490973549	0
6A	-520.086813682587	1.40496811137565	0
6C	-520.498661744189	0.433558173139736	0
6G	-512.212114730878	1.7187231052447	0
6T	-520.498661744157	0.433558087304221	0
7A	-520.498661740605	0.433558111677111	0
7C	-511.364262145743	1.73108811269152	0
7G	-520.531829997115	0.420069309607463	0
7T	-520.498661740822	0.433557594622237	0
8A	-520.522470462866	0.424676136780446	0
8C	-511.387583076811	1.73060323715607	0
8G	-520.498661739041	0.433558250421516	0
8T	-520.498661738947	0.433557957309032	0
neutral	-520.784341526721	1	0
