posterior_mean	posterior_var	posterior_sd	posterior_quant	is_contained	PESL
2.80904274867705	0.00523992295224578	0.0723873120943565	0.995187058852623	0	0.0417045947848878
