lik	gamma	delta
-667.482777473561	0.00223053495212729	0.102811808158128
-667.524251921147	0.00223053495212729	0.0304996516840499
-663.424761339168	0.00223053495212729	0.0406990461701837
-667.635471917648	0.00223053495212729	6.61069613519961e-05
-667.636113138685	0.00223053495212729	6.61069613519961e-05
-667.635366737324	0.00223053495212729	6.61069613519961e-05
-667.636037901138	0.00223053495212729	6.61069613519961e-05
-661.862132965746	0.00223053495212729	0.0500849414423891
-663.358159779201	0.00223053495212729	0.039480010490986
-667.635362547076	0.00223053495212729	6.61069613519961e-05
-667.635362547076	0.00223053495212729	6.61069613519961e-05
-667.635362547076	0.00223053495212729	6.61069613519961e-05
-667.635362547076	0.00223053495212729	6.61069613519961e-05
-667.635362547076	0.00223053495212729	6.61069613519961e-05
-663.358159779201	0.00223053495212729	0.039480010490986
-667.635362547076	0.00223053495212729	6.61069613519961e-05
-667.635362678281	0.00223053495212729	6.61069613519961e-05
-663.721531336259	0.00223053495212729	0.0378309930144565
-667.635362678281	0.00223053495212729	6.61069613519961e-05
-666.576975865346	0.00223053495212729	0.313345755273663
-663.135495111369	0.00223053495212729	0.0407582617980087
-667.635363476085	0.00223053495212729	6.61069613519961e-05
-667.635714929207	0.00223053495212729	6.61069613519961e-05
-667.635363476085	0.00223053495212729	6.61069613519961e-05
-663.602818892039	0.00223053495212729	0.0387150999095105
-667.329538933468	0.00223053495212729	0.0758942408393553
-667.635362620347	0.00223053495212729	6.61069613519961e-05
-667.635362620347	0.00223053495212729	6.61069613519961e-05
-667.635362742836	0.00223053495212729	6.61069613519961e-05
-667.63552433912	0.00223053495212729	6.61069613519961e-05
-663.258928780308	0.00223053495212729	0.0400422266684868
-667.635362742836	0.00223053495212729	6.61069613519961e-05
-667.635557180502	0.00223053495212729	6.61069613519961e-05
-667.635363236985	0.00223053495212729	6.61069613519961e-05
-666.959891564817	0.00223053495212729	0.044721436144049
-663.900524684719	0.00223053495212729	0.0395860669877438
-667.635362649812	0.00223053495212729	6.61069613519961e-05
-667.635362649812	0.00223053495212729	6.61069613519961e-05
-663.28690814313	0.00223053495212729	0.0398829625333859
-667.635479334867	0.00223053495212729	6.61069613519961e-05
-667.635362146695	0.00223053495212729	0
