model	lik	mode	convergence
1A	-1141.9446909008	1.37550173679421	0
1C	-1159.536053254	1.06607240117477	0
1G	-1144.21495847561	0.433557937000495	0
1T	-1144.21495847558	0.433557974563432	0
2A	-1144.21495848002	0.433558122639005	0
2C	-1142.51545120123	2.26089833114999	0
2G	-1144.21495848	0.433557948834548	0
2T	-1158.05168766034	1.11330255841003	0
3A	-1144.24093644125	1.34237969582215	0
3C	-1144.21495849059	0.433558015745789	0
3G	-1144.21495849058	0.433558049312202	0
3T	-1157.74333898997	1.12110165877221	0
4A	-1144.2149584543	0.43355777761552	0
4C	-1144.21495845438	0.433558536153917	0
4G	-1144.43896241367	0.688457264789511	0
4T	-1157.56690073081	1.12513710628947	0
5A	-1157.44418864273	1.12804271063498	0
5C	-1144.22699349759	0.348727749485365	0
5G	-1144.21495849331	0.433557983908616	0
5T	-1144.2149584933	0.433558013535006	0
6A	-1144.50051300719	0.536932354894716	0
6C	-1144.21495847832	0.433558049302138	0
6G	-1144.21495847831	0.433558129466605	0
6T	-1157.22451209584	1.13374436203236	0
7A	-1144.21495845792	0.433558252618782	0
7C	-1157.51541445591	1.12627573661267	0
7G	-1144.25528601064	0.415751605541755	0
7T	-1144.21495845814	0.433557994382934	0
8A	-1157.48519174016	1.12702396224036	0
8C	-1144.27185869796	0.384544604361436	0
8G	-1144.21495847991	0.43355826457535	0
8T	-1144.21495847988	0.433558103512973	0
9A	-1157.45547574655	1.12776186747548	0
9C	-1144.21495849342	0.433558052742694	0
9G	-1144.24482849931	0.35791035578624	0
9T	-1144.21495849342	0.433558082372409	0
10A	-1144.21495847212	0.433558079794313	0
10C	-1144.2149584719	0.433558102176164	0
10G	-1144.2724906214	0.39518878455086	0
10T	-1157.49603165122	1.12675533159668	0
neutral	-1144.50063792385	1	0
