posterior_mean	posterior_var	posterior_sd	posterior_quant	is_contained	PESL
1.62590758857547	0.0132636095298258	0.115167745179915	0.135864713566185	1	0.0291163303907026
