posterior_mean	posterior_var	posterior_sd	posterior_quant	is_contained	PESL
2.71524208630177	0.110929792952275	0.333061245047026	0.266744042745354	1	0.157258948667825
