posterior_mean	posterior_var	posterior_sd	posterior_quant	is_contained	PESL
1.9069393312895	0.00342305717580685	0.0585068985317702	0.942441958297714	1	0.0120833452365893
