posterior_mean	posterior_var	posterior_sd	posterior_quant	is_contained	PESL
3.02822243235089	0.00590082910287565	0.0768168542891184	0.359394042240251	1	0.00669733479067605
