posterior_mean	posterior_var	posterior_sd	posterior_quant	is_contained	PESL
2.58100429959861	0.152974466000479	0.39111950347749	0.058781738005974	1	0.490540462152787
