lik	gamma	delta
-1025.42388550384	0.00229226770483317	0.255281127172127
-1111.75856606176	0.00229226770483317	0.0135587478312243
-1112.03792236324	0.00229226770483317	0.0336559171925267
-1112.0856373144	0.00229226770483317	6.61069613519961e-05
-1111.86280508708	0.00229226770483317	0.0538152096202022
-1052.72276597393	0.00229226770483317	0.143175930617293
-1112.08550015379	0.00229226770483317	6.61069613519961e-05
-1112.08580807068	0.00229226770483317	6.61069613519961e-05
-1112.08549797454	0.00229226770483317	6.61069613519961e-05
-1053.69817238108	0.00229226770483317	0.138995631608431
-1112.08554735758	0.00229226770483317	6.61069613519961e-05
-1112.08552486753	0.00229226770483317	6.61069613519961e-05
-1112.08549807916	0.00229226770483317	6.61069613519961e-05
-1112.08561176045	0.00229226770483317	6.61069613519961e-05
-1053.47792896364	0.00229226770483317	0.139441593982355
-1112.08556010247	0.00229226770483317	6.61069613519961e-05
-1112.08549795008	0.00229226770483317	6.61069613519961e-05
-1053.86224658815	0.00229226770483317	0.138672212035986
-1112.08549795008	0.00229226770483317	6.61069613519961e-05
-1112.08549795008	0.00229226770483317	6.61069613519961e-05
-1112.08549795008	0.00229226770483317	6.61069613519961e-05
-1053.86224658815	0.00229226770483317	0.138672212035986
-1112.08549795008	0.00229226770483317	6.61069613519961e-05
-1112.08549795008	0.00229226770483317	6.61069613519961e-05
-1107.14528110788	0.00229226770483317	0.123915885157706
-1058.50547036111	0.00229226770483317	0.141415232948017
-1112.08549920426	0.00229226770483317	6.61069613519961e-05
-1112.08549920426	0.00229226770483317	6.61069613519961e-05
-1112.08558979397	0.00229226770483317	6.61069613519961e-05
-1053.51075525797	0.00229226770483317	0.139500941617881
-1112.08549797372	0.00229226770483317	6.61069613519961e-05
-1112.08550533123	0.00229226770483317	6.61069613519961e-05
-1056.11622363623	0.00229226770483317	0.137437929774658
-1111.12838529573	0.00229226770483317	0.846818423920245
-1112.08549806515	0.00229226770483317	6.61069613519961e-05
-1110.31356783108	0.00229226770483317	0.170332029607867
-1053.16744247963	0.00229226770483317	0.140086818195421
-1112.08564829421	0.00229226770483317	6.61069613519961e-05
-1112.08565963566	0.00229226770483317	6.61069613519961e-05
-1112.08549832417	0.00229226770483317	6.61069613519961e-05
-1112.08549761333	0.00229226770483317	0
