model	lik	mode	convergence
1A	-301.596902581012	0.418041180405176	0
1C	-301.560208943542	0.433558035439468	0
1G	-317.322595829626	1.0166217480072	0
1T	-301.560208943526	0.433558048966917	0
2A	-301.560208945761	0.433558143281508	0
2C	-317.332126254331	1.0074999895257	0
2G	-301.560208945746	0.433558223304638	0
2T	-301.862501437106	0.916490479757964	0
3A	-301.411302099447	0.303237583192702	0
3C	-301.560208881534	0.433557785316711	0
3G	-301.560208881509	0.433557714191119	0
3T	-317.253667475313	1.02749228130877	0
neutral	-301.845888590076	1	0
