model	lik	mode	convergence
1A	-909.018110601255	3.01703279551262	0
1C	-1239.79505483325	0.433558094038341	0
1G	-1252.01198531498	0.773253484896984	0
1T	-1239.79505483321	0.433558040547883	0
2A	-967.73802785438	2.70169514906154	0
2C	-1239.79505481207	0.433558095208019	0
2G	-1237.64015076999	2.09895394703306	0
2T	-1239.79505481204	0.433558187611094	0
3A	-1239.79505479993	0.433558227955438	0
3C	-963.902626331634	2.69875309119821	0
3G	-1239.79505480004	0.433558136699797	0
3T	-1239.83173990962	0.418046176619208	0
4A	-1239.79505483663	0.433558104280137	0
4C	-962.932665246613	2.70469924505964	0
4G	-1239.79505483669	0.433557976856536	0
4T	-1239.82312074903	0.35686151031821	0
5A	-1239.79505480294	0.433558053475311	0
5C	-1239.79505480289	0.433558132596144	0
5G	-963.831336073481	2.69916065494282	0
5T	-1239.84006358567	0.41237517302831	0
neutral	-1240.08073154726	1	0
