posterior_mean	posterior_var	posterior_sd	posterior_quant	is_contained	PESL
3.02098898114988	0.0119413059119529	0.109276282476816	0.428404104994589	1	0.0123818432416673
