posterior_mean	posterior_var	posterior_sd	posterior_quant	is_contained	PESL
2.30363292287088	0.0300071021486702	0.173225581680854	0.870289264446161	1	0.0685671311288626
