posterior_mean	posterior_var	posterior_sd	posterior_quant	is_contained	PESL
1.52730876257197	0.00382885331857257	0.0618777287767785	0.333434378398597	1	0.00457462183178043
