posterior_mean	posterior_var	posterior_sd	posterior_quant	is_contained	PESL
1.53531772670233	0.013891634081568	0.117862776488457	0.391175282364936	1	0.015138975901271
