lik	gamma	delta
-852.226980791626	0.00286913206517549	0.191297951227399
-860.504230678525	0.00286913206517549	6.61069613519961e-05
-860.291569229041	0.00286913206517549	0.00802897829680191
-860.506680954321	0.00286913206517549	6.61069613519961e-05
-860.504211113013	0.00286913206517549	6.61069613519961e-05
-859.351397988017	0.00286913206517549	0.017798973725594
-860.504173916047	0.00286913206517549	6.61069613519961e-05
-860.39955761194	0.00286913206517549	0.0529150505823036
-860.504168639176	0.00286913206517549	6.61069613519961e-05
-860.504168639176	0.00286913206517549	6.61069613519961e-05
-859.249289470444	0.00286913206517549	0.0181892771771572
-860.504500576893	0.00286913206517549	6.61069613519961e-05
-860.505632234001	0.00286913206517549	6.61069613519961e-05
-860.504170706314	0.00286913206517549	6.61069613519961e-05
-858.898075178318	0.00286913206517549	0.0209715875507305
-860.504170706314	0.00286913206517549	6.61069613519961e-05
-860.504170820799	0.00286913206517549	6.61069613519961e-05
-860.5049101966	0.00286913206517549	6.61069613519961e-05
-860.504260944182	0.00286913206517549	6.61069613519961e-05
-859.07446619822	0.00286913206517549	0.0197945384161277
-860.504169667697	0.00286913206517549	6.61069613519961e-05
-860.504582422625	0.00286913206517549	6.61069613519961e-05
-860.504169667697	0.00286913206517549	6.61069613519961e-05
-859.224771642066	0.00286913206517549	0.0183918293955255
-860.50436384071	0.00286913206517549	6.61069613519961e-05
-860.504168409344	0.00286913206517549	6.61069613519961e-05
-859.287033430774	0.00286913206517549	0.0178942797861317
-860.504168409344	0.00286913206517549	6.61069613519961e-05
-860.504275357315	0.00286913206517549	6.61069613519961e-05
-859.053297099584	0.00286913206517549	0.0199068871833998
-860.504986821843	0.00286913206517549	6.61069613519961e-05
-860.504169725689	0.00286913206517549	6.61069613519961e-05
-860.504372754622	0.00286913206517549	6.61069613519961e-05
-860.504334421656	0.00286913206517549	6.61069613519961e-05
-860.504173922861	0.00286913206517549	6.61069613519961e-05
-859.186206500633	0.00286913206517549	0.0190607915562128
-859.224088840337	0.00286913206517549	0.0183942352205052
-860.504169403157	0.00286913206517549	6.61069613519961e-05
-860.504169403157	0.00286913206517549	6.61069613519961e-05
-860.504586446044	0.00286913206517549	6.61069613519961e-05
-860.50416694562	0.00286913206517549	0
