lik	gamma	delta
-1046.44850188655	0.00172508482271332	0.193482802894703
-1115.05419199236	0.00172508482271332	6.61069613519961e-05
-1115.05281206081	0.00172508482271332	6.61069613519961e-05
-1115.05281206081	0.00172508482271332	6.61069613519961e-05
-1067.66117990092	0.00172508482271332	0.121715931663107
-1115.05281229814	0.00172508482271332	6.61069613519961e-05
-1115.05301590311	0.00172508482271332	6.61069613519961e-05
-1115.05281229814	0.00172508482271332	6.61069613519961e-05
-1115.05288901469	0.00172508482271332	6.61069613519961e-05
-1115.05281213519	0.00172508482271332	6.61069613519961e-05
-1067.75082515658	0.00172508482271332	0.121506770264952
-1115.05289881715	0.00172508482271332	6.61069613519961e-05
-1068.1733009065	0.00172508482271332	0.123172059953952
-1114.76815750734	0.00172508482271332	0.0994305541194349
-1115.05281502709	0.00172508482271332	6.61069613519961e-05
-1114.64580942225	0.00172508482271332	0.130337062422354
-1115.05281217337	0.00172508482271332	6.61069613519961e-05
-1115.0529405948	0.00172508482271332	6.61069613519961e-05
-1067.70354411355	0.00172508482271332	0.121607757702528
-1115.05287121921	0.00172508482271332	6.61069613519961e-05
-1115.05281205748	0.00172508482271332	6.61069613519961e-05
-1115.05281205748	0.00172508482271332	6.61069613519961e-05
-1068.0594120332	0.00172508482271332	0.120875220809809
-1115.05281205748	0.00172508482271332	6.61069613519961e-05
-1113.14916138196	0.00172508482271332	0.378547098730858
-1066.55119405528	0.00172508482271332	0.128174238741969
-1115.0531326364	0.00172508482271332	6.61069613519961e-05
-1115.05281482894	0.00172508482271332	6.61069613519961e-05
-1115.0529410894	0.00172508482271332	6.61069613519961e-05
-1068.40521702051	0.00172508482271332	0.120998022753671
-1114.07446693351	0.00172508482271332	0.273349896366912
-1115.05290795072	0.00172508482271332	6.61069613519961e-05
-1065.20812638236	0.00172508482271332	0.12962071500119
-1115.05313254006	0.00172508482271332	6.61069613519961e-05
-1115.0528147326	0.00172508482271332	6.61069613519961e-05
-1115.0528147326	0.00172508482271332	6.61069613519961e-05
-1115.05284129781	0.00172508482271332	6.61069613519961e-05
-1115.05281206247	0.00172508482271332	6.61069613519961e-05
-1068.00498894901	0.00172508482271332	0.120985206006191
-1115.05281206247	0.00172508482271332	6.61069613519961e-05
-1115.05281124569	0.00172508482271332	0
