model	lik	mode	convergence
1A	-930.973806275088	2.608968423076	0
1C	-1015.01950124077	0.951093097809014	0
1G	-1000.24373053897	0.433558005802112	0
1T	-1000.24373053893	0.433558127458937	0
2A	-992.636065373281	1.42849077896936	0
2C	-1000.28549538643	0.365903027480215	0
2G	-1000.24373053728	0.43355807247873	0
2T	-1000.24373053726	0.433558062783154	0
3A	-1000.29242632999	0.409192511062147	0
3C	-992.788929509714	1.42660136995755	0
3G	-1000.24373050813	0.433558090171745	0
3T	-1000.24373050808	0.433558127268357	0
4A	-1000.24373049079	0.433557840818006	0
4C	-1000.24373049066	0.433557743978993	0
4G	-992.401091946354	1.43152647659241	0
4T	-1000.15115346131	0.315402997918803	0
5A	-1000.24373050762	0.433558203976773	0
5C	-992.925856061426	1.42562561382426	0
5G	-1000.24373050764	0.43355799396765	0
5T	-1000.47283761331	0.680458911921786	0
6A	-993.208213223218	1.42420694556714	0
6C	-1000.24373050587	0.433558039766423	0
6G	-1000.24373050584	0.433558146744043	0
6T	-1000.64905518545	1.13717922444244	0
7A	-1000.18030040988	0.3228014087794	0
7C	-992.440357162548	1.43100975899576	0
7G	-1000.24373051064	0.433557791468342	0
7T	-1000.24373051061	0.433557914473629	0
8A	-1000.24373051454	0.433558204683476	0
8C	-992.759307425679	1.42695982891409	0
8G	-1000.24373051446	0.433558174372126	0
8T	-1000.2995421643	0.399962688194595	0
9A	-986.298440801693	1.54378609971233	0
9C	-1000.24373052073	0.433558128588341	0
9G	-1002.09735918249	0.947915234345629	0
9T	-1000.24373052074	0.433558267885061	0
10A	-1000.24373053356	0.433558007549968	0
10C	-1000.2285841315	0.337756678162622	0
10G	-992.514119140809	1.43004883033027	0
10T	-1000.24373053347	0.433557813583277	0
11A	-992.016748336069	1.44117546348577	0
11C	-1000.24373050332	0.433558173123488	0
11G	-1001.24434126617	0.843193821697863	0
11T	-1000.24373050332	0.433558308503852	0
neutral	-1000.52940924458	1	0
