posterior_mean	posterior_var	posterior_sd	posterior_quant	is_contained	PESL
2.62166968497243	0.0331298974435804	0.182016201046996	0.255979004862904	1	0.0479334096849827
