posterior_mean	posterior_var	posterior_sd	posterior_quant	is_contained	PESL
2.05206602125383	0.0166322554986545	0.12896610213019	0.34969693224016	1	0.019343126067859
