model	lik	mode	convergence
1A	-503.41588341186	2.32739969605208	0
1C	-539.583458200671	1.03151609425373	0
1G	-524.449241718508	0.433558058627245	0
1T	-524.449241718491	0.433558181676822	0
2A	-532.533404101575	1.37370232295098	0
2C	-524.449241682085	0.43355835065643	0
2G	-524.449241682026	0.433558079867786	0
2T	-525.181039371131	1.22481348148977	0
3A	-524.449241679259	0.433558220914659	0
3C	-531.671440345743	1.34583054077363	0
3G	-524.474566665089	0.42398590122775	0
3T	-524.449241679757	0.433557664021992	0
4A	-524.449241714859	0.433558110044146	0
4C	-531.520269850304	1.34983502781685	0
4G	-524.494855588941	0.369100769446331	0
4T	-524.449241715018	0.433558271760691	0
5A	-532.050251189523	1.34090150423983	0
5C	-524.449241719028	0.433558095342877	0
5G	-524.449241718989	0.433558112066118	0
5T	-524.864252621015	1.18939177178897	0
6A	-524.449241715229	0.433558003989879	0
6C	-524.722917875635	0.561604950643177	0
6G	-531.574196837151	1.34957842898234	0
6T	-524.449241715161	0.433557844641195	0
7A	-531.53554775763	1.34942413601545	0
7C	-524.449241712224	0.433558098791182	0
7G	-524.499701668785	0.373957086439415	0
7T	-524.449241712199	0.43355819391476	0
neutral	-524.734920941508	1	0
