model	lik	mode	convergence
1A	-794.364391440325	2.46741348036493	0
1C	-864.617735781115	0.433558075191905	0
1G	-864.617735781117	0.433558241654901	0
1T	-880.28873358306	1.1356525918791	0
2A	-837.240629425255	1.66865967786859	0
2C	-864.668188190785	0.407431330144302	0
2G	-864.61773576531	0.433558159024073	0
2T	-864.617735765276	0.433558053494746	0
3A	-864.617735779275	0.433557961651497	0
3C	-864.617735779167	0.433557777042611	0
3G	-835.347359398819	1.7416406552393	0
3T	-865.628332157553	1.18864617258187	0
4A	-864.617735768825	0.433558143486412	0
4C	-864.672143724095	0.402443475292396	0
4G	-837.215198896223	1.66893454516944	0
4T	-864.617735768678	0.433558120879711	0
5A	-836.612315171628	1.67956159296203	0
5C	-864.617735707814	0.433557808622898	0
5G	-865.193817259643	0.713521826036774	0
5T	-864.61773570781	0.433557884841906	0
6A	-864.617735790497	0.433557994219334	0
6C	-866.081216031389	1.06042522885621	0
6G	-864.617735790467	0.433557781940758	0
6T	-834.307538816361	1.73572401589102	0
7A	-864.617735767019	0.433558217525415	0
7C	-837.226840354322	1.66880848210171	0
7G	-864.61773576718	0.433558246911278	0
7T	-864.670536684617	0.404728170005457	0
neutral	-864.903415675365	1	0
