model	lik	mode	convergence
1A	-571.793728678878	1.02973364737278	0
1C	-571.257874696284	0.433558058233646	0
1G	-585.292071239642	1.06102197809948	0
1T	-571.257874696246	0.433558141816147	0
2A	-571.306531129535	0.371999578988515	0
2C	-571.257874694147	0.433558137140967	0
2G	-571.25787469414	0.433558176307892	0
2T	-585.201454623189	1.06865337199014	0
3A	-571.25787468452	0.433558140058841	0
3C	-585.203354260834	1.06847783506913	0
3G	-571.257874684602	0.433557974623552	0
3T	-571.569476533543	0.538601093846752	0
4A	-571.541283954921	0.50856257971934	0
4C	-571.257874699922	0.433558027565567	0
4G	-585.190148029137	1.06949954790638	0
4T	-571.257874699884	0.433558024025109	0
5A	-571.31201361748	0.378831918662432	0
5C	-571.257874689946	0.433558012907449	0
5G	-585.205686666126	1.06832506747147	0
5T	-571.257874689917	0.433558136514442	0
neutral	-571.54355243019	1	0
