posterior_mean	posterior_var	posterior_sd	posterior_quant	is_contained	PESL
1.98947708044067	0.00505860043001137	0.0711238386900719	0.563410814100548	1	0.00516933226606072
