lik	gamma	delta
-1477.43428911708	0.00196863760110613	0.255530150431721
-1640.09725126146	0.00196863760110613	0.0265141300409106
-1640.97109332461	0.00196863760110613	6.61069613519961e-05
-1640.9712805134	0.00196863760110613	6.61069613519961e-05
-1502.6773455789	0.00196863760110613	0.19445788595241
-1640.97104589405	0.00196863760110613	6.61069613519961e-05
-1640.97104589405	0.00196863760110613	6.61069613519961e-05
-1639.78566665075	0.00196863760110613	0.229112865817603
-1639.79729200111	0.00196863760110613	0.172410992941319
-1502.16698678588	0.00196863760110613	0.196201197871277
-1640.97104669468	0.00196863760110613	6.61069613519961e-05
-1640.9413893119	0.00196863760110613	0.03933201287111
-1640.97118384846	0.00196863760110613	6.61069613519961e-05
-1503.13471503367	0.00196863760110613	0.194353400342014
-1640.97104601509	0.00196863760110613	6.61069613519961e-05
-1638.69914790586	0.00196863760110613	0.331992038421071
-1640.90337017823	0.00196863760110613	0.0296519759323668
-1640.97119615318	0.00196863760110613	6.61069613519961e-05
-1500.05516763906	0.00196863760110613	0.197812961081204
-1640.97104596287	0.00196863760110613	6.61069613519961e-05
-1501.89606024487	0.00196863760110613	0.1949710694722
-1640.97104573785	0.00196863760110613	6.61069613519961e-05
-1640.57904169077	0.00196863760110613	0.121527889827418
-1640.97104573785	0.00196863760110613	6.61069613519961e-05
-1495.57542642512	0.00196863760110613	0.223894609998749
-1640.28853384332	0.00196863760110613	0.0291664211854163
-1634.11414406557	0.00196863760110613	0.358560349701532
-1640.97104592955	0.00196863760110613	6.61069613519961e-05
-1640.97104578063	0.00196863760110613	6.61069613519961e-05
-1501.83344798233	0.00196863760110613	0.194626410022491
-1640.69503951693	0.00196863760110613	0.163503277848448
-1640.97104578063	0.00196863760110613	6.61069613519961e-05
-1640.96918348564	0.00196863760110613	0.00435135939560955
-1640.97104587881	0.00196863760110613	6.61069613519961e-05
-1639.45112143027	0.00196863760110613	0.213589744203122
-1501.22952609271	0.00196863760110613	0.19808769178797
-1501.73929128298	0.00196863760110613	0.195184632235147
-1640.97104579203	0.00196863760110613	6.61069613519961e-05
-1640.89862982397	0.00196863760110613	0.0603776287605197
-1640.67243177605	0.00196863760110613	0.175352422406215
-1640.97104552437	0.00196863760110613	0
