posterior_mean	posterior_var	posterior_sd	posterior_quant	is_contained	PESL
0.795689039237832	0.243453428459079	0.493410000363875	0.912093532165524	1	0.739507357908763
