model	lik	mode	convergence
1A	-284.442262592387	3.06805745120809	0
1C	-354.693490283045	0.433558091180812	0
1G	-369.298376584446	1.23855918099875	0
1T	-354.693490283016	0.433558136174992	0
2A	-312.519466800567	2.40723373805126	0
2C	-354.693490259052	0.433558188871481	0
2G	-354.693490258995	0.433558176657003	0
2T	-354.389225156633	1.33558389173577	0
3A	-354.479913511036	0.29164505869263	0
3C	-308.877324540343	2.47946892526167	0
3G	-354.693490121391	0.433557671113623	0
3T	-354.693490121373	0.433557590277824	0
4A	-356.617570640077	1.83039006150471	0
4C	-354.693490263006	0.4335582102603	0
4G	-304.084499255996	3.20844038179142	0
4T	-354.693490263019	0.433558254891916	0
neutral	-354.979170018849	1	0
