posterior_mean	posterior_var	posterior_sd	posterior_quant	is_contained	PESL
3.08740291249769	0.059408361811374	0.243738305999229	0.368614840147862	1	0.0670476309244158
