lik	gamma	delta
-694.284389817297	0.00204338683192697	0.0894128840802852
-694.485570032318	0.00204338683192697	6.61069613519961e-05
-691.699638914512	0.00204338683192697	0.0303911446607116
-694.4855167751	0.00204338683192697	6.61069613519961e-05
-694.485515816433	0.00204338683192697	6.61069613519961e-05
-691.484361003967	0.00204338683192697	0.0314111599577812
-694.485779856562	0.00204338683192697	6.61069613519961e-05
-694.485515816433	0.00204338683192697	6.61069613519961e-05
-694.48551745741	0.00204338683192697	6.61069613519961e-05
-694.48551745741	0.00204338683192697	6.61069613519961e-05
-691.411909500307	0.00204338683192697	0.0320652593278462
-694.485846583247	0.00204338683192697	6.61069613519961e-05
-694.485515401757	0.00204338683192697	6.61069613519961e-05
-691.611109247121	0.00204338683192697	0.0306048529248574
-694.485515401757	0.00204338683192697	6.61069613519961e-05
-694.485515401757	0.00204338683192697	6.61069613519961e-05
-691.010037440446	0.00204338683192697	0.0516210082286753
-694.067653696641	0.00204338683192697	0.015737852329822
-694.485527458157	0.00204338683192697	6.61069613519961e-05
-694.485847012796	0.00204338683192697	6.61069613519961e-05
-691.285503013083	0.00204338683192697	0.0326379239161075
-694.485516727757	0.00204338683192697	6.61069613519961e-05
-694.486178143388	0.00204338683192697	6.61069613519961e-05
-694.485516727757	0.00204338683192697	6.61069613519961e-05
-694.485575034158	0.00204338683192697	6.61069613519961e-05
-694.485515695455	0.00204338683192697	6.61069613519961e-05
-691.304070480915	0.00204338683192697	0.0339914827635726
-694.485515695455	0.00204338683192697	6.61069613519961e-05
-694.485517260245	0.00204338683192697	6.61069613519961e-05
-690.663055286377	0.00204338683192697	0.0366117699416655
-694.485718320394	0.00204338683192697	6.61069613519961e-05
-694.48702573386	0.00204338683192697	6.61069613519961e-05
-694.485515401757	0.00204338683192697	6.61069613519961e-05
-694.485515401757	0.00204338683192697	6.61069613519961e-05
-694.485515401757	0.00204338683192697	6.61069613519961e-05
-691.611109247121	0.00204338683192697	0.0306048529248571
-694.485515401757	0.00204338683192697	6.61069613519961e-05
-691.611109247121	0.00204338683192697	0.0306048529248574
-694.485515401757	0.00204338683192697	6.61069613519961e-05
-694.485515401757	0.00204338683192697	6.61069613519961e-05
-694.485514653127	0.00204338683192697	0
