posterior_mean	posterior_var	posterior_sd	posterior_quant	is_contained	PESL
1.56050610498881	0.0024884555045094	0.0498844214611075	0.111558792468418	1	0.00614944424550576
