posterior_mean	posterior_var	posterior_sd	posterior_quant	is_contained	PESL
1.97335419584727	0.00461752199253042	0.0679523508977461	0.656101677223462	1	0.00532752087146128
