lik	gamma	delta
-647.34365845378	0.00276534877747812	0.147818898711035
-655.26838941548	0.00276534877747812	0.00674360245655553
-655.329960841405	0.00276534877747812	6.61069613519961e-05
-655.134522649098	0.00276534877747812	0.014841005787681
-655.329959838103	0.00276534877747812	6.61069613519961e-05
-655.329959838103	0.00276534877747812	6.61069613519961e-05
-652.217895336372	0.00276534877747812	0.0348665072079167
-655.330115900802	0.00276534877747812	6.61069613519961e-05
-655.329959611685	0.00276534877747812	6.61069613519961e-05
-655.329959611685	0.00276534877747812	6.61069613519961e-05
-655.329959611685	0.00276534877747812	6.61069613519961e-05
-652.301066111357	0.00276534877747812	0.0343055777477878
-653.223117212578	0.00276534877747812	0.0300385846697917
-655.329961733268	0.00276534877747812	6.61069613519961e-05
-654.841925768621	0.00276534877747812	0.0947484782859419
-654.462762122492	0.00276534877747812	0.0741256154759129
-651.955276982547	0.00276534877747812	0.038345983081171
-655.330515648612	0.00276534877747812	6.61069613519961e-05
-655.111849111277	0.00276534877747812	0.135841673395266
-655.321334353671	0.00276534877747812	0.00669572580748132
-655.329959684992	0.00276534877747812	6.61069613519961e-05
-655.329959684992	0.00276534877747812	6.61069613519961e-05
-652.659215604235	0.00276534877747812	0.0340249039731404
-654.971080927642	0.00276534877747812	0.0367409455199131
-655.329960008105	0.00276534877747812	6.61069613519961e-05
-655.330537862501	0.00276534877747812	6.61069613519961e-05
-651.950999265766	0.00276534877747812	0.0368272467589393
-655.329960008105	0.00276534877747812	6.61069613519961e-05
-655.330101266418	0.00276534877747812	6.61069613519961e-05
-652.225704466801	0.00276534877747812	0.0348142614224234
-655.329959798879	0.00276534877747812	6.61069613519961e-05
-655.329959798879	0.00276534877747812	6.61069613519961e-05
-655.330090802848	0.00276534877747812	6.61069613519961e-05
-654.73091139141	0.00276534877747812	0.0694966204281913
-655.329961308561	0.00276534877747812	6.61069613519961e-05
-652.683272209641	0.00276534877747812	0.0330711080151366
-655.329959611685	0.00276534877747812	6.61069613519961e-05
-652.301066111357	0.00276534877747812	0.0343055777477868
-655.329959611685	0.00276534877747812	6.61069613519961e-05
-655.329959611685	0.00276534877747812	6.61069613519961e-05
-655.32995608389	0.00276534877747812	0
