model	lik	mode	convergence
1A	-721.11208253244	1.66153578312399	0
1C	-725.190124221588	0.433558056730023	0
1G	-742.572331585259	0.940032147070937	0
1T	-725.190124221559	0.433558083254181	0
2A	-725.19012421185	0.433558122657368	0
2C	-742.567702240031	1.05860979586344	0
2G	-725.190124211914	0.433558155910218	0
2T	-725.968818572562	0.914523453335806	0
3A	-725.190124191543	0.433558114321557	0
3C	-725.190124191497	0.433557968406775	0
3G	-742.54650212969	1.06086559592051	0
3T	-725.239083427997	0.408940916730593	0
4A	-725.190124222614	0.433558038105703	0
4C	-725.200336485997	0.347899073590862	0
4G	-725.190124222604	0.433558356667558	0
4T	-742.512151594575	1.06373486266989	0
5A	-725.190124196474	0.433558055258506	0
5C	-725.190124196424	0.433558417100828	0
5G	-742.59989952147	1.05585964037104	0
5T	-725.660321815922	0.964761444629656	0
6A	-725.190124216723	0.433558130259663	0
6C	-742.414725406272	1.07137638455163	0
6G	-725.190124216774	0.433558200446239	0
6T	-725.106781997738	0.38444625907693	0
7A	-725.222900260363	0.359674152119321	0
7C	-725.190124222444	0.433558019446965	0
7G	-725.190124222431	0.433558136948124	0
7T	-742.519737534188	1.0631109375892	0
8A	-742.474291958615	1.06677673219513	0
8C	-725.19012410159	0.433557691707661	0
8G	-725.190124101552	0.433557626892876	0
8T	-725.019826341291	0.299164830723841	0
9A	-742.506755200358	1.0641755965676	0
9C	-725.180985482506	0.339947039450477	0
9G	-725.190124218485	0.433558157925112	0
9T	-725.19012421848	0.433558131529625	0
10A	-742.546987495214	1.06082420109147	0
10C	-725.190124190801	0.433558130204604	0
10G	-725.237981570176	0.409970049637592	0
10T	-725.190124190767	0.433558131821568	0
11A	-725.190124194241	0.433557929574748	0
11C	-725.127081769479	0.322906413765911	0
11G	-725.190124194202	0.433557958373354	0
11T	-742.494231948403	1.06518890080251	0
12A	-725.247961867839	0.393504811945334	0
12C	-725.190124202408	0.433558176065779	0
12G	-725.190124202403	0.433558092529075	0
12T	-742.53885940195	1.06151412601891	0
13A	-742.593236458228	1.05666625345567	0
13C	-725.217070563567	0.783837878574641	0
13G	-725.190124205218	0.433558146553498	0
13T	-725.190124205194	0.433558061863204	0
neutral	-725.475804168623	1	0
