posterior_mean	posterior_var	posterior_sd	posterior_quant	is_contained	PESL
2.92790566488501	0.00547856939134291	0.074017358716337	0.835107664939956	1	0.0106761625470884
