posterior_mean	posterior_var	posterior_sd	posterior_quant	is_contained	PESL
3.03974062278928	0.00618914821268082	0.0786711396426976	0.308985278982606	1	0.00776846531232979
