posterior_mean	posterior_var	posterior_sd	posterior_quant	is_contained	PESL
2.57382526775743	0.21325862193254	0.461799330805644	0.825318967819441	1	0.394883524334557
