lik	gamma	delta
-3117.58755626516	0.00157615493395099	0.324842509172599
-3638.99036964468	0.00157615493395099	6.61069613519961e-05
-3638.9252452538	0.00157615493395099	0.00524784808856022
-3638.99048877166	0.00157615493395099	6.61069613519961e-05
-3638.99000724597	0.00157615493395099	6.61069613519961e-05
-3200.51390930381	0.00157615493395099	0.249691732898508
-3638.99000724597	0.00157615493395099	6.61069613519961e-05
-3638.9901281709	0.00157615493395099	6.61069613519961e-05
-3635.5995525887	0.00157615493395099	0.317121883536418
-3638.99012708426	0.00157615493395099	6.61069613519961e-05
-3637.36896443073	0.00157615493395099	0.540990360007714
-3205.12653422185	0.00157615493395099	0.249140717088818
-3638.99000719622	0.00157615493395099	6.61069613519961e-05
-3638.99000719622	0.00157615493395099	6.61069613519961e-05
-3202.12464334537	0.00157615493395099	0.249279614080882
-3637.80417448266	0.00157615493395099	0.340067874670659
-3638.99004180727	0.00157615493395099	6.61069613519961e-05
-3199.82465987512	0.00157615493395099	0.250386920231746
-3638.99002697228	0.00157615493395099	6.61069613519961e-05
-3638.99020004626	0.00157615493395099	6.61069613519961e-05
-3630.47877556529	0.00157615493395099	0.999924305814316
-3638.99002628588	0.00157615493395099	6.61069613519961e-05
-3207.10848109731	0.00157615493395099	0.247739687225906
-3638.12214936511	0.00157615493395099	0.629386600050618
-3638.99003745683	0.00157615493395099	6.61069613519961e-05
-3638.99000717153	0.00157615493395099	6.61069613519961e-05
-3638.99000717153	0.00157615493395099	6.61069613519961e-05
-3200.88606110588	0.00157615493395099	0.249465269837045
-3199.84269741981	0.00157615493395099	0.25059151467347
-3638.8122747948	0.00157615493395099	0.0691615635861441
-3638.99006605639	0.00157615493395099	6.61069613519961e-05
-3638.99013415338	0.00157615493395099	6.61069613519961e-05
-3635.6889575722	0.00157615493395099	0.497429671399232
-3638.99002796947	0.00157615493395099	6.61069613519961e-05
-3204.41960307382	0.00157615493395099	0.248746705319618
-3638.25324187684	0.00157615493395099	0.445900049397659
-3201.63067474952	0.00157615493395099	0.249312966358984
-3638.18162132931	0.00157615493395099	0.59536916346053
-3638.9900072296	0.00157615493395099	6.61069613519961e-05
-3638.9900072296	0.00157615493395099	6.61069613519961e-05
-3638.99000646369	0.00157615493395099	0
