posterior_mean	posterior_var	posterior_sd	posterior_quant	is_contained	PESL
3.17458998798284	0.376627347506194	0.613699720959847	0.130545004070511	1	0.831698999393101
