posterior_mean	posterior_var	posterior_sd	posterior_quant	is_contained	PESL
1.88589973832732	0.131153403908292	0.362151078844578	0.646050945323498	1	0.144172273622043
