lik	gamma	delta
-1021.72510600296	0.00218288227298557	0.255281185308189
-1108.05962603345	0.00218288227298557	0.0135587212471252
-1108.33900712607	0.00218288227298557	0.0336461648161681
-1108.38670082149	0.00218288227298557	6.61069613519961e-05
-1108.38669652862	0.00218288227298557	6.61069613519961e-05
-1049.12663692925	0.00218288227298557	0.140887440502659
-1108.38687019008	0.00218288227298557	6.61069613519961e-05
-1108.38656239627	0.00218288227298557	6.61069613519961e-05
-1049.96610892899	0.00218288227298557	0.139062502824632
-1108.38658042444	0.00218288227298557	6.61069613519961e-05
-1108.38656159512	0.00218288227298557	6.61069613519961e-05
-1108.38663425685	0.00218288227298557	6.61069613519961e-05
-1108.38656155384	0.00218288227298557	6.61069613519961e-05
-1108.38656155384	0.00218288227298557	6.61069613519961e-05
-1050.1635392863	0.00218288227298557	0.138671597334589
-1108.38656155384	0.00218288227298557	6.61069613519961e-05
-1108.38656172819	0.00218288227298557	6.61069613519961e-05
-1108.38656172819	0.00218288227298557	6.61069613519961e-05
-1050.3071464233	0.00218288227298557	0.138877315745089
-1108.20526225294	0.00218288227298557	0.120660498740453
-1108.38656155384	0.00218288227298557	6.61069613519961e-05
-1050.1635392863	0.00218288227298557	0.138671597334589
-1108.38656155384	0.00218288227298557	6.61069613519961e-05
-1108.38656155384	0.00218288227298557	6.61069613519961e-05
-1108.38656187091	0.00218288227298557	6.61069613519961e-05
-1108.27155260835	0.00218288227298557	0.0410267775795373
-1049.82501698131	0.00218288227298557	0.140760563232504
-1108.38656187091	0.00218288227298557	6.61069613519961e-05
-1108.38657771597	0.00218288227298557	6.61069613519961e-05
-1107.82662102977	0.00218288227298557	0.117321563611708
-1050.67039333399	0.00218288227298557	0.139049655785797
-1108.3865615906	0.00218288227298557	6.61069613519961e-05
-1108.38656186417	0.00218288227298557	6.61069613519961e-05
-1108.38656186417	0.00218288227298557	6.61069613519961e-05
-1050.35567886146	0.00218288227298557	0.1388089115438
-1108.12446675885	0.00218288227298557	0.177763244120865
-1108.3865625942	0.00218288227298557	6.61069613519961e-05
-1105.78646688973	0.00218288227298557	0.397793981233852
-1108.38689586332	0.00218288227298557	6.61069613519961e-05
-1051.23287986262	0.00218288227298557	0.138591519509068
-1108.38656124308	0.00218288227298557	0
