posterior_mean	posterior_var	posterior_sd	posterior_quant	is_contained	PESL
2.05288661257658	0.00601927708755341	0.07758400020335	0.249844211906557	1	0.00881627087736066
