model	lik	mode	convergence
1A	-280.199493626512	2.83182286534657	0
1C	-348.217242912577	0.433558146378293	0
1G	-348.217242912574	0.433558087579667	0
1T	-362.664645166878	0.79592618478546	0
2A	-348.217244685411	0.433557590543594	0
2C	-348.995612715883	0.432098499887958	0
2G	-348.217244685427	0.433557599655468	0
2T	-296.347476904028	2.34229274926635	0
neutral	-348.502922451717	1	0
