posterior_mean	posterior_var	posterior_sd	posterior_quant	is_contained	PESL
2.77595122365385	0.0313549830295449	0.177073383176425	0.895053636095058	1	0.0815528372117654
