posterior_mean	posterior_var	posterior_sd	posterior_quant	is_contained	PESL
1.99896671839895	0.00310197993726387	0.0556954211516878	0.511105909234985	1	0.00310304760813063
