posterior_mean	posterior_var	posterior_sd	posterior_quant	is_contained	PESL
1.26065268040553	0.0198852667625027	0.141015129551771	0.949161913452177	1	0.0771724061595647
