model	lik	mode	convergence
1A	-406.218395034151	2.86428465220164	0
1C	-466.378884112311	0.433558140661879	0
1G	-479.932595049276	0.814280926795428	0
1T	-466.378884112296	0.433558278841796	0
2A	-466.378884091393	0.433559018184815	0
2C	-450.508444010455	1.83874640556293	0
2G	-466.378884091747	0.433558713235008	0
2T	-466.390883267323	0.429474512486457	0
3A	-466.378884100009	0.433558131897186	0
3C	-466.378884099907	0.433557959267797	0
3G	-450.661200026378	1.83876099368132	0
3T	-466.560569858687	0.713526113324349	0
4A	-466.378884092069	0.433558205761761	0
4C	-465.156468909517	1.63070750651287	0
4G	-466.378884092116	0.43355834714969	0
4T	-447.132244021369	3.07861242728699	0
5A	-450.452089102076	1.8398968389433	0
5C	-466.378884094247	0.433558185802187	0
5G	-466.378884094246	0.433558689848282	0
5T	-466.412841006017	0.41963786300401	0
6A	-466.378884119725	0.433558144174548	0
6C	-466.378884119653	0.433558077480467	0
6G	-450.198042712313	1.84530060108517	0
6T	-466.434620852329	0.381723312709265	0
7A	-467.09020188817	0.819728583766084	0
7C	-466.378884131475	0.433558029142241	0
7G	-449.56932935975	1.87127315370616	0
7T	-466.378884131432	0.433558164133569	0
neutral	-466.664562989886	1	0
