posterior_mean	posterior_var	posterior_sd	posterior_quant	is_contained	PESL
1.35098991053971	0.222198297474067	0.471379144080503	0.905884232908379	1	0.643412393695431
