posterior_mean	posterior_var	posterior_sd	posterior_quant	is_contained	PESL
2.82153282924584	0.195587006794893	0.442252198179831	0.673030286112201	1	0.227437537831786
