posterior_mean	posterior_var	posterior_sd	posterior_quant	is_contained	PESL
3.12452987968356	0.0124019425671279	0.111364009298911	0.131033484081014	1	0.0279096335010941
