posterior_mean	posterior_var	posterior_sd	posterior_quant	is_contained	PESL
1.76744592001134	0.0088913940308115	0.0942941887435886	0.99141697176351	0	0.0629727941501396
