posterior_mean	posterior_var	posterior_sd	posterior_quant	is_contained	PESL
2.02386511155395	0.015923675266144	0.126189045745437	0.432894748648446	1	0.0164932188156275
