posterior_mean	posterior_var	posterior_sd	posterior_quant	is_contained	PESL
2.52831216031005	0.00435469436043182	0.0659901080498571	0.33653571791045	1	0.00515627278183777
