posterior_mean	posterior_var	posterior_sd	posterior_quant	is_contained	PESL
1.92980268925485	0.00253634748998383	0.050362163277443	0.917121801304979	1	0.00746400992593451
