posterior_mean	posterior_var	posterior_sd	posterior_quant	is_contained	PESL
1.81608082561698	0.00769071390351168	0.0876967154659265	0.979630213517534	0	0.0415169766092836
