model	lik	mode	convergence
1A	-319.3268135172	2.24912023946774	0
1C	-366.245678968194	0.433557912853537	0
1G	-366.821394961093	0.488929780796244	0
1T	-366.245678968174	0.433557940329626	0
2A	-366.245678028998	0.433558129829674	0
2C	-366.245678028963	0.433557926666548	0
2G	-335.853841711559	2.15533358361718	0
2T	-366.278742386616	0.420123408502489	0
3A	-366.24567802743	0.433557832852567	0
3C	-366.245678027369	0.433559030521029	0
3G	-335.893748886651	2.15451047417082	0
3T	-366.268543334577	0.425095559707764	0
neutral	-366.531357781995	1	0
