posterior_mean	posterior_var	posterior_sd	posterior_quant	is_contained	PESL
2.2607135331415	0.0260873832304996	0.161515891572624	0.927270067315521	1	0.0833453964520988
