model	lik	mode	convergence
1A	-318.008015825066	2.64379164505467	0
1C	-381.844607900161	0.433558105690787	0
1G	-383.685298811423	0.900209731672783	0
1T	-381.844607900142	0.433558096074252	0
2A	-335.70500992478	2.44759017472616	0
2C	-381.894462231301	0.408053065029714	0
2G	-381.844607469785	0.433558259810558	0
2T	-381.844607469739	0.433558094996083	0
3A	-381.261005917471	1.6786476382737	0
3C	-381.844607487637	0.433558184653637	0
3G	-337.367470092819	2.43229220996251	0
3T	-381.844607487593	0.43355805071983	0
4A	-381.84460746599	0.433558071690668	0
4C	-381.844607465851	0.433557950790937	0
4G	-377.44720954045	2.95107384029052	0
4T	-341.4672207072	2.39383877160217	0
5A	-381.844607481705	0.433558123455066	0
5C	-381.902598814867	0.391712878406664	0
5G	-381.844607481671	0.433558410312553	0
5T	-335.507974974375	2.4520742631564	0
6A	-335.187864030123	2.45969163138053	0
6C	-381.844607496676	0.433558131414821	0
6G	-381.889951274205	0.368861488951315	0
6T	-381.844607496658	0.433558143422346	0
neutral	-382.130286167574	1	0
