posterior_mean	posterior_var	posterior_sd	posterior_quant	is_contained	PESL
2.6579354892076	0.0374125737484856	0.193423301979068	0.209292617778038	1	0.0623561924996312
