posterior_mean	posterior_var	posterior_sd	posterior_quant	is_contained	PESL
1.38157366536314	0.0266033599623164	0.163105364603119	0.772047103120927	1	0.0406281566978216
