model	lik	mode	convergence
1A	-354.415859995792	0.446676383373076	0
1C	-354.232926843491	0.43355797286497	0
1G	-368.472043151885	0.954023682809002	0
1T	-354.232926843457	0.433557938047731	0
2A	-354.282094509118	0.372542127473083	0
2C	-368.335569390687	0.949826835845878	0
2G	-354.232926864026	0.433558023518193	0
2T	-354.232926864002	0.433558159784119	0
3A	-354.232926857319	0.433558134128499	0
3C	-368.454622101343	0.949638192895857	0
3G	-354.531098030986	0.514068796758401	0
3T	-354.232926857519	0.433558326376633	0
4A	-354.287641338122	0.379780405870945	0
4C	-368.454697260001	0.948836820053268	0
4G	-354.232926859463	0.433558114071637	0
4T	-354.232926859437	0.433558110328712	0
5A	-354.232926869906	0.433558078983241	0
5C	-354.72375239501	1.19769713580579	0
5G	-354.232926869882	0.433558016936875	0
5T	-368.286406130139	0.923430344199443	0
neutral	-354.518605050998	1	0
