model	lik	mode	convergence
1A	-510.340769512751	2.39704454941081	0
1C	-541.724070104724	0.433558093032232	0
1G	-558.9307322116	1.11934131595809	0
1T	-541.724070104693	0.433558126898801	0
2A	-541.724070105696	0.433558196701508	0
2C	-539.554023931806	1.62482374303147	0
2G	-541.724070105885	0.433558099754665	0
2T	-542.041750308846	0.559710653236996	0
3A	-541.724070108113	0.433558170782288	0
3C	-541.78096010396	0.397414949057514	0
3G	-539.686992132825	1.61997646708189	0
3T	-541.724070108012	0.433557993380356	0
4A	-541.762093650315	0.417244519108657	0
4C	-541.724070094949	0.433558453839372	0
4G	-541.724070095028	0.433558196746898	0
4T	-539.779376140495	1.61796694053306	0
5A	-539.237752806873	1.63402743936836	0
5C	-541.724070131557	0.433558046483116	0
5G	-542.190009021589	0.623553855239571	0
5T	-541.724070131554	0.433557953529829	0
6A	-541.72407012892	0.433558094133268	0
6C	-541.724070128794	0.433557990675705	0
6G	-539.834244174171	1.68517735822426	0
6T	-542.401786928486	1.25278499643572	0
7A	-534.420324529852	1.74900924568534	0
7C	-542.715246902232	0.77699059425996	0
7G	-541.724070114495	0.433558114668552	0
7T	-541.724070114462	0.433558053399006	0
8A	-542.398384569612	1.21454200407073	0
8C	-541.724070090781	0.433524512137711	0
8G	-540.157626572568	1.63094639004931	0
8T	-541.724070091357	0.433559444703052	0
9A	-541.724070131729	0.433558068444912	0
9C	-541.744243471889	0.352653896559678	0
9G	-539.431904584245	1.62575487393282	0
9T	-541.72407013165	0.433558095433183	0
neutral	-542.009750110307	1	0
