posterior_mean	posterior_var	posterior_sd	posterior_quant	is_contained	PESL
2.13886103991281	0.0176092500689181	0.132699849543691	0.147044306175747	1	0.0368916384746069
