posterior_mean	posterior_var	posterior_sd	posterior_quant	is_contained	PESL
2.04341975399225	0.0169328951384977	0.13012645825695	0.376489803101037	1	0.0188181701752785
