posterior_mean	posterior_var	posterior_sd	posterior_quant	is_contained	PESL
1.39458298155352	0.115916075107521	0.340464499041414	0.650299401359651	1	0.127028822885619
