model	lik	mode	convergence
1A	-578.541387975493	1.63351435642161	0
1C	-591.267929517487	0.952359868788394	0
1G	-587.820002735316	0.433557915170779	0
1T	-587.820002735292	0.433557977789975	0
2A	-587.820001973152	0.433558204310868	0
2C	-598.57140105825	1.24640905745703	0
2G	-588.53092043732	0.853612324938827	0
2T	-587.820001973286	0.433558208254704	0
3A	-587.820001902762	0.433557784102411	0
3C	-587.820001902562	0.433557818431512	0
3G	-587.679451664584	0.304900741191127	0
3T	-598.328018998137	1.25174512639564	0
4A	-587.877162024754	0.385360616366649	0
4C	-598.536453466489	1.24502058646852	0
4G	-587.820001978801	0.433558110474929	0
4T	-587.820001978778	0.433558110482974	0
5A	-587.820001984335	0.433558118699138	0
5C	-599.971948524215	1.20435603865272	0
5G	-587.820001984463	0.433558142239025	0
5T	-586.173549092513	1.87772666802456	0
6A	-587.796885485982	0.384886852082136	0
6C	-598.199354342802	1.25682850665989	0
6G	-587.820001339228	0.433556783716395	0
6T	-587.820001339204	0.43355680533644	0
7A	-587.820001953565	0.433558364778262	0
7C	-598.609327774868	1.24272462448587	0
7G	-587.843292661501	0.424907440806328	0
7T	-587.820001953621	0.433558510691262	0
8A	-587.820001953974	0.433558168909748	0
8C	-588.758101847293	1.00699075574366	0
8G	-598.651805801886	1.24637128600102	0
8T	-587.820001953765	0.433558626635769	0
neutral	-588.105681127535	1	0
