posterior_mean	posterior_var	posterior_sd	posterior_quant	is_contained	PESL
2.58200315267033	0.00455717983844742	0.0675068873408293	0.111402181776395	1	0.0112816968862573
