posterior_mean	posterior_var	posterior_sd	posterior_quant	is_contained	PESL
2.47538239591003	0.0266369775535023	0.163208386896943	0.568423981123969	1	0.027243003984634
