posterior_mean	posterior_var	posterior_sd	posterior_quant	is_contained	PESL
2.42725327379659	0.00743008678423928	0.0861979511603338	0.801634843226801	1	0.0127221729575317
