lik	gamma	delta
-761.333957084918	0.00231577873233729	0.101270747348743
-761.609358742894	0.00231577873233729	6.61069613519961e-05
-761.094470538875	0.00231577873233729	0.0145836291763149
-761.313837744545	0.00231577873233729	0.0169293798656013
-761.609355643833	0.00231577873233729	6.61069613519961e-05
-761.609482542676	0.00231577873233729	6.61069613519961e-05
-760.654352345563	0.00231577873233729	0.0165821984803267
-761.609450623915	0.00231577873233729	6.61069613519961e-05
-761.60938951193	0.00231577873233729	6.61069613519961e-05
-761.609357947443	0.00231577873233729	6.61069613519961e-05
-761.609683849457	0.00231577873233729	6.61069613519961e-05
-760.605751744221	0.00231577873233729	0.017182807774028
-760.719585844192	0.00231577873233729	0.0158764169203842
-761.609354511694	0.00231577873233729	6.61069613519961e-05
-761.609354511694	0.00231577873233729	6.61069613519961e-05
-761.609354511694	0.00231577873233729	6.61069613519961e-05
-761.609355340412	0.00231577873233729	6.61069613519961e-05
-761.609681242426	0.00231577873233729	6.61069613519961e-05
-761.609355340412	0.00231577873233729	6.61069613519961e-05
-760.637641555138	0.00231577873233729	0.0166582915233533
-761.609725276671	0.00231577873233729	6.61069613519961e-05
-761.609355103837	0.00231577873233729	6.61069613519961e-05
-761.609355103837	0.00231577873233729	6.61069613519961e-05
-760.62691726923	0.00231577873233729	0.0167546426053076
-760.469745688026	0.00231577873233729	0.0182365145315914
-761.609642788497	0.00231577873233729	6.61069613519961e-05
-761.609358449633	0.00231577873233729	6.61069613519961e-05
-761.610008791938	0.00231577873233729	6.61069613519961e-05
-761.609354644509	0.00231577873233729	6.61069613519961e-05
-760.822831312546	0.00231577873233729	0.0202764553656016
-761.439193029209	0.00231577873233729	0.0103614826472933
-761.597277884582	0.00231577873233729	0.0209150043185734
-760.407730355342	0.00231577873233729	0.0187723030997477
-761.609861256105	0.00231577873233729	6.61069613519961e-05
-761.60935882031	0.00231577873233729	6.61069613519961e-05
-761.610009162614	0.00231577873233729	6.61069613519961e-05
-761.609354691549	0.00231577873233729	6.61069613519961e-05
-761.609638009333	0.00231577873233729	6.61069613519961e-05
-761.609354691549	0.00231577873233729	6.61069613519961e-05
-760.640949427514	0.00231577873233729	0.0166947526457956
-761.609353529869	0.00231577873233729	0
