model	lik	mode	convergence
1A	-649.702161377803	2.31932593838056	0
1C	-747.253142204025	0.433558160756075	0
1G	-747.25314220403	0.433558051517184	0
1T	-762.157378787658	1.16796714945788	0
2A	-747.253142216077	0.433558135200083	0
2C	-747.253142215913	0.433558053461024	0
2G	-747.044167702327	1.22476629244022	0
2T	-671.479809925237	2.15281682539238	0
3A	-747.305364107731	0.405457505634547	0
3C	-670.478624528898	2.15799831307087	0
3G	-747.253142196309	0.433558207131456	0
3T	-747.253142196271	0.433558108625984	0
4A	-672.272775622391	2.15145976884881	0
4C	-747.253142190523	0.433558205647885	0
4G	-746.763582625951	1.71347192554362	0
4T	-747.253142190507	0.433558203770696	0
5A	-747.297081795929	0.413201751611561	0
5C	-747.253142191295	0.433558038503102	0
5G	-747.253142191312	0.433558191255211	0
5T	-670.546734345945	2.15727368107636	0
6A	-670.075601213363	2.16250529713111	0
6C	-747.295772949905	0.366586258503616	0
6G	-747.253142222743	0.433558121871989	0
6T	-747.25314222272	0.433558080729401	0
7A	-747.253142204789	0.433558133981107	0
7C	-671.637223221979	2.15338037909145	0
7G	-747.123636896134	1.384911479849	0
7T	-747.253142205006	0.433558191475559	0
8A	-670.509646169422	2.15766671849133	0
8C	-747.253142194114	0.433558316775525	0
8G	-747.253142194087	0.433558177545035	0
8T	-747.302130948639	0.408912114160961	0
neutral	-747.53882191093	1	0
