posterior_mean	posterior_var	posterior_sd	posterior_quant	is_contained	PESL
1.36195693065303	0.00748921287607092	0.0865402384793971	0.941225613287621	1	0.0265451018707938
