model	lik	mode	convergence
1A	-387.5549433052	3.05630573132476	0
1C	-464.079994476397	0.43355810909506	0
1G	-477.61310057745	0.799182068127346	0
1T	-464.079994476397	0.433558138836199	0
2A	-424.075028781861	2.32774534223386	0
2C	-464.174572495919	0.767138956011926	0
2G	-464.079994472599	0.433558256457178	0
2T	-464.079994472543	0.433558144677725	0
3A	-464.079994478171	0.433558160904631	0
3C	-464.079994478101	0.433558037274346	0
3G	-424.05214625574	2.32834257688721	0
3T	-464.175356877391	0.76177744668581	0
4A	-463.976669849665	0.312890566768366	0
4C	-464.079994448332	0.433557888034186	0
4G	-464.079994448306	0.433557846690567	0
4T	-422.097506227889	2.36804751594107	0
5A	-423.382634982385	2.3366881219126	0
5C	-464.137877010513	0.39314437671737	0
5G	-464.079994485631	0.433558076062722	0
5T	-464.079994485609	0.433558070915318	0
6A	-463.806924855476	1.30821742530089	0
6C	-464.079994475118	0.43355819047317	0
6G	-424.770791187853	2.31905380980721	0
6T	-464.079994475106	0.43355795003907	0
7A	-464.093527008003	0.42890095695007	0
7C	-464.079994465177	0.433558937855141	0
7G	-464.079994465431	0.433558129260957	0
7T	-423.74526015876	2.32880673431197	0
8A	-464.0799944757	0.43355822591484	0
8C	-425.136951517873	2.32268730920669	0
8G	-463.729676603598	1.61186146731425	0
8T	-464.079994475935	0.433558053007394	0
9A	-426.030452680244	2.31569757301392	0
9C	-464.079994490041	0.433558152706161	0
9G	-464.079994490007	0.433558152669416	0
9T	-462.975942936564	2.02080468494981	0
10A	-464.079994506063	0.43355808042803	0
10C	-464.079994505928	0.433558013240496	0
10G	-419.292003658329	2.48062490603959	0
10T	-465.130745456159	0.930307866144346	0
neutral	-464.365673242211	1	0
