posterior_mean	posterior_var	posterior_sd	posterior_quant	is_contained	PESL
3.07385927765827	0.0537629315283498	0.231868349561448	0.38367573180713	1	0.0592181244295313
