posterior_mean	posterior_var	posterior_sd	posterior_quant	is_contained	PESL
1.51932411397333	0.0115124315311317	0.107295999604513	0.437568876315961	1	0.0118858529119804
