model	lik	mode	convergence
1A	-306.791408543868	2.71651225840075	0
1C	-323.835319289713	1.1364657587468	0
1G	-309.614843301985	0.433558083953621	0
1T	-309.614843301953	0.433558054512464	0
2A	-309.61484328664	0.433558137548773	0
2C	-323.051719478696	1.20212359653816	0
2G	-309.614843286711	0.433558057471644	0
2T	-310.532571497335	1.06578999434063	0
3A	-309.614843267467	0.43355788713432	0
3C	-309.614843267345	0.433557939582251	0
3G	-322.719353147071	1.21818887312628	0
3T	-309.52980830222	0.317230493108524	0
4A	-309.641919432372	0.423163569454015	0
4C	-309.614843271815	0.433558393519259	0
4G	-309.614843271974	0.433558400046305	0
4T	-322.930985903721	1.20380510134781	0
5A	-322.742786339007	1.21659535812245	0
5C	-309.614843288452	0.433557999261065	0
5G	-309.563163642595	0.326074254704128	0
5T	-309.614843288433	0.433557859862215	0
neutral	-309.900522506752	1	0
