posterior_mean	posterior_var	posterior_sd	posterior_quant	is_contained	PESL
3.18854770303862	1.37641448223177	1.17320692217177	0.30638403017398	1	1.85051242159147
