posterior_mean	posterior_var	posterior_sd	posterior_quant	is_contained	PESL
2.57007432843555	0.0838903848140324	0.289638369029437	0.418347400636552	1	0.0888007963198283
