posterior_mean	posterior_var	posterior_sd	posterior_quant	is_contained	PESL
1.55657062858883	0.0412958536327098	0.203213812603154	0.406034488171354	1	0.044496089651643
