posterior_mean	posterior_var	posterior_sd	posterior_quant	is_contained	PESL
1.79827718689862	0.00507380283611979	0.0712306313050768	0.996979012431449	0	0.0457658965868398
