model	lik	mode	convergence
1A	-367.073069992936	2.89551942828031	0
1C	-420.595408875241	0.433558229509379	0
1G	-420.59540887524	0.43355805618895	0
1T	-436.243069042547	1.08371764346722	0
2A	-420.595408870047	0.433558102915179	0
2C	-420.653040304545	0.387262354461333	0
2G	-402.878377435184	1.90343079385585	0
2T	-420.595408869914	0.43355805318878	0
3A	-420.595408845596	0.433557776420001	0
3C	-420.604773007192	0.430430416805917	0
3G	-403.172895978706	1.89725996299407	0
3T	-420.595408845208	0.433557407230743	0
4A	-402.801111022311	1.90512151552365	0
4C	-420.64880607412	0.37770734334465	0
4G	-420.595408876701	0.433557937950701	0
4T	-420.595408876666	0.433558191655836	0
neutral	-420.881088621156	1	0
