posterior_mean	posterior_var	posterior_sd	posterior_quant	is_contained	PESL
2.91736638214499	0.0632621149130253	0.251519611388507	0.638458764064019	1	0.0700904297110868
