posterior_mean	posterior_var	posterior_sd	posterior_quant	is_contained	PESL
1.45119678158229	0.00789774370369477	0.0888692506083784	0.713458408928857	1	0.0102794978316247
