posterior_mean	posterior_var	posterior_sd	posterior_quant	is_contained	PESL
2.20149897226832	0.0238977322002631	0.154588913574885	0.0930844734207848	1	0.0644995680253596
