model	lik	mode	convergence
1A	-686.354237116752	1.07700900181169	0
1C	-685.057233107966	0.433558183053836	0
1G	-685.057233107967	0.43355826122649	0
1T	-698.232210211652	1.12488207284403	0
2A	-685.057233110197	0.43355812008234	0
2C	-685.115150440308	0.392815141559201	0
2G	-698.086954139051	1.12784382917153	0
2T	-685.057233110068	0.433558088908055	0
3A	-685.057233105974	0.433558175661722	0
3C	-698.092348992901	1.12758351824358	0
3G	-685.113874521066	0.398088375276698	0
3T	-685.057233106225	0.433558056621282	0
4A	-685.057233099168	0.433558157518069	0
4C	-685.106738906407	0.408405551504795	0
4G	-698.102483162366	1.12709418164665	0
4T	-685.057233098995	0.433558372817795	0
5A	-685.057233128357	0.433558098496695	0
5C	-685.396901566766	0.854459393204427	0
5G	-698.184437793061	1.12351514750091	0
5T	-685.057233128285	0.433558124685888	0
6A	-685.057233125137	0.433558145311448	0
6C	-698.344627098223	1.11569533180962	0
6G	-685.078530074185	1.36802164883346	0
6T	-685.057233125296	0.433558044686867	0
7A	-685.057233127534	0.433558095640677	0
7C	-685.099456761325	0.366262724444177	0
7G	-698.057505203867	1.12926264424362	0
7T	-685.057233127439	0.433557981451007	0
8A	-685.057233094949	0.433558146193576	0
8C	-685.057233094927	0.433558146241082	0
8G	-698.108629145538	1.12679718915294	0
8T	-685.098734075886	0.41496394867571	0
9A	-685.252929399303	0.463982797668668	0
9C	-685.057232971642	0.43355762573168	0
9G	-685.057232971619	0.433557512608555	0
9T	-698.011982176188	1.13174972754936	0
10A	-685.057233124648	0.433558115127994	0
10C	-698.064111616963	1.12894466032871	0
10G	-685.057233124653	0.43355822242848	0
10T	-685.105788553606	0.371896446890799	0
11A	-685.05723307753	0.433557855011249	0
11C	-697.914400075706	1.13674132367152	0
11G	-685.057233077567	0.433557793201961	0
11T	-685.527708693238	0.595948992234481	0
12A	-685.106853530585	0.408290120818954	0
12C	-685.057233098915	0.433558135204054	0
12G	-685.057233098939	0.433558244156751	0
12T	-698.102373541087	1.12709947611306	0
neutral	-685.342911067642	1	0
