posterior_mean	posterior_var	posterior_sd	posterior_quant	is_contained	PESL
2.57619856497469	0.0583007453963277	0.24145547290614	0.386968963000996	1	0.0641069667005201
