model	lik	mode	convergence
1A	-442.570569565765	2.41830642124108	0
1C	-498.746955296025	0.87385580251677	0
1G	-484.173684781645	0.433558113514756	0
1T	-484.173684781638	0.43355806471939	0
2A	-484.481191771352	0.568334153332745	0
2C	-477.504496721772	1.66362026763648	0
2G	-484.173684785673	0.433558113029164	0
2T	-484.173684785651	0.433558042065272	0
3A	-484.173684764767	0.433558103303706	0
3C	-484.224420754655	0.407128806707122	0
3G	-484.173684764805	0.433557930535129	0
3T	-477.665748192667	1.65784795274324	0
4A	-484.173684794318	0.4335581176506	0
4C	-477.441548144055	1.66514615697859	0
4G	-484.47254223139	0.551856533230864	0
4T	-484.173684794473	0.433557963892365	0
5A	-484.386779392149	0.458479232202959	0
5C	-484.173684794855	0.43355804897566	0
5G	-484.173684794842	0.433558127637888	0
5T	-476.945807184405	1.67564298667917	0
6A	-484.173684753491	0.433558692984152	0
6C	-477.765728041845	1.65572364257358	0
6G	-484.187897214133	0.428642464998391	0
6T	-484.173684754844	0.433559247471942	0
7A	-478.226873991356	1.65390803588936	0
7C	-484.173684760132	0.433557906928932	0
7G	-484.173684760094	0.433558009018388	0
7T	-484.148423511373	1.20874433462091	0
neutral	-484.459364107471	1	0
