posterior_mean	posterior_var	posterior_sd	posterior_quant	is_contained	PESL
2.71252871036001	0.0342357704210815	0.185029106956396	0.123592369945197	1	0.0794042231484068
