posterior_mean	posterior_var	posterior_sd	posterior_quant	is_contained	PESL
1.04014358101269	0.0519321186676836	0.227886196746717	0.999648608830482	0	0.973256463738815
