lik	gamma	delta
-1404.58655786188	0.0018786885927321	0.127276324474619
-1465.11321717197	0.0018786885927321	6.61069613519961e-05
-1465.07553292892	0.0018786885927321	0.0401011080802215
-1464.91668710283	0.0018786885927321	0.12660692304072
-1465.11279631617	0.0018786885927321	6.61069613519961e-05
-1413.05301868014	0.0018786885927321	0.105875657953563
-1465.112895223	0.0018786885927321	6.61069613519961e-05
-1464.44517124291	0.0018786885927321	0.429200832716823
-1465.11279621346	0.0018786885927321	6.61069613519961e-05
-1412.73562209862	0.0018786885927321	0.106843248165628
-1465.11281679623	0.0018786885927321	6.61069613519961e-05
-1464.98279621737	0.0018786885927321	0.0437310235420138
-1465.11279623927	0.0018786885927321	6.61069613519961e-05
-1465.11279623927	0.0018786885927321	6.61069613519961e-05
-1409.74351564226	0.0018786885927321	0.115919452973231
-1464.97147967499	0.0018786885927321	0.0158986470549278
-1465.11279618698	0.0018786885927321	6.61069613519961e-05
-1465.11279618698	0.0018786885927321	6.61069613519961e-05
-1412.81721687663	0.0018786885927321	0.105970442068721
-1465.11279618698	0.0018786885927321	6.61069613519961e-05
-1465.11279714267	0.0018786885927321	6.61069613519961e-05
-1413.9609698081	0.0018786885927321	0.106854096399379
-1463.49882306911	0.0018786885927321	0.113390447338952
-1465.11288459256	0.0018786885927321	6.61069613519961e-05
-1465.11279620175	0.0018786885927321	6.61069613519961e-05
-1453.82318536883	0.0018786885927321	0.133554798996476
-1465.11279620175	0.0018786885927321	6.61069613519961e-05
-1423.72224141154	0.0018786885927321	0.101391381969416
-1463.15028144806	0.0018786885927321	0.219906555097639
-1414.69307273058	0.0018786885927321	0.10488840470036
-1465.11282173845	0.0018786885927321	6.61069613519961e-05
-1464.7319768084	0.0018786885927321	0.126713565642235
-1465.11279661553	0.0018786885927321	6.61069613519961e-05
-1465.11279661553	0.0018786885927321	6.61069613519961e-05
-1412.36719477719	0.0018786885927321	0.106693229603642
-1465.11305693164	0.0018786885927321	6.61069613519961e-05
-1465.11285853255	0.0018786885927321	6.61069613519961e-05
-1461.19695730466	0.0018786885927321	0.138441428312562
-1415.9300916456	0.0018786885927321	0.107539140073756
-1464.91491694376	0.0018786885927321	0.0328164412413133
-1465.11279602486	0.0018786885927321	0
