posterior_mean	posterior_var	posterior_sd	posterior_quant	is_contained	PESL
1.69395379973292	0.130902767294979	0.361804874614727	0.808364057313287	1	0.224567043993016
