posterior_mean	posterior_var	posterior_sd	posterior_quant	is_contained	PESL
2.2474648395555	0.0542684560717104	0.232955910145483	0.859965635448544	1	0.118042463332459
