model	lik	mode	convergence
1A	-341.331280897332	2.84248184340472	0
1C	-406.272504657115	0.433558477131291	0
1G	-406.272504657177	0.433558162643614	0
1T	-420.074861195162	1.22602007266484	0
2A	-406.272504680487	0.433558157116465	0
2C	-369.268288543194	2.33897595823589	0
2G	-401.672448317059	2.90913425567792	0
2T	-406.272504680635	0.433558391197763	0
3A	-406.272504680876	0.433558136118588	0
3C	-406.272504680573	0.433558113778551	0
3G	-406.328678447797	0.382672292791804	0
3T	-363.114739175488	2.39767350555569	0
4A	-406.573573528519	0.550506167549081	0
4C	-362.681391996457	2.41357383814188	0
4G	-406.272504691726	0.433558065869064	0
4T	-406.272504691692	0.433558100380124	0
5A	-363.603679815515	2.38678295535601	0
5C	-406.272504653471	0.4335581926309	0
5G	-406.292167737527	0.426467939273706	0
5T	-406.272504653434	0.433557642836937	0
6A	-406.133563560722	1.22687770668554	0
6C	-406.272504656098	0.433558196769739	0
6G	-364.546936692586	2.37914604966491	0
6T	-406.272504656158	0.433557997639204	0
neutral	-406.558183958926	1	0
