posterior_mean	posterior_var	posterior_sd	posterior_quant	is_contained	PESL
2.85958755537047	0.0487008650952083	0.220682724958725	0.742742974785863	1	0.0684165197014883
