lik	gamma	delta
-1057.87659305156	0.0018196390632407	0.193483127658287
-1126.48233828275	0.0018196390632407	6.61069613519961e-05
-1126.48095855005	0.0018196390632407	6.61069613519961e-05
-1126.48095855005	0.0018196390632407	6.61069613519961e-05
-1069.58723888574	0.0018196390632407	0.151572932682665
-1126.48206288478	0.0018196390632407	6.61069613519961e-05
-1126.48095977416	0.0018196390632407	6.61069613519961e-05
-1126.48095977416	0.0018196390632407	6.61069613519961e-05
-1079.36120821885	0.0018196390632407	0.121138344550645
-1126.48095856824	0.0018196390632407	6.61069613519961e-05
-1126.48097917907	0.0018196390632407	6.61069613519961e-05
-1126.48100320857	0.0018196390632407	6.61069613519961e-05
-1126.48095855909	0.0018196390632407	6.61069613519961e-05
-1125.77796284672	0.0018196390632407	0.198817112304289
-1080.11695249575	0.0018196390632407	0.120396077431023
-1126.48095855909	0.0018196390632407	6.61069613519961e-05
-1080.32725718495	0.0018196390632407	0.12036134037167
-1126.48095855292	0.0018196390632407	6.61069613519961e-05
-1126.48095855292	0.0018196390632407	6.61069613519961e-05
-1125.58920609218	0.0018196390632407	0.170925108041074
-1126.48095868646	0.0018196390632407	6.61069613519961e-05
-1079.19613849491	0.0018196390632407	0.121482641729107
-1126.48095868646	0.0018196390632407	6.61069613519961e-05
-1126.48110992964	0.0018196390632407	6.61069613519961e-05
-1126.48095853137	0.0018196390632407	6.61069613519961e-05
-1126.48098071033	0.0018196390632407	6.61069613519961e-05
-1123.56504143753	0.0018196390632407	0.249663314851977
-1081.68837117688	0.0018196390632407	0.119091864865792
-1080.50386614476	0.0018196390632407	0.123372799580187
-1126.48096166067	0.0018196390632407	6.61069613519961e-05
-1126.48145939632	0.0018196390632407	6.61069613519961e-05
-1123.76885670704	0.0018196390632407	0.173736065800516
-1126.4809585993	0.0018196390632407	6.61069613519961e-05
-1079.31134378978	0.0018196390632407	0.121237294020978
-1126.4809585993	0.0018196390632407	6.61069613519961e-05
-1126.48105153692	0.0018196390632407	6.61069613519961e-05
-1105.43755323105	0.0018196390632407	0.0890823026814931
-1125.14444531925	0.0018196390632407	0.407841979514045
-1126.48095877365	0.0018196390632407	6.61069613519961e-05
-1094.85864924143	0.0018196390632407	0.231841305613363
-1126.48095768042	0.0018196390632407	0
