lik	gamma	delta
-688.195349874813	0.00198736106805262	6.61069613519961e-05
-687.836639131309	0.00198736106805262	0.0283188553718271
-687.719068904615	0.00198736106805262	0.0437342198428702
-687.642750722681	0.00198736106805262	0.0156351772913109
-688.195210392542	0.00198736106805262	6.61069613519961e-05
-687.022105508912	0.00198736106805262	0.0196851657013515
-688.195357556567	0.00198736106805262	6.61069613519961e-05
-688.195210392542	0.00198736106805262	6.61069613519961e-05
-688.195428364127	0.00198736106805262	6.61069613519961e-05
-688.195616911152	0.00198736106805262	6.61069613519961e-05
-688.195453182893	0.00198736106805262	6.61069613519961e-05
-686.792686510195	0.00198736106805262	0.0217691825978563
-688.195951332251	0.00198736106805262	6.61069613519961e-05
-688.19521434433	0.00198736106805262	6.61069613519961e-05
-686.787885687792	0.00198736106805262	0.0219844221233406
-688.195282208551	0.00198736106805262	6.61069613519961e-05
-688.195210247491	0.00198736106805262	6.61069613519961e-05
-688.195210247491	0.00198736106805262	6.61069613519961e-05
-688.195210247491	0.00198736106805262	6.61069613519961e-05
-687.065911468269	0.00198736106805262	0.0192770287960258
-688.195210699183	0.00198736106805262	6.61069613519961e-05
-687.032673950508	0.00198736106805262	0.019695208281802
-688.195210699183	0.00198736106805262	6.61069613519961e-05
-688.195278563404	0.00198736106805262	6.61069613519961e-05
-688.195210247491	0.00198736106805262	6.61069613519961e-05
-688.195210247491	0.00198736106805262	6.61069613519961e-05
-688.195210247491	0.00198736106805262	6.61069613519961e-05
-687.065911468269	0.00198736106805262	0.0192770287960258
-688.195210247491	0.00198736106805262	6.61069613519961e-05
-688.195210247491	0.00198736106805262	6.61069613519961e-05
-688.195210247491	0.00198736106805262	6.61069613519961e-05
-687.065911468269	0.00198736106805262	0.0192770287960258
-688.195210764846	0.00198736106805262	6.61069613519961e-05
-687.023892198497	0.00198736106805262	0.0228155639711921
-688.195210764846	0.00198736106805262	6.61069613519961e-05
-688.132866369549	0.00198736106805262	0.00892134169284461
-688.19521178029	0.00198736106805262	6.61069613519961e-05
-686.916535090861	0.00198736106805262	0.020675927731445
-688.195690072697	0.00198736106805262	6.61069613519961e-05
-688.19521178029	0.00198736106805262	6.61069613519961e-05
-688.19520975104	0.00198736106805262	0
