model	lik	mode	convergence
1A	-960.659390690829	1.86331686699316	0
1C	-1009.79629777976	0.433558136119055	0
1G	-1009.79629777976	0.433558220540642	0
1T	-1025.86393013903	1.10118240409913	0
2A	-984.964984756628	1.65651599108349	0
2C	-1009.79629776864	0.433558190818777	0
2G	-1009.7962977686	0.433558159642343	0
2T	-1009.84906341001	0.404773835322361	0
3A	-1009.79629779709	0.43355806598655	0
3C	-1009.79629779698	0.43355804520391	0
3G	-984.697055722276	1.65951717868921	0
3T	-1009.82674851333	0.358295835165143	0
4A	-1009.81696045671	1.09300163028782	0
4C	-1009.79629778471	0.433558186789864	0
4G	-1009.79629778471	0.433558151101546	0
4T	-985.55537908522	1.65263945300905	0
5A	-1009.79629775682	0.433557411892632	0
5C	-1009.79629775677	0.433552293229725	0
5G	-985.59096745509	1.65328619114773	0
5T	-1010.00031560581	1.17003381505369	0
6A	-1009.7962977373	0.43355784250865	0
6C	-1010.03695109671	1.17653105645047	0
6G	-985.428070162896	1.65687452103844	0
6T	-1009.79629773721	0.433557741347104	0
7A	-1009.83157062151	0.418862171509882	0
7C	-985.032497731595	1.65579064668862	0
7G	-1009.79629776012	0.433558662892694	0
7T	-1009.79629776013	0.43355837316706	0
8A	-1009.84516867752	0.40902552345758	0
8C	-1009.79629776552	0.433558062237734	0
8G	-984.986050577013	1.656288192491	0
8T	-1009.79629776552	0.433557984894875	0
9A	-1009.84932851588	0.404426871536825	0
9C	-1009.79629776864	0.433558106834725	0
9G	-1009.79629776865	0.433558070149762	0
9T	-984.963259993094	1.65653469790971	0
10A	-1009.79629775628	0.43355848661069	0
10C	-985.085899092753	1.65522698076494	0
10G	-1009.79629775651	0.43355895654433	0
10T	-1009.8041598398	0.430959867088217	0
11A	-985.396117436622	1.65311209342155	0
11C	-1009.79629776302	0.433558210876585	0
11G	-1009.79629776298	0.433558096389963	0
11T	-1009.81130424557	0.810107952149878	0
12A	-984.75832686647	1.66117345901011	0
12C	-1010.26241311344	0.700125320143444	0
12G	-1009.79629779753	0.433558029650173	0
12T	-1009.79629779752	0.433558023409522	0
13A	-1009.6929081479	0.867865811474766	0
13C	-1009.79629776156	0.43355804893547	0
13G	-985.472017688146	1.65231474607597	0
13T	-1009.79629776154	0.433557961983016	0
14A	-1009.79629777475	0.433558169209331	0
14C	-1009.79629777466	0.433558343693842	0
14G	-984.921822091729	1.6569867640902	0
14T	-1009.85353606792	0.396326835548797	0
neutral	-1010.08197778857	1	0
