posterior_mean	posterior_var	posterior_sd	posterior_quant	is_contained	PESL
3.1164620162586	0.0163572516672313	0.127895471644743	0.181813633493296	1	0.0299206528983093
