posterior_mean	posterior_var	posterior_sd	posterior_quant	is_contained	PESL
1.47989171934469	0.00294477287780927	0.0542657615611287	0.648437337752641	1	0.00334911582870888
