model	lik	mode	convergence
1A	-225.34616200042	2.08164962752687	0
1C	-240.344381814152	0.433558035992983	0
1G	-254.097664633575	0.841014492001383	0
1T	-240.344381814119	0.433558119125881	0
2A	-240.344381818475	0.433558108404172	0
2C	-245.155752085987	1.60119873942709	0
2G	-240.396673084228	0.376185633004816	0
2T	-240.344381818578	0.433557885577644	0
3A	-246.872940736518	1.57425970975438	0
3C	-240.34438180849	0.433558180954227	0
3G	-240.344381808475	0.433558126956649	0
3T	-240.147485512727	1.50977139157912	0
neutral	-240.630060584501	1	0
