posterior_mean	posterior_var	posterior_sd	posterior_quant	is_contained	PESL
2.10927199525364	0.0576909499965521	0.24018940442191	0.999549440365734	0	0.851087328436021
