posterior_mean	posterior_var	posterior_sd	posterior_quant	is_contained	PESL
2.50774212339469	0.00823043828237792	0.0907217630030299	0.470761693415295	1	0.00829037875703225
