lik	gamma	delta
-1051.94202899307	0.00181998207724074	0.193483128850743
-1120.54777442691	0.00181998207724074	6.61069613519961e-05
-1120.54639469493	0.00181998207724074	6.61069613519961e-05
-1120.54639469493	0.00181998207724074	6.61069613519961e-05
-1120.10831328549	0.00181998207724074	0.299028144040432
-1115.98124125074	0.00181998207724074	0.0463937213814912
-1063.11641998999	0.00181998207724074	0.221077751769204
-1120.54645222665	0.00181998207724074	6.61069613519961e-05
-1120.54639480833	0.00181998207724074	6.61069613519961e-05
-1079.8370626548	0.00181998207724074	0.113400629292848
-1110.97436003908	0.00181998207724074	0.396287002975263
-1120.54639480833	0.00181998207724074	6.61069613519961e-05
-1073.16527921446	0.00181998207724074	0.124947701206374
-1120.54639493791	0.00181998207724074	6.61069613519961e-05
-1120.54639493791	0.00181998207724074	6.61069613519961e-05
-1120.19419749854	0.00181998207724074	0.044167903181978
-1120.54657897592	0.00181998207724074	6.61069613519961e-05
-1120.5473059523	0.00181998207724074	6.61069613519961e-05
-1057.36400518969	0.00181998207724074	0.174151446006717
-1120.54639868027	0.00181998207724074	6.61069613519961e-05
-1120.54665459988	0.00181998207724074	6.61069613519961e-05
-1073.79852156859	0.00181998207724074	0.121658350125275
-1120.54639522076	0.00181998207724074	6.61069613519961e-05
-1119.73252668914	0.00181998207724074	0.160942978781812
-1120.54671210192	0.00181998207724074	6.61069613519961e-05
-1120.54639530649	0.00181998207724074	6.61069613519961e-05
-1120.54639530649	0.00181998207724074	6.61069613519961e-05
-1072.91011421905	0.00181998207724074	0.122269113662643
-1120.54639539224	0.00181998207724074	6.61069613519961e-05
-1120.4102067206	0.00181998207724074	0.0624053401971216
-1120.54639539224	0.00181998207724074	6.61069613519961e-05
-1073.48784390796	0.00181998207724074	0.121917612143249
-1110.8478101144	0.00181998207724074	0.189653568929519
-1082.27728036542	0.00181998207724074	0.113973733125683
-1120.54639482138	0.00181998207724074	6.61069613519961e-05
-1120.54640600423	0.00181998207724074	6.61069613519961e-05
-1120.54639469139	0.00181998207724074	6.61069613519961e-05
-1120.54639469139	0.00181998207724074	6.61069613519961e-05
-1120.54639469139	0.00181998207724074	6.61069613519961e-05
-1073.55257107537	0.00181998207724074	0.120876399115956
-1120.5463938251	0.00181998207724074	0
