model	lik	mode	convergence
1A	-434.364601583332	2.28192505485454	0
1C	-473.140641714666	0.433558012033723	0
1G	-488.328911182552	0.925426706000657	0
1T	-473.140641714621	0.433558122186024	0
2A	-473.1406416994	0.433558063179263	0
2C	-473.140641699281	0.433558176951566	0
2G	-463.396186271278	1.75353359166442	0
2T	-473.965078208137	1.08827438553352	0
3A	-462.495662886923	1.75388454030683	0
3C	-472.872215375452	0.28316538662306	0
3G	-473.140641471827	0.433557403468729	0
3T	-473.140641471823	0.433557459932208	0
4A	-473.140641698191	0.433558148543206	0
4C	-464.953161391536	1.70785597998849	0
4G	-473.140641698194	0.433557806887552	0
4T	-471.898731648862	2.1894498559273	0
5A	-473.140641697876	0.43355817591275	0
5C	-463.758825599277	1.73009624349135	0
5G	-473.140641697958	0.433558057726601	0
5T	-473.515441482933	0.849489862724182	0
6A	-473.140641700801	0.433558155370405	0
6C	-464.409436850843	1.71668791977281	0
6G	-473.140641700859	0.433558204982752	0
6T	-472.81848095907	1.32088376573709	0
7A	-473.140641644404	0.433557808189996	0
7C	-462.792555792253	1.74663507841806	0
7G	-473.140641644428	0.433558006485602	0
7T	-473.014467189938	0.307867039325048	0
neutral	-473.426321264002	1	0
