posterior_mean	posterior_var	posterior_sd	posterior_quant	is_contained	PESL
3.04409989675044	0.0127852797285996	0.11307201125212	0.352157467216603	1	0.0147300806219978
