posterior_mean	posterior_var	posterior_sd	posterior_quant	is_contained	PESL
1.47174511535242	0.0122638941308848	0.110742467603376	0.609749990426383	1	0.0130622326373348
