posterior_mean	posterior_var	posterior_sd	posterior_quant	is_contained	PESL
2.61135235168314	0.0114804668548532	0.107146940482933	0.149013214133882	1	0.0238798131938054
