posterior_mean	posterior_var	posterior_sd	posterior_quant	is_contained	PESL
2.38927005072208	0.0213618047471338	0.146156781392906	0.778331931362064	1	0.0336229264142433
