model	lik	mode	convergence
1A	-296.44776465193	2.54741804830527	0
1C	-357.576034294496	0.433558133255731	0
1G	-357.576034294531	0.4335579742763	0
1T	-370.519997313794	1.17440566955664	0
2A	-357.576034296686	0.433558141597534	0
2C	-312.153508058351	2.4565953110205	0
2G	-356.155205403864	2.34809016331861	0
2T	-357.576034296978	0.43355796892053	0
3A	-357.631085129417	0.401382217438944	0
3C	-357.576034302086	0.433558103764406	0
3G	-357.576034302113	0.433558260879001	0
3T	-309.456762186241	2.48765244688392	0
4A	-357.576034308744	0.433558122075199	0
4C	-357.576034308642	0.433558118199471	0
4G	-357.814820739111	0.663681016712342	0
4T	-309.593124927811	2.49156063466057	0
neutral	-357.861712895651	1	0
