model	lik	mode	convergence
1A	-411.018954341358	2.74467970189406	0
1C	-454.33534995212	0.43355808612566	0
1G	-454.335349952113	0.4335582072836	0
1T	-470.523200245302	1.10262653910478	0
2A	-454.335349949472	0.433558112344574	0
2C	-454.3353499494	0.433558078116426	0
2G	-445.237789751704	1.74215368354715	0
2T	-454.392947301113	0.387094091263513	0
3A	-444.98413494791	1.74783282436636	0
3C	-454.335349965228	0.433558108759434	0
3G	-454.353496673795	0.351638421964163	0
3T	-454.335349965218	0.433558016389479	0
4A	-454.740110748109	1.02266902827671	0
4C	-445.718570454726	1.7398706463261	0
4G	-454.335349925303	0.4335587049466	0
4T	-454.335349925199	0.433558488337705	0
5A	-454.335349956599	0.433558113183218	0
5C	-454.335349956461	0.433558062516589	0
5G	-445.17212281879	1.74359682237875	0
5T	-454.388300166476	0.377072685453136	0
neutral	-454.621029835546	1	0
