posterior_mean	posterior_var	posterior_sd	posterior_quant	is_contained	PESL
2.04206040250952	0.00804614981963124	0.0897003334421408	0.323664846075898	1	0.0098152272788766
