posterior_mean	posterior_var	posterior_sd	posterior_quant	is_contained	PESL
2.27109302827971	0.0831361081604928	0.288333328216654	0.791300710850363	1	0.135534509862612
