posterior_mean	posterior_var	posterior_sd	posterior_quant	is_contained	PESL
3.23127904222428	0.0182286146866951	0.135013387064747	0.0407811161081181	1	0.0717186100587133
