posterior_mean	posterior_var	posterior_sd	posterior_quant	is_contained	PESL
1.55247180963004	0.00318205732173721	0.056409727190771	0.176513604133246	1	0.00593534812757703
