posterior_mean	posterior_var	posterior_sd	posterior_quant	is_contained	PESL
1.61117201306754	0.00429348186021245	0.065524666044265	0.0423801150473368	1	0.0166526983497593
