posterior_mean	posterior_var	posterior_sd	posterior_quant	is_contained	PESL
3.26053991296962	0.242800306606773	0.492747710909724	0.311241244423156	1	0.31068135286148
