posterior_mean	posterior_var	posterior_sd	posterior_quant	is_contained	PESL
1.42965761082698	0.00163956763598835	0.0404915748766129	0.957183908115415	1	0.00658761935042496
