posterior_mean	posterior_var	posterior_sd	posterior_quant	is_contained	PESL
1.92213234251609	0.0230325568462802	0.151764807667259	0.702853005419505	1	0.0290959289283009
