posterior_mean	posterior_var	posterior_sd	posterior_quant	is_contained	PESL
1.93635967215842	0.00235772473104307	0.0485564077238326	0.904035119338564	1	0.00640781841944068
