posterior_mean	posterior_var	posterior_sd	posterior_quant	is_contained	PESL
1.43395929651593	0.00601896414222331	0.0775819833609796	0.804136772838377	1	0.0103803386682524
