posterior_mean	posterior_var	posterior_sd	posterior_quant	is_contained	PESL
1.49417211326667	0.00659915446960446	0.081235179999828	0.535784051799977	1	0.00663311873337989
