posterior_mean	posterior_var	posterior_sd	posterior_quant	is_contained	PESL
2.50601285055457	0.00538333823857116	0.0733712357710511	0.471202745314363	1	0.0054194926324108
