model	lik	mode	convergence
1A	-758.910826358043	2.86420188232094	0
1C	-878.942170077621	0.433558191578776	0
1G	-878.942170077621	0.433557967337754	0
1T	-893.751190845968	1.02414056141778	0
2A	-878.94217006235	0.433558123837347	0
2C	-823.69138614511	1.96835945261597	0
2G	-869.918219727528	3.21330795889005	0
2T	-878.94217006241	0.433558047833703	0
3A	-815.884172484973	2.01156646151331	0
3C	-878.942170061347	0.433558101946883	0
3G	-878.942170061304	0.433558316796814	0
3T	-878.812590597296	0.880151496871694	0
4A	-814.870779273477	2.02006367085406	0
4C	-878.942170091367	0.433558057261302	0
4G	-878.991308100755	0.37251176160336	0
4T	-878.942170091364	0.433558047328489	0
5A	-814.279485028069	2.02807247065743	0
5C	-878.942170095181	0.433558067966701	0
5G	-878.942170095144	0.433558005988452	0
5T	-879.212021856541	0.490175089216685	0
6A	-879.922197279013	0.826276364346754	0
6C	-811.844567573651	2.06792020407122	0
6G	-878.942170082025	0.433557900299105	0
6T	-878.942170082017	0.433557933449705	0
7A	-878.942170062614	0.433558186635118	0
7C	-878.984439690009	0.414425291373585	0
7G	-815.228998211237	2.0161757894175	0
7T	-878.942170062441	0.433558111899067	0
8A	-878.942170084945	0.433558105622517	0
8C	-878.998390486966	0.382779847984432	0
8G	-814.968010852788	2.01897935897628	0
8T	-878.942170084812	0.433558040774728	0
9A	-878.942170083935	0.4335581574687	0
9C	-808.872930933103	2.09508734119235	0
9G	-878.942170083987	0.433558155519716	0
9T	-879.231461574178	0.606311182669841	0
10A	-878.942170059247	0.433558154330649	0
10C	-878.94217005915	0.433558584872437	0
10G	-815.275475999274	2.0156955028188	0
10T	-878.973842641952	0.420861172878602	0
11A	-817.375566323591	2.00244431978643	0
11C	-878.942170064981	0.433558098654198	0
11G	-878.942170064959	0.433558065625964	0
11T	-877.309405383323	2.51557383099431	0
12A	-878.942170088782	0.433558146688011	0
12C	-814.911397720821	2.01960841029065	0
12G	-878.994849962764	0.376702168804427	0
12T	-878.942170088947	0.433558251696239	0
13A	-878.942170088179	0.433558118502144	0
13C	-866.831910009175	2.83430191255094	0
13G	-827.171945624385	1.95672781623067	0
13T	-878.942170088093	0.433557969000856	0
14A	-816.579859821601	2.00846252582033	0
14C	-878.474876328174	1.63066109123425	0
14G	-878.942170058204	0.433558058261414	0
14T	-878.942170057682	0.433558761465543	0
neutral	-879.22784908393	1	0
