posterior_mean	posterior_var	posterior_sd	posterior_quant	is_contained	PESL
2.87370085009146	0.0271901547089953	0.164894374400691	0.780558468727875	1	0.0431416299873383
