model	lik	mode	convergence
1A	-409.311463506988	2.88978973449585	0
1C	-466.764671175126	0.433558163992315	0
1G	-466.764671175192	0.433557985837743	0
1T	-480.338571136003	0.909928808321357	0
2A	-450.779926896447	1.83047329292686	0
2C	-466.764671186022	0.433558091574728	0
2G	-466.778897260102	0.795577903262261	0
2T	-466.764671185995	0.433558150894862	0
3A	-466.821167210383	0.398452592476312	0
3C	-466.764671183501	0.433557932172469	0
3G	-450.254305567363	1.83805207922666	0
3T	-466.764671183479	0.433558225318362	0
4A	-450.757752824417	1.8309733220297	0
4C	-466.764671190005	0.433558164527759	0
4G	-466.76467118997	0.433558141327521	0
4T	-466.788947511835	0.784974992548169	0
5A	-466.764671188659	0.433558133731391	0
5C	-466.921061697511	0.718699069948532	0
5G	-466.764671188602	0.43355776596549	0
5T	-450.607555977887	1.83399691799135	0
6A	-466.764671204637	0.433558025638068	0
6C	-466.764671204508	0.43355798262149	0
6G	-449.791617859775	1.84841327127955	0
6T	-466.760733945479	0.341941230938772	0
neutral	-467.050348799123	1	0
