model	lik	mode	convergence
1A	-199.842092397176	2.35295686100654	0
1C	-232.376545263644	1.10234353438113	0
1G	-219.377512168489	0.433557881773323	0
1T	-219.377512168455	0.433557994168286	0
2A	-216.970945191294	1.88861006376134	0
2C	-219.377512183218	0.433558061262717	0
2G	-219.37751218318	0.433558062385461	0
2T	-219.703285153345	1.04404039625639	0
3A	-219.37751216837	0.433557972123684	0
3C	-232.376545263824	1.1023435290156	0
3G	-199.842092397521	2.3529569021787	0
3T	-219.377512168533	0.433557685484508	0
neutral	-219.663189510922	1	0
