posterior_mean	posterior_var	posterior_sd	posterior_quant	is_contained	PESL
2.38565020329967	0.0767542590183693	0.277045590144238	0.671999598224372	1	0.0898301350237825
