model	lik	mode	convergence
1A	-457.376791766925	2.0277119771304	0
1C	-480.878417689714	0.433558236212905	0
1G	-480.878417689707	0.433558182854742	0
1T	-494.622532141601	0.869970843409385	0
2A	-480.87841754798	0.433557641007928	0
2C	-480.878417547733	0.433557630551309	0
2G	-473.073018415473	1.40265232611484	0
2T	-493.347431741102	0.50629751579909	0
3A	-480.878417690875	0.433558117932535	0
3C	-480.934517654178	0.38250472172542	0
3G	-480.878417690852	0.433558144001685	0
3T	-486.348023679706	1.37430016069657	0
neutral	-481.164096207132	1	0
