posterior_mean	posterior_var	posterior_sd	posterior_quant	is_contained	PESL
2.56541528738841	0.0183833662494214	0.135585272981329	0.319553129899955	1	0.0226625260735311
