model	lik	mode	convergence
1A	-988.845387771731	1.53256295383629	0
1C	-1012.92815331541	0.433558089104058	0
1G	-1012.92815331539	0.433558082798615	0
1T	-1015.3762434565	1.04879280076676	0
2A	-1004.64304144041	1.4446367952229	0
2C	-1012.92815243102	0.433558080028649	0
2G	-1012.92815243099	0.433558076627224	0
2T	-1012.977456933	0.372687642350638	0
3A	-1004.75746327871	1.4432411407602	0
3C	-1012.92815240867	0.433558136999312	0
3G	-1012.98147122511	0.404039066095774	0
3T	-1012.92815240864	0.433558048104646	0
4A	-1012.92815243694	0.433558045817272	0
4C	-1012.92815243684	0.433558073642027	0
4G	-1004.54616461648	1.44584851795144	0
4T	-1012.94283763739	0.349963645065386	0
5A	-1012.9281524157	0.433558138109406	0
5C	-1013.51882711757	1.27148834934572	0
5G	-1005.7400913605	1.45070419150844	0
5T	-1012.92815241558	0.433558082901345	0
6A	-1004.81276680283	1.4440984573301	0
6C	-1012.92815243708	0.43355803831382	0
6G	-1012.92815243704	0.433558089401519	0
6T	-1013.34976531084	0.764430752204411	0
7A	-1005.01891881193	1.44086239442209	0
7C	-1013.03192885452	0.756351766681691	0
7G	-1012.9281524103	0.433558289392783	0
7T	-1012.92815241024	0.43355813968829	0
8A	-1012.92815243566	0.433558062888852	0
8C	-1004.52504750413	1.44611600925365	0
8G	-1012.92815243571	0.433557851155371	0
8T	-1012.93260712953	0.345384563658999	0
9A	-1005.45987794484	1.43700822463434	0
9C	-1012.73976233378	1.43509017942071	0
9G	-1012.92815240151	0.433558133822004	0
9T	-1012.92815240142	0.433558268344191	0
10A	-1012.92815242102	0.433558128414757	0
10C	-1012.92815242095	0.433558246830472	0
10G	-1004.69953679056	1.4439426204197	0
10T	-1012.98582872451	0.387495875664882	0
11A	-1006.34686564698	1.44831936895435	0
11C	-1013.08217244361	1.32557986321501	0
11G	-1012.9281524092	0.433558093263504	0
11T	-1012.92815240915	0.433558191603024	0
12A	-1012.92815241569	0.433558110219885	0
12C	-1012.92815241557	0.433558114152802	0
12G	-1004.72488536436	1.44363433452855	0
12T	-1012.98582049674	0.394539176995864	0
13A	-1012.9281524046	0.433558127685462	0
13C	-1012.97561490568	0.410323907132109	0
13G	-1004.77817147982	1.44299301791719	0
13T	-1012.92815240451	0.433557948852208	0
neutral	-1013.21383180865	1	0
