model	lik	mode	convergence
1A	-566.294920141502	1.81336796833482	0
1C	-588.061246613553	0.433558100467486	0
1G	-592.445559003043	0.880921547763577	0
1T	-588.061246613522	0.433558110128995	0
2A	-586.231799618172	1.806883969992	0
2C	-589.169259027777	1.4829792927117	0
2G	-588.061246476162	0.433558104099152	0
2T	-588.061246476141	0.433558273355425	0
3A	-588.061246505387	0.433558092208472	0
3C	-588.061246505113	0.433558079832064	0
3G	-588.110987637529	0.373156932997289	0
3T	-586.160307233241	1.52407463603453	0
4A	-588.061246613783	0.433558053890536	0
4C	-588.06124661354	0.433558093219963	0
4G	-566.294920141468	1.81336796996425	0
4T	-592.445559003172	0.8809215523541	0
5A	-588.061246472668	0.433558229702913	0
5C	-583.248533682811	1.80105720054712	0
5G	-592.076696886291	1.44400400377856	0
5T	-588.061246472522	0.433557805734238	0
6A	-588.061246500695	0.433558091331157	0
6C	-588.061246500401	0.433558206579872	0
6G	-588.193621423071	1.0187194860054	0
6T	-586.730249553566	1.51461418733182	0
7A	-586.235786703728	1.52230816301103	0
7C	-588.061246493738	0.433558141478948	0
7G	-588.061246493693	0.433558028569288	0
7T	-588.119211049314	0.389787541305851	0
8A	-586.114607553718	1.52515855886048	0
8C	-588.061246509634	0.433558054386079	0
8G	-588.100254949151	0.363841306283543	0
8T	-588.061246509615	0.43355808523582	0
9A	-588.06124649462	0.433558076797097	0
9C	-588.061246494498	0.433558138064659	0
9G	-586.23119253369	1.52241479732104	0
9T	-588.119112324505	0.388728943319831	0
10A	-586.100183320998	1.52857427308787	0
10C	-588.061246471558	0.433558444706954	0
10G	-588.55459257507	0.677402489137146	0
10T	-588.061246471446	0.433558210917647	0
11A	-588.071414905964	0.430142768908629	0
11C	-588.06124647111	0.433558845620949	0
11G	-588.061246471318	0.433558641850762	0
11T	-586.391281454636	1.51877191220289	0
12A	-586.095875763446	1.52560583389057	0
12C	-588.094819495971	0.360175577543834	0
12G	-588.061246510843	0.43355809524195	0
12T	-588.061246510825	0.433558091833763	0
neutral	-588.346922411651	1	0
