lik	gamma	delta
-680.401911422461	0.00214639128565755	6.61069613519961e-05
-680.401530081059	0.00214639128565755	6.61069613519961e-05
-680.401583352875	0.00214639128565755	6.61069613519961e-05
-677.216081933579	0.00214639128565755	0.0331766763095255
-680.391403576642	0.00214639128565755	0.00587853396976847
-680.401529019676	0.00214639128565755	6.61069613519961e-05
-677.264788065806	0.00214639128565755	0.034437408267043
-680.401529019676	0.00214639128565755	6.61069613519961e-05
-680.401529006349	0.00214639128565755	6.61069613519961e-05
-680.401529006349	0.00214639128565755	6.61069613519961e-05
-677.437493559742	0.00214639128565755	0.0317986292762829
-680.401529006349	0.00214639128565755	6.61069613519961e-05
-680.401530757423	0.00214639128565755	6.61069613519961e-05
-677.182491480349	0.00214639128565755	0.0334049120649185
-680.401530757423	0.00214639128565755	6.61069613519961e-05
-680.402022575242	0.00214639128565755	6.61069613519961e-05
-680.401529298531	0.00214639128565755	6.61069613519961e-05
-677.668131523099	0.00214639128565755	0.0307698963251978
-680.40185659922	0.00214639128565755	6.61069613519961e-05
-677.529838360344	0.00214639128565755	0.999945663261791
-680.401530470264	0.00214639128565755	6.61069613519961e-05
-677.186059463419	0.00214639128565755	0.0346326253104501
-680.364193428176	0.00214639128565755	0.0147334382803816
-680.401908839152	0.00214639128565755	6.61069613519961e-05
-680.401529924726	0.00214639128565755	6.61069613519961e-05
-680.401556825307	0.00214639128565755	6.61069613519961e-05
-677.387362950721	0.00214639128565755	0.0323044953733488
-680.401529924726	0.00214639128565755	6.61069613519961e-05
-680.401531860331	0.00214639128565755	6.61069613519961e-05
-680.402657303239	0.00214639128565755	6.61069613519961e-05
-676.76905868902	0.00214639128565755	0.0362966674516502
-680.401531860331	0.00214639128565755	6.61069613519961e-05
-680.401529160459	0.00214639128565755	6.61069613519961e-05
-680.401611408412	0.00214639128565755	6.61069613519961e-05
-680.401647551381	0.00214639128565755	6.61069613519961e-05
-677.33870446325	0.00214639128565755	0.0324139996441237
-677.351175894908	0.00214639128565755	0.0323383357388523
-680.401703998685	0.00214639128565755	6.61069613519961e-05
-680.401529226751	0.00214639128565755	6.61069613519961e-05
-680.401529226751	0.00214639128565755	6.61069613519961e-05
-680.401526348183	0.00214639128565755	0
