posterior_mean	posterior_var	posterior_sd	posterior_quant	is_contained	PESL
2.78930747437363	0.103937788519825	0.322393840697717	0.750616288144165	1	0.14832912887466
