posterior_mean	posterior_var	posterior_sd	posterior_quant	is_contained	PESL
1.39833803574297	0.0798468768175577	0.282571896722865	0.974017761008793	1	0.441843996051354
