posterior_mean	posterior_var	posterior_sd	posterior_quant	is_contained	PESL
2.98462065732243	0.0971178906321434	0.311637434580866	0.533611393490732	1	0.0973544148133373
