posterior_mean	posterior_var	posterior_sd	posterior_quant	is_contained	PESL
2.63866087479729	0.0190040050733484	0.137855014683356	0.994251275328795	0	0.149569991378908
