posterior_mean	posterior_var	posterior_sd	posterior_quant	is_contained	PESL
2.05761609840486	0.00537893792664535	0.0733412430126825	0.217362950945105	1	0.00869855272203839
