model	lik	mode	convergence
1A	-409.694817145578	1.80797432252243	0
1C	-432.6578446313	0.433557829963747	0
1G	-432.657844631279	0.4335579228855	0
1T	-446.459563951679	0.906959967704754	0
2A	-428.334164073346	1.59812494774918	0
2C	-432.657844665247	0.433558124044317	0
2G	-432.657844665223	0.433558277165605	0
2T	-432.576124233808	0.843886075112751	0
3A	-432.657844662043	0.433558047956874	0
3C	-432.657844661697	0.433557979935394	0
3G	-432.710533801031	0.404872168942157	0
3T	-427.887626425901	1.60562644836184	0
4A	-432.657844671323	0.433558108907793	0
4C	-432.657844671208	0.433558221555632	0
4G	-427.82612647586	1.60698621413216	0
4T	-432.715819256295	0.392067722834981	0
neutral	-432.943523179522	1	0
