posterior_mean	posterior_var	posterior_sd	posterior_quant	is_contained	PESL
1.81864507740158	0.0192879591305797	0.138881097095968	0.901464370059597	1	0.0521775670812713
