posterior_mean	posterior_var	posterior_sd	posterior_quant	is_contained	PESL
1.41630815274892	0.192097961217071	0.438289814183573	0.982385018376444	0	1.36648598101601
