model	lik	mode	convergence
1A	-611.643036875939	1.71949757515395	0
1C	-616.785741252076	0.43355806187486	0
1G	-616.785741252054	0.433558049928201	0
1T	-631.222878568389	0.924479878516117	0
2A	-616.763638646254	0.335305108469232	0
2C	-616.78574124431	0.433557985881397	0
2G	-616.785741244292	0.433558040060467	0
2T	-631.329444467283	1.06354980963168	0
3A	-615.168847845598	2.40078325882087	0
3C	-616.785741221036	0.433558190880681	0
3G	-631.567753901139	1.03928419732949	0
3T	-616.785741221004	0.43355825924827	0
4A	-616.7857412405	0.433558115102893	0
4C	-616.785741240376	0.433558087206053	0
4G	-616.842103973922	0.383117209632985	0
4T	-631.358934397138	1.06108923726115	0
5A	-616.670358268297	0.310189075869908	0
5C	-631.310167119772	1.06511599912955	0
5G	-616.785741185736	0.433557833420428	0
5T	-616.785741185714	0.433557862980306	0
6A	-616.785741185862	0.433557830175796	0
6C	-616.670358268425	0.310189082088735	0
6G	-631.310167119858	1.06511599888215	0
6T	-616.785741185772	0.433557775039401	0
7A	-616.78574125215	0.433558064924808	0
7C	-617.691375045707	0.787607706993828	0
7G	-616.785741252127	0.433558030740665	0
7T	-631.282940480768	1.06702927908216	0
neutral	-617.071419937667	1	0
