posterior_mean	posterior_var	posterior_sd	posterior_quant	is_contained	PESL
2.04992403920742	0.0225926553707377	0.150308533925182	0.378173109632822	1	0.0250850650615377
