posterior_mean	posterior_var	posterior_sd	posterior_quant	is_contained	PESL
2.2352018942403	0.31089721973129	0.557581581233894	0.906716380650739	1	0.895813362304992
