posterior_mean	posterior_var	posterior_sd	posterior_quant	is_contained	PESL
1.56160175064244	0.00676146512920722	0.082228128576584	0.229159576615232	1	0.010556240811431
