posterior_mean	posterior_var	posterior_sd	posterior_quant	is_contained	PESL
1.85286286919266	0.0215942790091323	0.146949920071881	0.841882606287839	1	0.0432436142713103
