posterior_mean	posterior_var	posterior_sd	posterior_quant	is_contained	PESL
1.48777608678533	0.00704483383078875	0.0839335083908015	0.565172906846393	1	0.0071942578851963
