model	lik	mode	convergence
1A	-432.950712583922	2.99785691583791	0
1C	-498.163323514118	0.433558255303405	0
1G	-515.610671633518	1.10587990992205	0
1T	-498.163323514103	0.433558059069403	0
2A	-498.16332351508	0.433558127797306	0
2C	-498.3299785693	0.440678228736411	0
2G	-465.940190023853	2.23977561939178	0
2T	-498.163323514961	0.433557911623719	0
3A	-498.163323492587	0.433557593353177	0
3C	-495.878369165718	2.88190326056449	0
3G	-498.163323492276	0.433558151171624	0
3T	-470.655209231563	2.16249992247559	0
4A	-498.163323500752	0.433558126440886	0
4C	-498.16332350072	0.433558121672615	0
4G	-468.384859335412	2.19466200458764	0
4T	-498.268090795708	1.05845994905799	0
5A	-467.489922804193	2.20335417041908	0
5C	-498.163323513564	0.433558128091661	0
5G	-498.2213231057	0.3905827085556	0
5T	-498.163323513547	0.433558209125937	0
6A	-436.169451610303	2.8385736850671	0
6C	-515.621528567699	1.09225560104951	0
6G	-498.163323515914	0.433558023354659	0
6T	-498.163323515873	0.433558073081728	0
7A	-498.647632740423	0.951367497904404	0
7C	-498.163323507771	0.433557988847517	0
7G	-467.610166393889	2.21557517504931	0
7T	-498.16332350777	0.433558018673163	0
8A	-498.163323512251	0.433558151840817	0
8C	-496.912180897345	2.09984324523613	0
8G	-470.18539781372	2.17737514044094	0
8T	-498.16332351214	0.433558237570665	0
9A	-497.240951612892	1.92649520336884	0
9C	-498.163323492088	0.433557898724564	0
9G	-469.965180952397	2.18157781966206	0
9T	-498.163323492154	0.433557783847803	0
10A	-498.163323525748	0.433558094413933	0
10C	-498.163323525556	0.433558078265364	0
10G	-498.369688619667	0.668980619834771	0
10T	-467.775921805688	2.20292410989253	0
11A	-498.21597875065	0.404915488503935	0
11C	-498.163323502917	0.433558214421183	0
11G	-498.163323502936	0.433558249842864	0
11T	-467.632737405004	2.20022438654045	0
neutral	-498.449003521948	1	0
