model	lik	mode	convergence
1A	-674.944309948807	1.1631639790708	0
1C	-673.808359516154	0.433558209263775	0
1G	-687.381322590078	0.936811914020356	0
1T	-673.80835951614	0.433558096223163	0
2A	-673.808359532364	0.433558119954993	0
2C	-673.86202157183	0.37809787613752	0
2G	-673.808359532345	0.433558174787105	0
2T	-687.791926221276	1.00763285551715	0
3A	-673.808359538083	0.433558119645038	0
3C	-687.791096951948	0.998561644469777	0
3G	-673.808359538141	0.433558079599731	0
3T	-674.514621597651	1.06616143422825	0
4A	-687.797269311459	1.00047495880864	0
4C	-673.808359503522	0.433558122583798	0
4G	-674.23850755963	1.00190670522231	0
4T	-673.808359503528	0.433558338216053	0
5A	-673.808359539736	0.433558028544341	0
5C	-673.809925657283	0.344176442942516	0
5G	-687.787618454318	1.00916297625946	0
5T	-673.808359539635	0.433558058599496	0
6A	-673.808359471771	0.433557820760377	0
6C	-673.808359471551	0.433557794325175	0
6G	-674.700178651638	0.951165164397757	0
6T	-687.783539795118	1.00239502972452	0
7A	-687.789659533513	1.0075918535194	0
7C	-674.125049140394	0.536838606748708	0
7G	-673.80835950495	0.4335583417596	0
7T	-673.808359504876	0.433558066961967	0
8A	-675.057692620338	0.973363620693634	0
8C	-687.765435963732	1.00267231004915	0
8G	-673.808359523496	0.433558223024094	0
8T	-673.80835952347	0.433558138302328	0
neutral	-674.094035996354	1	0
