posterior_mean	posterior_var	posterior_sd	posterior_quant	is_contained	PESL
2.52251826426149	0.00466174394760728	0.0682769649853249	0.373816979497539	1	0.00516881617294943
