posterior_mean	posterior_var	posterior_sd	posterior_quant	is_contained	PESL
1.79879856126268	0.00873356459643116	0.0934535424498781	0.981892990047574	0	0.0492155835464011
