model	lik	mode	convergence
1A	-332.487369674914	2.74254287843924	0
1C	-401.797012332548	0.955062263393946	0
1G	-387.634398487444	0.433557980717067	0
1T	-387.634398487433	0.433558376395383	0
2A	-387.634398520616	0.433558139881774	0
2C	-366.522882328104	1.94360665826852	0
2G	-387.897151164021	0.484310079086064	0
2T	-387.634398520762	0.433558281648344	0
neutral	-387.920077086941	1	0
