posterior_mean	posterior_var	posterior_sd	posterior_quant	is_contained	PESL
2.76079631722579	0.0501565746090246	0.223956635554798	0.119772927579325	1	0.118171293687555
