posterior_mean	posterior_var	posterior_sd	posterior_quant	is_contained	PESL
2.68889184627152	0.0409752360712079	0.202423407913235	0.176008151202459	1	0.0766553656589827
