model	lik	mode	convergence
1A	-219.255315957271	2.49133447394643	0
1C	-240.855222854042	0.43355813918215	0
1G	-240.855222854043	0.433558037733815	0
1T	-259.190638856648	0.808035915534892	0
2A	-232.025146225995	1.65767301296659	0
2C	-240.85522283674	0.433558159154265	0
2G	-240.855222836776	0.43355816374963	0
2T	-254.154663326364	0.356263462804964	0
3A	-240.855222832508	0.433558117133678	0
3C	-240.855222832189	0.433558307553093	0
3G	-240.847112933111	1.13744179641194	0
3T	-250.213542220303	1.61669504554864	0
neutral	-241.14090288512	1	0
