lik	gamma	delta
-1061.58277274211	0.00291626870346904	0.255280878409708
-1147.91836777272	0.00291626870346904	0.0135590874169599
-1148.19759832962	0.00291626870346904	0.0337083942981624
-1148.24542674996	0.00291626870346904	6.61069613519961e-05
-1148.24528692081	0.00291626870346904	6.61069613519961e-05
-1089.04054131297	0.00291626870346904	0.141040871089396
-1148.24528692081	0.00291626870346904	6.61069613519961e-05
-1148.24556293522	0.00291626870346904	6.61069613519961e-05
-1148.24528758107	0.00291626870346904	6.61069613519961e-05
-1089.4234130822	0.00291626870346904	0.140396335248626
-1148.24528758107	0.00291626870346904	6.61069613519961e-05
-1148.24535630265	0.00291626870346904	6.61069613519961e-05
-1147.73634860367	0.00291626870346904	0.140950004543288
-1145.32692920493	0.00291626870346904	0.265407639316915
-1135.46497744855	0.00291626870346904	0.075478103130847
-1091.78213456153	0.00291626870346904	0.268692062965115
-1148.24528683675	0.00291626870346904	6.61069613519961e-05
-1090.02054800621	0.00291626870346904	0.138676226694353
-1148.24528683675	0.00291626870346904	6.61069613519961e-05
-1148.24528683675	0.00291626870346904	6.61069613519961e-05
-1148.24528684331	0.00291626870346904	6.61069613519961e-05
-1089.96534720328	0.00291626870346904	0.138784196053342
-1148.24531280353	0.00291626870346904	6.61069613519961e-05
-1148.24528684331	0.00291626870346904	6.61069613519961e-05
-1148.24543938865	0.00291626870346904	6.61069613519961e-05
-1142.89497043136	0.00291626870346904	0.23293813405728
-1093.90372788715	0.00291626870346904	0.137565463336404
-1148.24532373946	0.00291626870346904	6.61069613519961e-05
-1148.24528693931	0.00291626870346904	6.61069613519961e-05
-1091.51753736759	0.00291626870346904	0.137573047968691
-1148.24528693931	0.00291626870346904	6.61069613519961e-05
-1146.53511107123	0.00291626870346904	0.240968436139599
-1134.47550229613	0.00291626870346904	0.209515330132804
-1148.24528707736	0.00291626870346904	6.61069613519961e-05
-1102.62437085206	0.00291626870346904	0.129651137557373
-1148.24528707736	0.00291626870346904	6.61069613519961e-05
-1140.09027905893	0.00291626870346904	0.556691353512958
-1148.24574040592	0.00291626870346904	6.61069613519961e-05
-1093.95657008809	0.00291626870346904	0.135251213164546
-1148.24528884487	0.00291626870346904	6.61069613519961e-05
-1148.24528633254	0.00291626870346904	0
