posterior_mean	posterior_var	posterior_sd	posterior_quant	is_contained	PESL
1.41245700769221	0.011108269676689	0.105395776370256	0.799220322543282	1	0.0187720451789037
