posterior_mean	posterior_var	posterior_sd	posterior_quant	is_contained	PESL
3.02229408903403	0.00617631060107103	0.0785895069399919	0.3913896782809	1	0.00667333700691642
