model	lik	mode	convergence
1A	-182.205414471447	2.44565872295616	0
1C	-207.411548664469	0.433558115328098	0
1G	-221.463013875788	0.763080820377786	0
1T	-207.411548664432	0.433558010744882	0
2A	-207.411548632844	0.433558054824425	0
2C	-207.411548632454	0.433558099391975	0
2G	-206.644090450482	1.63229093370223	0
2T	-205.214186404193	2.0278001185148	0
3A	-207.411548627738	0.433558035965906	0
3C	-203.097493333612	1.99574423397292	0
3G	-207.41154862797	0.433557892366433	0
3T	-207.432652985179	0.425859570699388	0
neutral	-207.697228026847	1	0
