posterior_mean	posterior_var	posterior_sd	posterior_quant	is_contained	PESL
2.44367015274818	0.00393098665022246	0.0626975808960957	0.81598300832984	1	0.00710403749577034
