posterior_mean	posterior_var	posterior_sd	posterior_quant	is_contained	PESL
2.44441323756885	0.0877114566753578	0.29616120048946	0.96320634096159	1	0.396388107263683
