model	lik	mode	convergence
1A	-1137.45784080579	2.84804670332816	0
1C	-1435.91923356441	0.433558125566745	0
1G	-1449.42635008407	0.862813225180539	0
1T	-1435.91923356437	0.433558059407655	0
2A	-1188.27972717482	2.55046193022495	0
2C	-1435.91923354377	0.433558146638431	0
2G	-1435.97684654096	0.394815455471853	0
2T	-1435.91923354377	0.433558088586095	0
3A	-1435.91923354953	0.433558157682881	0
3C	-1189.64388220636	2.54852370013123	0
3G	-1435.91923354959	0.433557914367641	0
3T	-1435.79806408041	1.37471738482166	0
4A	-1435.94966780599	0.421502461133345	0
4C	-1435.91923352697	0.43355848847713	0
4G	-1188.60170486031	2.5486352260094	0
4T	-1435.91923352703	0.433558261331806	0
5A	-1190.19862712748	2.54564971997195	0
5C	-1435.9192335528	0.433558110224752	0
5G	-1435.29114655116	1.7078806551132	0
5T	-1435.9192335528	0.433558138056709	0
6A	-1188.44864548536	2.54948690168858	0
6C	-1435.9192335344	0.433558108247422	0
6G	-1435.91923353435	0.43355830630251	0
6T	-1435.969037137	0.40810519378032	0
7A	-1435.91923353895	0.433558151930909	0
7C	-1188.36115608641	2.54998770684304	0
7G	-1435.9744707812	0.401053593712607	0
7T	-1435.91923353927	0.433558151953563	0
8A	-1435.91923352906	0.433558345344091	0
8C	-1188.54601054315	2.54894130008758	0
8G	-1435.95847825293	0.416486711707354	0
8T	-1435.91923352952	0.433557865003931	0
9A	-1435.91923353263	0.433558091465804	0
9C	-1435.91923353258	0.433557951959508	0
9G	-1188.48173714853	2.54930002716093	0
9T	-1435.96604864149	0.410888313035862	0
10A	-1435.97392165895	0.401993475924621	0
10C	-1188.37305148026	2.54991907325836	0
10G	-1435.91923353856	0.433558234519092	0
10T	-1435.91923353857	0.43355804761343	0
11A	-1435.91923354712	0.433558118129079	0
11C	-1192.02970023489	2.54278919556901	0
11G	-1435.91923354718	0.4335579509995	0
11T	-1433.87605734657	2.43532220491646	0
12A	-1435.91923354416	0.433558126728573	0
12C	-1189.1915426726	2.5473944087173	0
12G	-1435.9192335442	0.433558040186636	0
12T	-1435.87647762194	0.82028468915724	0
13A	-1192.89705090491	2.54196935197158	0
13C	-1435.91923356305	0.43355811709263	0
13G	-1432.89116001486	2.68867106841853	0
13T	-1435.91923356304	0.43355815891838	0
14A	-1188.68613465367	2.54818046519886	0
14C	-1435.91923352614	0.433558794480663	0
14G	-1435.91923352614	0.433558157089605	0
14T	-1435.93108512837	0.429529100236172	0
15A	-1188.51547880982	2.55081110455605	0
15C	-1435.91923352763	0.433557875473082	0
15G	-1435.91923352763	0.43355807972466	0
15T	-1436.1723040761	0.663944889933156	0
neutral	-1436.20491167392	1	0
