model	lik	mode	convergence
1A	-931.613101973655	2.45719739887611	0
1C	-1000.31690717582	0.433558058892932	0
1G	-1016.19966631854	1.02833032453759	0
1T	-1000.3169071758	0.433558106890723	0
2A	-982.556514071935	1.55500500713476	0
2C	-1000.34308267616	0.423590033445948	0
2G	-1000.31690713788	0.433558062755864	0
2T	-1000.31690713779	0.433558192461241	0
3A	-1000.44901933508	0.731999241596493	0
3C	-982.750334237408	1.55384788934861	0
3G	-1000.31690715778	0.433558098000499	0
3T	-1000.31690715775	0.433558153439299	0
4A	-1000.29878163218	0.336668902303355	0
4C	-1000.31690716916	0.43355807136063	0
4G	-1000.31690716914	0.433557961934233	0
4T	-982.129471913436	1.55996478461578	0
5A	-1000.31690715199	0.433558144510277	0
5C	-1000.31690715165	0.433558089660846	0
5G	-1001.60298037218	1.14170112224028	0
5T	-977.875829671423	1.70874005088031	0
6A	-1000.31690714391	0.43355814919843	0
6C	-1000.31690714386	0.433558404738435	0
6G	-982.505862418728	1.55556517926707	0
6T	-1000.36402688236	0.410624847095723	0
7A	-982.258054428022	1.55842122170134	0
7C	-1000.34760062038	0.358400365681451	0
7G	-1000.31690717637	0.4335580909144	0
7T	-1000.31690717636	0.433557998795886	0
8A	-982.842505486326	1.55283205878693	0
8C	-1000.31690715366	0.433558096663489	0
8G	-1000.3340412468	0.795854820724295	0
8T	-1000.31690715366	0.433558295465731	0
9A	-1000.24150117065	1.18217562446935	0
9C	-983.097429945422	1.55092639483516	0
9G	-1000.31690714237	0.433558190391216	0
9T	-1000.31690714235	0.433558152636587	0
10A	-1000.35609904555	0.363973659477079	0
10C	-982.288315160566	1.55806352892218	0
10G	-1000.31690717477	0.433558143073153	0
10T	-1000.31690717475	0.433558200157446	0
11A	-984.144367793046	1.54750650651179	0
11C	-1000.31690714349	0.433558229576711	0
11G	-1000.31690714349	0.433558116357951	0
11T	-999.917206176764	1.59403642064618	0
12A	-982.312890069031	1.55777471844462	0
12C	-1000.31690717269	0.433558110938348	0
12G	-1000.36200071948	0.368642086933143	0
12T	-1000.31690717269	0.433558067745824	0
13A	-982.486309747269	1.55578359930782	0
13C	-1000.31690714698	0.433558181458744	0
13G	-1000.36876108839	0.405900834166258	0
13T	-1000.31690714693	0.43355809280634	0
neutral	-1000.60258675134	1	0
