posterior_mean	posterior_var	posterior_sd	posterior_quant	is_contained	PESL
2.46794154685709	0.0264152947000895	0.162527827463759	0.586451762589466	1	0.0274430391180085
