posterior_mean	posterior_var	posterior_sd	posterior_quant	is_contained	PESL
2.26971012615161	0.0917760496570063	0.302945621617158	0.188550634974441	1	0.164519601805676
