model	lik	mode	convergence
1A	-699.79620665301	2.2570128220711	0
1C	-804.296045486781	0.926660558946849	0
1G	-790.171856311839	0.433558069371717	0
1T	-790.171856311787	0.433558173496156	0
2A	-790.171856311503	0.433558085441744	0
2C	-790.171856311364	0.433558201583394	0
2G	-728.580753129716	1.99275167925021	0
2T	-790.227758242301	0.382070045565885	0
3A	-790.171856323566	0.433558052553379	0
3C	-790.187368308162	0.35035720250198	0
3G	-790.171856323562	0.433558087686048	0
3T	-728.263690006377	1.99638696663587	0
4A	-790.171856299224	0.433558165042403	0
4C	-790.228270735511	0.398649443321415	0
4G	-728.721157128253	1.99122470749821	0
4T	-790.171856299167	0.433558204424391	0
5A	-790.171856295157	0.433558127637836	0
5C	-790.171856294817	0.433558155442863	0
5G	-791.023500968164	1.02185140194838	0
5T	-727.946695477179	2.01260610800764	0
6A	-790.229516325681	0.394580405247388	0
6C	-790.171856302075	0.433558088137201	0
6G	-790.171856302073	0.433557946197874	0
6T	-728.688159087288	1.99157938539148	0
7A	-729.207515184961	1.98816760326686	0
7C	-790.171856284703	0.433558296586378	0
7G	-790.299285454027	0.751944429490657	0
7T	-790.171856284619	0.433558045177672	0
neutral	-790.457535012335	1	0
