posterior_mean	posterior_var	posterior_sd	posterior_quant	is_contained	PESL
2.87932261562043	0.0057305140459612	0.0757001588238836	0.943075998352965	1	0.0202935451467459
