posterior_mean	posterior_var	posterior_sd	posterior_quant	is_contained	PESL
2.46260476613564	0.131694916983844	0.362897942931404	0.560558561074533	1	0.13309332049962
