posterior_mean	posterior_var	posterior_sd	posterior_quant	is_contained	PESL
1.49191741846404	0.00589286126799536	0.076764974226501	0.548658302308321	1	0.00595818939228037
