posterior_mean	posterior_var	posterior_sd	posterior_quant	is_contained	PESL
2.85050714698869	0.011195768167984	0.105810057026655	0.919420055008022	1	0.0335438812695748
