posterior_mean	posterior_var	posterior_sd	posterior_quant	is_contained	PESL
2.49684972269162	0.010630626550697	0.103104929807924	0.517679564459861	1	0.0106405507978165
