posterior_mean	posterior_var	posterior_sd	posterior_quant	is_contained	PESL
2.52385384101897	0.00802349160749917	0.0895739449142393	0.399247118218363	1	0.00859249733886714
