model	lik	mode	convergence
1A	-408.889222563208	3.19104857008228	0
1C	-481.747449840856	1.148059031949	0
1G	-468.287691133046	0.433558107158736	0
1T	-468.287691133026	0.43355813921619	0
2A	-468.287691093228	0.433558531053035	0
2C	-447.446975991584	1.94943388942024	0
2G	-466.577486156048	2.46492751795368	0
2T	-468.287691093873	0.433558056052207	0
3A	-468.287691095632	0.433558113449063	0
3C	-468.287691095619	0.433558447806769	0
3G	-445.134800826998	1.97788397059132	0
3T	-468.318940289822	0.421081116319211	0
4A	-445.148506004446	1.97760371439405	0
4C	-468.31489599158	0.423101947827609	0
4G	-468.287691095123	0.433558132014223	0
4T	-468.287691094973	0.433557988298724	0
5A	-468.287691096153	0.433558015929867	0
5C	-468.287691096152	0.433557921535017	0
5G	-441.865240600748	2.11218778606772	0
5T	-469.321462744207	1.11478994849898	0
6A	-444.865479502375	1.9835978978456	0
6C	-468.287691118494	0.433558144829783	0
6G	-468.287691118446	0.433558118232514	0
6T	-468.345076820228	0.386177901383099	0
neutral	-468.573369492839	1	0
