posterior_mean	posterior_var	posterior_sd	posterior_quant	is_contained	PESL
1.60221553100361	0.0316747965856258	0.177974145834798	0.982476901870348	0	0.18990728035251
