model	lik	mode	convergence
1A	-499.108570287668	2.69913477548041	0
1C	-536.899408080895	0.433557888108916	0
1G	-536.899408081002	0.433558698975095	0
1T	-550.048636385628	0.889097533180242	0
2A	-537.208983713682	0.555155919498412	0
2C	-540.085409900541	1.41304847968172	0
2G	-536.899408111244	0.433558037282604	0
2T	-536.899408111217	0.433558080765145	0
3A	-536.811336062677	1.17759155366762	0
3C	-536.899408097469	0.433558177562659	0
3G	-536.899408097474	0.433558011060465	0
3T	-540.662638677441	1.40014557138858	0
4A	-540.156967118105	1.4100410076927	0
4C	-536.899408096915	0.433558197963034	0
4G	-536.956380846396	0.397174189516831	0
4T	-536.89940809689	0.433558167089771	0
5A	-540.156967118141	1.41004100768856	0
5C	-536.956380846437	0.397174157216544	0
5G	-536.89940809702	0.433558168384155	0
5T	-536.899408096988	0.433558259642305	0
6A	-536.925624831467	0.423570644752515	0
6C	-536.899408081046	0.433558309015933	0
6G	-540.236337204452	1.40809179810185	0
6T	-536.899408081023	0.43355777144839	0
7A	-536.950049239411	0.407229260010261	0
7C	-536.899408089665	0.433558186139673	0
7G	-540.188654356446	1.40925808511397	0
7T	-536.899408089659	0.433558159923834	0
neutral	-537.18508484774	1	0
