model	lik	mode	convergence
1A	-331.633912274139	0.684617387334619	0
1C	-345.15443375678	0.952248598218417	0
1G	-331.147500693963	0.433558083395209	0
1T	-331.14750069392	0.433558142975597	0
2A	-345.173808075141	0.955150975690469	0
2C	-331.147500692062	0.433558174157854	0
2G	-331.147500692023	0.433558093773102	0
2T	-331.20516318248	0.387420901494958	0
3A	-331.147500683113	0.433558109162119	0
3C	-331.367581741914	0.973115893539849	0
3G	-345.109642941968	0.942558362792911	0
3T	-331.147500683044	0.43355819837376	0
4A	-331.147500472259	0.433557468182446	0
4C	-345.202119921915	0.964549546592874	0
4G	-330.888374594799	0.28454905745473	0
4T	-331.147500472382	0.433557462470658	0
neutral	-331.433178430259	1	0
