posterior_mean	posterior_var	posterior_sd	posterior_quant	is_contained	PESL
2.05880493720112	0.0031046517883323	0.0557194022610823	0.145357714221776	1	0.00656267242756411
