model	lik	mode	convergence
1A	-256.228042128921	2.28239672415374	0
1C	-268.502658323213	0.433557817988828	0
1G	-283.194270363885	1.08897596368654	0
1T	-268.502658323301	0.433558158418374	0
2A	-268.502658341953	0.433557949094211	0
2C	-257.148253368203	2.18659962048089	0
2G	-283.028852089681	1.09901057023989	0
2T	-268.502658341857	0.433557839179854	0
3A	-268.502658339417	0.433558148086456	0
3C	-275.886232024324	1.51721044951786	0
3G	-268.502658339433	0.433558144114624	0
3T	-268.56000911367	0.395923025511697	0
4A	-268.502658359806	0.433558043009107	0
4C	-268.788268307792	0.540969988318039	0
4G	-275.739015370344	1.52760695403547	0
4T	-268.502658359703	0.433558173380679	0
5A	-268.554654507869	0.375804755295934	0
5C	-275.796224365372	1.52134174091292	0
5G	-268.502658353873	0.43355815450262	0
5T	-268.502658353852	0.433558074723431	0
neutral	-268.788337711468	1	0
