posterior_mean	posterior_var	posterior_sd	posterior_quant	is_contained	PESL
2.32841835425079	0.105918370722707	0.32545102661185	0.712791181529648	1	0.135358631880635
