posterior_mean	posterior_var	posterior_sd	posterior_quant	is_contained	PESL
2.06937382032798	0.00639917524348275	0.0799948451056863	0.193742150784866	1	0.011211902190392
