posterior_mean	posterior_var	posterior_sd	posterior_quant	is_contained	PESL
2.02323289639746	0.00286163232566207	0.0534942270311673	0.334634231654689	1	0.00340139980068406
