posterior_mean	posterior_var	posterior_sd	posterior_quant	is_contained	PESL
1.61750522581803	0.0111514671055074	0.105600507127132	0.131569309283515	1	0.0249589451943773
