model	lik	mode	convergence
1A	-296.598470594507	3.09223276353129	0
1C	-319.332621258091	1.05388946542596	0
1G	-304.623990753735	0.4335581600527	0
1T	-304.623990753699	0.433558240230938	0
2A	-317.530824842905	1.22325717671941	0
2C	-304.623990763092	0.433558119059281	0
2G	-304.933933411118	0.557709369259599	0
2T	-304.623990763073	0.433558034863505	0
3A	-304.623991265018	0.433558052594913	0
3C	-304.623991264824	0.433558217698672	0
3G	-304.423005112361	0.386010713497108	0
3T	-305.205815402807	1.28501702248346	0
4A	-304.623990772131	0.433558033341904	0
4C	-304.631424409658	0.346666878437358	0
4G	-317.450974585223	1.22760292880046	0
4T	-304.623990772034	0.433558078894663	0
neutral	-304.909669854475	1	0
