posterior_mean	posterior_var	posterior_sd	posterior_quant	is_contained	PESL
3.27648827136736	0.579695561966903	0.761377410990701	0.384704568650134	1	0.656141326170757
