posterior_mean	posterior_var	posterior_sd	posterior_quant	is_contained	PESL
3.11908104237518	0.128317176147338	0.358213869283892	0.382824702757097	1	0.142497470800498
