posterior_mean	posterior_var	posterior_sd	posterior_quant	is_contained	PESL
2.24359572264276	0.0546654830338494	0.233806507680709	0.147510161953697	1	0.114004359122814
