lik	gamma	delta
-764.831977197581	0.00216925513148121	0.0879809582881514
-768.474497388106	0.00216925513148121	6.61069613519961e-05
-768.474795557071	0.00216925513148121	6.61069613519961e-05
-768.475673943595	0.00216925513148121	6.61069613519961e-05
-768.474467319551	0.00216925513148121	6.61069613519961e-05
-768.468614222598	0.00216925513148121	0.00688293469823843
-768.474269542758	0.00216925513148121	6.61069613519961e-05
-768.116533456262	0.00216925513148121	0.0104945258362954
-768.474267425379	0.00216925513148121	6.61069613519961e-05
-768.474267425379	0.00216925513148121	6.61069613519961e-05
-768.474267425379	0.00216925513148121	6.61069613519961e-05
-768.17911128427	0.00216925513148121	0.00880214999020072
-768.475786989568	0.00216925513148121	6.61069613519961e-05
-768.200218932638	0.00216925513148121	0.0356982333807592
-768.474276939319	0.00216925513148121	6.61069613519961e-05
-768.085537555218	0.00216925513148121	0.0106612356297127
-768.421127366782	0.00216925513148121	0.0613283900194239
-768.474268516442	0.00216925513148121	6.61069613519961e-05
-768.474268516442	0.00216925513148121	6.61069613519961e-05
-768.194414846799	0.00216925513148121	0.00860590707527679
-768.473868936521	0.00216925513148121	0.00358678798472787
-768.474422712797	0.00216925513148121	6.61069613519961e-05
-768.157163562499	0.00216925513148121	0.00918090282331886
-768.474268044616	0.00216925513148121	6.61069613519961e-05
-768.474269320482	0.00216925513148121	6.61069613519961e-05
-768.474269320482	0.00216925513148121	6.61069613519961e-05
-768.153569407451	0.00216925513148121	0.00927098645116661
-768.474405447891	0.00216925513148121	6.61069613519961e-05
-768.073692868425	0.00216925513148121	0.0109103201585843
-768.474465933554	0.00216925513148121	6.61069613519961e-05
-768.474268156762	0.00216925513148121	6.61069613519961e-05
-768.474520910002	0.00216925513148121	6.61069613519961e-05
-768.005444831558	0.00216925513148121	0.0113672611867708
-768.474267846202	0.00216925513148121	6.61069613519961e-05
-768.475341152913	0.00216925513148121	6.61069613519961e-05
-768.474267846202	0.00216925513148121	6.61069613519961e-05
-768.474267507153	0.00216925513148121	6.61069613519961e-05
-768.474373490536	0.00216925513148121	6.61069613519961e-05
-768.474267507153	0.00216925513148121	6.61069613519961e-05
-768.164769945536	0.00216925513148121	0.00902276500524388
-768.474266324792	0.00216925513148121	0
