model	lik	mode	convergence
1A	-481.552283758372	3.19944992705012	0
1C	-650.684360902643	0.433558253576884	0
1G	-650.684360902648	0.433558254928697	0
1T	-666.523319326295	1.0681077726409	0
2A	-650.684360897625	0.433558131562661	0
2C	-650.68436089728	0.433558284568055	0
2G	-650.735813937528	0.406368197223071	0
2T	-522.22740267861	2.69736499500903	0
3A	-650.68436090738	0.433558100632647	0
3C	-650.684360907174	0.433558139530243	0
3G	-651.167834924051	0.63994033498041	0
3T	-520.4160402441	2.72496953888206	0
4A	-650.68436090552	0.433557963673884	0
4C	-520.715490033609	2.71666995987674	0
4G	-650.634229273193	0.326520050833542	0
4T	-650.684360905661	0.433558097670966	0
5A	-650.684360927413	0.433558045910928	0
5C	-651.093783360578	0.778069977892893	0
5G	-650.684360927408	0.433558097627488	0
5T	-521.555251254088	2.71406204345844	0
6A	-650.684360888196	0.433558018602964	0
6C	-650.684360887435	0.43355769955433	0
6G	-640.252724460955	3.68154883895451	0
6T	-533.746290452978	2.64505077731922	0
neutral	-650.97004074108	1	0
