posterior_mean	posterior_var	posterior_sd	posterior_quant	is_contained	PESL
1.46084387583524	0.0195720803447623	0.139900251410647	0.621573670334224	1	0.0211052824043658
