posterior_mean	posterior_var	posterior_sd	posterior_quant	is_contained	PESL
1.41141937684928	0.00491026879260286	0.0700733101301976	0.895269392690284	1	0.0127567955960701
