posterior_mean	posterior_var	posterior_sd	posterior_quant	is_contained	PESL
2.0712676350515	0.0078325436267225	0.0885016588924891	0.211739072302852	1	0.0129116194323635
