lik	gamma	delta
-812.530531031029	0.00317805659905361	0.336428386980051
-865.776919719492	0.00317805659905361	0.0138109544456261
-866.187907408088	0.00317805659905361	6.61069613519961e-05
-866.188315814076	0.00317805659905361	6.61069613519961e-05
-866.187908449252	0.00317805659905361	6.61069613519961e-05
-866.188167062032	0.00317805659905361	6.61069613519961e-05
-841.273947752684	0.00317805659905361	0.101828091606217
-866.188106184091	0.00317805659905361	6.61069613519961e-05
-866.187905834395	0.00317805659905361	6.61069613519961e-05
-837.400930679779	0.00317805659905361	0.120650611334812
-866.188663157651	0.00317805659905361	6.61069613519961e-05
-866.187905834395	0.00317805659905361	6.61069613519961e-05
-866.187930183017	0.00317805659905361	6.61069613519961e-05
-866.187906651359	0.00317805659905361	6.61069613519961e-05
-841.736314885063	0.00317805659905361	0.0997877412564608
-866.188235423763	0.00317805659905361	6.61069613519961e-05
-842.296264464517	0.00317805659905361	0.0980268282207066
-866.187905832936	0.00317805659905361	6.61069613519961e-05
-866.187905832936	0.00317805659905361	6.61069613519961e-05
-866.187905832936	0.00317805659905361	6.61069613519961e-05
-866.187907843621	0.00317805659905361	6.61069613519961e-05
-842.018640615802	0.00317805659905361	0.10090840377396
-864.751796750005	0.00317805659905361	0.999950007417841
-866.187936960142	0.00317805659905361	6.61069613519961e-05
-836.987603937336	0.00317805659905361	0.121393838168526
-866.189052439643	0.00317805659905361	6.61069613519961e-05
-866.187906069963	0.00317805659905361	6.61069613519961e-05
-866.187906069963	0.00317805659905361	6.61069613519961e-05
-844.165854921911	0.00317805659905361	0.0945603069034256
-861.536323518186	0.00317805659905361	0.576807988842599
-866.188084739171	0.00317805659905361	6.61069613519961e-05
-866.187981468861	0.00317805659905361	6.61069613519961e-05
-840.621472288321	0.00317805659905361	0.108292210051957
-861.551356607717	0.00317805659905361	0.576167084590707
-866.188506178596	0.00317805659905361	6.61069613519961e-05
-866.189131761877	0.00317805659905361	6.61069613519961e-05
-864.586164740843	0.00317805659905361	0.999933893038648
-866.187905835172	0.00317805659905361	6.61069613519961e-05
-866.187905835172	0.00317805659905361	6.61069613519961e-05
-842.828909145666	0.00317805659905361	0.0968654104971933
-866.187903938647	0.00317805659905361	0
