posterior_mean	posterior_var	posterior_sd	posterior_quant	is_contained	PESL
2.53881001514246	0.0671874229774874	0.259205368342338	0.453763153146655	1	0.0686936402528516
