posterior_mean	posterior_var	posterior_sd	posterior_quant	is_contained	PESL
2.61673824214485	0.0106013660751199	0.102962935443391	0.127571745918897	1	0.0242291834239493
