posterior_mean	posterior_var	posterior_sd	posterior_quant	is_contained	PESL
2.86843662532013	0.0463002116094532	0.215174839629203	0.734772317605158	1	0.0636091331665972
