model	lik	mode	convergence
1A	-464.72836871225	1.82689586259179	0
1C	-486.186350837619	0.433558158589174	0
1G	-486.186350837599	0.433558107990451	0
1T	-488.741992811515	1.05659485130932	0
2A	-481.939076448139	1.62123816974644	0
2C	-486.18635048961	0.433558051841704	0
2G	-486.169639434659	0.337203976782923	0
2T	-486.186350489593	0.433558072184801	0
3A	-486.186350459271	0.4335580754926	0
3C	-486.220359599308	0.419609109627426	0
3G	-486.186350459281	0.433557665453156	0
3T	-482.397699808452	1.61083841266492	0
4A	-483.111622074171	1.60787507680932	0
4C	-485.907961065758	1.51480095790002	0
4G	-486.18635026107	0.433557469679771	0
4T	-486.186350261064	0.433557501169836	0
5A	-486.186350480857	0.433558085564299	0
5C	-486.18635048055	0.433557917391127	0
5G	-486.217910110414	1.40910193366274	0
5T	-483.812968088897	1.62000420838794	0
6A	-481.130018156431	1.64129730314037	0
6C	-486.186349788953	0.433556647617735	0
6G	-485.68634199687	0.25599757814028	0
6T	-486.186349788946	0.433556722774882	0
neutral	-486.472030081071	1	0
