model	lik	mode	convergence
1A	-740.611524615499	2.98835413804267	0
1C	-863.962067403922	0.433558090333572	0
1G	-863.96206740392	0.433558018295856	0
1T	-878.774893264686	0.874731850011803	0
2A	-864.015996078798	0.403172837509036	0
2C	-820.486593340356	1.82100205640128	0
2G	-863.962067386078	0.433558223901838	0
2T	-863.962067386053	0.433558163478277	0
3A	-820.376984860332	1.82218060068616	0
3C	-863.962067398257	0.433558108505891	0
3G	-863.962067398226	0.433558052577168	0
3T	-864.019608462127	0.386830575999207	0
4A	-863.962067381676	0.433558101244617	0
4C	-863.962067381311	0.433557891493332	0
4G	-861.457615958002	3.05550829724244	0
4T	-822.911578728818	1.80372687158498	0
5A	-864.254980424134	0.615060685391373	0
5C	-863.962067389339	0.433558179818782	0
5G	-863.962067389354	0.433558126819939	0
5T	-820.481894132728	1.82255475714447	0
6A	-864.3560224662	0.610707536023211	0
6C	-816.565345530871	1.87055214672402	0
6G	-863.962067412872	0.433558087169694	0
6T	-863.962067412854	0.433558064718456	0
7A	-820.787352538557	1.82091429624546	0
7C	-863.962067380233	0.433558091969501	0
7G	-864.304800813082	0.882753272444476	0
7T	-863.962067380222	0.433558036118106	0
8A	-819.485266002466	1.83258675267583	0
8C	-863.772430771255	0.295687662285299	0
8G	-863.962067270262	0.433557562122297	0
8T	-863.962067270251	0.433557663330228	0
9A	-863.962067374681	0.433558226676478	0
9C	-820.607044289203	1.8197449770666	0
9G	-863.988748067954	0.423351758848367	0
9T	-863.962067374907	0.433558213435506	0
neutral	-864.247746955988	1	0
