model	lik	mode	convergence
1A	-323.495654445972	0.784892301948329	0
1C	-338.144714272386	1.05144525234953	0
1G	-323.434517572235	0.433558101250887	0
1T	-323.434517572197	0.433558249436841	0
2A	-323.434517585676	0.433558146300353	0
2C	-323.492488300743	0.392134371477321	0
2G	-338.089823935344	1.06129674357781	0
2T	-323.434517585577	0.433558065949372	0
3A	-323.43451759835	0.433558121752609	0
3C	-323.485034436567	0.374021961606939	0
3G	-338.079040487436	1.06296080262343	0
3T	-323.434517598281	0.433558088195196	0
4A	-323.437614692674	0.34481261673822	0
4C	-323.434517603221	0.433558016589355	0
4G	-338.058750205437	1.065991547534	0
4T	-323.434517603187	0.433558011073213	0
neutral	-323.720196597677	1	0
