lik	gamma	delta
-1726.22783938365	0.00241597079893651	0.200111364003882
-1865.53527994721	0.00241597079893651	0.00515798667471738
-1865.53833330409	0.00241597079893651	0.0156463561223671
-1865.55905054456	0.00241597079893651	6.61069613519961e-05
-1865.55848473803	0.00241597079893651	6.61069613519961e-05
-1863.9615287871	0.00241597079893651	0.474721877003226
-1862.34235917281	0.00241597079893651	0.156699939243705
-1749.09442717121	0.00241597079893651	0.163694007647639
-1865.55841952863	0.00241597079893651	6.61069613519961e-05
-1865.55859029335	0.00241597079893651	6.61069613519961e-05
-1744.45897154629	0.00241597079893651	0.164474712790292
-1865.55841952863	0.00241597079893651	6.61069613519961e-05
-1865.45385560384	0.00241597079893651	0.0494252054115573
-1865.55842024606	0.00241597079893651	6.61069613519961e-05
-1865.55876145374	0.00241597079893651	6.61069613519961e-05
-1743.71667589395	0.00241597079893651	0.166090669772463
-1865.55324117945	0.00241597079893651	0.00250213112080284
-1863.87479417424	0.00241597079893651	0.146103193786771
-1732.56225140776	0.00241597079893651	0.191704449892348
-1865.55842233658	0.00241597079893651	6.61069613519961e-05
-1865.55841937007	0.00241597079893651	6.61069613519961e-05
-1745.77584447163	0.00241597079893651	0.164250747690339
-1864.39474460428	0.00241597079893651	0.167374356119559
-1865.55853554245	0.00241597079893651	6.61069613519961e-05
-1865.55841934614	0.00241597079893651	6.61069613519961e-05
-1865.55841934614	0.00241597079893651	6.61069613519961e-05
-1744.70319591465	0.00241597079893651	0.164169682679463
-1865.55850005928	0.00241597079893651	6.61069613519961e-05
-1865.558421883	0.00241597079893651	6.61069613519961e-05
-1732.66942281842	0.00241597079893651	0.189734548967556
-1865.41892393626	0.00241597079893651	0.0129210932528794
-1865.558421883	0.00241597079893651	6.61069613519961e-05
-1744.05186712287	0.00241597079893651	0.16495790003576
-1865.55849084897	0.00241597079893651	6.61069613519961e-05
-1865.5586777502	0.00241597079893651	6.61069613519961e-05
-1865.55841960421	0.00241597079893651	6.61069613519961e-05
-1865.558419295	0.00241597079893651	6.61069613519961e-05
-1811.0861273625	0.00241597079893651	0.20130881484995
-1865.558419295	0.00241597079893651	6.61069613519961e-05
-1797.72201037007	0.00241597079893651	0.146661839186701
-1865.55841892168	0.00241597079893651	0
