posterior_mean	posterior_var	posterior_sd	posterior_quant	is_contained	PESL
2.76851530732022	0.106410288869488	0.326205899501355	0.208502791898996	1	0.17851075913475
