posterior_mean	posterior_var	posterior_sd	posterior_quant	is_contained	PESL
2.93177339174815	0.0269553618020694	0.164180881353675	0.666780711773116	1	0.0316102318755871
