posterior_mean	posterior_var	posterior_sd	posterior_quant	is_contained	PESL
2.77231115779931	0.107189992774083	0.327398828302856	0.205859944963839	1	0.181343359436088
