posterior_mean	posterior_var	posterior_sd	posterior_quant	is_contained	PESL
2.93991356035097	0.0221766818368436	0.148918373066736	0.661904963739425	1	0.025787062066534
