posterior_mean	posterior_var	posterior_sd	posterior_quant	is_contained	PESL
2.6276320740015	0.111651961348073	0.334143623832736	0.865992284226919	1	0.250309833660501
