posterior_mean	posterior_var	posterior_sd	posterior_quant	is_contained	PESL
3.05369536304135	0.0479449045896474	0.218963249404203	0.411916418946081	1	0.0508280965989665
