model	lik	mode	convergence
1A	-493.950857810595	1.49657507379397	0
1C	-503.310775956065	0.433558067989082	0
1G	-503.310775956054	0.433558069355565	0
1T	-517.367840642802	0.863421058628081	0
2A	-497.968220263954	1.41518421836933	0
2C	-503.31077503268	0.433553605117421	0
2G	-505.102619643128	1.00833234045677	0
2T	-503.310775032669	0.433553631608377	0
3A	-512.820213502398	1.2814856822965	0
3C	-500.792380259024	2.4490772092241	0
3G	-503.310775943454	0.433558201752677	0
3T	-503.310775943434	0.433558256385647	0
4A	-511.236258362731	1.31896786668882	0
4C	-503.368474483055	0.394375139615376	0
4G	-503.31077593677	0.433558203046754	0
4T	-503.310775936746	0.433558171641991	0
5A	-503.351606127114	1.04576744390576	0
5C	-503.310775957134	0.43355811651592	0
5G	-511.579973207665	1.31144665644358	0
5T	-503.310775957108	0.433558044941206	0
neutral	-503.596454877414	1	0
