posterior_mean	posterior_var	posterior_sd	posterior_quant	is_contained	PESL
1.50602377917337	0.0141308904304266	0.118873421884064	0.49031085046738	1	0.0141671763459477
