posterior_mean	posterior_var	posterior_sd	posterior_quant	is_contained	PESL
3.03480287573137	0.011866944341994	0.108935505424054	0.378767686166561	1	0.0130781845011662
