model	lik	mode	convergence
1A	-604.407598386078	1.53629600827334	0
1C	-623.848559594326	0.924526829573762	0
1G	-609.656320920942	0.433557993055674	0
1T	-609.656320920916	0.433558108366161	0
2A	-609.713779434741	0.395501519915318	0
2C	-609.656320898556	0.433558151885062	0
2G	-622.930138852881	1.1269164212485	0
2T	-609.656320898544	0.433558087148287	0
3A	-622.938700919214	1.12650138571394	0
3C	-609.709566581184	0.404138299336469	0
3G	-609.656320892557	0.433558162313282	0
3T	-609.656320892508	0.433558349094935	0
4A	-622.886655376049	1.1290192490183	0
4C	-609.684320573011	0.356864309504052	0
4G	-609.656320920764	0.433558147830196	0
4T	-609.656320920745	0.433558038919215	0
5A	-609.65632089862	0.433558180681047	0
5C	-622.975579653476	1.12511907366468	0
5G	-609.656320898683	0.433558179375876	0
5T	-610.115442477723	0.756044325377343	0
6A	-611.022978068801	0.859346366335509	0
6C	-622.154075835283	1.17004590944972	0
6G	-609.656320912339	0.433558272654051	0
6T	-609.656320912299	0.433558134959073	0
7A	-609.714101800789	0.39389023639814	0
7C	-609.656320899798	0.433558172425891	0
7G	-622.928495870106	1.12699602723954	0
7T	-609.656320899753	0.433557973565604	0
8A	-609.656320887747	0.433558104444088	0
8C	-609.65632088759	0.433558337296303	0
8G	-610.480945473572	0.751860091661872	0
8T	-622.747549850901	1.13695738482927	0
neutral	-609.941999280347	1	0
