posterior_mean	posterior_var	posterior_sd	posterior_quant	is_contained	PESL
1.55425425731381	0.0276470646589085	0.166274064901621	0.384343978336664	1	0.0305905890955816
