posterior_mean	posterior_var	posterior_sd	posterior_quant	is_contained	PESL
3.21270337937549	0.474060831657482	0.688520756155893	0.40426039164311	1	0.519303559255208
