posterior_mean	posterior_var	posterior_sd	posterior_quant	is_contained	PESL
1.21673135792739	0.13464534408653	0.366940518458414	0.794333912201334	1	0.214886467667533
