posterior_mean	posterior_var	posterior_sd	posterior_quant	is_contained	PESL
2.62338790898507	0.0101979293141671	0.100984797440838	0.109597464309738	1	0.025422505616032
