posterior_mean	posterior_var	posterior_sd	posterior_quant	is_contained	PESL
2.78707109084601	0.0557073133389519	0.236023967721399	0.108901501680161	1	0.13811712453849
