model	lik	mode	convergence
1A	-322.373840077915	3.59993566544525	0
1C	-336.777568753548	0.433559776877558	0
1G	-352.083989257236	1.11126262785602	0
1T	-336.777568753522	0.433558133257812	0
2A	-336.777568789292	0.433558119828056	0
2C	-336.824645329228	0.370444041606493	0
2G	-347.53447595388	1.39266909211865	0
2T	-336.777568789199	0.433558228564776	0
3A	-336.807346063069	0.421836785375203	0
3C	-347.696497437076	1.38459078297982	0
3G	-336.777568755573	0.433557916789567	0
3T	-336.7775687556	0.433557803416301	0
4A	-336.821899476683	0.412903545500802	0
4C	-336.777568759693	0.433558323872803	0
4G	-336.777568759737	0.433557888580352	0
4T	-347.671719197725	1.38580983445703	0
5A	-336.259449418093	1.48397103861809	0
5C	-336.777568755411	0.433558293351533	0
5G	-336.777568755526	0.433557929492518	0
5T	-348.232739745592	1.36190168554751	0
6A	-347.622452323229	1.38825172249989	0
6C	-336.777568771187	0.433558067955793	0
6G	-336.777568771165	0.433558042571937	0
6T	-336.8347766832	0.396430502916481	0
7A	-336.7775687941	0.433558072124029	0
7C	-347.085800534019	1.39925645352386	0
7G	-336.777568794149	0.433558184283629	0
7T	-337.247142443892	0.689152149345676	0
neutral	-337.063248468148	1	0
