posterior_mean	posterior_var	posterior_sd	posterior_quant	is_contained	PESL
3.74358703917928	0.526237315134432	0.725422163387935	0.149888896997017	1	1.07915899997002
