posterior_mean	posterior_var	posterior_sd	posterior_quant	is_contained	PESL
0.791462164615419	0.240696089799852	0.490607877841207	0.913759057141358	1	0.74272195397132
