posterior_mean	posterior_var	posterior_sd	posterior_quant	is_contained	PESL
3.53735269181959	0.063660922146738	0.252311161359814	0.0130558816213696	0	0.352408837552527
