model	lik	mode	convergence
1A	-332.198063060444	0.453272480169459	0
1C	-331.995908420003	0.433558180264584	0
1G	-331.995908420024	0.43355818170724	0
1T	-348.189405620077	1.06027789864019	0
2A	-331.995908407821	0.43355923515939	0
2C	-348.26523150043	1.04773154256798	0
2G	-332.00537346929	0.430395270575942	0
2T	-331.995908408287	0.433557626183644	0
3A	-335.060691383618	1.04050321907299	0
3C	-331.995909503471	0.433557893328547	0
3G	-333.711333676458	1.06078371110115	0
3T	-331.995909503451	0.433557928004154	0
4A	-332.035063284665	0.363946891445008	0
4C	-331.995908446818	0.433558150363723	0
4G	-348.234065120676	1.05333488553437	0
4T	-331.995908446788	0.433558122839234	0
5A	-331.995908437229	0.433557985529209	0
5C	-331.966729763632	0.332967151401951	0
5G	-348.214117575063	1.05665742040478	0
5T	-331.995908437142	0.433558069598872	0
neutral	-332.281588254352	1	0
