lik	gamma	delta
-821.935665601224	0.00222125650208501	0.191306954173124
-830.214799321149	0.00222125650208501	6.61069613519961e-05
-830.002025330018	0.00222125650208501	0.00803111016042379
-830.21725301308	0.00222125650208501	6.61069613519961e-05
-830.214739670322	0.00222125650208501	6.61069613519961e-05
-830.215482203368	0.00222125650208501	6.61069613519961e-05
-828.64122603283	0.00222125650208501	0.0208390958398972
-830.215305812527	0.00222125650208501	6.61069613519961e-05
-830.214914552477	0.00222125650208501	6.61069613519961e-05
-830.214736847987	0.00222125650208501	6.61069613519961e-05
-829.003056375244	0.00222125650208501	0.0178486549296659
-830.214736847987	0.00222125650208501	6.61069613519961e-05
-830.215106200716	0.00222125650208501	6.61069613519961e-05
-828.948933847233	0.00222125650208501	0.0182819351634454
-830.214737628374	0.00222125650208501	6.61069613519961e-05
-830.214737628374	0.00222125650208501	6.61069613519961e-05
-827.946151717367	0.00222125650208501	0.03092572035068
-830.214741234041	0.00222125650208501	6.61069613519961e-05
-830.214741234041	0.00222125650208501	6.61069613519961e-05
-830.216010592854	0.00222125650208501	6.61069613519961e-05
-830.214738039124	0.00222125650208501	6.61069613519961e-05
-830.168749375739	0.00222125650208501	0.00402521844034621
-827.171028859267	0.00222125650208501	0.0567663513093766
-830.215167017472	0.00222125650208501	6.61069613519961e-05
-830.214736611792	0.00222125650208501	6.61069613519961e-05
-830.214736611792	0.00222125650208501	6.61069613519961e-05
-830.214736611792	0.00222125650208501	6.61069613519961e-05
-829.051077018873	0.00222125650208501	0.0174721362035707
-830.214740708951	0.00222125650208501	6.61069613519961e-05
-828.835608313174	0.00222125650208501	0.0191998164691883
-830.214740708951	0.00222125650208501	6.61069613519961e-05
-830.215479621473	0.00222125650208501	6.61069613519961e-05
-830.214736837443	0.00222125650208501	6.61069613519961e-05
-827.846254571072	0.00222125650208501	0.0415951419147007
-830.197193568606	0.00222125650208501	0.00268595477562979
-830.214736837443	0.00222125650208501	6.61069613519961e-05
-830.214736651684	0.00222125650208501	6.61069613519961e-05
-830.214809793363	0.00222125650208501	6.61069613519961e-05
-829.031577433821	0.00222125650208501	0.0176150488056627
-830.214736651684	0.00222125650208501	6.61069613519961e-05
-830.214735932597	0.00222125650208501	0
