posterior_mean	posterior_var	posterior_sd	posterior_quant	is_contained	PESL
1.00593333437337	0.0378053736053283	0.194436039882858	0.988351463134933	0	0.281907243688763
