model	lik	mode	convergence
1A	-488.61163930992	1.94820941720782	0
1C	-528.940423191554	0.904792213279054	0
1G	-515.857097722715	0.433557877099051	0
1T	-515.857097722689	0.433557978126835	0
2A	-510.970445748933	1.59972980568092	0
2C	-515.857097707941	0.433558160721525	0
2G	-515.857097708008	0.433557659619434	0
2T	-515.024852156958	1.92812461853882	0
3A	-515.85709770881	0.433558332791744	0
3C	-509.709702052041	1.61865342775702	0
3G	-515.891399347373	0.419447508951767	0
3T	-515.857097708878	0.43355853833138	0
4A	-515.897499268975	0.415702932490363	0
4C	-515.857097710455	0.433557977446521	0
4G	-509.693402603598	1.61900510771853	0
4T	-515.857097710504	0.433558189856146	0
5A	-515.857097738056	0.433558093221479	0
5C	-515.909688194926	0.376581794011129	0
5G	-509.497628435551	1.62334653632804	0
5T	-515.857097737923	0.433558065611579	0
6A	-515.857097445517	0.433557347146612	0
6C	-515.556035654364	0.278625807510922	0
6G	-508.709073391046	1.64239443239206	0
6T	-515.857097445405	0.433557378893052	0
7A	-515.857097742077	0.433558001055471	0
7C	-517.406925975028	1.05045676010904	0
7G	-505.911055707175	1.78945904713921	0
7T	-515.857097742015	0.433557976585781	0
8A	-515.910969413166	0.378415395621942	0
8C	-515.857097736559	0.433558127487526	0
8G	-509.507891517221	1.62311392531864	0
8T	-515.857097736533	0.433558054124162	0
neutral	-516.14277428012	1	0
