posterior_mean	posterior_var	posterior_sd	posterior_quant	is_contained	PESL
1.65355968890217	0.0628455253180531	0.250690098165151	0.280541133490741	1	0.0864261033748262
