posterior_mean	posterior_var	posterior_sd	posterior_quant	is_contained	PESL
1.483682749751	0.0060193762651209	0.07758463936322	0.589785671550844	1	0.00628562892080114
