posterior_mean	posterior_var	posterior_sd	posterior_quant	is_contained	PESL
1.78015337561449	0.0499261197810987	0.223441535487695	0.838331394498199	1	0.0982586580349352
