posterior_mean	posterior_var	posterior_sd	posterior_quant	is_contained	PESL
1.46202673819539	0.00154007047294156	0.0392437316388434	0.833553341244629	1	0.00298203908509498
