posterior_mean	posterior_var	posterior_sd	posterior_quant	is_contained	PESL
2.97721758643985	0.00744928318270102	0.0863092299971505	0.607555807685979	1	0.00796832155029609
