model	lik	mode	convergence
1A	-752.9684503271	2.42703621065273	0
1C	-848.282111731356	0.433558402408403	0
1G	-863.393468314963	0.937630911974291	0
1T	-848.282111731427	0.433558112513595	0
2A	-848.282111751409	0.433558122509331	0
2C	-797.510683577541	1.89146172050026	0
2G	-848.282111751411	0.433557898613983	0
2T	-848.340094325541	0.391923354515464	0
3A	-848.282111737488	0.433558107902619	0
3C	-848.327945742662	0.411711062458346	0
3G	-797.649236444303	1.88999092031758	0
3T	-848.28211173739	0.433557911566102	0
4A	-796.760057097129	1.90008366896111	0
4C	-848.282111720893	0.433557890228855	0
4G	-848.188720022325	0.315208895397183	0
4T	-848.28211172089	0.433557946276794	0
5A	-848.282111754797	0.433558086992854	0
5C	-848.282111754609	0.433558202724932	0
5G	-847.576589883364	1.83062662381957	0
5T	-799.176682288717	1.88129484286468	0
6A	-848.282111740834	0.433558155095191	0
6C	-797.610292380664	1.89039913802669	0
6G	-848.33396158205	0.405905578118056	0
6T	-848.282111741119	0.433558344613974	0
7A	-848.282111750783	0.433558181817066	0
7C	-797.514235950553	1.89142337272382	0
7G	-848.340064567373	0.392399893918393	0
7T	-848.282111750975	0.433558040490813	0
8A	-848.282111744472	0.433558134894232	0
8C	-848.282111744133	0.43355813206418	0
8G	-848.337175151317	0.401360292989878	0
8T	-797.579035105156	1.89072978599657	0
9A	-848.226725866402	0.325021243214194	0
9C	-848.282111746104	0.433557922781935	0
9G	-848.282111746077	0.433557859326154	0
9T	-796.880363634262	1.89865276969344	0
10A	-797.914209808638	1.88916934638833	0
10C	-848.282111761949	0.43355811575017	0
10G	-848.414156638411	0.716557043047657	0
10T	-848.28211176194	0.433558159813846	0
neutral	-848.567791149526	1	0
