posterior_mean	posterior_var	posterior_sd	posterior_quant	is_contained	PESL
2.43450029817627	0.0181733376896112	0.13480852231818	0.691472024256778	1	0.0224635486286097
