model	lik	mode	convergence
1A	-628.493921542502	3.14798494707208	0
1C	-772.354611084478	0.433558170394596	0
1G	-772.354611084551	0.433558316097869	0
1T	-786.258499389429	1.05012123239727	0
2A	-687.377076299806	2.23325143286461	0
2C	-772.354611093194	0.433558083139165	0
2G	-772.852046577961	1.06886446789331	0
2T	-772.354611093188	0.4335581179381	0
3A	-772.354611115105	0.433558056654916	0
3C	-772.354611114884	0.433557948791805	0
3G	-772.391245292411	0.362182816925396	0
3T	-686.826977422909	2.22922477543931	0
4A	-772.354611079955	0.433558149092127	0
4C	-687.417611693104	2.22258513976236	0
4G	-772.393144472965	0.416919963799507	0
4T	-772.354611080052	0.433558242312006	0
5A	-687.371895487327	2.22307028103571	0
5C	-772.354611082825	0.433558168782763	0
5G	-772.400319265031	0.411814877083531	0
5T	-772.354611082839	0.433558355188894	0
6A	-772.354611107317	0.433558077083116	0
6C	-772.354611107191	0.433558168786442	0
6G	-687.015260587182	2.22703195126918	0
6T	-772.407795384787	0.377401413506272	0
7A	-687.428066862728	2.22247502539273	0
7C	-772.354611079421	0.433558053316561	0
7G	-772.391192886802	0.41810687078794	0
7T	-772.354611079374	0.433558144802499	0
8A	-772.354611086826	0.433558205541059	0
8C	-690.994832232971	2.20115476978008	0
8G	-772.354611086954	0.433557976454125	0
8T	-769.126273502344	3.35752270483638	0
neutral	-772.640288936555	1	0
