model	lik	mode	convergence
1A	-222.391441787425	2.06678272774456	0
1C	-240.589083624275	0.433558014511736	0
1G	-240.589083624427	0.43355788300647	0
1T	-254.017497895633	0.656411278623404	0
2A	-240.589083630464	0.433558063905132	0
2C	-240.589083630318	0.433557992856635	0
2G	-240.63562614406	0.41112076763712	0
2T	-238.451301522512	1.89735361908672	0
3A	-238.43048915586	1.89822021819727	0
3C	-240.589083632112	0.433558167408972	0
3G	-240.63892609295	0.408065586332925	0
3T	-240.589083632122	0.433558467323989	0
4A	-240.589083632496	0.433558131239022	0
4C	-240.589083632102	0.433557938035834	0
4G	-240.638926092968	0.40806566853148	0
4T	-238.430489156147	1.89822018940667	0
neutral	-240.874762790255	1	0
