posterior_mean	posterior_var	posterior_sd	posterior_quant	is_contained	PESL
2.08907383713796	0.0462731375079659	0.215111918563258	0.349938152848245	1	0.0542072859704725
