posterior_mean	posterior_var	posterior_sd	posterior_quant	is_contained	PESL
2.17404922718559	0.0246242856923968	0.156921272274975	0.132204756059655	1	0.0549174191762494
