posterior_mean	posterior_var	posterior_sd	posterior_quant	is_contained	PESL
2.42016693886636	0.0187551019448156	0.136949267777581	0.724248988115207	1	0.0251284195947617
