model	lik	mode	convergence
1A	-727.38333907144	0.73338004357259	0
1C	-726.567832157633	0.433558109900616	0
1G	-742.389240255191	0.94838356966607	0
1T	-726.567832157603	0.433558163063808	0
2A	-726.860133400939	1.2106087843981	0
2C	-726.567832135944	0.433558170587485	0
2G	-726.567832135955	0.433558172073798	0
2T	-742.219048789789	0.933792286305541	0
3A	-726.5678321296	0.433558205634738	0
3C	-742.304032441625	0.940256787947226	0
3G	-726.567832129675	0.433558174701808	0
3T	-726.734789740593	0.724274867679273	0
4A	-726.567832149913	0.433558142712355	0
4C	-742.35165573324	0.944207895110982	0
4G	-726.567832149939	0.433558157349248	0
4T	-726.624350890551	0.383503899156465	0
5A	-742.320316585274	0.94183440440067	0
5C	-726.567832138014	0.433558209749536	0
5G	-726.567832137991	0.433558179532632	0
5T	-727.381891606324	0.823983119034944	0
6A	-726.610716989117	0.366790398243975	0
6C	-742.358485906099	0.944812793124842	0
6G	-726.567832159996	0.433558203375605	0
6T	-726.567832159965	0.433558041965072	0
7A	-726.567832137422	0.433558094727154	0
7C	-726.567832137328	0.433557917582709	0
7G	-742.345151305518	0.943640118202577	0
7T	-726.623489866398	0.400268233353848	0
8A	-726.567832130504	0.433558181877107	0
8C	-742.341461977713	0.943321499354357	0
8G	-726.567832130475	0.433558044702112	0
8T	-726.615411409026	0.410219831219358	0
9A	-726.441920579372	0.307922586366944	0
9C	-726.567832086081	0.433557830180844	0
9G	-742.385909449108	0.947342297392682	0
9T	-726.567832086038	0.433557841222316	0
10A	-726.567831996709	0.433557606938432	0
10C	-742.338146679316	0.943200743329029	0
10G	-726.567831996738	0.433557742777475	0
10T	-726.97833354	0.629030616685048	0
11A	-726.87845169853	0.594845506565981	0
11C	-726.567832128599	0.433557994807146	0
11G	-726.567832128628	0.43355816158481	0
11T	-742.331576790645	0.942541410614647	0
12A	-726.56783212346	0.433558403358331	0
12C	-726.567832123482	0.433558315523428	0
12G	-741.811562484987	0.908588644103697	0
12T	-726.067045854145	1.56678659009962	0
neutral	-726.853511737964	1	0
