posterior_mean	posterior_var	posterior_sd	posterior_quant	is_contained	PESL
0.839495376692607	0.0837866967413031	0.289459317938295	0.974888181269648	1	0.520053054151698
