model	lik	mode	convergence
1A	-815.944108406802	2.26129046198016	0
1C	-871.013808548443	0.433557548926487	0
1G	-871.013808548414	0.433557631815947	0
1T	-885.825789733698	1.18435538742596	0
2A	-869.116611354277	2.80238143864849	0
2C	-850.624978739364	1.60199350424313	0
2G	-871.013808696225	0.433558169764484	0
2T	-871.013808696195	0.433558230907243	0
3A	-870.977131734288	0.330558889297913	0
3C	-871.013808710542	0.433558003580337	0
3G	-848.821603919875	1.61852155302636	0
3T	-871.013808710508	0.433557969195031	0
4A	-871.013808710082	0.433558138644449	0
4C	-871.07135185988	0.386840035332328	0
4G	-849.169627446931	1.61447108182754	0
4T	-871.01380871	0.433558029128943	0
5A	-871.013808716672	0.433558071613179	0
5C	-871.013808716487	0.433558033227296	0
5G	-871.067053248502	0.377487261994386	0
5T	-849.120004560945	1.61503124850586	0
6A	-871.172480180415	0.730860007422115	0
6C	-871.013808689847	0.433558085660427	0
6G	-871.013808689933	0.433558294911753	0
6T	-849.543096705011	1.61147882645892	0
neutral	-871.299488649617	1	0
