model	lik	mode	convergence
1A	-645.830039838702	2.15406351868504	0
1C	-648.54666888207	0.43355822238943	0
1G	-648.546668882083	0.433558380510887	0
1T	-663.969152809927	1.03437020964819	0
2A	-649.16726340958	1.26709309460471	0
2C	-648.546668892249	0.433557962855352	0
2G	-663.739320234524	1.06003342764466	0
2T	-648.546668892219	0.433558045388155	0
3A	-648.601647543252	0.401506471072922	0
3C	-648.546668881855	0.433558309008187	0
3G	-648.546668881879	0.433558002611658	0
3T	-663.492475029495	1.0799868899183	0
4A	-648.546668848326	0.433557848634816	0
4C	-648.439914809432	0.312110131175115	0
4G	-663.419259818133	1.08490466368632	0
4T	-648.546668848228	0.433557831090907	0
5A	-663.506658622453	1.07900895697656	0
5C	-648.569020655079	0.425321391892812	0
5G	-648.54666886919	0.433558261284959	0
5T	-648.546668869065	0.433558405404837	0
6A	-663.478301590908	1.08095526053904	0
6C	-648.546668897461	0.433558129118744	0
6G	-648.601711651334	0.380345648350141	0
6T	-648.546668897458	0.433558157017077	0
7A	-648.603803022921	0.385273985741894	0
7C	-648.546668893943	0.433558158949	0
7G	-663.481722116992	1.0807223419171	0
7T	-648.54666889392	0.433558160192065	0
8A	-648.546668908196	0.433558090766388	0
8C	-663.439250158274	1.08365913938599	0
8G	-648.546668908221	0.433557767590187	0
8T	-648.993005118912	0.594945243971566	0
9A	-649.207772144131	0.676906194819471	0
9C	-663.283089929636	1.09396445770786	0
9G	-648.546668903332	0.433558148142108	0
9T	-648.546668903294	0.433558175707899	0
neutral	-648.832348215093	1	0
