posterior_mean	posterior_var	posterior_sd	posterior_quant	is_contained	PESL
2.36432660192094	0.0929839278553375	0.304932661181674	0.6844654448788	1	0.111391198801593
