model	lik	mode	convergence
1A	-1136.17786361916	2.5090322494937	0
1C	-1384.53042239235	1.24667825379331	0
1G	-1370.29714988978	0.433558105395819	0
1T	-1370.29714988974	0.433558128634812	0
2A	-1162.96356034969	2.35109809063226	0
2C	-1370.3436100106	0.411190415097022	0
2G	-1370.29714987299	0.433558157407058	0
2T	-1370.29714987296	0.433558294766169	0
3A	-1370.46621389432	0.719791870182069	0
3C	-1370.29714987676	0.433558106312176	0
3G	-1163.28173465459	2.35092381042257	0
3T	-1370.29714987675	0.433558076589501	0
4A	-1370.29714986726	0.433557926079771	0
4C	-1370.29714986726	0.433557816297697	0
4G	-1163.07768932178	2.3504872111151	0
4T	-1370.32472451026	0.422924157204755	0
5A	-1370.25239777432	0.328084604455767	0
5C	-1370.29714988697	0.433557971555252	0
5G	-1161.79543184589	2.35805318488006	0
5T	-1370.29714988694	0.433557965218046	0
6A	-1370.29714986594	0.433558197676265	0
6C	-1166.67282919067	2.34489560347658	0
6G	-1370.29714986622	0.433558210987087	0
6T	-1368.20610742077	2.26570668723384	0
7A	-1370.29714986643	0.433557968428796	0
7C	-1370.29714986623	0.433557987837317	0
7G	-1369.98245721277	1.52359312984958	0
7T	-1164.40810700443	2.34795712602142	0
8A	-1370.2971498949	0.433558109110808	0
8C	-1370.29714989483	0.433558209460227	0
8G	-1162.61244566931	2.35307973973855	0
8T	-1370.35222955709	0.380453322087787	0
9A	-1162.08226983626	2.36033791236291	0
9C	-1370.87172992943	0.836291953127195	0
9G	-1370.2971499049	0.433558071218704	0
9T	-1370.29714990488	0.433558126699282	0
neutral	-1370.58282966464	1	0
