posterior_mean	posterior_var	posterior_sd	posterior_quant	is_contained	PESL
2.51242029416279	0.00849697816454667	0.0921790549124185	0.45116613920015	1	0.00865124187164154
