model	lik	mode	convergence
1A	-273.711728591993	1.57138108906812	0
1C	-289.274168941348	1.12231605710412	0
1G	-274.141767994598	0.433558129585707	0
1T	-274.141767994566	0.433558220879639	0
2A	-289.018639243417	1.14483045797262	0
2C	-274.141767965377	0.433558680695717	0
2G	-274.153026784774	0.429747072323311	0
2T	-274.141767965411	0.433558067318767	0
neutral	-274.427447651903	1	0
