posterior_mean	posterior_var	posterior_sd	posterior_quant	is_contained	PESL
0.864054513986606	0.331857055640075	0.576070356501769	0.88018326087896	1	0.736283716820819
