posterior_mean	posterior_var	posterior_sd	posterior_quant	is_contained	PESL
1.41440332156971	0.00333570663573768	0.0577555766635369	0.928770573278797	1	0.0106624979940426
