posterior_mean	posterior_var	posterior_sd	posterior_quant	is_contained	PESL
1.81167570522105	0.0270538827025781	0.164480645373789	0.872340854771969	1	0.0625199227066205
