model	lik	mode	convergence
1A	-538.946718664576	2.56825917289279	0
1C	-564.53027579449	0.433558182401109	0
1G	-564.530275794495	0.433558164967172	0
1T	-579.332016030708	0.95972117220743	0
2A	-564.530275792285	0.433558054814096	0
2C	-564.497873237829	0.821978663907023	0
2G	-564.530275792297	0.433558120848891	0
2T	-573.468555076872	1.29061350876403	0
3A	-572.897485404035	1.30628613107987	0
3C	-564.343046037551	0.296110691175539	0
3G	-564.530275676622	0.433557653664412	0
3T	-564.530275676616	0.433557758716012	0
4A	-564.530275810909	0.43355800485852	0
4C	-564.933028476566	0.973995667342865	0
4G	-573.440527836802	1.29317188570529	0
4T	-564.530275810849	0.43355820765505	0
5A	-564.530275808521	0.433558164032398	0
5C	-573.24650420109	1.29691390814712	0
5G	-564.823316853078	0.596233314446745	0
5T	-564.530275808671	0.433558155242779	0
6A	-573.438337226156	1.29145741940108	0
6C	-564.53027578379	0.433558198251853	0
6G	-564.606000362107	0.777581459188702	0
6T	-564.530275783739	0.433558160057164	0
7A	-564.530275800995	0.433558128021383	0
7C	-573.195505592704	1.29751681065886	0
7G	-564.530275801054	0.43355825448443	0
7T	-564.58803416424	0.387968426832042	0
8A	-564.530275791706	0.433558078366039	0
8C	-564.585782329112	0.400559029130605	0
8G	-573.225376919886	1.2966646176513	0
8T	-564.530275791603	0.433558254884006	0
9A	-564.530275795047	0.433558079754524	0
9C	-564.530275794951	0.433558111655589	0
9G	-573.906940657192	1.28102487055254	0
9T	-564.330687775032	1.5491920939139	0
10A	-564.530275808493	0.43355812895041	0
10C	-564.530275808348	0.433557953104625	0
10G	-572.914853577954	1.30781402665543	0
10T	-565.101428309794	0.654081358056605	0
neutral	-564.815954685896	1	0
