posterior_mean	posterior_var	posterior_sd	posterior_quant	is_contained	PESL
3.00258265311685	0.211880290202649	0.460304562439532	0.51857453266583	1	0.211886960299797
