lik	gamma	delta
-2610.44134793214	0.00179303211528799	0.33226458631353
-3066.43801187573	0.00179303211528799	0.0112767238536298
-3066.05764288019	0.00179303211528799	0.108026900483355
-3066.63599307152	0.00179303211528799	6.61069613519961e-05
-3064.19364651149	0.00179303211528799	0.199370017007833
-2667.56498788417	0.00179303211528799	0.2708118320979
-3065.42332597954	0.00179303211528799	0.999938669345869
-3066.63595391969	0.00179303211528799	6.61069613519961e-05
-3066.60856853937	0.00179303211528799	0.0331589013676145
-2683.85368103526	0.00179303211528799	0.267854553783284
-3066.63582585333	0.00179303211528799	6.61069613519961e-05
-3046.50557787179	0.00179303211528799	0.358683695919374
-3066.63582571594	0.00179303211528799	6.61069613519961e-05
-3066.24814611829	0.00179303211528799	0.219006276173915
-3066.24612893843	0.00179303211528799	0.233485880406916
-2665.8190789691	0.00179303211528799	0.269922151365432
-3066.63596258554	0.00179303211528799	6.61069613519961e-05
-3066.63582572649	0.00179303211528799	6.61069613519961e-05
-2664.53373525712	0.00179303211528799	0.270142891236957
-3066.63582572649	0.00179303211528799	6.61069613519961e-05
-2669.71891834578	0.00179303211528799	0.269262092373668
-3060.6816719374	0.00179303211528799	0.435514355828749
-3066.6359882643	0.00179303211528799	6.61069613519961e-05
-3066.63587181868	0.00179303211528799	6.61069613519961e-05
-3066.63591588119	0.00179303211528799	6.61069613519961e-05
-3066.63582566193	0.00179303211528799	6.61069613519961e-05
-3066.63582566193	0.00179303211528799	6.61069613519961e-05
-2664.75817581562	0.00179303211528799	0.269966081335018
-3059.76130477687	0.00179303211528799	0.779205890850358
-2669.17397539065	0.00179303211528799	0.268962449195027
-3066.63590752741	0.00179303211528799	6.61069613519961e-05
-3066.63602992271	0.00179303211528799	6.61069613519961e-05
-2665.06574233619	0.00179303211528799	0.269740770446109
-3066.63582561553	0.00179303211528799	6.61069613519961e-05
-3066.63582561553	0.00179303211528799	6.61069613519961e-05
-3066.63584612734	0.00179303211528799	6.61069613519961e-05
-3066.63622064289	0.00179303211528799	6.61069613519961e-05
-3066.63582624194	0.00179303211528799	6.61069613519961e-05
-2661.84652448706	0.00179303211528799	0.27247290512207
-3066.6359028491	0.00179303211528799	6.61069613519961e-05
-3066.63582535178	0.00179303211528799	0
