posterior_mean	posterior_var	posterior_sd	posterior_quant	is_contained	PESL
1.95312348054729	0.00530344227443384	0.0728247366931995	0.742484087709543	1	0.00750085035042776
