posterior_mean	posterior_var	posterior_sd	posterior_quant	is_contained	PESL
2.01337907098419	0.0054538739516255	0.073850348351416	0.432771357909032	1	0.00563287349202289
