lik	gamma	delta
-1060.36036601394	0.00181862432323799	0.19348312413072
-1128.96611064576	0.00181862432323799	6.61069613519961e-05
-1128.96473091091	0.00181862432323799	6.61069613519961e-05
-1128.96473091091	0.00181862432323799	6.61069613519961e-05
-1081.90893412444	0.00181862432323799	0.121818439733455
-1128.9647310755	0.00181862432323799	6.61069613519961e-05
-1128.9648717122	0.00181862432323799	6.61069613519961e-05
-1128.72056638944	0.00181862432323799	0.0863935814315849
-1084.34487078442	0.00181862432323799	0.118451890347184
-1128.96473112083	0.00181862432323799	6.61069613519961e-05
-1125.01346171626	0.00181862432323799	0.380121056728351
-1128.96489031314	0.00181862432323799	6.61069613519961e-05
-1081.97091341927	0.00181862432323799	0.120876382045925
-1128.96473090737	0.00181862432323799	6.61069613519961e-05
-1128.96473090737	0.00181862432323799	6.61069613519961e-05
-1128.96473090737	0.00181862432323799	6.61069613519961e-05
-1081.50552573874	0.00181862432323799	0.122314739202549
-1128.96473153237	0.00181862432323799	6.61069613519961e-05
-1128.96473153237	0.00181862432323799	6.61069613519961e-05
-1128.96478017066	0.00181862432323799	6.61069613519961e-05
-1128.56865523407	0.00181862432323799	0.1226989138233
-1128.96473091595	0.00181862432323799	6.61069613519961e-05
-1082.36619180425	0.00181862432323799	0.120866618557216
-1128.96473091595	0.00181862432323799	6.61069613519961e-05
-1128.96473100905	0.00181862432323799	6.61069613519961e-05
-1128.96473100905	0.00181862432323799	6.61069613519961e-05
-1126.19645157071	0.00181862432323799	0.122502519269402
-1084.72087996956	0.00181862432323799	0.120856180224711
-1128.96473091804	0.00181862432323799	6.61069613519961e-05
-1128.96473091804	0.00181862432323799	6.61069613519961e-05
-1082.58521319912	0.00181862432323799	0.120038322496987
-1127.3315023719	0.00181862432323799	0.999933893038648
-1128.96473098164	0.00181862432323799	6.61069613519961e-05
-1083.5523415587	0.00181862432323799	0.119263968422922
-1128.0719782998	0.00181862432323799	0.597497421526702
-1127.63952994401	0.00181862432323799	0.248660688758246
-1128.82967981446	0.00181862432323799	0.0621205715427861
-1128.9655855616	0.00181862432323799	6.61069613519961e-05
-1128.96473309886	0.00181862432323799	6.61069613519961e-05
-1078.43855732347	0.00181862432323799	0.131439597318671
-1128.96473004187	0.00181862432323799	0
