posterior_mean	posterior_var	posterior_sd	posterior_quant	is_contained	PESL
3.05011602413268	0.0478368286356025	0.218716320002881	0.418254593800686	1	0.050348444507854
