lik	gamma	delta
-1042.69641089884	0.00163524075549222	0.193482501695833
-1111.30204998172	0.00163524075549222	6.61069613519961e-05
-1111.30066986421	0.00163524075549222	6.61069613519961e-05
-1111.30066986421	0.00163524075549222	6.61069613519961e-05
-1111.30066993854	0.00163524075549222	6.61069613519961e-05
-1066.94738818238	0.00163524075549222	0.117922046732965
-1111.30066993854	0.00163524075549222	6.61069613519961e-05
-1107.4215611535	0.00163524075549222	0.374627742466962
-1111.30067051115	0.00163524075549222	6.61069613519961e-05
-1111.30085440942	0.00163524075549222	6.61069613519961e-05
-1111.16447833967	0.00163524075549222	0.0624036481406271
-1063.58111821064	0.00163524075549222	0.123658002807228
-1083.06194040993	0.00163524075549222	0.241619298122468
-1111.30099060603	0.00163524075549222	6.61069613519961e-05
-1084.62224194559	0.00163524075549222	0.103089210723329
-1111.30067247171	0.00163524075549222	6.61069613519961e-05
-1111.30067037473	0.00163524075549222	6.61069613519961e-05
-1047.52695851172	0.00163524075549222	0.175427942673534
-1111.30200855904	0.00163524075549222	6.61069613519961e-05
-1111.30067037473	0.00163524075549222	6.61069613519961e-05
-1064.30766208637	0.00163524075549222	0.120874132864645
-1111.30066986106	0.00163524075549222	6.61069613519961e-05
-1111.30066986106	0.00163524075549222	6.61069613519961e-05
-1111.30066986106	0.00163524075549222	6.61069613519961e-05
-1061.45656606572	0.00163524075549222	0.129619240266721
-1111.30099053243	0.00163524075549222	6.61069613519961e-05
-1111.30067239811	0.00163524075549222	6.61069613519961e-05
-1111.30067239811	0.00163524075549222	6.61069613519961e-05
-1110.44930154822	0.00163524075549222	0.522017520482251
-1058.07867291285	0.00163524075549222	0.226564358271376
-1104.28307989878	0.00163524075549222	0.055790362667363
-1111.30067007283	0.00163524075549222	6.61069613519961e-05
-1110.99727042434	0.00163524075549222	0.0316522550883064
-1111.30067006483	0.00163524075549222	6.61069613519961e-05
-1062.95944428917	0.00163524075549222	0.128666272904148
-1111.30067006483	0.00163524075549222	6.61069613519961e-05
-1111.30070916476	0.00163524075549222	6.61069613519961e-05
-1111.30066986953	0.00163524075549222	6.61069613519961e-05
-1064.23475004938	0.00163524075549222	0.121021423075222
-1111.30066986953	0.00163524075549222	6.61069613519961e-05
-1111.30066909993	0.00163524075549222	0
