posterior_mean	posterior_var	posterior_sd	posterior_quant	is_contained	PESL
2.27093972452776	0.0147005514236192	0.121245830541175	0.967607826714105	1	0.0671691612229747
