posterior_mean	posterior_var	posterior_sd	posterior_quant	is_contained	PESL
1.88653163097285	0.0304397693788645	0.174469966982471	0.748145166616357	1	0.0433148401484865
