posterior_mean	posterior_var	posterior_sd	posterior_quant	is_contained	PESL
1.37774923094595	0.0471502125906088	0.217140997028679	0.725905213812582	1	0.062095463124914
