lik	gamma	delta
-1029.9062662553	0.00140590333937496	0.193481765460623
-1098.51178109267	0.00140590333937496	6.61069613519961e-05
-1098.51040051348	0.00140590333937496	6.61069613519961e-05
-1098.51040051348	0.00140590333937496	6.61069613519961e-05
-1098.51072166199	0.00140590333937496	6.61069613519961e-05
-1098.51040269478	0.00140590333937496	6.61069613519961e-05
-1098.51040269478	0.00140590333937496	6.61069613519961e-05
-1048.66775235777	0.00140590333937496	0.129615573807958
-1051.51835537835	0.00140590333937496	0.120871477323719
-1098.51040051082	0.00140590333937496	6.61069613519961e-05
-1098.51040051082	0.00140590333937496	6.61069613519961e-05
-1098.51040051082	0.00140590333937496	6.61069613519961e-05
-1051.79033046981	0.00140590333937496	0.122343032376891
-1097.30006970285	0.00140590333937496	0.23152304672053
-1098.51045739359	0.00140590333937496	6.61069613519961e-05
-1098.51040067413	0.00140590333937496	6.61069613519961e-05
-1098.51040051233	0.00140590333937496	6.61069613519961e-05
-1098.51040051233	0.00140590333937496	6.61069613519961e-05
-1051.48505427326	0.00140590333937496	0.120938490871161
-1098.51041849887	0.00140590333937496	6.61069613519961e-05
-1098.51067993978	0.00140590333937496	6.61069613519961e-05
-1098.51036061683	0.00140590333937496	0.00106693796932443
-1098.51040101023	0.00140590333937496	6.61069613519961e-05
-1050.63611126144	0.00140590333937496	0.123150195036755
-1098.46246197986	0.00140590333937496	0.024638182046176
-1054.4262616444	0.00140590333937496	0.119370813677157
-1097.46807091885	0.00140590333937496	0.728828371878098
-1094.69041952497	0.00140590333937496	0.311431118438365
-1098.51040051082	0.00140590333937496	6.61069613519961e-05
-1098.51040051082	0.00140590333937496	6.61069613519961e-05
-1098.51040051082	0.00140590333937496	6.61069613519961e-05
-1051.51835537835	0.00140590333937496	0.12087147732369
-1096.9822903204	0.00140590333937496	0.132498201782181
-1098.51040055631	0.00140590333937496	6.61069613519961e-05
-1098.51040055631	0.00140590333937496	6.61069613519961e-05
-1053.02833840908	0.00140590333937496	0.120585707631423
-1098.51040062325	0.00140590333937496	6.61069613519961e-05
-1051.22149664048	0.00140590333937496	0.121491049808035
-1098.51040062325	0.00140590333937496	6.61069613519961e-05
-1098.51055466004	0.00140590333937496	6.61069613519961e-05
-1098.51039987478	0.00140590333937496	0
