posterior_mean	posterior_var	posterior_sd	posterior_quant	is_contained	PESL
1.87453333464141	0.840740297477023	0.916918915432015	0.397517336914188	1	0.981015516234618
