posterior_mean	posterior_var	posterior_sd	posterior_quant	is_contained	PESL
2.47916749953563	0.0150071545113774	0.122503691827542	0.573811434286468	1	0.0154411475869739
