model	lik	mode	convergence
1A	-485.789993612566	1.87081741271139	0
1C	-520.263879788813	0.985933417984926	0
1G	-506.355273850131	0.433558215238832	0
1T	-506.355273850123	0.43355815460723	0
2A	-506.355273637905	0.433557475702227	0
2C	-506.459113566238	0.419537947002755	0
2G	-506.099205447551	1.50353451718186	0
2T	-506.355273637799	0.433557421362475	0
3A	-506.355273872194	0.433558125508123	0
3C	-506.608443276745	1.48932326794342	0
3G	-506.398688681129	0.36722172264671	0
3T	-506.35527387233	0.433557965867883	0
4A	-506.39367542844	0.417012744343642	0
4C	-506.355273839179	0.43355781531844	0
4G	-506.806626023301	1.48466489085099	0
4T	-506.355273839153	0.433558308665484	0
5A	-506.413277924889	0.390892215179145	0
5C	-506.35527385683	0.433558112880754	0
5G	-506.709744859292	1.48691428122962	0
5T	-506.355273856794	0.433558165588422	0
6A	-505.749735292784	1.7741747730979	0
6C	-506.355273860953	0.433558134766443	0
6G	-506.355273860953	0.433557917556592	0
6T	-507.896793373778	1.46707173717673	0
7A	-506.355273874533	0.433558073250074	0
7C	-506.391164269951	0.361682436045659	0
7G	-506.582565426828	1.48994728581269	0
7T	-506.355273874447	0.433557955734231	0
neutral	-506.640951743241	1	0
