model	lik	mode	convergence
1A	-552.681255000686	1.92542483928581	0
1C	-585.877954286557	0.7329513707246	0
1G	-574.71611237286	0.433557981685623	0
1T	-574.716112372834	0.433557953255073	0
2A	-574.716112402952	0.433558052338631	0
2C	-575.103507851925	1.25205856083397	0
2G	-583.937538372426	1.27610658460238	0
2T	-574.716112402853	0.433558307867076	0
3A	-574.734971555677	1.0757321198845	0
3C	-574.716112398474	0.433558019367278	0
3G	-583.791654565816	1.27739639587996	0
3T	-574.716112398445	0.433558143660224	0
4A	-582.729390462542	1.30836504473051	0
4C	-574.946312077479	0.524451944845746	0
4G	-574.716112378357	0.433558074108637	0
4T	-574.71611237832	0.433558097388271	0
5A	-574.71611240016	0.433558128751253	0
5C	-581.248805391102	1.353387939362	0
5G	-574.42135832732	0.552278208436529	0
5T	-574.716112400369	0.433558046270824	0
6A	-583.783084210363	1.27765911358959	0
6C	-574.748345347028	1.06031942089639	0
6G	-574.716112400679	0.433558144697614	0
6T	-574.716112400664	0.433558101247477	0
neutral	-575.00179078221	1	0
