model	lik	mode	convergence
1A	-615.87501886463	1.43280177140939	0
1C	-617.01305109228	0.433558385683554	0
1G	-631.369500343191	1.02045500004672	0
1T	-617.013051092215	0.433558073562302	0
2A	-617.837098184908	0.753625168184268	0
2C	-630.45784962245	1.10760331135516	0
2G	-617.013051131702	0.433558006155075	0
2T	-617.013051131671	0.433557995246936	0
3A	-617.468326976296	0.618417521619634	0
3C	-630.554551806986	1.10161666509529	0
3G	-617.013051124221	0.433557971360232	0
3T	-617.013051124202	0.433558003683161	0
4A	-630.562516064729	1.10092133695145	0
4C	-617.013051131282	0.433558062735001	0
4G	-617.013051131248	0.433558046498434	0
4T	-617.046610372355	0.360207553356549	0
5A	-617.797616571669	0.762153948245995	0
5C	-617.013051132039	0.433558117779741	0
5G	-617.013051132025	0.433558105840226	0
5T	-630.512029707683	1.10440458561505	0
6A	-617.013051129595	0.433558018051674	0
6C	-617.013051129493	0.433558041965433	0
6G	-630.545488418128	1.10190057894095	0
6T	-617.01264681768	0.343370916821163	0
7A	-617.013050992261	0.433557660455274	0
7C	-617.013050992108	0.433557619496648	0
7G	-630.487508349161	1.10520118887764	0
7T	-616.826604030108	0.296248788710945	0
8A	-617.013051132089	0.433558062117593	0
8C	-617.013051131931	0.43355787487538	0
8G	-617.492670941711	1.30569113447964	0
8T	-631.002878298172	1.07208488503482	0
neutral	-617.298729075199	1	0
