posterior_mean	posterior_var	posterior_sd	posterior_quant	is_contained	PESL
1.50972026257234	0.00687419036540443	0.0829107373348255	0.460516149665151	1	0.00696867386988386
