model	lik	mode	convergence
1A	-514.496892579855	2.46515531408506	0
1C	-563.056466311126	0.96169109446071	0
1G	-548.061643538645	0.433558114291798	0
1T	-548.061643538603	0.433558173977043	0
2A	-548.238894805725	1.27738164609226	0
2C	-548.061643555276	0.433558067417011	0
2G	-548.061643555263	0.43355818102544	0
2T	-549.858712029472	1.4813014962324	0
3A	-548.288933645703	1.12478355868928	0
3C	-549.685888277451	1.48387595459265	0
3G	-548.061643565377	0.433558135800439	0
3T	-548.061643565341	0.433558160683958	0
4A	-548.061643565113	0.433558015237696	0
4C	-548.06164356491	0.433558104375268	0
4G	-548.345720737874	0.519815572312786	0
4T	-548.99109638713	1.49676089217936	0
5A	-548.061643543177	0.433557943598061	0
5C	-548.061643543056	0.433557981044999	0
5G	-548.846897954566	1.49874146574421	0
5T	-548.007465983315	0.325362236072254	0
6A	-547.884781544448	0.297964071541758	0
6C	-548.66366810482	1.50337793182447	0
6G	-548.061643438191	0.433557719853437	0
6T	-548.06164343817	0.433557697280467	0
7A	-548.431233113563	1.51399613271196	0
7C	-548.724596183082	0.691850018229268	0
7G	-548.061643564477	0.433558043502256	0
7T	-548.061643564457	0.433558086914089	0
8A	-549.622478399538	1.48211574862182	0
8C	-548.061643536308	0.433558145720478	0
8G	-547.947331950819	0.865862525351863	0
8T	-548.061643536303	0.4335580418258	0
9A	-548.672458266076	1.50358912139334	0
9C	-548.061643546093	0.433558174389035	0
9G	-548.06164354605	0.433558256811942	0
9T	-548.259452591829	0.451614485376862	0
10A	-549.254599471812	1.48890886909357	0
10C	-548.061643533034	0.433557988970036	0
10G	-548.061643532991	0.433558032026859	0
10T	-548.105838578405	0.413007516323473	0
neutral	-548.347322756567	1	0
