posterior_mean	posterior_var	posterior_sd	posterior_quant	is_contained	PESL
2.48708930098008	0.0542458408020182	0.232907365280745	0.53455732074362	1	0.0544125269512021
