posterior_mean	posterior_var	posterior_sd	posterior_quant	is_contained	PESL
2.7641777812516	0.0642239822564324	0.253424509975717	0.825290569094518	1	0.119836101110124
