posterior_mean	posterior_var	posterior_sd	posterior_quant	is_contained	PESL
1.51271163157518	0.00185960795380112	0.0431231718893812	0.387404555030481	1	0.00202119353108863
