posterior_mean	posterior_var	posterior_sd	posterior_quant	is_contained	PESL
2.02711972475461	0.0127975945023197	0.113126453592074	0.412103463546503	1	0.013533073973091
