model	lik	mode	convergence
1A	-771.615970345321	2.25126170583787	0
1C	-857.269431104721	0.433557967155584	0
1G	-857.269431104705	0.433557917638651	0
1T	-871.870986745808	1.06084755598336	0
2A	-799.833681326897	1.96053178882024	0
2C	-857.26943108909	0.433558068597918	0
2G	-857.695772924558	1.00492131864305	0
2T	-857.269431089043	0.433558530621573	0
3A	-857.269431089694	0.43355796509768	0
3C	-857.269431089644	0.433558158659566	0
3G	-857.30410030314	0.419202172404505	0
3T	-799.634160504148	1.95707576858488	0
4A	-857.269431093437	0.433558099992143	0
4C	-857.269431093377	0.433558208126321	0
4G	-799.172551685073	1.96352779274841	0
4T	-857.589325992211	0.554519379762183	0
5A	-857.269431101566	0.433558224328914	0
5C	-799.936698490471	1.95593206781449	0
5G	-857.393166741871	0.743735000312377	0
5T	-857.269431101709	0.43355793063453	0
6A	-857.269431100275	0.433558118145326	0
6C	-857.26943110014	0.433558032037061	0
6G	-856.67266181372	1.50907362349585	0
6T	-800.730338997002	1.94975492921032	0
7A	-857.322389415389	0.377083736465648	0
7C	-799.306945790516	1.9605774654074	0
7G	-857.269431118209	0.433558226080579	0
7T	-857.269431118188	0.433558221671257	0
8A	-857.269430649311	0.433557039478712	0
8C	-858.314806692082	0.834226610312524	0
8G	-857.269430649289	0.433556903011031	0
8T	-794.784937597987	2.03324579163604	0
9A	-799.466843035748	1.95883074936544	0
9C	-857.3267028479	0.396209983250234	0
9G	-857.269431104469	0.433558241178244	0
9T	-857.269431104434	0.433558299649299	0
10A	-857.32400473534	0.37954117782626	0
10C	-857.26943111649	0.433558108529501	0
10G	-799.328680738586	1.96033668034137	0
10T	-857.269431116448	0.433558211002048	0
11A	-857.322667851258	0.404150561468177	0
11C	-799.527427940583	1.95818496978422	0
11G	-857.269431098573	0.433558222173588	0
11T	-857.269431098514	0.43355820042659	0
neutral	-857.555110276802	1	0
