model	lik	mode	convergence
1A	-252.854379367023	3.10381221778121	0
1C	-276.289465567798	0.433558063205036	0
1G	-276.289465567803	0.433558310893884	0
1T	-290.941164745788	0.997030648103053	0
2A	-276.307275854505	0.427228693651543	0
2C	-276.289465545467	0.433558293618077	0
2G	-276.289465545687	0.433558090414625	0
2T	-281.402518512942	1.60307917050961	0
3A	-276.289465585532	0.433558059400129	0
3C	-276.321271663914	0.359074534713688	0
3G	-281.054340242279	1.61846567947148	0
3T	-276.289465585414	0.433557888606811	0
4A	-276.289465551064	0.433558262581414	0
4C	-281.344758353662	1.60554769411576	0
4G	-276.332744923904	0.413694656021322	0
4T	-276.289465551147	0.433558176575954	0
5A	-281.40117155649	1.60313631030025	0
5C	-276.289465546172	0.433558426421559	0
5G	-276.289465546161	0.433557906912406	0
5T	-276.308082974624	0.426900059909257	0
neutral	-276.575144729179	1	0
