posterior_mean	posterior_var	posterior_sd	posterior_quant	is_contained	PESL
0.903189109541101	0.188982951690028	0.434721694524242	0.905026979708423	1	0.545166190660473
