posterior_mean	posterior_var	posterior_sd	posterior_quant	is_contained	PESL
1.78817128261027	0.0122981026528805	0.110896810832776	0.00314240282579045	0	0.0953407907725358
