lik	gamma	delta
-693.337673741777	0.00130156006339488	0.00667139975452979
-693.356532666295	0.00130156006339488	6.61069613519961e-05
-693.354364898646	0.00130156006339488	6.61069613519961e-05
-693.354990918744	0.00130156006339488	6.61069613519961e-05
-693.354610641336	0.00130156006339488	6.61069613519961e-05
-693.356367190938	0.00130156006339488	6.61069613519961e-05
-693.354575210893	0.00130156006339488	6.61069613519961e-05
-693.354362926207	0.00130156006339488	6.61069613519961e-05
-693.354362480209	0.00130156006339488	6.61069613519961e-05
-693.354633866943	0.00130156006339488	6.61069613519961e-05
-693.354362480209	0.00130156006339488	6.61069613519961e-05
-693.356557175989	0.00130156006339488	6.61069613519961e-05
-693.354362459658	0.00130156006339488	6.61069613519961e-05
-693.356828626141	0.00130156006339488	6.61069613519961e-05
-693.354362459658	0.00130156006339488	6.61069613519961e-05
-693.354362459658	0.00130156006339488	6.61069613519961e-05
-693.35624954194	0.00130156006339488	6.61069613519961e-05
-693.354362964648	0.00130156006339488	6.61069613519961e-05
-693.354362964648	0.00130156006339488	6.61069613519961e-05
-693.35494049509	0.00130156006339488	6.61069613519961e-05
-693.354362896307	0.00130156006339488	6.61069613519961e-05
-693.356860968857	0.00130156006339488	6.61069613519961e-05
-693.353711629578	0.00130156006339488	0.00260310347151152
-693.354362896307	0.00130156006339488	6.61069613519961e-05
-693.354362459658	0.00130156006339488	6.61069613519961e-05
-693.354362459658	0.00130156006339488	6.61069613519961e-05
-693.354362459658	0.00130156006339488	6.61069613519961e-05
-693.356828626141	0.00130156006339488	6.61069613519961e-05
-693.354362459658	0.00130156006339488	6.61069613519961e-05
-693.354362459658	0.00130156006339488	6.61069613519961e-05
-693.354362459658	0.00130156006339488	6.61069613519961e-05
-693.356828626141	0.00130156006339488	6.61069613519961e-05
-693.354362682901	0.00130156006339488	6.61069613519961e-05
-693.354569231957	0.00130156006339488	6.61069613519961e-05
-693.35821980767	0.00130156006339488	6.61069613519961e-05
-692.285541645689	0.00130156006339488	0.11314464242272
-693.356733844282	0.00130156006339488	6.61069613519961e-05
-693.35445716008	0.00130156006339488	6.61069613519961e-05
-693.354362498879	0.00130156006339488	6.61069613519961e-05
-693.354362498879	0.00130156006339488	6.61069613519961e-05
-693.354362292693	0.00130156006339488	0
