posterior_mean	posterior_var	posterior_sd	posterior_quant	is_contained	PESL
1.95541676942258	0.0214459601688872	0.146444392753315	0.628228582207571	1	0.0234336246176122
