posterior_mean	posterior_var	posterior_sd	posterior_quant	is_contained	PESL
2.91301768303339	0.451207779040651	0.671720015364028	0.582932071131676	1	0.458773702505401
