posterior_mean	posterior_var	posterior_sd	posterior_quant	is_contained	PESL
2.17818611975815	0.0401313845911763	0.200328192202636	0.941045597562866	1	0.143695558107431
