posterior_mean	posterior_var	posterior_sd	posterior_quant	is_contained	PESL
2.70156301281859	0.155700083490209	0.394588498933014	0.781964840351913	1	0.244764718808111
