posterior_mean	posterior_var	posterior_sd	posterior_quant	is_contained	PESL
2.1753186195098	0.29920559671969	0.546996889131638	0.743341845948714	1	0.404623595556677
