model	lik	mode	convergence
1A	-1096.86731314449	3.00521008729634	0
1C	-1155.32728619742	0.433558054093243	0
1G	-1170.70094800657	0.973600859945832	0
1T	-1155.32728619738	0.433558036711656	0
2A	-1155.32728615907	0.433558008108618	0
2C	-1155.32728615898	0.433558493910416	0
2G	-1155.35582845417	0.422452608796574	0
2T	-1159.78716903708	1.27610180147351	0
3A	-1155.3272861604	0.433558015405094	0
3C	-1155.32728616042	0.433558317913733	0
3G	-1155.56910002532	0.964211466088976	0
3T	-1159.99460187143	1.27381898150175	0
4A	-1155.3450339726	0.427253733934534	0
4C	-1155.32728615735	0.433558862900615	0
4G	-1159.79609274496	1.27597068577058	0
4T	-1155.3272861573	0.433557706012978	0
5A	-1155.32728616133	0.433558188394491	0
5C	-1155.36473657452	0.417591356376655	0
5G	-1155.32728616134	0.433558324515165	0
5T	-1159.7779074014	1.27623821880578	0
6A	-1155.38441331874	0.385250701532992	0
6C	-1155.32728618322	0.433558071995701	0
6G	-1155.32728618321	0.433558234447402	0
6T	-1159.70990766767	1.27724997492004	0
7A	-1155.32728617373	0.433558149891915	0
7C	-1155.38383204401	0.398329849704375	0
7G	-1155.32728617369	0.433557979044264	0
7T	-1159.73880779564	1.27681782545198	0
8A	-1155.32728615862	0.433558165380074	0
8C	-1155.35289119651	0.423856385051047	0
8G	-1155.32728615871	0.433557907748974	0
8T	-1159.78979977623	1.27606311504383	0
9A	-1159.28236704612	1.28394777780885	0
9C	-1155.32728618385	0.433558008863016	0
9G	-1155.32728618382	0.43355798567588	0
9T	-1155.31124394517	0.393758391436664	0
10A	-1159.79560697689	1.27647001290478	0
10C	-1155.5305309357	0.609997055613972	0
10G	-1155.32728618849	0.433558090055118	0
10T	-1155.32728618847	0.433558008910685	0
11A	-1159.63842712819	1.2783318154798	0
11C	-1155.35428562711	0.356297258905173	0
11G	-1155.32728619773	0.43355802084463	0
11T	-1155.32728619772	0.433557986346319	0
12A	-1107.74746199135	2.51973433313028	0
12C	-1155.32728619131	0.433558053095353	0
12G	-1155.32728619129	0.433558020927709	0
12T	-1170.66377956789	0.971506607428496	0
13A	-1156.99391231577	1.05673051470578	0
13C	-1155.32728619485	0.433558005395773	0
13G	-1159.16346047372	1.30404723878548	0
13T	-1155.32728619481	0.433557986252888	0
14A	-1155.37452529947	0.41052048065905	0
14C	-1155.32728616497	0.433558200248588	0
14G	-1155.32728616504	0.433558090132135	0
14T	-1159.76402783374	1.2764432884018	0
neutral	-1155.61296526139	1	0
