model	lik	mode	convergence
1A	-463.281273818484	2.44758667720274	0
1C	-523.450406667731	0.901363815173798	0
1G	-504.759600886912	0.43355806578633	0
1T	-504.759600886849	0.433558298797963	0
2A	-504.759600921972	0.433558082047033	0
2C	-501.979798246083	1.66237321396164	0
2G	-504.779887384587	0.352711404048301	0
2T	-504.759600922154	0.433558210804098	0
3A	-502.108142537337	1.65944372406036	0
3C	-504.759600916078	0.433558083708179	0
3G	-504.808550638712	0.372302346048356	0
3T	-504.759600916067	0.433558136504231	0
4A	-504.790504055633	0.421261061866494	0
4C	-502.36698055036	1.65378056196604	0
4G	-504.759600883655	0.433558295697211	0
4T	-504.759600883623	0.433558295730993	0
5A	-504.759600922138	0.433558073309523	0
5C	-501.979798246082	1.66237321797108	0
5G	-504.759600922198	0.433558074795227	0
5T	-504.779887384582	0.352711409380626	0
6A	-509.478524972911	1.54121511375505	0
6C	-493.92811947114	3.3013361448874	0
6G	-504.75960088269	0.433558862437904	0
6T	-504.759600882274	0.433558389174027	0
7A	-504.759600900028	0.433558132236502	0
7C	-504.130547528759	1.63164286724719	0
7G	-503.752703638439	1.92678950071499	0
7T	-504.759600900241	0.433558162643498	0
neutral	-505.045280936527	1	0
