model	lik	mode	convergence
1A	-992.140009066254	2.85189281667338	0
1C	-1067.00415840029	1.03754429721795	0
1G	-1051.87621619108	0.433558021308137	0
1T	-1051.87621619105	0.433558113249208	0
2A	-1048.34320632725	1.38193364859395	0
2C	-1051.87621621382	0.433558114041356	0
2G	-1051.90114226003	0.355150924102222	0
2T	-1051.87621621381	0.433558067123185	0
3A	-1051.87621621221	0.433558078924135	0
3C	-1051.91491680218	0.363620608845783	0
3G	-1048.37428828829	1.38152272968664	0
3T	-1051.87621621212	0.433558018547768	0
4A	-1051.87621619792	0.433558173594419	0
4C	-1046.92070294254	1.42145760747923	0
4G	-1053.53157116427	1.01285091481968	0
4T	-1051.87621619823	0.433558123829968	0
5A	-1051.87621617577	0.433558255023726	0
5C	-1051.87621617573	0.433558244573158	0
5G	-1048.54828758746	1.37927925901007	0
5T	-1051.90855882996	0.42050887521321	0
6A	-1051.87621619338	0.433558137263123	0
6C	-1051.87621619327	0.43355794531035	0
6G	-1048.47205814726	1.38024969822356	0
6T	-1051.93406566692	0.393414622430305	0
7A	-1051.87621620479	0.433557983493632	0
7C	-1052.14981894936	0.51201147263782	0
7G	-1048.32658705577	1.38278813773421	0
7T	-1051.87621620468	0.43355791473397	0
8A	-1051.8762161944	0.433558112367207	0
8C	-1051.87621619418	0.433557890674354	0
8G	-1053.06863725076	0.928601172760746	0
8T	-1047.85782464052	1.39502139933413	0
9A	-1051.87621621205	0.433558025327544	0
9C	-1051.87850533376	0.344475718663756	0
9G	-1048.30200398566	1.38248269032186	0
9T	-1051.87621621195	0.433557819632261	0
10A	-1051.87621620917	0.433558089710405	0
10C	-1051.87621620906	0.433558113551159	0
10G	-1048.3970371339	1.38122382674051	0
10T	-1051.92294779484	0.370119578423894	0
11A	-1051.87621617797	0.433558115540497	0
11C	-1051.91577604008	0.416246566206139	0
11G	-1048.53709454549	1.37942046982464	0
11T	-1051.87621617779	0.433558204285489	0
12A	-1051.87621618009	0.433558094881001	0
12C	-1051.8546174528	1.14597711702651	0
12G	-1048.94493767029	1.37543976483872	0
12T	-1051.87621618005	0.4335581743548	0
neutral	-1052.16189519526	1	0
