posterior_mean	posterior_var	posterior_sd	posterior_quant	is_contained	PESL
2.87066526761762	0.0535935383130118	0.231502782516781	0.718159356640186	1	0.0703210113131869
