posterior_mean	posterior_var	posterior_sd	posterior_quant	is_contained	PESL
3.00013455644012	0.00586292802154776	0.0765697591843396	0.502695297035859	1	0.00586294612698323
