posterior_mean	posterior_var	posterior_sd	posterior_quant	is_contained	PESL
2.66791627871132	0.00575053327388625	0.0758322706628665	0.0121279116795961	0	0.0339464099301919
