posterior_mean	posterior_var	posterior_sd	posterior_quant	is_contained	PESL
2.04238370765653	0.0459640044937777	0.214392174516184	0.435012112974112	1	0.0477603831684921
