posterior_mean	posterior_var	posterior_sd	posterior_quant	is_contained	PESL
1.92173616374735	0.00631991127610842	0.0794978696325154	0.837728851733743	1	0.0124451393411182
