posterior_mean	posterior_var	posterior_sd	posterior_quant	is_contained	PESL
2.25660365370859	0.0144355334853129	0.120147964965341	0.0137340632159624	0	0.080280968581909
