model	lik	mode	convergence
1A	-466.850872906889	3.37537492343258	0
1C	-499.038320968675	0.433558257470502	0
1G	-512.614911986145	1.22225659287591	0
1T	-499.038320968773	0.433557752503788	0
2A	-512.577377196132	1.23027962261623	0
2C	-472.806234509724	2.75948379317664	0
2G	-499.038320998533	0.433558125777241	0
2T	-499.038320998508	0.433558178615138	0
3A	-499.038320982921	0.433558117480061	0
3C	-499.114256657518	1.34686872804228	0
3G	-499.033842164466	1.54573632464695	0
3T	-499.038320982766	0.433558324802799	0
4A	-498.33704085756	1.55386754838099	0
4C	-499.063403828097	0.424098381276169	0
4G	-499.038320970525	0.433558414261084	0
4T	-499.038320970369	0.43355827195638	0
5A	-499.038320991125	0.433558151307422	0
5C	-498.194713079489	1.55704287814667	0
5G	-499.03832099117	0.433557873788373	0
5T	-499.096301471865	0.390064358476909	0
neutral	-499.324000746181	1	0
