posterior_mean	posterior_var	posterior_sd	posterior_quant	is_contained	PESL
2.48146260629696	0.0042588799412874	0.0652600945546925	0.614900860331351	1	0.0046025149065796
