posterior_mean	posterior_var	posterior_sd	posterior_quant	is_contained	PESL
2.78233428602419	0.0246323180646066	0.15694686382533	0.914798651171016	1	0.0720106811052523
