posterior_mean	posterior_var	posterior_sd	posterior_quant	is_contained	PESL
1.4707324655703	0.00942320534376279	0.0970731958048296	0.626106704738823	1	0.0102797939153485
