model	lik	mode	convergence
1A	-675.275231558441	2.59373135301755	0
1C	-800.104975354407	1.06615156186607	0
1G	-785.959879200535	0.433558203424206	0
1T	-785.959879200514	0.433558121973508	0
2A	-720.278605541772	2.06820415359282	0
2C	-778.506045770024	3.15084571469974	0
2G	-785.959879177082	0.433558433794987	0
2T	-785.959879176939	0.433557906387667	0
3A	-785.996681408839	0.417977156520817	0
3C	-785.95987917926	0.433558208552182	0
3G	-785.959879179333	0.43355811755932	0
3T	-712.70268023976	2.10854713865111	0
4A	-785.959879180731	0.433558067978293	0
4C	-716.294047573462	2.08755213954076	0
4G	-782.852605550193	3.02336502390276	0
4T	-785.95987918077	0.43355823390936	0
5A	-785.959879176835	0.433558385228707	0
5C	-712.742308758246	2.10813770897374	0
5G	-785.987098077743	0.423095236624636	0
5T	-785.959879177206	0.433558372123179	0
6A	-785.959879188776	0.433558170671143	0
6C	-785.959879188445	0.433558080288074	0
6G	-786.013905512876	0.403028052343136	0
6T	-712.578238872243	2.10986178459185	0
7A	-784.450802745974	2.16406403683928	0
7C	-785.959879186299	0.433558151735933	0
7G	-715.408887522217	2.0966221719512	0
7T	-785.959879186301	0.43355830872634	0
neutral	-786.24555778714	1	0
