posterior_mean	posterior_var	posterior_sd	posterior_quant	is_contained	PESL
2.60156748833894	0.0203356550606822	0.142603138326904	0.240911926072713	1	0.0306516097481357
