model	lik	mode	convergence
1A	-1227.71448542277	2.50538701630257	0
1C	-1478.6917243046	0.866199272564918	0
1G	-1464.37479460451	0.433558039429545	0
1T	-1464.37479460447	0.433558128884198	0
2A	-1289.55095323011	2.25118886450799	0
2C	-1464.37479460259	0.433558128546438	0
2G	-1449.67636094318	2.38602265411821	0
2T	-1464.37479460257	0.433558033923734	0
3A	-1464.37479459473	0.433558118816886	0
3C	-1464.3747945946	0.433558114745396	0
3G	-1272.59316366551	2.26600859565486	0
3T	-1464.41406726733	0.416469485350203	0
4A	-1272.37191089239	2.26721384089251	0
4C	-1464.3747946097	0.43355819422444	0
4G	-1464.43253497221	0.394137971194482	0
4T	-1464.37479460967	0.433558055103837	0
5A	-1464.3747944975	0.43355767872388	0
5C	-1270.85148699375	2.27642907840461	0
5G	-1464.37479449758	0.433557595021313	0
5T	-1464.19397980606	0.297251355174622	0
6A	-1464.37479459219	0.43355824840469	0
6C	-1272.64383827012	2.26574191224265	0
6G	-1464.37479459221	0.433558485145844	0
6T	-1464.40401933815	0.422114294097435	0
7A	-1464.41768594939	0.366795632628003	0
7C	-1272.04761842753	2.2690767271634	0
7G	-1464.37479462776	0.433558056548885	0
7T	-1464.37479462773	0.433557997239849	0
8A	-1458.3422289239	2.01584714085923	0
8C	-1464.37479460446	0.433558204936998	0
8G	-1464.3747946045	0.433557927161471	0
8T	-1280.67070814807	2.27262098225294	0
9A	-1464.37479462923	0.433558086401563	0
9C	-1464.37479462907	0.433558136099747	0
9G	-1463.80048619873	1.72830827300362	0
9T	-1274.38917381986	2.26642691469617	0
10A	-1464.43253497218	0.394137983917764	0
10C	-1464.37479460966	0.433558030124805	0
10G	-1272.37191089249	2.26721384187784	0
10T	-1464.37479460964	0.433558111599394	0
11A	-1464.37479459064	0.433558133597571	0
11C	-1464.38507991737	0.430100229085246	0
11G	-1272.7118934272	2.26538995926395	0
11T	-1464.37479459054	0.433557104538441	0
12A	-1464.37479460008	0.433558237406865	0
12C	-1272.50712905142	2.26646973748855	0
12G	-1464.42534881599	0.407322614494112	0
12T	-1464.37479460033	0.433558071833871	0
neutral	-1464.6604737838	1	0
