model	lik	mode	convergence
1A	-987.341454279682	3.07121219542117	0
1C	-1328.688239476	0.433558171488842	0
1G	-1328.688239476	0.433558063705631	0
1T	-1343.03307853838	1.01322208015575	0
2A	-1328.93925879205	0.952865568278316	0
2C	-1328.68823946496	0.43355818329267	0
2G	-1328.688239465	0.433558046361972	0
2T	-1024.5495494766	2.86119094893969	0
3A	-1328.68823946542	0.433558112456386	0
3C	-1328.74124500726	0.404460706569498	0
3G	-1328.68823946544	0.433557851161164	0
3T	-1024.14516914424	2.85901464438747	0
4A	-1328.68823948664	0.433558084855342	0
4C	-1328.68823948651	0.433557918876146	0
4G	-1023.63421403283	2.86225094766088	0
4T	-1328.73930921234	0.374665930212709	0
5A	-1021.98023532137	2.87634111319894	0
5C	-1329.15871710102	0.635650356479613	0
5G	-1328.68823949399	0.433558142809362	0
5T	-1328.68823949397	0.433558073787397	0
6A	-1025.36735596575	2.85438551704148	0
6C	-1328.68823945586	0.433558013869143	0
6G	-1328.48301751707	0.915353639220852	0
6T	-1328.68823945581	0.433558130224854	0
7A	-1024.46264105487	2.85715118019998	0
7C	-1328.6882394537	0.433558617025234	0
7G	-1328.70532519929	0.427519625264752	0
7T	-1328.68823945376	0.43355826206496	0
8A	-1328.68823946061	0.433558069663768	0
8C	-1328.68823946043	0.433557921892473	0
8G	-1024.2519024035	2.85837232360731	0
8T	-1328.73407706246	0.41170819223445	0
9A	-1328.68823945478	0.433558375756318	0
9C	-1024.74932269922	2.85778068877739	0
9G	-1328.812638513	0.753717358656054	0
9T	-1328.68823945504	0.433558127317965	0
10A	-1024.87165105556	2.85715520098722	0
10C	-1328.68823946023	0.433558237144336	0
10G	-1328.68823946021	0.433558003750015	0
10T	-1328.75860057712	0.780709897046535	0
11A	-1328.74392633548	0.381621012656768	0
11C	-1023.76448367994	2.86140535674457	0
11G	-1328.68823948206	0.433558239948348	0
11T	-1328.68823948202	0.433558241985874	0
12A	-1024.1896753512	2.85874504790033	0
12C	-1328.73871382754	0.407407658783391	0
12G	-1328.68823946335	0.433558047476631	0
12T	-1328.6882394633	0.433558314008724	0
13A	-1328.68823945687	0.433558242267245	0
13C	-1033.5682906743	2.83094280321592	0
13G	-1328.68823945705	0.433558051445863	0
13T	-1318.5288100044	5.96322416380311	0
14A	-1328.68823947055	0.433558077014556	0
14C	-1328.68823947038	0.43355818836319	0
14G	-1328.74522173742	0.397145941759608	0
14T	-1024.03115683314	2.85971575734434	0
neutral	-1328.97391854223	1	0
