posterior_mean	posterior_var	posterior_sd	posterior_quant	is_contained	PESL
1.90585699133707	0.0260573655046924	0.161422939834128	0.726441273255115	1	0.034920271584763
