posterior_mean	posterior_var	posterior_sd	posterior_quant	is_contained	PESL
1.44410996684797	0.00440459211558587	0.0663671011540046	0.801443945453386	1	0.00752828792131883
