lik	gamma	delta
-1020.246072563	0.00131215016027927	0.193481477970005
-1088.85153909144	0.00131215016027927	6.61069613519961e-05
-1088.8501583289	0.00131215016027927	6.61069613519961e-05
-1088.8501583289	0.00131215016027927	6.61069613519961e-05
-1088.85015883265	0.00131215016027927	6.61069613519961e-05
-1088.71391620163	0.00131215016027927	0.0624147517048781
-1088.85015883265	0.00131215016027927	6.61069613519961e-05
-1041.79415492346	0.00131215016027927	0.121910767230941
-1088.85015881896	0.00131215016027927	6.61069613519961e-05
-1043.91284977453	0.00131215016027927	0.119577888037946
-1085.61030248834	0.00131215016027927	0.267343026860701
-1088.85040512434	0.00131215016027927	6.61069613519961e-05
-1088.85126327797	0.00131215016027927	6.61069613519961e-05
-1088.8501592142	0.00131215016027927	6.61069613519961e-05
-1031.95900998915	0.00131215016027927	0.151565909129117
-1088.8501592142	0.00131215016027927	6.61069613519961e-05
-1083.99194624715	0.00131215016027927	0.638106311358837
-1088.85015837256	0.00131215016027927	6.61069613519961e-05
-1088.85015837256	0.00131215016027927	6.61069613519961e-05
-1044.45896284475	0.00131215016027927	0.117609720042581
-1088.85011151057	0.00131215016027927	0.00116124698300184
-1088.85015844909	0.00131215016027927	6.61069613519961e-05
-1088.85015844909	0.00131215016027927	6.61069613519961e-05
-1041.53990668988	0.00131215016027927	0.121931222623099
-1041.07793583131	0.00131215016027927	0.122584604931424
-1088.85053731417	0.00131215016027927	6.61069613519961e-05
-1088.8501589589	0.00131215016027927	6.61069613519961e-05
-1088.8501589589	0.00131215016027927	6.61069613519961e-05
-1088.85015877468	0.00131215016027927	6.61069613519961e-05
-1086.35405329805	0.00131215016027927	0.178511045603509
-1027.55450783671	0.00131215016027927	0.175398457694663
-1088.85149780147	0.00131215016027927	6.61069613519961e-05
-1088.85024946724	0.00131215016027927	6.61069613519961e-05
-1041.68658309587	0.00131215016027927	0.12122290417493
-1088.85015836298	0.00131215016027927	6.61069613519961e-05
-1088.85015836298	0.00131215016027927	6.61069613519961e-05
-1088.85015832643	0.00131215016027927	6.61069613519961e-05
-1088.85015832643	0.00131215016027927	6.61069613519961e-05
-1041.85849079408	0.00131215016027927	0.120870441940948
-1088.85015832643	0.00131215016027927	6.61069613519961e-05
-1088.85015773979	0.00131215016027927	0
