model	lik	mode	convergence
1A	-359.271153647893	1.94579519470697	0
1C	-362.23003742484	0.433558111326592	0
1G	-362.230037424848	0.433558087877497	0
1T	-376.450670051236	0.958313655268834	0
2A	-362.280925760092	0.37445194859717	0
2C	-362.230037437618	0.433558092029922	0
2G	-362.230037437612	0.433558066117517	0
2T	-376.158219575147	1.08960339921078	0
3A	-362.230037439477	0.433557990272323	0
3C	-362.23003743936	0.43355796266166	0
3G	-376.124220764317	1.09356632604261	0
3T	-362.21838082912	0.33901294895525	0
4A	-376.164528359942	1.08804396866092	0
4C	-362.230037405617	0.433557976608209	0
4G	-362.956783749468	0.814919172278792	0
4T	-362.230037405544	0.433558111065241	0
5A	-376.216056127584	1.08224927592787	0
5C	-362.230037427997	0.433558174152575	0
5G	-362.468735995689	0.660607787414468	0
5T	-362.230037427986	0.433558146033928	0
6A	-362.2300374219	0.43355809905182	0
6C	-363.262609428019	0.831937617483589	0
6G	-376.012812907715	1.10545272135887	0
6T	-362.230037421808	0.43355803897138	0
7A	-362.230037406519	0.433558358780508	0
7C	-376.231437020723	1.08027315776208	0
7G	-362.422694313869	0.71003445877026	0
7T	-362.230037406664	0.433558245216593	0
neutral	-362.51571573395	1	0
