posterior_mean	posterior_var	posterior_sd	posterior_quant	is_contained	PESL
2.0213583125212	0.0195812561824078	0.13993304178216	0.448309309782118	1	0.0200374336957983
