model	lik	mode	convergence
1A	-535.821972568551	2.9866733114778	0
1C	-702.661694109209	1.16719553469994	0
1G	-689.497065606709	0.433558296620333	0
1T	-689.497065606643	0.433558217551586	0
2A	-689.497065610651	0.433558245359715	0
2C	-564.611221553998	2.641051579466	0
2G	-689.547404641154	0.407551480487294	0
2T	-689.497065610983	0.433558041650529	0
3A	-689.497065602655	0.433558122177035	0
3C	-689.497065602457	0.433558265865851	0
3G	-564.817942402387	2.63872033676842	0
3T	-689.520780573908	0.424718063339099	0
4A	-564.74982440107	2.63947481622349	0
4C	-689.497065604837	0.433558349975141	0
4G	-689.49706560481	0.433558241092402	0
4T	-689.532476608002	0.418783599950844	0
5A	-681.236237370995	4.44139701686552	0
5C	-689.497065617513	0.433558063350854	0
5G	-689.497065617515	0.433558045723545	0
5T	-572.971187694678	2.5954932398628	0
6A	-689.811895229958	0.581375038493798	0
6C	-689.497065611583	0.433558157582069	0
6G	-689.497065611602	0.4335581241174	0
6T	-564.03724314347	2.65092619516681	0
7A	-564.800423071353	2.63891300957561	0
7C	-689.497065602897	0.433557987509533	0
7G	-689.524130774421	0.423168788606287	0
7T	-689.497065602769	0.433558289910353	0
neutral	-689.782744407729	1	0
