posterior_mean	posterior_var	posterior_sd	posterior_quant	is_contained	PESL
2.99493339276022	0.0247207086672886	0.157228205698878	0.519833418588636	1	0.0247463791762114
