posterior_mean	posterior_var	posterior_sd	posterior_quant	is_contained	PESL
1.66403590243855	0.136387687968881	0.369307037529589	0.978901980166547	0	0.83522366038058
