lik	gamma	delta
-1042.01019781715	0.0016346231015423	0.193482499650087
-1110.61583655385	0.0016346231015423	6.61069613519961e-05
-1110.61445643506	0.0016346231015423	6.61069613519961e-05
-1110.61445643506	0.0016346231015423	6.61069613519961e-05
-1110.61445676369	0.0016346231015423	6.61069613519961e-05
-1110.61447770689	0.0016346231015423	6.61069613519961e-05
-1063.09761782134	0.0016346231015423	0.121986465541962
-1110.61470146005	0.0016346231015423	6.61069613519961e-05
-1110.61445656436	0.0016346231015423	6.61069613519961e-05
-1062.70282663982	0.0016346231015423	0.123533984605634
-1110.61454760354	0.0016346231015423	6.61069613519961e-05
-1110.61451330363	0.0016346231015423	6.61069613519961e-05
-1110.61588167263	0.0016346231015423	6.61069613519961e-05
-1110.61446007198	0.0016346231015423	6.61069613519961e-05
-1110.61446007198	0.0016346231015423	6.61069613519961e-05
-1049.66749884755	0.0016346231015423	0.165260897276125
-1110.61445891985	0.0016346231015423	6.61069613519961e-05
-1110.61445891985	0.0016346231015423	6.61069613519961e-05
-1110.61513041042	0.0016346231015423	6.61069613519961e-05
-1062.11047040497	0.0016346231015423	0.124358630397382
-1110.52839266947	0.0016346231015423	0.0346485012856959
-1110.61445664895	0.0016346231015423	6.61069613519961e-05
-1109.27021338275	0.0016346231015423	0.999944212220289
-1063.87218914245	0.0016346231015423	0.121972911469747
-1063.13659313336	0.0016346231015423	0.121908055771966
-1110.61470145765	0.0016346231015423	6.61069613519961e-05
-1110.61445676129	0.0016346231015423	6.61069613519961e-05
-1110.61445676129	0.0016346231015423	6.61069613519961e-05
-1063.48017970502	0.0016346231015423	0.121161446095793
-1110.61445645429	0.0016346231015423	6.61069613519961e-05
-1110.61447008967	0.0016346231015423	6.61069613519961e-05
-1110.61451823196	0.0016346231015423	6.61069613519961e-05
-1110.6144564462	0.0016346231015423	6.61069613519961e-05
-1064.75924712183	0.0016346231015423	0.119372375382182
-1110.6144564462	0.0016346231015423	6.61069613519961e-05
-1108.11600710719	0.0016346231015423	0.94045053897394
-1110.61445665494	0.0016346231015423	6.61069613519961e-05
-1075.67035745734	0.0016346231015423	0.116582466606089
-1098.36020096703	0.0016346231015423	0.138575685938209
-1110.61445665494	0.0016346231015423	6.61069613519961e-05
-1110.61445567113	0.0016346231015423	0
