lik	gamma	delta
-898.684927173455	0.00181085204567415	0.119514827221485
-933.701998860254	0.00181085204567415	6.61069613519961e-05
-933.701881864651	0.00181085204567415	6.61069613519961e-05
-933.704214675971	0.00181085204567415	6.61069613519961e-05
-931.793458663665	0.00181085204567415	0.614365481931975
-906.853428438551	0.00181085204567415	0.0946721384471891
-933.701754150303	0.00181085204567415	6.61069613519961e-05
-933.701754150303	0.00181085204567415	6.61069613519961e-05
-905.603479884075	0.00181085204567415	0.0971608295436024
-933.701754449262	0.00181085204567415	6.61069613519961e-05
-933.701754449262	0.00181085204567415	6.61069613519961e-05
-933.701982329973	0.00181085204567415	6.61069613519961e-05
-907.476320270603	0.00181085204567415	0.0946041561615687
-933.701754769318	0.00181085204567415	6.61069613519961e-05
-933.701754769318	0.00181085204567415	6.61069613519961e-05
-931.752982002887	0.00181085204567415	0.196705702888102
-905.956754556574	0.00181085204567415	0.0962232947979698
-933.701754132837	0.00181085204567415	6.61069613519961e-05
-933.701754132837	0.00181085204567415	6.61069613519961e-05
-933.701754132837	0.00181085204567415	6.61069613519961e-05
-933.702991444558	0.00181085204567415	6.61069613519961e-05
-933.701763374425	0.00181085204567415	6.61069613519961e-05
-933.701763374424	0.00181085204567415	6.61069613519961e-05
-903.532996439076	0.00181085204567415	0.103438083777183
-933.701755099314	0.00181085204567415	6.61069613519961e-05
-933.701755099314	0.00181085204567415	6.61069613519961e-05
-905.391236671761	0.00181085204567415	0.0985384796750756
-933.701802589347	0.00181085204567415	6.61069613519961e-05
-905.956754556574	0.00181085204567415	0.0962232947979698
-933.701754132837	0.00181085204567415	6.61069613519961e-05
-933.701754132837	0.00181085204567415	6.61069613519961e-05
-933.701754132837	0.00181085204567415	6.61069613519961e-05
-933.581240681929	0.00181085204567415	0.0859238812068845
-905.729113047003	0.00181085204567415	0.0975562718690214
-933.701754275535	0.00181085204567415	6.61069613519961e-05
-933.701836717524	0.00181085204567415	6.61069613519961e-05
-933.701754797263	0.00181085204567415	6.61069613519961e-05
-933.669143678156	0.00181085204567415	0.0197663076643457
-905.191683022996	0.00181085204567415	0.0995480957475188
-933.702014883209	0.00181085204567415	6.61069613519961e-05
-933.701753616933	0.00181085204567415	0
