posterior_mean	posterior_var	posterior_sd	posterior_quant	is_contained	PESL
1.39259687716179	0.0200393619133315	0.141560453211098	0.780483873422908	1	0.0315747927082743
