posterior_mean	posterior_var	posterior_sd	posterior_quant	is_contained	PESL
3.26987401993376	0.028378602688327	0.16845949865866	0.0514354354964195	1	0.101210589323515
