model	lik	mode	convergence
1A	-269.292255842638	2.26485901538515	0
1C	-276.088643065969	0.433558043874792	0
1G	-276.088643065951	0.433558040137105	0
1T	-290.163057676639	1.0421550385401	0
2A	-276.088643073223	0.433558085090429	0
2C	-278.138439898174	0.43099559523259	0
2G	-275.839141616366	1.2558037793979	0
2T	-276.08864307312	0.433558263749089	0
3A	-287.737098825154	1.26157092720297	0
3C	-276.088643042248	0.433558129671537	0
3G	-276.145485549178	0.397549045004395	0
3T	-276.088643042237	0.433558134963848	0
4A	-276.088643058982	0.433558097171825	0
4C	-276.088643058856	0.433558052663667	0
4G	-276.13945835066	0.374366541753763	0
4T	-287.684950631331	1.26468763961778	0
neutral	-276.374321333023	1	0
