posterior_mean	posterior_var	posterior_sd	posterior_quant	is_contained	PESL
2.34695038570458	0.186266310466681	0.43158580892643	0.659189627793719	1	0.209690494902659
