lik	gamma	delta
-678.477492207922	0.00118624128964233	6.61069613519961e-05
-678.477493992467	0.00118624128964233	6.61069613519961e-05
-678.360391047357	0.00118624128964233	0.00579080672199315
-678.477280805137	0.00118624128964233	6.61069613519961e-05
-678.477370377107	0.00118624128964233	6.61069613519961e-05
-678.477281143087	0.00118624128964233	6.61069613519961e-05
-678.477281143087	0.00118624128964233	6.61069613519961e-05
-678.38685694141	0.00118624128964233	0.00510043693385341
-678.477280443961	0.00118624128964233	6.61069613519961e-05
-678.477280443961	0.00118624128964233	6.61069613519961e-05
-678.394715513589	0.00118624128964233	0.00483938386126469
-678.477280443961	0.00118624128964233	6.61069613519961e-05
-678.477281518869	0.00118624128964233	6.61069613519961e-05
-678.47750073319	0.00118624128964233	6.61069613519961e-05
-678.477281518869	0.00118624128964233	6.61069613519961e-05
-678.376341480215	0.00118624128964233	0.00540044724097032
-678.477552684348	0.00118624128964233	6.61069613519961e-05
-678.474968400801	0.00118624128964233	0.000844815353184838
-677.422209149871	0.00118624128964233	0.110820777836839
-678.070975746745	0.00118624128964233	0.143255339625231
-678.477280443961	0.00118624128964233	6.61069613519961e-05
-678.477280443961	0.00118624128964233	6.61069613519961e-05
-678.394715513589	0.00118624128964233	0.00483938386126469
-678.477280443961	0.00118624128964233	6.61069613519961e-05
-678.477280735405	0.00118624128964233	6.61069613519961e-05
-678.477280735405	0.00118624128964233	6.61069613519961e-05
-677.471095563935	0.00118624128964233	0.0315575348778098
-678.479578703878	0.00118624128964233	6.61069613519961e-05
-678.477280443961	0.00118624128964233	6.61069613519961e-05
-678.477280443961	0.00118624128964233	6.61069613519961e-05
-678.477280443961	0.00118624128964233	6.61069613519961e-05
-678.394715513589	0.00118624128964233	0.00483938386132719
-678.394715513589	0.00118624128964233	0.00483938386112412
-678.477280443961	0.00118624128964233	6.61069613519961e-05
-678.477280443961	0.00118624128964233	6.61069613519961e-05
-678.477280443961	0.00118624128964233	6.61069613519961e-05
-678.477486462633	0.00118624128964233	6.61069613519961e-05
-678.477280613057	0.00118624128964233	6.61069613519961e-05
-678.378848799646	0.00118624128964233	0.00529836171731448
-678.477280613057	0.00118624128964233	6.61069613519961e-05
-678.477280235189	0.00118624128964233	0
