lik	gamma	delta
-717.330016133231	0.00208989652571313	6.61069613519961e-05
-712.456622004984	0.00208989652571313	0.0429924573464781
-717.330041861431	0.00208989652571313	6.61069613519961e-05
-716.946758163317	0.00208989652571313	0.0611689910476613
-717.329550168427	0.00208989652571313	6.61069613519961e-05
-717.329435298729	0.00208989652571313	6.61069613519961e-05
-712.879163221652	0.00208989652571313	0.0390372603001225
-717.329435298729	0.00208989652571313	6.61069613519961e-05
-717.329435714975	0.00208989652571313	6.61069613519961e-05
-717.329435714975	0.00208989652571313	6.61069613519961e-05
-717.329704651753	0.00208989652571313	6.61069613519961e-05
-712.78333176965	0.00208989652571313	0.0395595303848003
-717.329574522727	0.00208989652571313	6.61069613519961e-05
-717.045557019662	0.00208989652571313	0.161973183112612
-717.329622869552	0.00208989652571313	6.61069613519961e-05
-712.896452786002	0.00208989652571313	0.0391540391549164
-712.623418335668	0.00208989652571313	0.041650641320053
-717.329435750646	0.00208989652571313	6.61069613519961e-05
-717.329435750646	0.00208989652571313	6.61069613519961e-05
-717.329507417166	0.00208989652571313	6.61069613519961e-05
-717.32943526526	0.00208989652571313	6.61069613519961e-05
-717.32943526526	0.00208989652571313	6.61069613519961e-05
-712.892973373961	0.00208989652571313	0.0389631840353178
-717.32952721938	0.00208989652571313	6.61069613519961e-05
-717.329435342104	0.00208989652571313	6.61069613519961e-05
-713.11914082248	0.00208989652571313	0.0379488835833286
-717.329435342104	0.00208989652571313	6.61069613519961e-05
-716.828556490173	0.00208989652571313	0.321423729372455
-713.131266686663	0.00208989652571313	0.0378811134006256
-717.329435288134	0.00208989652571313	6.61069613519961e-05
-717.329435288134	0.00208989652571313	6.61069613519961e-05
-716.757670424928	0.00208989652571313	0.353148853832501
-717.329435206043	0.00208989652571313	6.61069613519961e-05
-717.329435206043	0.00208989652571313	6.61069613519961e-05
-717.329435206043	0.00208989652571313	6.61069613519961e-05
-712.947625191765	0.00208989652571313	0.0386715648126454
-717.329600347416	0.00208989652571313	6.61069613519961e-05
-717.321850711362	0.00208989652571313	0.00903313044889192
-712.780795858146	0.00208989652571313	0.0401636265621429
-717.329435583159	0.00208989652571313	6.61069613519961e-05
-717.329434925769	0.00208989652571313	0
