model	lik	mode	convergence
1A	-645.386919499952	1.66253699801495	0
1C	-662.895065439529	0.940663736130542	0
1G	-648.512557737383	0.433557499430119	0
1T	-648.51255773736	0.433557426596997	0
2A	-648.512557908675	0.433557835072196	0
2C	-663.043325658841	1.04203898727319	0
2G	-648.512557908722	0.433557760928396	0
2T	-648.401094628288	0.311054169316669	0
3A	-648.512557967236	0.43355802258791	0
3C	-648.51255796714	0.433558178667265	0
3G	-648.71058823463	0.620329575039911	0
3T	-663.092954275261	1.03573480456372	0
4A	-648.564763631147	0.405477202695195	0
4C	-663.082718681529	1.03735339030228	0
4G	-648.512557943458	0.43355817983169	0
4T	-648.512557943421	0.433558212645941	0
5A	-663.127597419198	1.03065119676334	0
5C	-648.512557953315	0.433558130330923	0
5G	-648.599022742801	1.06010960918371	0
5T	-648.512557953302	0.433558017774436	0
6A	-663.080724262402	1.03760439882754	0
6C	-648.568753619825	0.399153321782926	0
6G	-648.512557948123	0.433558176961776	0
6T	-648.512557948099	0.433558089582034	0
7A	-648.512557962612	0.433558096193919	0
7C	-648.567106367928	0.379498634345147	0
7G	-663.07403161637	1.03843467042035	0
7T	-648.512557962498	0.433558125571596	0
8A	-648.512557954255	0.433557952138957	0
8C	-663.017456141349	1.04148111666418	0
8G	-648.512557954289	0.433557913746259	0
8T	-649.859926362277	0.930859097772248	0
9A	-648.570023473258	0.386501507351825	0
9C	-648.512557957396	0.433558124582692	0
9G	-648.512557957417	0.43355793627576	0
9T	-663.076496243686	1.03813102065281	0
neutral	-648.798236298652	1	0
