posterior_mean	posterior_var	posterior_sd	posterior_quant	is_contained	PESL
1.70662519780497	0.0726226139567183	0.269485832571433	0.860788947540537	1	0.158691388519572
