model	lik	mode	convergence
1A	-1086.66216564124	1.90644626402767	0
1C	-1122.95306341501	1.02564358876078	0
1G	-1107.63439233147	0.433558004950027	0
1T	-1107.63439233145	0.433558050492299	0
2A	-1107.63439230502	0.433558294899254	0
2C	-1115.97018804629	1.21970789824156	0
2G	-1108.79735884617	1.08245313370049	0
2T	-1107.6343923051	0.43355799033361	0
3A	-1107.63439234459	0.433558075653477	0
3C	-1107.66053045629	0.355816371451028	0
3G	-1115.7056295897	1.21957320630415	0
3T	-1107.63439234448	0.43355790438346	0
4A	-1115.78980399595	1.21812592303164	0
4C	-1107.6343923182	0.433558263717844	0
4G	-1107.68966995685	0.400981232053316	0
4T	-1107.63439231818	0.43355823597009	0
5A	-1115.81706389428	1.21766235399369	0
5C	-1107.67086006967	0.418174083311975	0
5G	-1107.63439230779	0.433558370307792	0
5T	-1107.63439230776	0.433558071696731	0
6A	-1115.81609225357	1.21767882504355	0
6C	-1107.63439230795	0.433558038052509	0
6G	-1107.63439230794	0.433558213829761	0
6T	-1107.67192270086	0.417543334976102	0
7A	-1117.96319977862	1.18512181764598	0
7C	-1107.63439231415	0.433558195398375	0
7G	-1107.63439231411	0.433557934502166	0
7T	-1104.30806914702	1.90557341568706	0
8A	-1107.50198235828	0.306563406669462	0
8C	-1107.63439226148	0.433557745643089	0
8G	-1115.58671224505	1.22165461808231	0
8T	-1107.63439226144	0.43355781503426	0
9A	-1107.63439233291	0.433558095235598	0
9C	-1107.6343923328	0.43355795866747	0
9G	-1115.75542309341	1.21871479179613	0
9T	-1107.68989650184	0.381255256150486	0
10A	-1115.71653466705	1.2210195337958	0
10C	-1107.6343921214	0.43355749475663	0
10G	-1107.63439212137	0.433557352802656	0
10T	-1108.39650520176	0.83244134287051	0
11A	-1107.63439212157	0.433557517020997	0
11C	-1107.63439212132	0.433557366285266	0
11G	-1108.3965052017	0.832441338590943	0
11T	-1115.71653466723	1.22101953397857	0
neutral	-1107.92007138655	1	0
