model	lik	mode	convergence
1A	-594.125914627926	2.24859838994656	0
1C	-610.898312857153	0.433558243633418	0
1G	-628.205184950586	1.01668518889653	0
1T	-610.898312857117	0.433558157273594	0
2A	-611.608165447714	0.84211135480765	0
2C	-610.898312890147	0.433558053801281	0
2G	-610.898312890136	0.433557981272893	0
2T	-622.852532065755	1.27617596444901	0
3A	-610.91998653753	0.353423785026198	0
3C	-610.89831289407	0.433558075026371	0
3G	-622.764295155621	1.27589118604559	0
3T	-610.898312894032	0.433558022552221	0
4A	-610.898312878003	0.433558079490995	0
4C	-610.898312877834	0.433558005449491	0
4G	-611.19810333596	0.516469845626587	0
4T	-622.452785600478	1.28627797764614	0
5A	-610.898312879153	0.433558109537825	0
5C	-622.84503811072	1.27345837865668	0
5G	-610.898312879283	0.43355816919228	0
5T	-610.955609817403	0.385840738394014	0
6A	-610.898312860368	0.433558115229843	0
6C	-610.442465474669	1.43380890435241	0
6G	-623.308426993301	1.2610784551851	0
6T	-610.898312860172	0.433557729643157	0
7A	-610.898312882004	0.433558126032792	0
7C	-610.898312881843	0.433558045319927	0
7G	-622.836038943378	1.27372768155709	0
7T	-610.954148348847	0.381928939815888	0
8A	-610.898312868886	0.433558227452579	0
8C	-622.122197255701	1.2980917827749	0
8G	-611.43743405658	0.634273564571981	0
8T	-610.898312869123	0.433558135646921	0
9A	-610.898312863688	0.433558140117215	0
9C	-610.949015832206	0.407162587797093	0
9G	-610.898312863691	0.433558119886334	0
9T	-622.890953660856	1.27209186137426	0
10A	-623.241325979407	1.26449080277438	0
10C	-611.245337482867	1.17318473153249	0
10G	-610.898312872273	0.433558241136458	0
10T	-610.898312872256	0.433558092148	0
neutral	-611.183992821587	1	0
