posterior_mean	posterior_var	posterior_sd	posterior_quant	is_contained	PESL
2.93150096829106	0.141465396871991	0.376118860032292	0.588600248080874	1	0.146157514217051
