posterior_mean	posterior_var	posterior_sd	posterior_quant	is_contained	PESL
1.71959810350197	0.0137312043336372	0.117180221597492	0.989163974824777	0	0.0923564278933245
