model	lik	mode	convergence
1A	-168.262346088122	2.3482861264052	0
1C	-193.357576810409	0.433558204610954	0
1G	-193.357576810476	0.433558322835238	0
1T	-207.047984204535	0.647138383131038	0
2A	-193.357576838223	0.433558094575196	0
2C	-191.824300924425	2.1120771154511	0
2G	-187.65508664436	2.12177930157198	0
2T	-193.35757683813	0.433558104356822	0
neutral	-193.643256194819	1	0
