posterior_mean	posterior_var	posterior_sd	posterior_quant	is_contained	PESL
1.45369189832531	0.0072248703762767	0.08499923750409	0.71178556583972	1	0.00936931066222548
