model	lik	mode	convergence
1A	-535.372955741399	2.0160849352884	0
1C	-537.566093638476	0.433558297149691	0
1G	-537.566093638468	0.433558060056333	0
1T	-552.024653136277	1.10991302783173	0
2A	-551.020348888969	1.15511507151782	0
2C	-537.56609366307	0.433558174503468	0
2G	-537.566093663038	0.433558106927977	0
2T	-537.616228656551	0.373590903617313	0
3A	-551.064984357559	1.1532277996907	0
3C	-537.614760186464	0.409221114638078	0
3G	-537.566093638063	0.433558305523992	0
3T	-537.566093638013	0.433558060506008	0
4A	-550.966488982764	1.15739547394003	0
4C	-537.566093663439	0.433558013746309	0
4G	-537.551831468845	0.338071876353408	0
4T	-537.566093663432	0.4335580360996	0
neutral	-537.85177295739	1	0
