posterior_mean	posterior_var	posterior_sd	posterior_quant	is_contained	PESL
1.48287195868729	0.0225000931498045	0.150000310499027	0.558690478975572	1	0.0227934629490115
