posterior_mean	posterior_var	posterior_sd	posterior_quant	is_contained	PESL
1.97421224000993	0.00263119726292234	0.0512951972695529	0.694699163046906	1	0.00329620582824376
