model	lik	mode	convergence
1A	-326.622431034527	3.57275796605198	0
1C	-426.202859174482	0.959173249344229	0
1G	-410.777251725227	0.433558115934239	0
1T	-410.777251725197	0.433558073715853	0
2A	-410.777251718487	0.433558455173053	0
2C	-376.754380582488	2.23337712501902	0
2G	-410.015692938534	1.65878980714233	0
2T	-410.777251718821	0.433558408390225	0
3A	-393.154488318736	2.0338894910037	0
3C	-410.77725172082	0.433558394430298	0
3G	-388.543817801829	4.12164435809979	0
3T	-410.777251720777	0.433557863226266	0
4A	-375.205703890946	2.25480607202562	0
4C	-410.777251728791	0.433558082056266	0
4G	-410.827344769437	0.407808170644242	0
4T	-410.777251728775	0.433557955530308	0
5A	-374.601892730939	2.2742229770963	0
5C	-410.777251759603	0.433558078623431	0
5G	-410.777251759569	0.43355809499622	0
5T	-411.066269786972	0.554934548092927	0
6A	-410.777251723249	0.43355807594052	0
6C	-410.547049301551	0.924097611917275	0
6G	-410.777251723213	0.433558158566804	0
6T	-376.113914888814	2.24138897460816	0
neutral	-411.062931383721	1	0
