posterior_mean	posterior_var	posterior_sd	posterior_quant	is_contained	PESL
1.93752982495031	0.119469482234863	0.345643576874883	0.594561003916005	1	0.123372005005599
