model	lik	mode	convergence
1A	-487.624740193328	2.57925454013727	0
1C	-506.23161619815	0.433558131277153	0
1G	-519.562150404758	1.18348972552986	0
1T	-506.231616198194	0.433558375023899	0
2A	-506.231616236604	0.433558067397933	0
2C	-506.231616236283	0.433558159722657	0
2G	-506.263270751584	0.358981859498937	0
2T	-510.347689402197	1.42429687689989	0
3A	-506.231616209713	0.433558163556683	0
3C	-506.285945173618	0.402567056863526	0
3G	-506.231616209633	0.433558276187435	0
3T	-510.506986077665	1.42034008579441	0
4A	-507.607455610242	0.922657381745826	0
4C	-506.231616199086	0.433558156479892	0
4G	-508.848660042683	1.48620857250787	0
4T	-506.231616199091	0.433558045897989	0
5A	-506.231616229499	0.433558092541863	0
5C	-506.23161622931	0.433558093825821	0
5G	-506.282984097154	0.37502375888806	0
5T	-510.411009704051	1.42270711345326	0
6A	-506.217087167314	0.394378427573816	0
6C	-509.759485122994	1.43966308654265	0
6G	-506.231616228446	0.433557928848982	0
6T	-506.231616228424	0.43355796240205	0
neutral	-506.517295512657	1	0
