model	lik	mode	convergence
1A	-1035.7124107318	2.87951479485505	0
1C	-1344.24901417841	0.433558101443506	0
1G	-1357.42050154588	1.04822566421988	0
1T	-1344.24901417841	0.433558140484814	0
2A	-1344.2490141763	0.433558084640809	0
2C	-1344.24423570345	0.821907664214832	0
2G	-1066.87429332007	2.70889925818472	0
2T	-1344.2490141761	0.433558047229296	0
3A	-1344.24901418793	0.433558155522151	0
3C	-1344.28778033595	0.787745257855115	0
3G	-1066.72638135123	2.70981210922947	0
3T	-1344.24901418781	0.433558451855705	0
4A	-1344.63198006622	0.802720237728567	0
4C	-1344.24901421252	0.433558036928259	0
4G	-1344.24901421251	0.43355812411853	0
4T	-1065.52283435977	2.7190769276305	0
5A	-1344.24901418079	0.433558084910527	0
5C	-1344.29736116251	0.409520266880165	0
5G	-1344.24901418082	0.433558201984151	0
5T	-1066.08093981833	2.71124240765438	0
6A	-1068.35616221763	2.71273924875519	0
6C	-1343.48491543455	1.81560621551705	0
6G	-1344.24901417538	0.433558184513934	0
6T	-1344.2490141753	0.433558179450534	0
7A	-1344.24901417811	0.433558141222628	0
7C	-1344.29204940343	0.413873921075696	0
7G	-1066.13757904667	2.71091443551207	0
7T	-1344.24901417791	0.433558023578182	0
8A	-1344.24901417782	0.433558133062092	0
8C	-1344.02844558411	1.57173618007059	0
8G	-1067.38574360377	2.71803358331978	0
8T	-1344.24901417759	0.433558264385834	0
9A	-1344.2490141897	0.433558090015797	0
9C	-1344.2490141895	0.433558060487387	0
9G	-1344.30617677688	0.396581679665583	0
9T	-1065.899817633	2.712318209623	0
10A	-1344.24901418375	0.433558103330096	0
10C	-1342.01769023167	2.66955950367703	0
10G	-1069.84403621869	2.70280500384148	0
10T	-1344.2490141836	0.433557916668784	0
11A	-1344.2490141741	0.433558288337764	0
11C	-1066.81184019537	2.70922294361645	0
11G	-1344.24901417431	0.433558173806766	0
11T	-1344.28080044916	0.804676105153113	0
12A	-1066.40932542354	2.71945598633274	0
12C	-1344.24901418816	0.433558168004662	0
12G	-1344.51313095074	1.29043245059457	0
12T	-1344.24901418814	0.433558229839066	0
neutral	-1344.53469128672	1	0
