lik	gamma	delta
-1397.01026082637	0.00214107457921814	0.249889680965465
-1481.48617904924	0.00214107457921814	6.61069613519961e-05
-1481.09294087298	0.00214107457921814	0.0388031700729246
-1479.58163964813	0.00214107457921814	0.0252266587022282
-1481.48626423111	0.00214107457921814	6.61069613519961e-05
-1427.82478485927	0.00214107457921814	0.109599788105841
-1481.48629483785	0.00214107457921814	6.61069613519961e-05
-1481.48615256469	0.00214107457921814	6.61069613519961e-05
-1481.48615249039	0.00214107457921814	6.61069613519961e-05
-1481.48615249039	0.00214107457921814	6.61069613519961e-05
-1428.0594421382	0.00214107457921814	0.109240153232492
-1481.4862653243	0.00214107457921814	6.61069613519961e-05
-1481.48621159708	0.00214107457921814	6.61069613519961e-05
-1474.52301812895	0.00214107457921814	0.648721958426852
-1481.4826509863	0.00214107457921814	0.00174382140967604
-1420.94818504229	0.00214107457921814	0.135687276761279
-1439.75153993486	0.00214107457921814	0.101462713726937
-1481.48615248992	0.00214107457921814	6.61069613519961e-05
-1466.29835949479	0.00214107457921814	0.234653220682117
-1481.31777255727	0.00214107457921814	0.0307559310624161
-1481.48615300117	0.00214107457921814	6.61069613519961e-05
-1481.48643925519	0.00214107457921814	6.61069613519961e-05
-1427.33007128191	0.00214107457921814	0.111479579906442
-1481.29996191637	0.00214107457921814	0.0756328670588094
-1481.48615238528	0.00214107457921814	6.61069613519961e-05
-1481.48615238528	0.00214107457921814	6.61069613519961e-05
-1428.2575169466	0.00214107457921814	0.108916971774334
-1481.48615238528	0.00214107457921814	6.61069613519961e-05
-1428.71885715652	0.00214107457921814	0.10847029179779
-1480.6660862451	0.00214107457921814	0.501775600301542
-1481.48615239982	0.00214107457921814	6.61069613519961e-05
-1481.48615239982	0.00214107457921814	6.61069613519961e-05
-1428.2575169466	0.00214107457921814	0.108916971774334
-1481.48615238528	0.00214107457921814	6.61069613519961e-05
-1481.48615238528	0.00214107457921814	6.61069613519961e-05
-1481.48615238528	0.00214107457921814	6.61069613519961e-05
-1481.48615275727	0.00214107457921814	6.61069613519961e-05
-1481.43103478355	0.00214107457921814	0.0265181759043509
-1481.48632690745	0.00214107457921814	6.61069613519961e-05
-1427.09495414412	0.00214107457921814	0.112101314487308
-1481.4861520025	0.00214107457921814	0
