posterior_mean	posterior_var	posterior_sd	posterior_quant	is_contained	PESL
3.03297708954815	0.0503533033339073	0.224395417363874	0.451169102193383	1	0.051440791768004
