posterior_mean	posterior_var	posterior_sd	posterior_quant	is_contained	PESL
2.66606123548414	0.107289434064746	0.327550658776236	0.84624351866816	1	0.218804532511128
