posterior_mean	posterior_var	posterior_sd	posterior_quant	is_contained	PESL
2.60240724374258	0.0402315166378325	0.200577956510262	0.311530099537392	1	0.0507187602092167
