model	lik	mode	convergence
1A	-376.795037466119	2.80559227211277	0
1C	-456.693885796692	0.910911329123241	0
1G	-442.983980827197	0.433558167909428	0
1T	-442.983980827166	0.433558145217117	0
2A	-442.983980812697	0.433558125283035	0
2C	-443.589777046928	0.813643831845684	0
2G	-404.318464815294	2.30690926084482	0
2T	-442.983980812523	0.433558316747747	0
3A	-442.98398081347	0.433558210043068	0
3C	-405.289054132503	2.27084120126706	0
3G	-442.983980813648	0.433558111218524	0
3T	-443.019599986559	0.418664732283408	0
4A	-442.983980849873	0.433558080867025	0
4C	-442.983980849759	0.433558053084196	0
4G	-405.391748822793	2.31418166888355	0
4T	-443.327259189185	1.3257589865506	0
5A	-405.203362398958	2.27267189305748	0
5C	-442.983980818289	0.433558194571427	0
5G	-443.032285993962	0.409559108193738	0
5T	-442.983980818267	0.433558199520907	0
6A	-405.335680924514	2.26986276418	0
6C	-442.983980811766	0.43355803495951	0
6G	-442.983980811758	0.433558468759536	0
6T	-443.009473011867	0.423908673375684	0
7A	-443.016018772127	0.420669742689161	0
7C	-405.306980764012	2.27046348279943	0
7G	-442.98398081243	0.433558196029979	0
7T	-442.98398081241	0.433558206817645	0
8A	-443.007497068348	0.800500234097816	0
8C	-442.983980821171	0.433558174074417	0
8G	-442.983980821187	0.433558267715594	0
8T	-405.805901949765	2.2656976140199	0
neutral	-443.269659247783	1	0
