posterior_mean	posterior_var	posterior_sd	posterior_quant	is_contained	PESL
2.97258910688376	0.0179440156741875	0.133955274902437	0.586690746457263	1	0.0186953727356322
