lik	gamma	delta
-940.389526938834	0.00288412297990789	0.333836465326552
-1057.25979564033	0.00288412297990789	6.61069613519961e-05
-1057.2601955308	0.00288412297990789	6.61069613519961e-05
-1057.24998996976	0.00288412297990789	0.00235628011362693
-1057.25967969406	0.00288412297990789	6.61069613519961e-05
-1057.19693704106	0.00288412297990789	0.0578721772095845
-985.841975305169	0.00288412297990789	0.165469283114441
-1057.25967969406	0.00288412297990789	6.61069613519961e-05
-1001.43496494672	0.00288412297990789	0.148137594913481
-1057.25967929877	0.00288412297990789	6.61069613519961e-05
-1036.35909213953	0.00288412297990789	0.434497084818549
-1057.25967929877	0.00288412297990789	6.61069613519961e-05
-1057.25968102385	0.00288412297990789	6.61069613519961e-05
-1056.54485209849	0.00288412297990789	0.0540068793264191
-1057.25968102385	0.00288412297990789	6.61069613519961e-05
-984.529119991615	0.00288412297990789	0.175095654796951
-1057.25978168587	0.00288412297990789	6.61069613519961e-05
-1057.2596799022	0.00288412297990789	6.61069613519961e-05
-1057.25991089347	0.00288412297990789	6.61069613519961e-05
-985.071609919861	0.00288412297990789	0.166469293511874
-1054.00512888973	0.00288412297990789	0.615056580594223
-1055.9819623453	0.00288412297990789	0.415159790434876
-1057.25968020602	0.00288412297990789	6.61069613519961e-05
-989.007963753167	0.00288412297990789	0.162084684885682
-1057.25967956437	0.00288412297990789	6.61069613519961e-05
-1057.25967956437	0.00288412297990789	6.61069613519961e-05
-1057.25985727511	0.00288412297990789	6.61069613519961e-05
-984.980035738511	0.00288412297990789	0.167170117087803
-977.33947516645	0.00288412297990789	0.234547254045809
-1057.25967959484	0.00288412297990789	6.61069613519961e-05
-1057.25970489916	0.00288412297990789	6.61069613519961e-05
-1053.35305613829	0.00288412297990789	0.0561643494354931
-1056.9017652058	0.00288412297990789	0.274821030116836
-986.205467793662	0.00288412297990789	0.164765716229266
-1057.25967977549	0.00288412297990789	6.61069613519961e-05
-1057.25967977549	0.00288412297990789	6.61069613519961e-05
-1053.60692260091	0.00288412297990789	0.292650067458787
-989.184242766108	0.00288412297990789	0.162122812103213
-1057.2596793627	0.00288412297990789	6.61069613519961e-05
-1057.2596793627	0.00288412297990789	6.61069613519961e-05
-1057.25967792191	0.00288412297990789	0
