posterior_mean	posterior_var	posterior_sd	posterior_quant	is_contained	PESL
2.96205633434914	0.00566612591230637	0.0752736734343845	0.695116369287189	1	0.00710584767531905
