model	lik	mode	convergence
1A	-161.772248210507	3.01751265546088	0
1C	-201.901255646503	1.19202235919062	0
1G	-188.074270476105	0.433558074390958	0
1T	-188.07427047609	0.433557983090443	0
2A	-184.151101586147	1.97620649291849	0
2C	-188.074270475709	0.43355825239946	0
2G	-188.074270475682	0.433558250162652	0
2T	-188.279466424848	0.700493834302981	0
neutral	-188.3599496486	1	0
