posterior_mean	posterior_var	posterior_sd	posterior_quant	is_contained	PESL
1.54866021955266	0.0205566423907306	0.143375877994629	0.377548976874684	1	0.0229244593576295
