model	lik	mode	convergence
1A	-218.871403195185	2.68668071999065	0
1C	-252.24655445899	0.901141936578329	0
1G	-238.917609035484	0.433557693314294	0
1T	-238.917609035459	0.43355771884482	0
2A	-244.874786309639	1.51972546831142	0
2C	-238.936264284364	0.42688463137697	0
2G	-238.917609090366	0.433558267030013	0
2T	-238.91760909016	0.433558073683367	0
3A	-238.917609115061	0.433557963902151	0
3C	-238.917609114855	0.433558132010837	0
3G	-239.185680324641	0.540723991328368	0
3T	-244.608153431579	1.53597474122227	0
neutral	-239.203286414815	1	0
