posterior_mean	posterior_var	posterior_sd	posterior_quant	is_contained	PESL
2.73428576041638	0.128103316226868	0.357915236092107	0.264381990794098	1	0.182993133760752
