posterior_mean	posterior_var	posterior_sd	posterior_quant	is_contained	PESL
2.32918944956971	0.0351885438437843	0.187586097149507	0.820149962335523	1	0.0643647879820965
