model	lik	mode	convergence
1A	-1030.18195518111	2.87552109625549	0
1C	-1355.76848165761	1.15875604983432	0
1G	-1341.64458955473	0.433558063445914	0
1T	-1341.6445895547	0.433558098737218	0
2A	-1341.64458956399	0.43355807565841	0
2C	-1341.64458956382	0.433558099125921	0
2G	-1341.70234443668	0.394050103321772	0
2T	-1052.65487846001	2.77622694731487	0
3A	-1341.64458955438	0.433558147342965	0
3C	-1341.64458955427	0.433558040723189	0
3G	-1341.69526496043	0.407192187857277	0
3T	-1052.85036726697	2.775044956816	0
4A	-1053.84112200878	2.77169902820719	0
4C	-1341.64458955131	0.43355817734907	0
4G	-1341.53931990982	0.865907797257346	0
4T	-1341.64458955132	0.433558331620239	0
5A	-1342.1099533581	0.926267932870449	0
5C	-1341.64458957923	0.433558014232516	0
5G	-1341.64458957922	0.43355811012988	0
5T	-1051.93159963646	2.78750094606297	0
6A	-1341.64458954482	0.433558516076241	0
6C	-1058.65937742598	2.77019751790591	0
6G	-1337.9619760032	2.48862829474189	0
6T	-1341.64458954503	0.433558347111382	0
7A	-1059.94509743458	2.78635240169474	0
7C	-1336.53578975679	2.21066213007488	0
7G	-1341.64458954582	0.433557890101185	0
7T	-1341.64458954555	0.433557541006045	0
8A	-1341.64458954785	0.433558051545817	0
8C	-1325.9622019021	2.7663730415498	0
8G	-1341.64458954785	0.433557947459368	0
8T	-1071.23849823231	2.76550133613528	0
9A	-1341.64458955078	0.433558251502229	0
9C	-1052.92917536791	2.77458149587671	0
9G	-1341.64458955081	0.433558457163891	0
9T	-1341.68887105772	0.412941451038511	0
10A	-1341.86402631818	0.689068578152026	0
10C	-1053.04876091962	2.77599396139379	0
10G	-1341.64458955019	0.433558260694034	0
10T	-1341.64458955016	0.433558078042563	0
11A	-1341.70284189733	0.786626355949438	0
11C	-1053.54663665055	2.77330197877384	0
11G	-1341.6445895517	0.433558001405309	0
11T	-1341.64458955167	0.43355824799143	0
12A	-1341.6445895446	0.433557965213418	0
12C	-1341.65702026504	0.429314362772128	0
12G	-1053.13453119413	2.77341600399542	0
12T	-1341.6445895443	0.433559435297431	0
13A	-1341.64458955417	0.433558211647486	0
13C	-1052.8527355263	2.77503091184695	0
13G	-1341.64458955424	0.4335581482094	0
13T	-1341.69510756276	0.407361346174195	0
14A	-1341.69528910648	0.374232095594173	0
14C	-1341.64458957778	0.433558156222745	0
14G	-1052.31851724949	2.77834517883191	0
14T	-1341.64458957775	0.433558124633201	0
neutral	-1341.930268967	1	0
