model	lik	mode	convergence
1A	-952.459741439272	1.9290986866906	0
1C	-1000.2991313867	0.43355808395654	0
1G	-1000.29913138668	0.433558334667367	0
1T	-1013.59250669526	1.10483472266261	0
2A	-1000.35383343078	0.379758974784262	0
2C	-1000.29913138278	0.433558068518365	0
2G	-976.62118654138	1.59938811974053	0
2T	-1000.29913138276	0.433558205369853	0
3A	-1000.29913136475	0.433558160998016	0
3C	-976.74135712361	1.59803826649116	0
3G	-1000.29913136482	0.433558127415755	0
3T	-1000.3521982734	0.404378827910424	0
4A	-1000.29913135337	0.433557837660753	0
4C	-1000.31628958517	0.427491546468993	0
4G	-976.83949005295	1.59696788531803	0
4T	-1000.29913135318	0.433558459229443	0
5A	-977.53004428208	1.59156437965512	0
5C	-999.919546493581	1.38199192543622	0
5G	-1000.29913136044	0.433558285343141	0
5T	-1000.29913136035	0.433557965594947	0
6A	-977.759495025607	1.61844201421989	0
6C	-1000.29913135868	0.433558172411118	0
6G	-1000.29913135866	0.433558176605247	0
6T	-1000.62666899808	1.31082973444974	0
7A	-1000.35660317183	0.395446682887536	0
7C	-1000.29913137119	0.43355805384057	0
7G	-976.699770018743	1.5985007729683	0
7T	-1000.29913137117	0.433558166244045	0
8A	-994.875094678069	2.17359329712487	0
8C	-982.359704350876	1.56265578047829	0
8G	-1000.2991313886	0.433557908207743	0
8T	-1000.29913138857	0.433558007473885	0
9A	-1000.29913136677	0.433558194270139	0
9C	-976.728463691422	1.59818111468918	0
9G	-1000.29913136686	0.43355798632208	0
9T	-1000.35408589238	0.40154778127374	0
10A	-1000.29913139271	0.433558130807503	0
10C	-976.956312996966	1.59690201485526	0
10G	-1000.42322186779	0.695151294241268	0
10T	-1000.29913139283	0.433557905064059	0
11A	-1000.29913135434	0.433558173735322	0
11C	-1000.08737282146	0.919978953924164	0
11G	-1000.29913135442	0.433558181531915	0
11T	-977.266176079431	1.59339744301149	0
12A	-976.832267067489	1.59806121586568	0
12C	-1000.57275576959	0.640354483416636	0
12G	-1000.2991313639	0.433558199911682	0
12T	-1000.29913136384	0.433558264501712	0
13A	-976.739330830113	1.59806068354139	0
13C	-1000.29913136517	0.433558218509469	0
13G	-1000.29913136512	0.433558091921946	0
13T	-1000.35252850978	0.403930927552905	0
14A	-994.875094678069	2.17359329712487	0
14C	-982.359704350876	1.56265578047829	0
14G	-1000.2991313886	0.433557908207743	0
14T	-1000.29913138857	0.433558007473885	0
neutral	-1000.58480856113	1	0
