posterior_mean	posterior_var	posterior_sd	posterior_quant	is_contained	PESL
2.10023806145586	0.0499767167422652	0.22355472874056	0.337282553238303	1	0.0600243857066958
