model	lik	mode	convergence
1A	-607.74385042736	2.78647232798556	0
1C	-730.646336196997	0.433558063184766	0
1G	-745.457699738311	1.14286820866288	0
1T	-730.646336196957	0.433558016457464	0
2A	-678.293789775818	2.05708192478784	0
2C	-730.64633616061	0.433558139976079	0
2G	-696.387851378657	3.31161863117192	0
2T	-730.646336160625	0.433558054160841	0
3A	-730.646336189915	0.433558094760106	0
3C	-647.371099874132	2.22114250634704	0
3G	-730.646336189951	0.433558091665893	0
3T	-730.697241876405	0.37447228222837	0
4A	-730.663381768194	0.427535759408028	0
4C	-647.89512860533	2.21540702058494	0
4G	-730.646336156807	0.433558069081102	0
4T	-730.6463361568	0.433558281689968	0
neutral	-730.932015776165	1	0
