model	lik	mode	convergence
1A	-634.560632780718	2.55554257195912	0
1C	-759.807594537278	0.433558061359072	0
1G	-759.807594537253	0.43355804024071	0
1T	-772.16530761592	0.552445345737497	0
2A	-759.807594517175	0.433558124067102	0
2C	-759.864869768335	0.396197573675328	0
2G	-759.807594517144	0.433558101588598	0
2T	-667.577247581942	2.31180413331746	0
3A	-759.807594508841	0.433558081840348	0
3C	-759.807594508746	0.433558085065571	0
3G	-759.857891091081	0.407596003523028	0
3T	-667.697896775233	2.31047140013535	0
4A	-759.80759451731	0.433558168382311	0
4C	-660.383722997097	2.40359455779006	0
4G	-759.807594517328	0.433558080901699	0
4T	-760.146536497111	0.601541528483825	0
5A	-668.924470794937	2.30342287028166	0
5C	-759.807594508718	0.433558139750262	0
5G	-759.527162011704	1.31329639516505	0
5T	-759.807594508674	0.433558233120389	0
6A	-759.804657609192	0.34235638250716	0
6C	-759.807594536496	0.43355801051624	0
6G	-666.847776971859	2.32042873911864	0
6T	-759.807594536459	0.433558157652652	0
7A	-759.807594532788	0.433558002808478	0
7C	-759.790929202463	0.337220003427826	0
7G	-666.761428952594	2.32149223968543	0
7T	-759.807594532728	0.433558044186371	0
8A	-667.751762553422	2.30988841539405	0
8C	-759.807594505535	0.433558041648008	0
8G	-759.807594505495	0.433558047260256	0
8T	-759.851755792262	0.413033271654463	0
neutral	-760.093274122625	1	0
