model	lik	mode	convergence
1A	-294.882998217178	1.57446636098639	0
1C	-295.839645547051	0.433558075082132	0
1G	-309.303601899644	1.07468849986917	0
1T	-295.839645547047	0.43355822639054	0
2A	-295.864156637951	0.424359230520296	0
2C	-295.839645540416	0.433558106538501	0
2G	-308.373877044	1.17072352228567	0
2T	-295.839645540379	0.433557792261085	0
3A	-308.302048192905	1.17617102272785	0
3C	-295.889582916843	0.373371705986711	0
3G	-295.839645573403	0.433557912842654	0
3T	-295.839645573387	0.433558015299714	0
4A	-308.275547025091	1.17816978800247	0
4C	-295.839645579571	0.43355807130067	0
4G	-295.839645579533	0.433558093979741	0
4T	-295.869248638585	0.357753058709015	0
neutral	-296.125322711115	1	0
