model	lik	mode	convergence
1A	-271.761746744172	2.13511269401415	0
1C	-280.687296425617	0.433557877161999	0
1G	-294.638072288254	1.13767291584099	0
1T	-280.687296425571	0.433558019821905	0
2A	-280.687296417907	0.433558125954276	0
2C	-280.706507851815	0.426655557047925	0
2G	-288.90779572053	1.45782537172332	0
2T	-280.68729641766	0.43355757250161	0
3A	-280.687296644153	0.433558093921965	0
3C	-274.608699496339	1.55648841205426	0
3G	-282.97877145378	0.558590506873274	0
3T	-280.687296644115	0.433557968234563	0
4A	-280.704484781124	0.427478642605202	0
4C	-280.687296416857	0.433558464106101	0
4G	-280.687296417129	0.433558241893072	0
4T	-288.910365342768	1.4577076023587	0
neutral	-280.972975373663	1	0
