posterior_mean	posterior_var	posterior_sd	posterior_quant	is_contained	PESL
2.1859270191804	0.108084518581985	0.328762100282233	0.297689293273158	1	0.142653375043324
