model	lik	mode	convergence
1A	-314.72072350789	1.37156551138363	0
1C	-315.590347967063	0.43355795659733	0
1G	-315.590347967042	0.433557936079758	0
1T	-331.28909954788	0.964251282862239	0
2A	-315.590347954186	0.433558085966552	0
2C	-315.590347953987	0.433557966758594	0
2G	-330.495697009999	1.1635716434104	0
2T	-316.427965232997	1.03371382923212	0
3A	-315.59034795193	0.433558021036726	0
3C	-315.62531021864	0.419037733399775	0
3G	-330.394657524368	1.16830861181991	0
3T	-315.590347951749	0.433557829188114	0
4A	-315.590347982009	0.433558117103436	0
4C	-315.641336977742	0.374570373121452	0
4G	-330.332377394791	1.17306484756074	0
4T	-315.590347981917	0.433557966526142	0
5A	-315.590347951288	0.433558007607245	0
5C	-315.590347951237	0.433558426336282	0
5G	-315.622878612174	0.420409153304773	0
5T	-330.396310698926	1.16818179730195	0
neutral	-315.876027709624	1	0
