posterior_mean	posterior_var	posterior_sd	posterior_quant	is_contained	PESL
1.39729347433856	0.0352946486058542	0.187868700442235	0.718730148949416	1	0.0458432790192964
