model	lik	mode	convergence
1A	-343.772695662785	1.58077587236156	0
1C	-344.110351555391	0.433557804538448	0
1G	-344.110351555368	0.433557709494252	0
1T	-360.240101157987	0.901000530317594	0
2A	-344.719509180184	0.738913542905899	0
2C	-360.470082542344	0.92721575102603	0
2G	-344.110351618958	0.43355795020729	0
2T	-344.110351618935	0.433558090217161	0
3A	-360.536711943683	0.936656180567489	0
3C	-344.110351617452	0.433558072307785	0
3G	-344.295267259164	0.446830193664721	0
3T	-344.11035161745	0.433558077095464	0
4A	-344.110351579229	0.433557998618808	0
4C	-344.132428295319	0.425440689562594	0
4G	-344.110351579089	0.433558315304346	0
4T	-360.4852923379	0.928371432982032	0
neutral	-344.396031455578	1	0
