posterior_mean	posterior_var	posterior_sd	posterior_quant	is_contained	PESL
2.16368808506055	1.10729481759763	1.05228076937557	0.514616620790694	1	1.13408860680791
