posterior_mean	posterior_var	posterior_sd	posterior_quant	is_contained	PESL
1.24211007308172	0.27656015637124	0.525889870953263	0.913073679656335	1	0.850957297701506
