posterior_mean	posterior_var	posterior_sd	posterior_quant	is_contained	PESL
2.45524113668475	0.00392959705446556	0.062686498183146	0.763688454940072	1	0.00593295262888869
