model	lik	mode	convergence
1A	-598.483968234586	1.54064633650969	0
1C	-605.706506846076	0.433557916678303	0
1G	-619.71845252369	0.93069601304245	0
1T	-605.706506846043	0.433557845014831	0
2A	-605.706506874032	0.433558074585542	0
2C	-616.748796619245	1.20860978977765	0
2G	-605.706506874065	0.433558002745294	0
2T	-605.724439275228	0.351532591863232	0
3A	-605.706506865591	0.433558109663651	0
3C	-605.706506865386	0.433558067304632	0
3G	-606.57878446771	0.802372501604607	0
3T	-616.628042638057	1.21577344315842	0
4A	-617.004127595601	1.20106643324005	0
4C	-605.70650683857	0.433558284016935	0
4G	-606.181048003592	0.96373038064956	0
4T	-605.7065068385	0.433558195136258	0
5A	-605.706506842529	0.433558080863543	0
5C	-605.70650684246	0.43355812084149	0
5G	-606.014659624458	1.20150600235028	0
5T	-617.147896511304	1.19636692252187	0
6A	-606.44362581046	0.970174425841934	0
6C	-605.706506833248	0.433557788615127	0
6G	-605.70650683352	0.433559099117547	0
6T	-616.952609859002	1.20385273732756	0
7A	-616.795224934847	1.20697094435683	0
7C	-605.758253290091	0.37548967650642	0
7G	-605.706506866278	0.43355806750315	0
7T	-605.706506866258	0.433558015838556	0
8A	-605.763340862237	0.397573209999992	0
8C	-605.706506850147	0.433558134805199	0
8G	-605.70650685016	0.433558343407228	0
8T	-616.83296840103	1.20564617029347	0
9A	-605.706506854389	0.433558147367413	0
9C	-605.764462281208	0.392364937499674	0
9G	-616.824436608036	1.20594501591676	0
9T	-605.706506854272	0.433557886615348	0
neutral	-605.992184914944	1	0
