posterior_mean	posterior_var	posterior_sd	posterior_quant	is_contained	PESL
3.1175883724268	0.00644011442212157	0.080250323501663	0.0700380151613304	1	0.0202671397522403
