posterior_mean	posterior_var	posterior_sd	posterior_quant	is_contained	PESL
0.965804944599302	0.822254361148759	0.906782422165736	0.827741457403658	1	1.10761871836981
