model	lik	mode	convergence
1A	-200.848912516652	2.87939161747907	0
1C	-226.332448416396	0.433558125825937	0
1G	-226.3324484164	0.43355795448717	0
1T	-240.397268570663	1.09324959314709	0
2A	-226.332448395246	0.433558033575665	0
2C	-226.360846538485	0.422523542047511	0
2G	-224.021354161345	1.89672130417343	0
2T	-226.332448394898	0.43355817120115	0
3A	-224.447133862753	1.90002298253838	0
3C	-226.598650765064	1.10999039008456	0
3G	-226.33244842424	0.433558116454219	0
3T	-226.332448424226	0.433558203836875	0
neutral	-226.618127369217	1	0
