posterior_mean	posterior_var	posterior_sd	posterior_quant	is_contained	PESL
1.46327792977893	0.00153970406190257	0.0392390629590281	0.825636113738083	1	0.00288821450327629
