posterior_mean	posterior_var	posterior_sd	posterior_quant	is_contained	PESL
1.52014512400721	0.00146655460666503	0.0382956212466259	0.301540406521125	1	0.00187238062794139
