model	lik	mode	convergence
1A	-403.161091091148	1.68411599354151	0
1C	-404.387893535267	0.433558357075689	0
1G	-419.749208126968	0.940623923550534	0
1T	-404.387893535235	0.433558107941559	0
2A	-419.841904059444	1.03699434050746	0
2C	-404.387893543708	0.433558111723388	0
2G	-404.387893543679	0.433558151453489	0
2T	-404.440728547164	0.376913499170029	0
3A	-404.387893512366	0.433558265585931	0
3C	-419.858857519734	1.03305385492659	0
3G	-404.387893512599	0.433557904078476	0
3T	-404.407313566286	0.426569179388716	0
4A	-404.387893551472	0.433558052911039	0
4C	-419.828828413892	1.03982328169577	0
4G	-404.397780839427	0.347753050509006	0
4T	-404.387893551701	0.43355813873378	0
5A	-404.387893547448	0.433558100291994	0
5C	-404.435378697495	0.370835044653845	0
5G	-419.839405997013	1.03754609517308	0
5T	-404.387893547349	0.43355825726463	0
6A	-404.808031400052	0.571422004216379	0
6C	-419.804410920772	1.04326107201911	0
6G	-404.387893541986	0.433557944117635	0
6T	-404.387893541967	0.43355814544648	0
7A	-404.387893551775	0.433558026687629	0
7C	-404.38789355148	0.433558112153935	0
7G	-404.397780839185	0.347753068201729	0
7T	-419.828828413545	1.03982328165659	0
8A	-404.387893521758	0.433557901442249	0
8C	-404.322049649297	0.322151829780621	0
8G	-419.814772979193	1.04264629729866	0
8T	-404.387893521656	0.433558029765351	0
9A	-404.696502030919	0.560778240265144	0
9C	-404.387893543547	0.433558094288747	0
9G	-419.845154100518	1.03519486875463	0
9T	-404.38789354352	0.433558261300794	0
neutral	-404.673573049956	1	0
