posterior_mean	posterior_var	posterior_sd	posterior_quant	is_contained	PESL
3.05371788089452	0.0244241621536983	0.156282315550091	0.371217642259175	1	0.0273097728814954
