posterior_mean	posterior_var	posterior_sd	posterior_quant	is_contained	PESL
2.65181491619628	0.100762530044129	0.31743114220903	0.862520950492296	1	0.22199538262755
