posterior_mean	posterior_var	posterior_sd	posterior_quant	is_contained	PESL
1.66430324025255	0.0667674210118542	0.258393926035142	0.898232720334802	1	0.179459735516787
