posterior_mean	posterior_var	posterior_sd	posterior_quant	is_contained	PESL
1.90731799559186	0.0973886258855283	0.312071507647732	0.635931966797583	1	0.105978579826619
