posterior_mean	posterior_var	posterior_sd	posterior_quant	is_contained	PESL
1.52181145102945	0.0128899519517832	0.11353392423317	0.433269785186302	1	0.0133656913475307
