posterior_mean	posterior_var	posterior_sd	posterior_quant	is_contained	PESL
1.25217709674691	0.122025346980633	0.349321266144266	0.971362830679134	1	0.681264441610735
