model	lik	mode	convergence
1A	-368.503524881156	0.913118964816962	0
1C	-367.441990205958	0.433558163946932	0
1G	-367.441990205963	0.433558222812159	0
1T	-381.39583427958	0.939769396968347	0
2A	-381.482088984219	0.951107497264291	0
2C	-367.441990226451	0.433558108370287	0
2G	-367.441990226412	0.43355818145352	0
2T	-367.473525723624	0.358909267551939	0
3A	-367.867439800732	0.806487199179989	0
3C	-367.441990186664	0.433557646023647	0
3G	-381.426135024465	0.940962056168239	0
3T	-367.441990186748	0.433557601753032	0
4A	-367.441990187925	0.433557953501336	0
4C	-367.441990187776	0.433559037382475	0
4G	-367.801176065918	0.539037363026927	0
4T	-381.495371707425	0.956408589278294	0
5A	-367.441990190774	0.433558180443549	0
5C	-367.441990190603	0.433557702561013	0
5G	-381.269426676555	0.993419216382863	0
5T	-368.968775420581	0.875663607336575	0
6A	-367.441990226554	0.43355810451472	0
6C	-381.433440717401	0.947031048660808	0
6G	-367.441990226617	0.433558114698863	0
6T	-368.436520970795	0.840205862510265	0
neutral	-367.727668018187	1	0
