lik	gamma	delta
-794.060994873292	0.00169343744404944	0.19131291942601
-802.341547555069	0.00169343744404944	6.61069613519961e-05
-802.128662928803	0.00169343744404944	0.00803322636534214
-802.34400395402	0.00169343744404944	6.61069613519961e-05
-802.341484793255	0.00169343744404944	6.61069613519961e-05
-802.341484793255	0.00169343744404944	6.61069613519961e-05
-801.178039315276	0.00169343744404944	0.017470292632991
-802.341484793255	0.00169343744404944	6.61069613519961e-05
-802.341485712062	0.00169343744404944	6.61069613519961e-05
-802.140480897571	0.00169343744404944	0.0860042802011002
-801.258664071838	0.00169343744404944	0.016918650711611
-802.341485712062	0.00169343744404944	6.61069613519961e-05
-802.341849659764	0.00169343744404944	6.61069613519961e-05
-801.077406889997	0.00169343744404944	0.0182678992118741
-802.341485549296	0.00169343744404944	6.61069613519961e-05
-802.341485549296	0.00169343744404944	6.61069613519961e-05
-801.139790740718	0.00169343744404944	0.0177668401243278
-802.341627211159	0.00169343744404944	6.61069613519961e-05
-802.341484908416	0.00169343744404944	6.61069613519961e-05
-802.341484908416	0.00169343744404944	6.61069613519961e-05
-802.341484793255	0.00169343744404944	6.61069613519961e-05
-802.341484793255	0.00169343744404944	6.61069613519961e-05
-802.341484793255	0.00169343744404944	6.61069613519961e-05
-801.178039315276	0.00169343744404944	0.017470292632991
-802.341727583516	0.00169343744404944	6.61069613519961e-05
-800.887208068975	0.00169343744404944	0.0199407270429127
-802.341486594867	0.00169343744404944	6.61069613519961e-05
-802.342176921232	0.00169343744404944	6.61069613519961e-05
-801.391732943567	0.00169343744404944	0.0158849072718184
-801.743884995902	0.00169343744404944	0.100275444545256
-802.341484957642	0.00169343744404944	6.61069613519961e-05
-802.341484957642	0.00169343744404944	6.61069613519961e-05
-802.341484793255	0.00169343744404944	6.61069613519961e-05
-801.178039315276	0.00169343744404944	0.017470292632991
-802.341484793255	0.00169343744404944	6.61069613519961e-05
-802.341484793255	0.00169343744404944	6.61069613519961e-05
-802.341485603504	0.00169343744404944	6.61069613519961e-05
-802.341485603504	0.00169343744404944	6.61069613519961e-05
-802.341862406034	0.00169343744404944	6.61069613519961e-05
-801.073723416877	0.00169343744404944	0.0182977040169817
-802.341484368963	0.00169343744404944	0
