posterior_mean	posterior_var	posterior_sd	posterior_quant	is_contained	PESL
3.00424282507509	0.0228680345170407	0.151221805692964	0.495509929625069	1	0.0228860360816591
