model	lik	mode	convergence
1A	-273.868177752386	1.83479477226028	0
1C	-281.967413746223	0.43355799244341	0
1G	-281.967413746203	0.433558044609414	0
1T	-295.316947074387	0.750774291641774	0
2A	-281.967413753649	0.433558074006586	0
2C	-281.967413753456	0.433558029935544	0
2G	-282.269829734849	0.55504029898174	0
2T	-294.881553980548	1.22299732833725	0
3A	-281.967413720058	0.433557988466644	0
3C	-281.967413719813	0.433557946491821	0
3G	-282.005266674202	0.417348374114709	0
3T	-295.220193788646	1.21493014119466	0
4A	-281.967413751551	0.433558100100556	0
4C	-295.380730222703	0.770055759930653	0
4G	-281.967413751609	0.433558143017253	0
4T	-270.058490319061	2.18602935234581	0
neutral	-282.253093033878	1	0
