posterior_mean	posterior_var	posterior_sd	posterior_quant	is_contained	PESL
1.39733046221549	0.00270972076921468	0.0520549783326694	0.973706691234791	1	0.013250754758125
