model	lik	mode	convergence
1A	-640.584781039466	1.53900779857776	0
1C	-663.589494297622	1.03840919140606	0
1G	-646.129785893416	0.433558347338558	0
1T	-646.129785893378	0.433558075183788	0
2A	-659.868423933596	1.22823095259885	0
2C	-646.179874020262	0.373538666337586	0
2G	-646.129785921094	0.433557981013419	0
2T	-646.129785921072	0.433558174375857	0
3A	-646.12978592224	0.433558107122519	0
3C	-646.129785922143	0.433557998435281	0
3G	-659.484047513288	1.25780777023031	0
3T	-647.662416743604	1.00326913391359	0
4A	-646.129785898679	0.433558146042844	0
4C	-659.926650628714	1.22631498632187	0
4G	-646.182471196778	0.404877040965156	0
4T	-646.129785898773	0.433557789837683	0
5A	-646.129785900848	0.433558151740627	0
5C	-646.184417900625	0.402085261319425	0
5G	-659.92186630547	1.22647172045888	0
5T	-646.129785900692	0.433558172989614	0
6A	-646.129785887158	0.433558442275433	0
6C	-659.967012252879	1.22499787655693	0
6G	-646.129785887453	0.433557710162483	0
6T	-646.140160315751	0.430068140577114	0
7A	-646.129785890989	0.433558158541013	0
7C	-646.392844374108	0.481927433790605	0
7G	-646.129785890997	0.433557930564702	0
7T	-659.755358669236	1.23242078959037	0
8A	-646.129785907953	0.433558140122028	0
8C	-646.129785907846	0.433558053330262	0
8G	-659.616150741567	1.24299881035755	0
8T	-647.281856431312	0.902063676836094	0
9A	-646.337770989117	0.696781944852605	0
9C	-660.03432651051	1.22330793996502	0
9G	-646.129785894101	0.433558153309217	0
9T	-646.129785894096	0.433558113473273	0
10A	-646.129785927491	0.433558103493006	0
10C	-660.160282636994	1.21975799243566	0
10G	-646.182943653609	1.02961637310094	0
10T	-646.129785927674	0.433557957109742	0
11A	-646.184651077753	0.401698838259894	0
11C	-646.129785900737	0.433558155453627	0
11G	-659.921198899734	1.22649359544402	0
11T	-646.129785900692	0.433558152500969	0
neutral	-646.415465882262	1	0
