posterior_mean	posterior_var	posterior_sd	posterior_quant	is_contained	PESL
1.55628501538845	0.0267158619870058	0.163449876069105	0.377037173590719	1	0.0298838649442874
