model	lik	mode	convergence
1A	-1051.47437677812	2.85667015932097	0
1C	-1367.81109856624	1.03375179381462	0
1G	-1353.55206858672	0.433558069091936	0
1T	-1353.55206858669	0.433558168521119	0
2A	-1353.60065535119	0.409295692165767	0
2C	-1353.55206856379	0.433558038635309	0
2G	-1353.55206856384	0.433558141726489	0
2T	-1087.34225809547	2.65088439729086	0
3A	-1353.55206855909	0.433558154342794	0
3C	-1340.21365635595	3.71670774908444	0
3G	-1101.42545337754	2.61992572209086	0
3T	-1353.55206855892	0.433557984625806	0
4A	-1353.5793131727	0.423082913621598	0
4C	-1353.55206855688	0.433557851811674	0
4G	-1353.55206855703	0.433557623183631	0
4T	-1087.50892175306	2.64994391675797	0
5A	-1353.55206858013	0.433558119394357	0
5C	-1309.45077946538	2.53440152533043	0
5G	-1134.35971298225	2.6675412601975	0
5T	-1353.55206858002	0.433558069671527	0
6A	-1087.37602564902	2.65069067711287	0
6C	-1353.59758275334	0.411971313004554	0
6G	-1353.55206856239	0.433558124314528	0
6T	-1353.55206856231	0.433558235285684	0
7A	-1353.55206856402	0.433558175737416	0
7C	-1353.50677328779	0.83674935503724	0
7G	-1088.16805454313	2.64835322921792	0
7T	-1353.55206856391	0.433558029780621	0
8A	-1353.55206855742	0.43355832926438	0
8C	-1089.32774407575	2.6439879726086	0
8G	-1352.52514483425	1.84592364004465	0
8T	-1353.55206855776	0.433557988559356	0
9A	-1353.55206857195	0.433558110537028	0
9C	-1353.55206857169	0.433558140312432	0
9G	-1288.29040142899	3.32589265728986	0
9T	-1151.703133248	2.53932408286839	0
10A	-1322.04949303734	2.92360486946167	0
10C	-1353.55206855531	0.433557850067584	0
10G	-1353.55206855566	0.433559156448477	0
10T	-1121.21250992887	2.61485227589963	0
11A	-1353.5520685575	0.433558323336755	0
11C	-1087.47769134089	2.65011704831041	0
11G	-1353.58463682719	0.42038902575016	0
11T	-1353.55206855788	0.433558333812507	0
neutral	-1353.83774749953	1	0
