posterior_mean	posterior_var	posterior_sd	posterior_quant	is_contained	PESL
2.86044300833061	0.0107441878350867	0.103654174228956	0.9094048001821	1	0.0302203417588193
