posterior_mean	posterior_var	posterior_sd	posterior_quant	is_contained	PESL
1.43228038807929	0.00159676574497934	0.0399595513610869	0.9533229549239	1	0.00618271158357074
