posterior_mean	posterior_var	posterior_sd	posterior_quant	is_contained	PESL
1.52547727215589	0.0432217774177676	0.207898478632643	0.469438516044249	1	0.0438708688142607
