posterior_mean	posterior_var	posterior_sd	posterior_quant	is_contained	PESL
3.11758367048231	0.00703363338291979	0.0838667597020404	0.0791130809742407	1	0.0208595529469049
