posterior_mean	posterior_var	posterior_sd	posterior_quant	is_contained	PESL
1.49632321196464	0.00406436039887926	0.0637523364189836	0.528642820073708	1	0.00407787916914118
