model	lik	mode	convergence
1A	-920.169417508596	1.81023745755056	0
1C	-970.517884868015	0.433558160975021	0
1G	-970.517884868009	0.433558300527834	0
1T	-983.782517148461	0.987176439856183	0
2A	-970.517884843147	0.433558111798407	0
2C	-970.540166781281	0.425351229624145	0
2G	-938.46618630791	1.68597121723738	0
2T	-970.517884842938	0.433557645265047	0
3A	-937.69682086512	1.69548196047245	0
3C	-970.517884881734	0.43355806885375	0
3G	-970.749551706397	0.467773897932454	0
3T	-970.517884881734	0.433558036017572	0
4A	-970.498874692689	0.336362259665731	0
4C	-937.91940589024	1.69210254051367	0
4G	-970.517884874523	0.433558009009256	0
4T	-970.517884874498	0.43355815962207	0
5A	-938.860911553995	1.68307096469339	0
5C	-970.45796665709	0.845210534230418	0
5G	-970.51788484909	0.433558041493244	0
5T	-970.517884849007	0.433558302957259	0
6A	-970.517884847712	0.433558115048621	0
6C	-970.458136343935	1.34760934467633	0
6G	-939.228450301899	1.68159873607714	0
6T	-970.517884847494	0.433558080036918	0
7A	-938.237529137106	1.68844599727643	0
7C	-970.573777005537	0.382049409661841	0
7G	-970.517884870148	0.433558069729166	0
7T	-970.517884870129	0.433558316004123	0
8A	-970.571024429863	0.773215040488755	0
8C	-970.517884863065	0.433558135113336	0
8G	-938.749400893439	1.68428192151908	0
8T	-970.517884863055	0.433558295497422	0
9A	-971.169731388959	1.26425134021878	0
9C	-970.517884816068	0.433557858434217	0
9G	-938.272790198705	1.71578423575384	0
9T	-970.517884816026	0.433557786652711	0
10A	-970.517884881659	0.433558043987113	0
10C	-970.527559145319	0.347657648251008	0
10G	-938.00685462399	1.69107669645581	0
10T	-970.517884881573	0.433557871749849	0
11A	-938.402845205914	1.68664153866998	0
11C	-970.517884848552	0.433558195361476	0
11G	-970.563168336872	0.412156764880377	0
11T	-970.517884848503	0.43355827200728	0
12A	-970.562169790911	0.367947114004105	0
12C	-970.517884878612	0.433558074693593	0
12G	-938.149223175658	1.68943897925937	0
12T	-970.517884878575	0.433558047212932	0
13A	-970.006642732316	1.67663115695797	0
13C	-970.517884882288	0.433558067419059	0
13G	-939.524995101279	1.67996261339206	0
13T	-970.517884882251	0.433558171031937	0
14A	-970.517884843116	0.433558134303954	0
14C	-970.54365516633	0.42377959144368	0
14G	-970.517884843209	0.43355758719442	0
14T	-938.458898523878	1.68604770353557	0
neutral	-970.803561643402	1	0
