posterior_mean	posterior_var	posterior_sd	posterior_quant	is_contained	PESL
1.97803971614892	0.0658963432784418	0.25670283067867	0.551287121159056	1	0.0663785973452643
