model	lik	mode	convergence
1A	-173.347309001748	2.40007789768293	0
1C	-197.23314281058	0.433558172038098	0
1G	-197.233142810573	0.433558126034341	0
1T	-199.432729071341	0.99983353909273	0
2A	-199.432729071363	0.999833535542519	0
2C	-197.233142810582	0.433558164933449	0
2G	-197.233142810573	0.433558152389385	0
2T	-173.347309001733	2.400077885365	0
neutral	-197.518822098228	1	0
