posterior_mean	posterior_var	posterior_sd	posterior_quant	is_contained	PESL
2.42794468665565	0.0670384247747491	0.258917795399909	0.0421760007032399	1	0.250175079611377
