posterior_mean	posterior_var	posterior_sd	posterior_quant	is_contained	PESL
1.60079870658741	0.00610896897483028	0.0781598936464878	0.0965579418564009	1	0.016269348224606
