posterior_mean	posterior_var	posterior_sd	posterior_quant	is_contained	PESL
2.56049062305903	0.0089801149337281	0.0947634683500351	0.263999762321174	1	0.0126392306953022
