lik	gamma	delta
-846.506451959478	0.00267265731414339	0.191300878163213
-854.78428975186	0.00267265731414339	6.61069613519961e-05
-854.571596895692	0.00267265731414339	0.00802957026221908
-854.786741074491	0.00267265731414339	6.61069613519961e-05
-854.784233144622	0.00267265731414339	6.61069613519961e-05
-853.435594904022	0.00267265731414339	0.0193084083377711
-854.784289018982	0.00267265731414339	6.61069613519961e-05
-854.784639065731	0.00267265731414339	6.61069613519961e-05
-854.677361319739	0.00267265731414339	0.0789154647544636
-854.784228269722	0.00267265731414339	6.61069613519961e-05
-854.784337433784	0.00267265731414339	6.61069613519961e-05
-853.627107687329	0.00267265731414339	0.0175770978105724
-854.784321737882	0.00267265731414339	6.61069613519961e-05
-854.784227420499	0.00267265731414339	6.61069613519961e-05
-854.784398152144	0.00267265731414339	6.61069613519961e-05
-853.548399251593	0.00267265731414339	0.018043647328677
-854.784339061603	0.00267265731414339	6.61069613519961e-05
-854.784228798377	0.00267265731414339	6.61069613519961e-05
-854.784228798377	0.00267265731414339	6.61069613519961e-05
-853.567143326332	0.00267265731414339	0.0180584946786899
-854.784458055948	0.00267265731414339	6.61069613519961e-05
-854.784318971549	0.00267265731414339	6.61069613519961e-05
-853.426568570532	0.00267265731414339	0.0191773230230916
-854.784524564069	0.00267265731414339	6.61069613519961e-05
-854.784327018009	0.00267265731414339	6.61069613519961e-05
-854.784459973403	0.00267265731414339	6.61069613519961e-05
-854.784326405903	0.00267265731414339	6.61069613519961e-05
-853.360016508066	0.00267265731414339	0.0205748763068214
-854.784228511659	0.00267265731414339	6.61069613519961e-05
-854.784627122471	0.00267265731414339	6.61069613519961e-05
-854.784228511659	0.00267265731414339	6.61069613519961e-05
-853.509205152572	0.00267265731414339	0.0183565396420407
-854.784329897516	0.00267265731414339	6.61069613519961e-05
-853.592837923085	0.00267265731414339	0.0176825624960083
-854.784227173431	0.00267265731414339	6.61069613519961e-05
-854.784227173431	0.00267265731414339	6.61069613519961e-05
-854.676552510395	0.00267265731414339	0.053687593071242
-854.784322612018	0.00267265731414339	6.61069613519961e-05
-853.655057969567	0.00267265731414339	0.0173465851645183
-854.78422827909	0.00267265731414339	6.61069613519961e-05
-854.784226134581	0.00267265731414339	0
