model	lik	mode	convergence
1A	-1105.03552128673	2.67649321135301	0
1C	-1144.66417687404	0.433558122060378	0
1G	-1144.66417687403	0.43355803613429	0
1T	-1163.25716940262	0.976706968344964	0
2A	-1157.06390105627	1.19983629654855	0
2C	-1144.66417688026	0.433558147355006	0
2G	-1144.66417688023	0.433558145844511	0
2T	-1144.71088156824	0.370094588461814	0
3A	-1157.56707587788	1.19344756217782	0
3C	-1145.31846205764	1.23411729049464	0
3G	-1144.66417687181	0.433558074146076	0
3T	-1144.66417687179	0.43355820857133	0
4A	-1144.66417688325	0.433558012527666	0
4C	-1144.66715550669	0.344763040137152	0
4G	-1157.0159686386	1.20071585562187	0
4T	-1144.66417688317	0.43355783936116	0
5A	-1156.97359182525	1.20150408388321	0
5C	-1144.66417686016	0.433557904131875	0
5G	-1144.60850994928	0.324942228156872	0
5T	-1144.66417686014	0.433557934494605	0
6A	-1144.69620916827	0.359213413767114	0
6C	-1144.66417688432	0.433558053964116	0
6G	-1157.04413063305	1.20019812617344	0
6T	-1144.66417688428	0.433558136492039	0
7A	-1157.1747304754	1.19807711635254	0
7C	-1144.66417686399	0.433558144278711	0
7G	-1144.66417686396	0.433558146553297	0
7T	-1144.93203524845	0.639519103483217	0
8A	-1144.66417686993	0.433558098087821	0
8C	-1144.95573771267	0.505590071537805	0
8G	-1144.66417686988	0.433558177912642	0
8T	-1157.01882695603	1.20088618297356	0
9A	-1157.01596863848	1.20071585630184	0
9C	-1144.66715550659	0.344763045417215	0
9G	-1144.66417688314	0.43355804884603	0
9T	-1144.66417688313	0.4335580393476	0
10A	-1145.72840837093	1.17847372090059	0
10C	-1144.6641768643	0.433558127797397	0
10G	-1144.6641768643	0.433558223012039	0
10T	-1157.72311289116	1.19591708754744	0
11A	-1144.66417688492	0.433558082925013	0
11C	-1144.66417688483	0.433558010807069	0
11G	-1157.03780608865	1.20031409228271	0
11T	-1144.69046598908	0.355900195501014	0
12A	-1144.66417688395	0.433558070751734	0
12C	-1144.66417688386	0.433558048390859	0
12G	-1156.69379514892	1.20743933162678	0
12T	-1145.14998747158	0.608729421842101	0
13A	-1156.63999347557	1.20792264522485	0
13C	-1144.65714600103	0.441717344321183	0
13G	-1144.66417682919	0.433557845945793	0
13T	-1144.66417682918	0.433557772921556	0
14A	-1144.72149425296	0.385916233481649	0
14C	-1157.09067341753	1.19934863004314	0
14G	-1144.66417687003	0.43355806247414	0
14T	-1144.66417687	0.433557978600052	0
neutral	-1144.94985687285	1	0
