model	lik	mode	convergence
1A	-901.129954796941	2.16794883366994	0
1C	-951.146013399321	0.433558230475946	0
1G	-965.65648164712	1.13541135205862	0
1T	-951.146013399283	0.433558456780844	0
2A	-951.146013429707	0.433558071449674	0
2C	-951.14601342959	0.433558020572199	0
2G	-933.60287946434	1.55377860621662	0
2T	-951.429998174733	0.501988494243565	0
3A	-951.146013431716	0.433558032456253	0
3C	-951.146013431495	0.433558034225513	0
3G	-951.149062505602	0.344792517922088	0
3T	-933.656581806662	1.55242362417059	0
4A	-951.146014786951	0.433557894907024	0
4C	-911.32227145663	1.77801186422645	0
4G	-951.146014786953	0.433558060018967	0
4T	-953.815132747319	1.07075587275727	0
5A	-950.434969838299	1.84045603551723	0
5C	-951.146013393074	0.433558005368339	0
5G	-951.146013393236	0.43355895713477	0
5T	-935.268114700998	1.53893780094585	0
6A	-951.525956545534	1.32450930103626	0
6C	-951.146013411506	0.433558085869664	0
6G	-951.146013411518	0.433558208443196	0
6T	-934.807397123939	1.54767706792542	0
7A	-951.313486222522	0.976316978375882	0
7C	-934.347141125346	1.54656215917807	0
7G	-951.146013431207	0.433558099209617	0
7T	-951.146013431177	0.433558116831416	0
8A	-951.14601339804	0.433558152022481	0
8C	-933.997311341435	1.54846950246876	0
8G	-951.14601339822	0.433557765774491	0
8T	-951.186971752367	0.415335636577044	0
9A	-934.03388522374	1.54922481057735	0
9C	-951.146013430386	0.433558062743781	0
9G	-951.334139756299	0.633021453279196	0
9T	-951.146013430373	0.433558054258983	0
10A	-951.146013406483	0.433557935256701	0
10C	-933.129110564154	1.55925046420314	0
10G	-951.14601340656	0.433557707164892	0
10T	-951.225416497727	0.413855767053987	0
neutral	-951.431693012321	1	0
