posterior_mean	posterior_var	posterior_sd	posterior_quant	is_contained	PESL
1.40904939809978	0.00930425241345719	0.0964585528268862	0.827942450673368	1	0.0175762643994619
