posterior_mean	posterior_var	posterior_sd	posterior_quant	is_contained	PESL
0.728402565987321	0.144137090591161	0.379653908963363	0.992170518321087	0	1.76109712477898
