posterior_mean	posterior_var	posterior_sd	posterior_quant	is_contained	PESL
2.63938592590955	0.0417846338095065	0.204412900301098	0.25197934615988	1	0.0612130701511821
