posterior_mean	posterior_var	posterior_sd	posterior_quant	is_contained	PESL
1.45096488889309	0.00351625007945854	0.0592979770266957	0.797120956172774	1	0.00592069220072277
