lik	gamma	delta
-1307.23619558551	0.00182498462555178	0.128057817242114
-1335.11056605315	0.00182498462555178	6.61069613519961e-05
-1335.11061572622	0.00182498462555178	6.61069613519961e-05
-1334.6539664376	0.00182498462555178	0.0112678948804852
-1335.11076640721	0.00182498462555178	6.61069613519961e-05
-1335.1105564645	0.00182498462555178	6.61069613519961e-05
-1319.30452794712	0.00182498462555178	0.0550037391346775
-1335.1105564645	0.00182498462555178	6.61069613519961e-05
-1335.11066565413	0.00182498462555178	6.61069613519961e-05
-1318.88227929805	0.00182498462555178	0.0569506961817591
-1335.06387243589	0.00182498462555178	0.0474538009282898
-1335.11063023373	0.00182498462555178	6.61069613519961e-05
-1335.11055783781	0.00182498462555178	6.61069613519961e-05
-1332.20921149362	0.00182498462555178	0.236477751219681
-1335.04347330753	0.00182498462555178	0.0205217416521564
-1320.86317279179	0.00182498462555178	0.0533013577625092
-1335.01136720125	0.00182498462555178	0.0276207675019326
-1321.32553272131	0.00182498462555178	0.0522925297767323
-1332.20680783414	0.00182498462555178	0.236579098412009
-1334.64040409881	0.00182498462555178	0.141439449306325
-1335.11055641325	0.00182498462555178	6.61069613519961e-05
-1335.11055641325	0.00182498462555178	6.61069613519961e-05
-1319.50023150163	0.00182498462555178	0.0552683225549537
-1335.01127713932	0.00182498462555178	0.0276349066153758
-1335.11055636455	0.00182498462555178	6.61069613519961e-05
-1335.11055636455	0.00182498462555178	6.61069613519961e-05
-1319.75902662791	0.00182498462555178	0.0552547882637539
-1334.78740425697	0.00182498462555178	0.0389779975553908
-1335.01844798768	0.00182498462555178	0.0755630266490062
-1335.11111042839	0.00182498462555178	6.61069613519961e-05
-1311.10478164287	0.00182498462555178	0.107386688649374
-1334.47431484052	0.00182498462555178	0.0142016724905295
-1335.11055635195	0.00182498462555178	6.61069613519961e-05
-1335.11055635195	0.00182498462555178	6.61069613519961e-05
-1319.00752406815	0.00182498462555178	0.055790419724776
-1335.11102578995	0.00182498462555178	6.61069613519961e-05
-1335.11055621481	0.00182498462555178	6.61069613519961e-05
-1319.43576627933	0.00182498462555178	0.0547059633679818
-1335.11055621481	0.00182498462555178	6.61069613519961e-05
-1335.1106139907	0.00182498462555178	6.61069613519961e-05
-1335.11055562281	0.00182498462555178	0
