model	lik	mode	convergence
1A	-1047.31384752483	2.90849101449374	0
1C	-1360.57322510613	0.433558022832754	0
1G	-1360.57322510611	0.433557979822947	0
1T	-1377.60674677885	1.10794699394744	0
2A	-1080.16823644777	2.7431276352402	0
2C	-1360.61923895136	0.411563037762439	0
2G	-1360.57322508573	0.433558228985694	0
2T	-1360.57322508567	0.433558035183152	0
3A	-1080.34467972136	2.74212363015929	0
3C	-1360.59491395639	0.425608556576049	0
3G	-1360.57322507975	0.43355887735132	0
3T	-1360.5732250796	0.433558737847102	0
4A	-1360.573225086	0.433558014783232	0
4C	-1360.57322508562	0.433558390475519	0
4G	-1360.61938919955	0.411438445131115	0
4T	-1080.16658045321	2.74313727032255	0
5A	-1360.57322508233	0.433557978903235	0
5C	-1360.57322508185	0.433557417759811	0
5G	-1358.10031459856	2.33309047014148	0
5T	-1084.54098485063	2.73958382835402	0
6A	-1360.57322507998	0.433558336629779	0
6C	-1080.64323759489	2.74253222142185	0
6G	-1360.57322508019	0.433558219137811	0
6T	-1360.70327127893	0.750204992963361	0
7A	-1080.98404302495	2.74068577854714	0
7C	-1360.57322507993	0.4335583096228	0
7G	-1360.57322507991	0.43355763801532	0
7T	-1360.55182014719	0.83256525189525	0
8A	-1080.22298097884	2.74281122579578	0
8C	-1360.57322508329	0.43355820577478	0
8G	-1360.57322508327	0.433558110870147	0
8T	-1360.61356252944	0.415744797945517	0
9A	-1360.57322509933	0.433558091800839	0
9C	-1360.5732250992	0.433558086799283	0
9G	-1360.63119575552	0.392134971230943	0
9T	-1079.88777527029	2.74480702900328	0
10A	-1360.57322508854	0.433558130037357	0
10C	-1360.57322508818	0.433558235515863	0
10G	-1360.62361988784	0.407492177897003	0
10T	-1080.11327571901	2.74344936679465	0
11A	-1104.98685202533	2.71609286278982	0
11C	-1360.57322508475	0.433558291194671	0
11G	-1338.11110843153	3.01813904169132	0
11T	-1360.5732250847	0.43355840516755	0
12A	-1360.57322511813	0.433558087188883	0
12C	-1080.79844545206	2.75054679398647	0
12G	-1360.57322511813	0.433558157948906	0
12T	-1360.61353629813	1.40582420152437	0
13A	-1360.57322509179	0.433558193487662	0
13C	-1080.03812483677	2.74389544336667	0
13G	-1360.62780759697	0.402165547530831	0
13T	-1360.57322509186	0.433558165142595	0
neutral	-1360.8589050955	1	0
