posterior_mean	posterior_var	posterior_sd	posterior_quant	is_contained	PESL
2.91231294252827	0.011062517869626	0.105178504788887	0.798841067414761	1	0.0187515379168011
