posterior_mean	posterior_var	posterior_sd	posterior_quant	is_contained	PESL
2.83776710906736	0.0052165378929357	0.072225604136869	0.986557820974036	0	0.0315360487973019
