posterior_mean	posterior_var	posterior_sd	posterior_quant	is_contained	PESL
1.49701936783248	0.00144456079134455	0.0380073781172097	0.534599473778058	1	0.00145344495946419
