posterior_mean	posterior_var	posterior_sd	posterior_quant	is_contained	PESL
2.41312498654779	0.00480900328911482	0.0693469775052584	0.893907662751736	1	0.0123562712513574
