lik	gamma	delta
-1000.13622153868	0.00175875795794189	0.255281451977459
-1086.47011858141	0.00175875795794189	0.01355871080016
-1086.74960351439	0.00175875795794189	0.0336068010413482
-1086.79721097174	0.00175875795794189	6.61069613519961e-05
-1086.79709491697	0.00175875795794189	6.61069613519961e-05
-1086.79707208319	0.00175875795794189	6.61069613519961e-05
-1086.79707208319	0.00175875795794189	6.61069613519961e-05
-1028.52648339405	0.00175875795794189	0.138763857059537
-1086.79707208011	0.00175875795794189	6.61069613519961e-05
-1086.79707208011	0.00175875795794189	6.61069613519961e-05
-1086.79707208011	0.00175875795794189	6.61069613519961e-05
-1028.57484934347	0.00175875795794189	0.138669463219693
-1028.53267808308	0.00175875795794189	0.138751647470486
-1086.79709203361	0.00175875795794189	6.61069613519961e-05
-1086.79707208246	0.00175875795794189	6.61069613519961e-05
-1086.79707208246	0.00175875795794189	6.61069613519961e-05
-1086.79707223427	0.00175875795794189	6.61069613519961e-05
-1086.79723364255	0.00175875795794189	6.61069613519961e-05
-1028.21519352896	0.00175875795794189	0.13940253391588
-1086.79707223427	0.00175875795794189	6.61069613519961e-05
-1086.79707209589	0.00175875795794189	6.61069613519961e-05
-1028.46376162734	0.00175875795794189	0.138888642517615
-1086.79707209589	0.00175875795794189	6.61069613519961e-05
-1086.79712384462	0.00175875795794189	6.61069613519961e-05
-1086.79752647204	0.00175875795794189	6.61069613519961e-05
-1086.79707329725	0.00175875795794189	6.61069613519961e-05
-1086.79707329725	0.00175875795794189	6.61069613519961e-05
-1027.4579814802	0.00175875795794189	0.141109024799851
-1086.7970721433	0.00175875795794189	6.61069613519961e-05
-1086.34716738516	0.00175875795794189	0.137174781448673
-1086.7970721433	0.00175875795794189	6.61069613519961e-05
-1029.00888238568	0.00175875795794189	0.138742946825226
-1041.66365350714	0.00175875795794189	0.127845540412412
-1071.23926463182	0.00175875795794189	0.252299065142152
-1086.79707315316	0.00175875795794189	6.61069613519961e-05
-1086.79707315316	0.00175875795794189	6.61069613519961e-05
-1083.05322810333	0.00175875795794189	0.974493764158401
-1086.79707212075	0.00175875795794189	6.61069613519961e-05
-1030.41932499307	0.00175875795794189	0.136440107673993
-1086.79707212075	0.00175875795794189	6.61069613519961e-05
-1086.79707186067	0.00175875795794189	0
