posterior_mean	posterior_var	posterior_sd	posterior_quant	is_contained	PESL
1.48913822256389	0.062100333943659	0.249199385921513	0.539922559915403	1	0.0622183121527318
