posterior_mean	posterior_var	posterior_sd	posterior_quant	is_contained	PESL
1.81744151969923	0.0349637282617173	0.186985903911812	0.836330955928311	1	0.0682913269914357
