posterior_mean	posterior_var	posterior_sd	posterior_quant	is_contained	PESL
1.47904007641484	0.012249907999135	0.11067930248757	0.584534525357823	1	0.0126892263958374
