posterior_mean	posterior_var	posterior_sd	posterior_quant	is_contained	PESL
2.46368640678838	0.00798584421273003	0.0893635508064111	0.661464610013023	1	0.00930452126466152
