posterior_mean	posterior_var	posterior_sd	posterior_quant	is_contained	PESL
1.52975386207311	0.00617963529269394	0.0786106563558271	0.35800459699256	1	0.007064927600968
