posterior_mean	posterior_var	posterior_sd	posterior_quant	is_contained	PESL
2.6541076653052	0.0337595130263388	0.183737620062792	0.96630653585587	1	0.153401020226882
