model	lik	mode	convergence
1A	-205.394506133031	2.52087364895061	0
1C	-245.438822618479	1.15536677233794	0
1G	-228.486264035728	0.433558069952687	0
1T	-228.486264035727	0.433558225058998	0
2A	-228.486264040698	0.433558140467458	0
2C	-228.486264040574	0.433557980995845	0
2G	-226.385031329607	2.02453698911838	0
2T	-228.719801493041	0.668495500956593	0
3A	-226.573519430619	2.01756404808514	0
3C	-228.599155653421	0.725216243705301	0
3G	-228.486264053273	0.433558210440365	0
3T	-228.486264053257	0.433558115385773	0
4A	-228.486264025929	0.433558321793606	0
4C	-226.297862737022	2.01986527966003	0
4G	-228.528459794257	0.414477587661923	0
4T	-228.486264026312	0.433558246947059	0
neutral	-228.771944046234	1	0
