model	lik	mode	convergence
1A	-746.220017379413	1.93927583927998	0
1C	-813.030333974838	0.847277544970356	0
1G	-811.72029127971	0.433557979537936	0
1T	-811.720291279696	0.43355812472667	0
2A	-811.720290716313	0.433558085375023	0
2C	-811.763181899705	0.366795526500495	0
2G	-760.826949643445	1.89139100612089	0
2T	-811.720290716226	0.43355810353699	0
3A	-811.720290696177	0.433558110638685	0
3C	-811.777332726986	0.396965034523468	0
3G	-761.066827763559	1.88875634836823	0
3T	-811.720290696046	0.433557944516796	0
4A	-811.720290718813	0.433558065134361	0
4C	-811.752476293367	0.359307779145037	0
4G	-760.759513883076	1.8921533277949	0
4T	-811.72029071873	0.433557941159212	0
5A	-811.683541960235	0.825716633880975	0
5C	-761.68554479928	1.88416789145375	0
5G	-811.720290692702	0.433557994391675	0
5T	-811.720290692662	0.433558213593176	0
6A	-811.720290684938	0.433558134699749	0
6C	-761.17600081463	1.88760386651748	0
6G	-811.764580165538	0.41293533097849	0
6T	-811.720290685279	0.433557945687386	0
7A	-761.172976460768	1.88763535192458	0
7C	-811.720290685298	0.433558228468343	0
7G	-811.76518081707	0.412468707829758	0
7T	-811.720290685304	0.433558117737295	0
neutral	-812.005969992344	1	0
