posterior_mean	posterior_var	posterior_sd	posterior_quant	is_contained	PESL
1.94427539976375	0.00970957999789514	0.0985372010861641	0.718057115109719	1	0.0128148110693752
