posterior_mean	posterior_var	posterior_sd	posterior_quant	is_contained	PESL
3.18210426444438	0.0274596355816821	0.165709491525628	0.13496997655873	1	0.0606215986994628
