posterior_mean	posterior_var	posterior_sd	posterior_quant	is_contained	PESL
2.45526632879074	0.00794272306993551	0.0891219561608446	0.695328644650512	1	0.00994382440978685
