posterior_mean	posterior_var	posterior_sd	posterior_quant	is_contained	PESL
1.30534581653395	0.0405174604387996	0.201289494109354	0.834985277246483	1	0.0784077115795193
