posterior_mean	posterior_var	posterior_sd	posterior_quant	is_contained	PESL
2.4740462606504	0.00898755411419067	0.094802711533957	0.612403256181494	1	0.00966115070040353
