posterior_mean	posterior_var	posterior_sd	posterior_quant	is_contained	PESL
2.44476921444534	0.0450196652855199	0.212178380815577	0.613112057440489	1	0.0480701049585046
