posterior_mean	posterior_var	posterior_sd	posterior_quant	is_contained	PESL
2.91439849890544	0.00692384442940358	0.0832096414449887	0.848104136098281	1	0.0142514614190085
