posterior_mean	posterior_var	posterior_sd	posterior_quant	is_contained	PESL
2.51026921141533	0.00402401006342137	0.0634350854292904	0.438932430488648	1	0.00412946676652248
