posterior_mean	posterior_var	posterior_sd	posterior_quant	is_contained	PESL
1.52921163528428	0.00179007414968703	0.0423092678935364	0.246471174276926	1	0.00264339378563649
