posterior_mean	posterior_var	posterior_sd	posterior_quant	is_contained	PESL
1.60177655605746	0.00200406091684493	0.0447667389570084	0.0103291836520783	0	0.0123625282796747
