posterior_mean	posterior_var	posterior_sd	posterior_quant	is_contained	PESL
1.50184049876373	0.0124882980826339	0.111751054056031	0.503362315326271	1	0.0124916855183329
