posterior_mean	posterior_var	posterior_sd	posterior_quant	is_contained	PESL
2.48427071462832	0.0131340420634492	0.114603848379752	0.560547017708572	1	0.0133814524817613
