posterior_mean	posterior_var	posterior_sd	posterior_quant	is_contained	PESL
1.37140338001778	0.00468197651200574	0.0684249699452308	0.967122970775425	1	0.0212190671827856
