model	lik	mode	convergence
1A	-334.809311200811	1.4307086002731	0
1C	-336.444040381311	0.433558044147618	0
1G	-350.031876352891	1.01596117514772	0
1T	-336.444040381322	0.433558245507683	0
2A	-336.444040385241	0.433558087401672	0
2C	-336.490009430253	0.411600109448804	0
2G	-348.236843639447	1.23309759282097	0
2T	-336.444040385142	0.433558191851473	0
3A	-336.517416237386	0.757906104314009	0
3C	-336.444040402768	0.433558229819356	0
3G	-336.444040402762	0.433558264044735	0
3T	-348.379034729688	1.22501281288127	0
4A	-336.444040413915	0.433558095118906	0
4C	-336.444040413791	0.433558038259153	0
4G	-348.004459354392	1.24857731001815	0
4T	-336.67432758094	0.465739681786107	0
5A	-336.478405319917	0.360682078871776	0
5C	-336.444040417392	0.433558092817108	0
5G	-336.444040417383	0.433557953997009	0
5T	-348.133587395455	1.23962608579405	0
6A	-336.444040418538	0.43355804901164	0
6C	-336.444040418318	0.433558052955944	0
6G	-336.730634741007	0.512312348292532	0
6T	-348.111342248116	1.24206163843303	0
7A	-336.444040388003	0.433558116750932	0
7C	-336.494873872902	0.407020548015751	0
7G	-336.444040388007	0.433558144379868	0
7T	-348.228743195625	1.23360738186403	0
neutral	-336.729718001868	1	0
