lik	gamma	delta
-755.920665636076	0.00229040880879354	0.0177755596353525
-755.552001936207	0.00229040880879354	0.0738150581900144
-755.589288882739	0.00229040880879354	0.0118862935261701
-756.030246475213	0.00229040880879354	6.61069613519961e-05
-756.029990533116	0.00229040880879354	6.61069613519961e-05
-756.029990533115	0.00229040880879354	6.61069613519961e-05
-756.030152723488	0.00229040880879354	6.61069613519961e-05
-755.33293244301	0.00229040880879354	0.0139854575663962
-756.02999050882	0.00229040880879354	6.61069613519961e-05
-755.335130006366	0.00229040880879354	0.0139613927800224
-756.030142525617	0.00229040880879354	6.61069613519961e-05
-756.02999050882	0.00229040880879354	6.61069613519961e-05
-756.029997028385	0.00229040880879354	6.61069613519961e-05
-756.031540106574	0.00229040880879354	6.61069613519961e-05
-754.992291620088	0.00229040880879354	0.0174634439667465
-756.029997028385	0.00229040880879354	6.61069613519961e-05
-756.012688296042	0.00229040880879354	0.00288857722166776
-756.03077906878	0.00229040880879354	6.61069613519961e-05
-754.234350505326	0.00229040880879354	0.0363293410375712
-756.030491485332	0.00229040880879354	6.61069613519961e-05
-756.02999033073	0.00229040880879354	6.61069613519961e-05
-755.367114222086	0.00229040880879354	0.0136104789600449
-756.02999033073	0.00229040880879354	6.61069613519961e-05
-756.02999033073	0.00229040880879354	6.61069613519961e-05
-756.02999033073	0.00229040880879354	6.61069613519961e-05
-755.367114222086	0.00229040880879354	0.0136104789600449
-756.02999033073	0.00229040880879354	6.61069613519961e-05
-756.02999033073	0.00229040880879354	6.61069613519961e-05
-756.030633315457	0.00229040880879354	6.61069613519961e-05
-755.192474334725	0.00229040880879354	0.0157446813923465
-756.029997734756	0.00229040880879354	6.61069613519961e-05
-756.029997734756	0.00229040880879354	6.61069613519961e-05
-756.029990859162	0.00229040880879354	6.61069613519961e-05
-756.029990859162	0.00229040880879354	6.61069613519961e-05
-755.989017227862	0.00229040880879354	0.0100866033960266
-755.401718617237	0.00229040880879354	0.014078845652111
-756.029991361242	0.00229040880879354	6.61069613519961e-05
-755.287818786385	0.00229040880879354	0.0144748659415659
-756.029991361242	0.00229040880879354	6.61069613519961e-05
-756.03035676403	0.00229040880879354	6.61069613519961e-05
-756.029989673851	0.00229040880879354	0
