model	lik	mode	convergence
1A	-852.482979546812	3.04673440672854	0
1C	-1200.34895803962	0.433558194867001	0
1G	-1200.34895803969	0.433558185556879	0
1T	-1214.76509185829	0.92953542539657	0
2A	-1200.34895804106	0.433558131867375	0
2C	-1199.78591206999	1.69551269670547	0
2G	-1200.34895804105	0.433558042293861	0
2T	-873.139092256192	2.99611432079818	0
3A	-1200.34895805165	0.433558083512232	0
3C	-1200.40507585691	0.399324726561845	0
3G	-1200.34895805165	0.433558280580656	0
3T	-870.965692687118	3.00123066051586	0
4A	-871.014287726072	3.00092287095947	0
4C	-1200.34895804942	0.433558137002385	0
4G	-1200.40352504297	0.402190302576764	0
4T	-1200.34895804941	0.433558194967822	0
5A	-1200.34895804294	0.433558191864639	0
5C	-900.243403304836	3.01220728876037	0
5G	-1200.34895804304	0.433558162535791	0
5T	-1174.11613862092	2.77805264549224	0
6A	-1200.36764269724	0.426872450093436	0
6C	-1200.34895803612	0.433558423912845	0
6G	-1200.34895803638	0.433558809678485	0
6T	-871.3864100817	2.99866647692326	0
7A	-1200.34895806624	0.433558119155127	0
7C	-1200.34895806603	0.433558027442878	0
7G	-1200.4908440859	0.714661354239431	0
7T	-871.376363492535	3.00167541799156	0
neutral	-1200.63463763907	1	0
