model	lik	mode	convergence
1A	-1225.08576469375	1.43373653263679	0
1C	-1249.10779533421	0.886390078148078	0
1G	-1235.15619871261	0.433558054859444	0
1T	-1235.1561987126	0.433558241062835	0
2A	-1235.15619874919	0.433558076676242	0
2C	-1235.15619874905	0.433558049814606	0
2G	-1248.61691543619	1.10974614036194	0
2T	-1235.51501499623	1.31827479495922	0
3A	-1248.21085730098	1.11990627246186	0
3C	-1235.15619871128	0.433558125138648	0
3G	-1235.57316665378	0.56833808223478	0
3T	-1235.15619871127	0.433558231772146	0
4A	-1248.21024069488	1.11972311435462	0
4C	-1235.03599374443	0.309140774171671	0
4G	-1235.15619867735	0.433557852505981	0
4T	-1235.15619867734	0.433557740452419	0
5A	-1235.15619873661	0.433558105727495	0
5C	-1235.1561987364	0.433558124003709	0
5G	-1235.73863642722	0.660867041820265	0
5T	-1247.93090144251	1.12765889065494	0
6A	-1248.27757763798	1.11794534793543	0
6C	-1235.15619874752	0.433558159513351	0
6G	-1235.15619874749	0.433558014633551	0
6T	-1235.19404353389	0.363016209282287	0
7A	-1235.15619871821	0.433558128183717	0
7C	-1248.32076536705	1.11680928135583	0
7G	-1235.15619871822	0.433557995120288	0
7T	-1235.20625369937	0.407847411013819	0
8A	-1235.18704755602	0.421289033286217	0
8C	-1248.33194326963	1.11651578900176	0
8G	-1235.15619871088	0.433558067897722	0
8T	-1235.15619871079	0.43355828610257	0
9A	-1248.21996171153	1.1205669372587	0
9C	-1236.21448500163	0.868575466500577	0
9G	-1235.15619871923	0.43355817558245	0
9T	-1235.15619871918	0.433558049508845	0
10A	-1235.15619870988	0.43355783102137	0
10C	-1235.15619870971	0.433557855551038	0
10G	-1248.33497489932	1.11643622902797	0
10T	-1235.17907620263	0.425090139146561	0
11A	-1235.15619856278	0.433557580075219	0
11C	-1234.93239042896	0.289985551497813	0
11G	-1248.18056730438	1.12050891394916	0
11T	-1235.1561985627	0.433557668657728	0
12A	-1235.19546849834	0.364030048042295	0
12C	-1248.27866540741	1.11791669334184	0
12G	-1235.15619874718	0.433558058534555	0
12T	-1235.15619874716	0.433557966809769	0
13A	-1235.15619873163	0.43355812871608	0
13C	-1248.40108792894	1.11481596610405	0
13G	-1235.2346313196	0.758223300317022	0
13T	-1235.15619873179	0.433558020987424	0
neutral	-1235.4418777807	1	0
