posterior_mean	posterior_var	posterior_sd	posterior_quant	is_contained	PESL
1.97296673467105	0.00255238097598682	0.0505210943664804	0.705812946506279	1	0.00328317841031595
