model	lik	mode	convergence
1A	-320.0386319154	1.22355428702847	0
1C	-319.463995366806	0.433558135954982	0
1G	-335.114062217899	1.0908928147437	0
1T	-319.463995366801	0.433558208548064	0
2A	-319.220822544509	1.27358847639928	0
2C	-334.09305683167	0.749294932748057	0
2G	-319.463995387175	0.433558118646838	0
2T	-319.463995387153	0.433558238680243	0
3A	-319.51016770784	0.411431601478716	0
3C	-319.463995365393	0.433558060059694	0
3G	-319.463995365443	0.433557904525241	0
3T	-334.903899924973	1.11490063245431	0
4A	-319.463995360899	0.43355811248588	0
4C	-319.463995360898	0.433558007187382	0
4G	-335.296266656133	1.06178249301302	0
4T	-319.461642259172	1.45397403147725	0
neutral	-319.749675124022	1	0
