model	lik	mode	convergence
1A	-280.009994703409	1.34439895773714	0
1C	-297.047315780369	1.14497999601862	0
1G	-280.612453549547	0.433558066780351	0
1T	-280.612453549521	0.433558155615443	0
2A	-280.612453527106	0.433558054124974	0
2C	-280.612453526782	0.433558145709177	0
2G	-280.873691092554	0.656414000766968	0
2T	-295.224877407823	1.26528941571345	0
3A	-280.612453531999	0.433558175601144	0
3C	-295.948342347078	1.23108588899043	0
3G	-280.791104485795	1.4038414212897	0
3T	-280.612453532081	0.433557960132294	0
4A	-295.052673033016	1.27417225030927	0
4C	-280.612453561455	0.433558107883913	0
4G	-280.654642625536	0.366235428945702	0
4T	-280.612453561444	0.433558113819128	0
neutral	-280.898133506103	1	0
