posterior_mean	posterior_var	posterior_sd	posterior_quant	is_contained	PESL
1.36881383298567	0.0330109486061871	0.18168915379347	0.771684073526314	1	0.0502207590217046
