posterior_mean	posterior_var	posterior_sd	posterior_quant	is_contained	PESL
1.49857319206053	0.0130121444931331	0.114070787203092	0.515150230285331	1	0.013014180274042
