model	lik	mode	convergence
1A	-252.438800416085	2.22932485859711	0
1C	-262.250482823581	0.433557996144502	0
1G	-276.933515177603	1.07545550192193	0
1T	-262.250482823549	0.433558180604496	0
2A	-262.250482816486	0.433558116421208	0
2C	-262.250482816339	0.433558269090094	0
2G	-271.687302770831	1.41912436007173	0
2T	-262.30403766559	0.377938433153422	0
3A	-262.250482800331	0.43355812358571	0
3C	-262.250482800038	0.433557889657144	0
3G	-262.982392225155	0.701686558325477	0
3T	-270.211287801728	1.50786865415035	0
4A	-262.250482825	0.433558087653945	0
4C	-262.285320498028	0.360988526178584	0
4G	-262.250482824979	0.433557980812178	0
4T	-271.620329368625	1.42243931851997	0
neutral	-262.536162092265	1	0
