posterior_mean	posterior_var	posterior_sd	posterior_quant	is_contained	PESL
2.48917441119444	0.00851077008787838	0.092253835084935	0.551533791544092	1	0.00862796346087154
