posterior_mean	posterior_var	posterior_sd	posterior_quant	is_contained	PESL
2.46386867149766	0.00380816140469816	0.0617103022573878	0.722740505180075	1	0.00511363430402626
