posterior_mean	posterior_var	posterior_sd	posterior_quant	is_contained	PESL
2.12367598654442	0.00617176263296082	0.0785605666537661	0.0555178669042623	1	0.021467512280692
