model	lik	mode	convergence
1A	-453.626438821684	2.61343036379901	0
1C	-488.817949496199	0.433558095931132	0
1G	-488.817949496185	0.433558138078182	0
1T	-502.64856130919	0.905232807080164	0
2A	-488.817949493658	0.433558143904391	0
2C	-492.672525089301	1.40758847216752	0
2G	-488.871216675496	0.377519767493832	0
2T	-488.81794949382	0.433557959167811	0
3A	-488.841497632822	0.424792683085196	0
3C	-488.817949463171	0.433558300271828	0
3G	-492.820945281167	1.40390923714241	0
3T	-488.817949463208	0.43355843632842	0
neutral	-489.103627552253	1	0
