posterior_mean	posterior_var	posterior_sd	posterior_quant	is_contained	PESL
2.6383884352111	0.0652780098067845	0.255495616022632	0.917299580199343	1	0.196040933595841
