model	lik	mode	convergence
1A	-1047.16580970156	1.91810458147148	0
1C	-1105.0494595479	0.856496124178023	0
1G	-1091.97226564604	0.433558132426835	0
1T	-1091.97226564601	0.433558106506193	0
2A	-1088.26054377899	1.37887027413713	0
2C	-1091.97226564344	0.433558122220232	0
2G	-1091.9722656434	0.433558000856979	0
2T	-1092.10394775768	0.700748294200441	0
3A	-1091.9722656262	0.433558163926349	0
3C	-1088.05474629904	1.38082209365606	0
3G	-1091.9722656262	0.433558022528372	0
3T	-1092.03021084752	0.392498644063806	0
4A	-1091.97226562379	0.43355818931054	0
4C	-1088.41040053101	1.37750393421614	0
4G	-1092.17968089213	0.979792213353243	0
4T	-1091.97226562399	0.433558129870328	0
5A	-1087.93899760811	1.38294925625826	0
5C	-1092.25786354189	0.523542058414774	0
5G	-1091.97226564426	0.433558097167164	0
5T	-1091.97226564425	0.433558077906383	0
6A	-1091.97226563428	0.433558178814193	0
6C	-1088.0193941911	1.38127905304206	0
6G	-1092.02776279468	0.381241437696644	0
6T	-1091.97226563444	0.433558189630687	0
7A	-1091.97226561442	0.433558134482418	0
7C	-1092.02131216851	0.408856146664869	0
7G	-1091.97226561447	0.433558070597769	0
7T	-1088.10246495795	1.38021194792189	0
8A	-1088.11109178533	1.38010248632491	0
8C	-1091.9722656125	0.433558277513018	0
8G	-1091.97226561246	0.433558424764892	0
8T	-1092.01776157544	0.411986046923885	0
9A	-1091.97226562499	0.433558104992171	0
9C	-1091.97226562487	0.433558135032473	0
9G	-1088.09409610538	1.38089853840829	0
9T	-1092.27592140786	0.596195103110454	0
10A	-1070.1010950555	2.08863747012544	0
10C	-1101.40888343684	1.21853474546147	0
10G	-1091.9722656088	0.433558250165347	0
10T	-1091.97226560872	0.433558349608207	0
11A	-1092.2230299896	0.662522608228222	0
11C	-1088.2055730234	1.3794924131174	0
11G	-1091.97226561453	0.433558097156043	0
11T	-1091.97226561449	0.433558245284811	0
12A	-1091.97226564575	0.433558053475689	0
12C	-1088.93849646437	1.37544154862394	0
12G	-1091.97226564581	0.433557880470414	0
12T	-1092.26633921736	1.36195845979226	0
13A	-1091.97226562869	0.433558126304804	0
13C	-1091.97226562858	0.433557878010559	0
13G	-1088.04442158066	1.38095512366434	0
13T	-1092.03017688	0.38913924767021	0
14A	-1088.25959479861	1.37881412297642	0
14C	-1092.17280695338	0.702427412379926	0
14G	-1091.97226561196	0.43355825432584	0
14T	-1091.9722656119	0.433558318684828	0
neutral	-1092.25794399635	1	0
