posterior_mean	posterior_var	posterior_sd	posterior_quant	is_contained	PESL
2.53812971758553	0.00454287699807219	0.0674008679326327	0.287839355244044	1	0.00599675236118486
