lik	gamma	delta
-502.165015266398	0.00114555116779929	0.315163859549272
-583.589321305125	0.00114555116779929	6.61069613519961e-05
-583.588923921155	0.00114555116779929	6.61069613519961e-05
-583.588923921155	0.00114555116779929	6.61069613519961e-05
-583.588923479889	0.00114555116779929	6.61069613519961e-05
-583.588923479889	0.00114555116779929	6.61069613519961e-05
-583.588923479889	0.00114555116779929	6.61069613519961e-05
-518.692765512824	0.00114555116779929	0.228018525739369
-518.692765512824	0.00114555116779929	0.228018525739248
-583.588923479889	0.00114555116779929	6.61069613519961e-05
-583.588923479889	0.00114555116779929	6.61069613519961e-05
-583.588923479889	0.00114555116779929	6.61069613519961e-05
-583.588923479889	0.00114555116779929	6.61069613519961e-05
-583.588923479889	0.00114555116779929	6.61069613519961e-05
-583.588923479889	0.00114555116779929	6.61069613519961e-05
-518.692765512824	0.00114555116779929	0.228018525739369
-583.588923479889	0.00114555116779929	6.61069613519961e-05
-518.692765512824	0.00114555116779929	0.228018525739369
-583.588923479889	0.00114555116779929	6.61069613519961e-05
-583.588923479889	0.00114555116779929	6.61069613519961e-05
-583.588923510716	0.00114555116779929	6.61069613519961e-05
-550.631158763091	0.00114555116779929	0.17780959120683
-583.588923510716	0.00114555116779929	6.61069613519961e-05
-546.416189141515	0.00114555116779929	0.403569386079497
-554.884429698009	0.00114555116779929	0.455373508013795
-583.588923996261	0.00114555116779929	6.61069613519961e-05
-583.589288900332	0.00114555116779929	6.61069613519961e-05
-541.340956338793	0.00114555116779929	0.196439225148815
-583.588923479889	0.00114555116779929	6.61069613519961e-05
-518.692765512824	0.00114555116779929	0.228018525739369
-583.588923479889	0.00114555116779929	6.61069613519961e-05
-583.588923479889	0.00114555116779929	6.61069613519961e-05
-583.589076756049	0.00114555116779929	6.61069613519961e-05
-583.588923570292	0.00114555116779929	6.61069613519961e-05
-518.114227228162	0.00114555116779929	0.230139554618297
-583.588923570292	0.00114555116779929	6.61069613519961e-05
-518.692765512824	0.00114555116779929	0.228018525739248
-583.588923479889	0.00114555116779929	6.61069613519961e-05
-583.588923479889	0.00114555116779929	6.61069613519961e-05
-583.588923479889	0.00114555116779929	6.61069613519961e-05
-583.588920539006	0.00114555116779929	0
