model	lik	mode	convergence
1A	-708.133833147168	2.40569978851359	0
1C	-835.144869828635	0.806423492039693	0
1G	-820.694148731648	0.433558097780542	0
1T	-820.69414873162	0.433558160886235	0
2A	-820.751263195466	0.396737746219801	0
2C	-726.728926563216	2.32907600341644	0
2G	-820.694148717157	0.433558223537282	0
2T	-820.694148717153	0.433558143476812	0
3A	-726.647715013991	2.32999364325081	0
3C	-820.752103332066	0.38964496440873	0
3G	-820.694148722573	0.433558238579442	0
3T	-820.694148722539	0.433558184673236	0
4A	-820.694148734777	0.433558086499671	0
4C	-820.694148734563	0.433558000348979	0
4G	-820.77558597981	0.733737943119523	0
4T	-727.224560128891	2.32720097572418	0
5A	-730.24682346368	2.3237738190157	0
5C	-820.694148719602	0.433558239875318	0
5G	-820.694148719579	0.433558269713144	0
5T	-818.994117715283	2.00711522934662	0
6A	-820.694148705069	0.43355820534755	0
6C	-726.511732978319	2.33395341834829	0
6G	-820.694148705117	0.433558207152324	0
6T	-821.006826076315	0.591122450666894	0
7A	-820.694148720063	0.433558131003167	0
7C	-820.694148719965	0.43355809858239	0
7G	-734.469568732109	2.3193009341883	0
7T	-815.175640785142	2.24200594466004	0
8A	-727.754305894725	2.32412542079645	0
8C	-820.69414871394	0.433558121850061	0
8G	-820.686074806072	1.12988685396363	0
8T	-820.694148713916	0.433558243181349	0
9A	-726.932313678658	2.32684752526686	0
9C	-820.694148704228	0.433558151343289	0
9G	-820.733554352144	0.416344454533378	0
9T	-820.694148704209	0.433558197642198	0
10A	-820.888492233779	0.699806770242753	0
10C	-727.110797128937	2.32794501323271	0
10G	-820.694148715659	0.433558133107701	0
10T	-820.694148715626	0.433558187581773	0
11A	-726.99968589461	2.3261342895217	0
11C	-820.694148701533	0.433558052632986	0
11G	-820.694148701526	0.433558575331105	0
11T	-820.720396990894	0.423556011082088	0
12A	-726.903910896836	2.32715216331336	0
12C	-820.694148705828	0.433558081080807	0
12G	-820.737769688509	0.413441273154283	0
12T	-820.694148705831	0.433558130321284	0
neutral	-820.979828304218	1	0
