posterior_mean	posterior_var	posterior_sd	posterior_quant	is_contained	PESL
2.41190125564908	0.0148841001606121	0.122000410493621	0.767408771347337	1	0.0226454889168911
