model	lik	mode	convergence
1A	-359.538131537084	0.33083574633247	0
1C	-359.573919012914	0.433557870305993	0
1G	-376.046603309457	1.03925435710506	0
1T	-359.573919012878	0.433557982808554	0
2A	-359.573918987318	0.433557950814843	0
2C	-359.588143163326	0.428638078283698	0
2G	-376.084259533494	1.03057496972267	0
2T	-359.573918987192	0.433558133910601	0
3A	-359.573919024563	0.433558082867381	0
3C	-359.573919024452	0.433557964318827	0
3G	-376.098737680254	0.983809424660122	0
3T	-359.79109961772	1.39112928052222	0
4A	-359.573919023209	0.433558119330006	0
4C	-376.064585409273	1.03533640048155	0
4G	-359.619646425154	0.369202110307114	0
4T	-359.573919023408	0.433558074240924	0
5A	-376.08231838484	1.0224227160216	0
5C	-359.573919024621	0.433558130030935	0
5G	-359.573919024587	0.433558173899909	0
5T	-360.386216800204	0.979095405660246	0
6A	-359.573918996419	0.433558148569071	0
6C	-359.623659448068	0.408169385946716	0
6G	-359.573918996414	0.433557603450255	0
6T	-376.078379622168	1.03207202431225	0
neutral	-359.859598866322	1	0
