posterior_mean	posterior_var	posterior_sd	posterior_quant	is_contained	PESL
2.96745617816703	0.00719919349505899	0.084848061233354	0.652355734804174	1	0.00825829383456935
