posterior_mean	posterior_var	posterior_sd	posterior_quant	is_contained	PESL
1.4609501208658	0.0898244858859528	0.29970733372067	0.578934787635671	1	0.0913493789463495
