posterior_mean	posterior_var	posterior_sd	posterior_quant	is_contained	PESL
1.50023531990505	0.0148444067886079	0.121837624683871	0.510079035713257	1	0.0148444621640667
