model	lik	mode	convergence
1A	-1607.02084551814	2.25718144269281	0
1C	-1759.14423090316	0.98617354562172	0
1G	-1745.19873941208	0.43355740255478	0
1T	-1745.19873941206	0.433557418840009	0
2A	-1680.7602906057	1.61515963119223	0
2C	-1745.19873925464	0.433557132819299	0
2G	-1744.83905343655	0.271105942191298	0
2T	-1745.19873925463	0.433557134146924	0
3A	-1745.19873961831	0.43355819382958	0
3C	-1681.82555547288	1.60878223020955	0
3G	-1745.19873961841	0.433558381476613	0
3T	-1745.21690461297	0.427084575979265	0
4A	-1745.82605769893	1.06043646564393	0
4C	-1745.19873963525	0.433558224659535	0
4G	-1745.19873963528	0.433558222452245	0
4T	-1681.9628828761	1.61064673374225	0
5A	-1745.19873963037	0.433558180488551	0
5C	-1681.72526033755	1.60932802888058	0
5G	-1745.19873963052	0.433558363615715	0
5T	-1745.25216376621	0.403893490943914	0
6A	-1745.29380428449	0.75679125660589	0
6C	-1682.05727632643	1.60808289603195	0
6G	-1745.19873963572	0.433557939064179	0
6T	-1745.19873963569	0.433558193905413	0
7A	-1745.19873946655	0.433557559824093	0
7C	-1745.19873946638	0.433557674706598	0
7G	-1744.97064886003	0.289302865148749	0
7T	-1680.95213855441	1.61394259120961	0
8A	-1681.53924614247	1.61037971185798	0
8C	-1745.1987396551	0.433558114193009	0
8G	-1745.19873965508	0.433558086956142	0
8T	-1745.24279734087	0.367755507075056	0
9A	-1745.19873962092	0.433558076815222	0
9C	-1745.23149747231	0.420287861446393	0
9G	-1745.19873962097	0.433557547897806	0
9T	-1681.79753614318	1.60893307046897	0
10A	-1745.2511281482	0.405251905498084	0
10C	-1745.19873962933	0.433558140899688	0
10G	-1745.19873962934	0.433558405421791	0
10T	-1681.73148767977	1.60929367684163	0
11A	-1745.23633243254	0.417505868601395	0
11C	-1681.78578387264	1.60899672471165	0
11G	-1745.19873962206	0.433558119589918	0
11T	-1745.19873962208	0.433558157003083	0
12A	-1745.25667383574	0.392632073777194	0
12C	-1681.67142680901	1.60962741504881	0
12G	-1745.19873963866	0.433558099803034	0
12T	-1745.19873963864	0.433558179047962	0
13A	-1682.30350429645	1.60675069286896	0
13C	-1745.19873961927	0.433557851513774	0
13G	-1745.19873961928	0.433557900504465	0
13T	-1744.86881750214	0.969785079109409	0
14A	-1738.41927199492	2.22239282307912	0
14C	-1745.19873963129	0.433558203067305	0
14G	-1688.54939228481	1.58808956425264	0
14T	-1745.19873963126	0.433558359647605	0
neutral	-1745.48441551006	1	0
