model	lik	mode	convergence
1A	-620.253733375086	1.34506377744236	0
1C	-622.766232197444	0.433556418389017	0
1G	-636.431836071733	0.991002794846038	0
1T	-622.766232197408	0.433556360126644	0
2A	-634.628961730045	1.16167689205878	0
2C	-622.827150468223	1.34295195905759	0
2G	-622.766233041568	0.433558133367674	0
2T	-622.766233041542	0.433557986317615	0
3A	-622.766233041598	0.433558108013921	0
3C	-622.811991938931	0.369230257602955	0
3G	-634.261997319153	1.17488130528865	0
3T	-622.76623304149	0.433558176925475	0
4A	-622.766232197648	0.433556419918232	0
4C	-620.253733375352	1.34506377713161	0
4G	-622.766232197633	0.433556429377224	0
4T	-636.431836071708	0.991002801148272	0
5A	-622.977181700046	0.566021004402524	0
5C	-622.766233001892	0.433557889536408	0
5G	-622.766233001874	0.433557915628293	0
5T	-634.313232624783	1.17338108380716	0
6A	-622.766233045683	0.433558063748736	0
6C	-622.766233045541	0.433557679914135	0
6G	-634.231810593634	1.17606693318828	0
6T	-622.783287525322	0.35110213149071	0
7A	-622.766233026696	0.433558126379162	0
7C	-634.294615903872	1.17397665182943	0
7G	-622.766233026709	0.433558153401704	0
7T	-623.080832357216	0.563882750177184	0
8A	-622.982520040004	0.555895161777716	0
8C	-622.766232993857	0.433557863235895	0
8G	-634.303942814696	1.17375091631779	0
8T	-622.766232993817	0.433557840311068	0
9A	-623.230731241091	0.735329048128391	0
9C	-622.766233036399	0.433558047371087	0
9G	-622.766233036397	0.433558125496098	0
9T	-634.34123568348	1.17254353365131	0
10A	-622.975760604741	0.698645021728445	0
10C	-622.76623300632	0.433558565902362	0
10G	-634.399964495946	1.16984648041906	0
10T	-622.766233006435	0.433557908016385	0
11A	-622.766233045296	0.433558067268422	0
11C	-622.766233045172	0.433558049493689	0
11G	-634.515491540529	1.16704910491623	0
11T	-623.426510888451	1.0951949822069	0
12A	-622.766233029093	0.433558093184558	0
12C	-622.766233028848	0.433558097102812	0
12G	-622.759260562617	0.796863666130599	0
12T	-634.448252667772	1.16794994197138	0
neutral	-623.051909859698	1	0
