posterior_mean	posterior_var	posterior_sd	posterior_quant	is_contained	PESL
1.42465117645352	0.0191054585830584	0.138222496660487	0.715071789760068	1	0.0247829037924006
