model	lik	mode	convergence
1A	-974.841045896511	1.86137884062368	0
1C	-1012.85085947011	0.433558127930965	0
1G	-1012.85085947013	0.433558365716038	0
1T	-1027.59418343219	1.02817821845584	0
2A	-1004.17778840486	1.44155574710899	0
2C	-1012.85085947026	0.433558066062602	0
2G	-1012.85085947023	0.433558033882476	0
2T	-1013.13154882631	0.630568806995255	0
3A	-1012.85085949316	0.433558076274474	0
3C	-1012.85085949304	0.433558078100367	0
3G	-1003.97098324809	1.44336682641074	0
3T	-1012.89382619887	0.366856533754526	0
4A	-1004.09607656611	1.44183195364382	0
4C	-1012.85085947044	0.433558158385326	0
4G	-1012.90647976224	0.400341767285011	0
4T	-1012.85085947043	0.433558106971839	0
5A	-1012.85085947872	0.433558214586032	0
5C	-1004.59224617323	1.4373713827609	0
5G	-1012.82018352155	1.13317237513257	0
5T	-1012.85085947893	0.433558162184385	0
6A	-1012.85085947591	0.433558102441832	0
6C	-1012.90871733907	0.393351467454661	0
6G	-1012.85085947591	0.433557904188209	0
6T	-1004.07179830022	1.44212605973137	0
7A	-1012.90631795507	0.381165622244529	0
7C	-1012.85085948464	0.433558126965772	0
7G	-1012.85085948463	0.433558180297839	0
7T	-1004.02721975736	1.4426709211088	0
8A	-1012.85085945608	0.433557777306164	0
8C	-1012.8508594558	0.433558532265204	0
8G	-1012.86996183624	0.426700531671401	0
8T	-1004.17941733402	1.44083727384436	0
9A	-1012.85085948235	0.433558100439885	0
9C	-1012.85085948205	0.433558123466926	0
9G	-1008.11027413863	1.65730097711548	0
9T	-1010.10219422673	1.40448433837104	0
10A	-1012.85085947413	0.433557933553514	0
10C	-1012.79969512478	0.326222296686985	0
10G	-1003.78214561201	1.44576646570782	0
10T	-1012.85085947405	0.433558171597995	0
11A	-1013.55868552536	0.699381260658322	0
11C	-1012.85085948926	0.433558134143085	0
11G	-1012.85085948926	0.433558061670714	0
11T	-1003.19825480734	1.45589843721373	0
12A	-1012.85085948128	0.433558151648327	0
12C	-1004.04517756576	1.44245069265234	0
12G	-1012.85085948139	0.433558316960128	0
12T	-1012.90819241161	0.385975021052757	0
neutral	-1013.13653818896	1	0
