posterior_mean	posterior_var	posterior_sd	posterior_quant	is_contained	PESL
1.86876612723544	0.0137821575789297	0.117397434294492	0.867259600383687	1	0.0310044869397048
