posterior_mean	posterior_var	posterior_sd	posterior_quant	is_contained	PESL
3.12788236097685	0.00752916650569764	0.0867707698807475	0.0687582629965855	1	0.023883064754695
