model	lik	mode	convergence
1A	-506.174759906462	1.46096510923917	0
1C	-515.48486637576	0.433558261947949	0
1G	-515.484866375784	0.433558093452802	0
1T	-528.521798787697	0.586422200766905	0
2A	-515.540248971541	0.381019115752418	0
2C	-515.484866384081	0.433558222572906	0
2G	-526.424343461693	1.28704493335329	0
2T	-515.484866384048	0.433558043335802	0
3A	-515.484866363958	0.433558237847976	0
3C	-526.486926255203	1.28522613374339	0
3G	-515.534306272316	0.408470406498606	0
3T	-515.484866364318	0.433558177746029	0
4A	-526.467004726234	1.28580251000996	0
4C	-515.484866370709	0.433558018165356	0
4G	-515.484866370672	0.433557989318603	0
4T	-515.541000250659	0.39928988201124	0
5A	-515.484866383173	0.433558100683832	0
5C	-515.541010173066	0.382603629844296	0
5G	-526.428210452091	1.28693186764055	0
5T	-515.484866383103	0.433558117052086	0
neutral	-515.770546251446	1	0
