posterior_mean	posterior_var	posterior_sd	posterior_quant	is_contained	PESL
1.44623916489278	0.0639912487222344	0.252964915990804	0.606150829854704	1	0.066881476113659
